11/25/09 12:00:00,25.04,18.01,12.098,11.589
11/25/09 13:00:00,21.103,17.938,12.389,11.734
11/25/09 14:00:00,27.85,19.508,12.678,11.929
11/25/09 15:00:00,33.157,21.7,13.04,12.122
11/25/09 16:00:00,32.536,21.987,13.57,12.364
11/25/09 17:00:00,21.748,18.699,13.93,12.654
11/25/09 18:00:00,26.207,18.937,14.05,12.896
11/25/09 19:00:00,18.771,16.701,14.146,13.064
11/25/09 20:00:00,10.98,14.242,14.146,13.209
11/25/09 21:00:00,11.589,13.642,13.954,13.281
11/25/09 22:00:00,8.319,12.558,13.738,13.257
11/25/09 23:00:00,6.914,11.71,13.522,13.209
11/26/09 00:00:00,7.82,10.98,13.257,13.112
11/26/09 01:00:00,5.385,10.59,13.016,12.992
11/26/09 02:00:00,5.411,10.271,12.799,12.871
11/26/09 03:00:00,8.17,10.345,12.582,12.727
11/26/09 04:00:00,10.32,10.687,12.413,12.582
11/26/09 05:00:00,11.492,10.883,12.34,12.461
11/26/09 06:00:00,12.34,11.224,12.292,12.389
11/26/09 07:00:00,13.738,12.871,12.268,12.316
11/26/09 08:00:00,15.676,13.305,12.316,12.268
11/26/09 09:00:00,18.652,14.96,12.364,12.268
11/26/09 10:00:00,22.585,16.511,12.534,12.292
11/26/09 11:00:00,20.198,18.675,12.751,12.364
11/26/09 12:00:00,24.581,20.841,13.016,12.461
11/26/09 13:00:00,24.653,21.604,13.353,12.654
11/26/09 14:00:00,22.202,20.198,13.69,12.847
11/26/09 15:00:00,23.04,20.103,13.954,13.04
11/26/09 16:00:00,11.904,15.652,14.098,13.233
11/26/09 17:00:00,11.516,14.625,14.002,13.329
11/26/09 18:00:00,10.565,13.738,13.834,13.353
11/26/09 19:00:00,9.361,12.944,13.642,13.329
11/26/09 20:00:00,8.394,11.734,13.425,13.257
11/26/09 21:00:00,7.519,11.37,13.185,13.161
11/26/09 22:00:00,7.995,11.248,12.968,13.016
11/26/09 23:00:00,7.945,11.127,12.775,12.871
11/27/09 00:00:00,8.369,11.005,12.582,12.751
11/27/09 01:00:00,8.593,10.956,12.461,12.606
11/27/09 02:00:00,7.87,10.712,12.34,12.509
11/27/09 03:00:00,7.318,10.345,12.195,12.389
11/27/09 04:00:00,7.217,10.198,12.05,12.292
11/27/09 05:00:00,7.619,10.051,11.904,12.171
11/27/09 06:00:00,7.594,10.026,11.783,12.05
11/27/09 07:00:00,7.745,10.222,11.662,11.953
11/27/09 08:00:00,8.444,10.638,11.565,11.832
11/27/09 09:00:00,11.394,12.485,11.516,11.734
11/27/09 10:00:00,9.829,12.171,11.54,11.686
11/27/09 11:00:00,9.632,11.783,11.565,11.662
11/27/09 12:00:00,13.497,13.449,11.565,11.637
11/27/09 13:00:00,13.497,14.29,11.637,11.637
11/27/09 14:00:00,13.401,14.577,11.734,11.637
11/27/09 15:00:00,11.856,13.449,11.88,11.686
11/27/09 16:00:00,12.751,13.738,11.953,11.759
11/27/09 17:00:00,11.2,12.92,12.025,11.807
11/27/09 18:00:00,12.678,13.064,12.05,11.832
11/27/09 19:00:00,11.565,12.799,12.074,11.88
11/27/09 20:00:00,10.051,11.977,12.122,11.904
11/27/09 21:00:00,9.534,11.297,12.074,11.929
11/27/09 22:00:00,10.173,11.224,12.001,11.904
11/27/09 23:00:00,9.78,10.956,11.953,11.88
11/28/09 00:00:00,10.198,10.883,11.88,11.856
11/28/09 01:00:00,10.149,10.883,11.832,11.807
11/28/09 02:00:00,9.682,10.565,11.783,11.783
11/28/09 03:00:00,9.188,10.32,11.71,11.734
11/28/09 04:00:00,9.435,10.1,11.637,11.686
11/28/09 05:00:00,9.706,10.075,11.565,11.637
11/28/09 06:00:00,9.977,10.271,11.492,11.589
11/28/09 07:00:00,9.312,10.443,11.419,11.516
11/28/09 08:00:00,9.089,10.638,11.37,11.467
11/28/09 09:00:00,10.394,11.492,11.321,11.419
11/28/09 10:00:00,14.433,12.799,11.273,11.37
11/28/09 11:00:00,16.987,14.433,11.273,11.346
11/28/09 12:00:00,17.415,16.487,11.37,11.346
11/28/09 13:00:00,17.391,17.13,11.662,11.419
11/28/09 14:00:00,18.723,17.677,12.074,11.589
11/28/09 15:00:00,20.246,17.463,12.461,11.783
11/28/09 16:00:00,14.721,15.939,12.751,11.953
11/28/09 17:00:00,16.654,15.103,12.823,12.098
11/28/09 18:00:00,13.786,13.69,12.775,12.195
11/28/09 19:00:00,8.369,12.364,12.63,12.243
11/28/09 20:00:00,7.167,11.2,12.437,12.219
11/28/09 21:00:00,6.306,10.369,12.195,12.171
11/28/09 22:00:00,3.643,9.829,11.953,12.05
11/28/09 23:00:00,4.558,9.41,11.734,11.929
11/29/09 00:00:00,4.35,9.163,11.492,11.807
11/29/09 01:00:00,3.906,8.817,11.273,11.637
11/29/09 02:00:00,3.564,8.543,11.053,11.492
11/29/09 03:00:00,3.221,8.145,10.883,11.346
11/29/09 04:00:00,3.433,8.095,10.687,11.175
11/29/09 05:00:00,2.503,7.795,10.541,11.029
11/29/09 06:00:00,2.823,7.544,10.369,10.883
11/29/09 07:00:00,2.289,7.293,10.173,10.736
11/29/09 08:00:00,2.557,7.569,10.001,10.59
11/29/09 09:00:00,4.895,8.469,9.879,10.418
11/29/09 10:00:00,9.756,10.956,9.829,10.271
11/29/09 11:00:00,9.015,12.316,9.928,10.198
11/29/09 12:00:00,9.361,11.637,10.1,10.222
11/29/09 13:00:00,13.04,13.497,10.271,10.247
11/29/09 14:00:00,19.555,15.175,10.492,10.32
11/29/09 15:00:00,15.581,15.342,10.81,10.443
11/29/09 16:00:00,9.608,11.516,11.127,10.614
11/29/09 17:00:00,11.856,11.832,11.053,10.736
11/29/09 18:00:00,10.271,10.761,11.005,10.785
11/29/09 19:00:00,7.368,9.435,10.932,10.81
11/29/09 20:00:00,5.539,8.618,10.712,10.785
11/29/09 21:00:00,4.999,7.92,10.516,10.712
11/29/09 22:00:00,4.844,7.795,10.296,10.614
11/29/09 23:00:00,4.818,7.695,10.1,10.516
11/30/09 00:00:00,4.662,7.444,9.952,10.418
11/30/09 01:00:00,4.037,7.015,9.829,10.32
11/30/09 02:00:00,4.141,6.661,9.706,10.198
11/30/09 03:00:00,3.854,6.306,9.534,10.1
11/30/09 04:00:00,3.749,5.975,9.312,9.977
11/30/09 05:00:00,4.037,6.102,9.114,9.829
11/30/09 06:00:00,3.459,5.796,8.99,9.682
11/30/09 07:00:00,3.854,5.975,8.841,9.534
11/30/09 08:00:00,4.194,6.484,8.717,9.41
11/30/09 09:00:00,6.535,7.142,8.643,9.312
11/30/09 10:00:00,7.343,7.77,8.618,9.238
11/30/09 11:00:00,8.045,8.444,8.643,9.163
11/30/09 12:00:00,12.871,10.761,8.742,9.163
11/30/09 13:00:00,12.703,11.005,8.941,9.188
11/30/09 14:00:00,15.557,11.904,9.139,9.262
11/30/09 15:00:00,11.37,10.026,9.336,9.336
11/30/09 16:00:00,7.041,8.369,9.435,9.435
11/30/09 17:00:00,5.872,8.195,9.361,9.485
11/30/09 18:00:00,3.985,6.687,9.213,9.485
11/30/09 19:00:00,2.77,6.026,9.015,9.435
11/30/09 20:00:00,1.643,5.076,8.817,9.336
11/30/09 21:00:00,1.453,4.844,8.568,9.238
11/30/09 22:00:00,1.507,4.973,8.369,9.089
11/30/09 23:00:00,0.577,4.115,8.22,8.965
12/01/09 00:00:00,0.467,4.298,8.02,8.841
12/01/09 01:00:00,0.55,4.246,7.87,8.717
12/01/09 02:00:00,0.742,4.272,7.745,8.593
12/01/09 03:00:00,0.495,4.168,7.645,8.469
12/01/09 04:00:00,0.273,3.564,7.519,8.369
12/01/09 05:00:00,0.246,3.459,7.393,8.27
12/01/09 06:00:00,0.273,3.301,7.242,8.145
12/01/09 07:00:00,0.797,3.591,7.142,8.02
12/01/09 08:00:00,3.327,4.714,7.041,7.92
12/01/09 09:00:00,5.898,6.204,7.041,7.845
12/01/09 10:00:00,7.895,7.167,7.142,7.795
12/01/09 11:00:00,13.81,9.706,7.318,7.82
12/01/09 12:00:00,15.199,10.565,7.619,7.895
12/01/09 13:00:00,19.698,11.856,7.97,8.045
12/01/09 14:00:00,15.127,11.419,8.394,8.22
12/01/09 15:00:00,19.008,11.759,8.717,8.444
12/01/09 16:00:00,17.153,11.832,9.114,8.668
12/01/09 17:00:00,13.642,11.248,9.386,8.891
12/01/09 18:00:00,8.419,9.756,9.46,9.064
12/01/09 19:00:00,6.737,9.114,9.435,9.163
12/01/09 20:00:00,4.376,8.195,9.312,9.238
12/01/09 21:00:00,3.512,7.293,9.163,9.238
12/01/09 22:00:00,2.289,7.192,8.99,9.213
12/01/09 23:00:00,2.503,6.889,8.866,9.188
12/02/09 00:00:00,2.155,6.712,8.742,9.114
12/02/09 01:00:00,1.724,6.382,8.643,9.064
12/02/09 02:00:00,-2.478,5.024,8.519,9.015
12/02/09 03:00:00,-4.681,4.168,8.369,8.916
12/02/09 04:00:00,-5.14,3.801,8.17,8.792
12/02/09 05:00:00,-5.916,3.327,7.945,8.668
12/02/09 06:00:00,-5.916,3.009,7.745,8.519
12/02/09 07:00:00,-0.059,4.037,7.569,8.369
12/02/09 08:00:00,10.369,5.924,7.469,8.245
12/02/09 09:00:00,17.439,8.469,7.494,8.145
12/02/09 10:00:00,23.256,10.736,7.695,8.145
12/02/09 11:00:00,25.817,13.57,7.995,8.22
12/02/09 12:00:00,22.992,17.177,8.469,8.369
12/02/09 13:00:00,28.32,18.937,9.163,8.643
12/02/09 14:00:00,29.065,20.269,10.001,9.04
12/02/09 15:00:00,29.74,21.819,10.858,9.509
12/02/09 16:00:00,23.689,18.461,11.589,9.977
12/02/09 17:00:00,18.2,17.082,11.904,10.394
12/02/09 18:00:00,15.008,14.864,11.953,10.687
12/02/09 19:00:00,10.785,13.546,11.88,10.858
12/02/09 20:00:00,7.77,11.832,11.734,10.956
12/02/09 21:00:00,4.272,10.051,11.54,10.98
12/02/09 22:00:00,4.818,9.41,11.273,10.956
12/02/09 23:00:00,3.168,8.693,11.029,10.883
12/03/09 00:00:00,2.717,8.12,10.81,10.785
12/03/09 01:00:00,2.744,7.594,10.565,10.663
12/03/09 02:00:00,2.77,7.268,10.345,10.541
12/03/09 03:00:00,1.67,6.712,10.149,10.418
12/03/09 04:00:00,2.69,6.585,9.952,10.271
12/03/09 05:00:00,2.37,6.331,9.78,10.124
12/03/09 06:00:00,2.85,6.179,9.632,10.001
12/03/09 07:00:00,7.519,6.99,9.485,9.879
12/03/09 08:00:00,11.856,8.394,9.386,9.78
12/03/09 09:00:00,15.055,10.051,9.386,9.682
12/03/09 10:00:00,17.344,11.977,9.46,9.632
12/03/09 11:00:00,19.413,14.768,9.632,9.657
12/03/09 12:00:00,20.293,16.106,9.903,9.731
12/03/09 13:00:00,22.178,17.32,10.247,9.879
12/03/09 14:00:00,23.4,18.39,10.712,10.075
12/03/09 15:00:00,14.768,15.318,11.175,10.32
12/03/09 16:00:00,19.555,16.487,11.273,10.541
12/03/09 17:00:00,19.389,15.533,11.419,10.687
12/03/09 18:00:00,14.768,13.882,11.492,10.81
12/03/09 19:00:00,12.195,12.219,11.516,10.907
12/03/09 20:00:00,10.663,11.029,11.394,10.956
12/03/09 21:00:00,10.785,10.271,11.224,10.956
12/03/09 22:00:00,9.534,10.026,11.053,10.907
12/03/09 23:00:00,9.706,9.78,10.907,10.858
12/04/09 00:00:00,9.46,9.632,10.81,10.81
12/04/09 01:00:00,7.469,9.089,10.687,10.736
12/04/09 02:00:00,6.813,8.817,10.565,10.663
12/04/09 03:00:00,6.509,8.494,10.443,10.59
12/04/09 04:00:00,2.797,6.99,10.296,10.492
12/04/09 05:00:00,-0.171,5.514,10.075,10.394
12/04/09 06:00:00,-0.788,4.115,9.756,10.247
12/04/09 07:00:00,3.827,4.22,9.312,10.051
12/04/09 08:00:00,10.124,5.539,9.015,9.854
12/04/09 09:00:00,14.625,7.091,8.866,9.657
12/04/09 10:00:00,19.912,9.287,8.841,9.534
12/04/09 11:00:00,25.671,13.209,8.99,9.485
12/04/09 12:00:00,27.038,16.225,9.361,9.534
12/04/09 13:00:00,26.573,18.747,9.928,9.731
12/04/09 14:00:00,29.966,20.388,10.687,10.026
12/04/09 15:00:00,24.363,20.007,11.443,10.394
12/04/09 16:00:00,21.915,18.39,11.953,10.761
12/04/09 17:00:00,23.593,16.749,12.195,11.053
12/04/09 18:00:00,19.008,15.151,12.292,11.297
12/04/09 19:00:00,15.557,13.233,12.219,11.443
12/04/09 20:00:00,5.102,10.492,12.025,11.516
12/04/09 21:00:00,1.588,8.891,11.734,11.516
12/04/09 22:00:00,-0.227,7.795,11.37,11.419
12/04/09 23:00:00,1.235,7.745,11.053,11.273
12/05/09 00:00:00,2.637,7.544,10.785,11.127
12/05/09 01:00:00,3.591,7.594,10.59,10.98
12/05/09 02:00:00,4.011,7.419,10.418,10.834
12/05/09 03:00:00,3.958,7.167,10.247,10.712
12/05/09 04:00:00,3.063,6.687,10.1,10.59
12/05/09 05:00:00,2.823,6.56,9.952,10.443
12/05/09 06:00:00,3.089,6.331,9.805,10.32
12/05/09 07:00:00,6.433,6.914,9.682,10.198
12/05/09 08:00:00,9.706,8.444,9.558,10.075
12/05/09 09:00:00,11.759,10.247,9.534,9.977
12/05/09 10:00:00,12.678,11.88,9.583,9.928
12/05/09 11:00:00,16.606,14.098,9.706,9.903
12/05/09 12:00:00,24.774,16.677,9.952,9.952
12/05/09 13:00:00,27.579,19.127,10.345,10.075
12/05/09 14:00:00,29.665,19.984,10.907,10.296
12/05/09 15:00:00,27.727,17.843,11.443,10.565
12/05/09 16:00:00,30.343,17.344,11.759,10.834
12/05/09 17:00:00,27.333,16.963,12.025,11.078
12/05/09 18:00:00,15.438,16.106,12.219,11.273
12/05/09 19:00:00,11.929,14.481,12.268,11.443
12/05/09 20:00:00,9.657,12.461,12.195,11.565
12/05/09 21:00:00,4.844,10.32,12.025,11.613
12/05/09 22:00:00,1.805,8.99,11.759,11.589
12/05/09 23:00:00,0.66,8.095,11.467,11.516
12/06/09 00:00:00,-1.899,7.268,11.175,11.394
12/06/09 01:00:00,0.19,6.839,10.907,11.248
12/06/09 02:00:00,2.477,7.318,10.638,11.078
12/06/09 03:00:00,2.93,7.192,10.492,10.932
12/06/09 04:00:00,3.063,7.041,10.369,10.81
12/06/09 05:00:00,3.116,6.889,10.271,10.712
12/06/09 06:00:00,3.512,6.839,10.149,10.59
12/06/09 07:00:00,7.995,7.619,10.026,10.492
12/06/09 08:00:00,13.666,9.238,10.001,10.394
12/06/09 09:00:00,17.034,11.565,10.051,10.32
12/06/09 10:00:00,22.872,14.984,10.198,10.32
12/06/09 11:00:00,26.256,18.461,10.492,10.394
12/06/09 12:00:00,28.99,21.294,10.932,10.565
12/06/09 13:00:00,30.748,23.016,11.516,10.81
12/06/09 14:00:00,29.09,22.441,12.171,11.127
12/06/09 15:00:00,28.692,22.968,12.751,11.467
12/06/09 16:00:00,24.195,21.056,13.185,11.807
12/06/09 17:00:00,25.841,19.46,13.377,12.074
12/06/09 18:00:00,21.246,17.724,13.522,12.292
12/06/09 19:00:00,15.939,15.151,13.497,12.461
12/06/09 20:00:00,9.608,12.92,13.377,12.582
12/06/09 21:00:00,6.687,11.2,13.137,12.582
12/06/09 22:00:00,7.544,10.712,12.847,12.558
12/06/09 23:00:00,7.745,10.369,12.582,12.437
12/07/09 00:00:00,7.393,10.001,12.364,12.34
12/07/09 01:00:00,7.192,9.632,12.147,12.219
12/07/09 02:00:00,7.469,9.287,11.953,12.098
12/07/09 03:00:00,7.444,8.941,11.734,11.953
12/07/09 04:00:00,6.864,8.668,11.54,11.832
12/07/09 05:00:00,6.813,8.444,11.37,11.686
12/07/09 06:00:00,7.544,8.593,11.2,11.54
12/07/09 07:00:00,7.519,8.916,11.053,11.419
12/07/09 08:00:00,10.81,9.41,10.956,11.297
12/07/09 09:00:00,17.058,12.195,10.907,11.2
12/07/09 10:00:00,19.888,14.625,11.005,11.151
12/07/09 11:00:00,24.315,18.01,11.2,11.175
12/07/09 12:00:00,24.798,20.293,11.492,11.248
12/07/09 13:00:00,26.353,22.058,11.88,11.419
12/07/09 14:00:00,21.342,21.724,12.34,11.613
12/07/09 15:00:00,28.543,22.872,12.775,11.856
12/07/09 16:00:00,18.842,19.555,13.161,12.098
12/07/09 17:00:00,21.772,18.485,13.329,12.316
12/07/09 18:00:00,20.96,17.463,13.401,12.485
12/07/09 19:00:00,14.577,15.39,13.353,12.606
12/07/09 20:00:00,12.389,13.714,13.209,12.654
12/07/09 21:00:00,10.345,12.678,13.016,12.654
12/07/09 22:00:00,10.026,12.074,12.847,12.63
12/07/09 23:00:00,8.742,11.224,12.678,12.558
12/08/09 00:00:00,8.668,10.638,12.509,12.485
12/08/09 01:00:00,8.295,10.369,12.34,12.389
12/08/09 02:00:00,7.368,10.345,12.171,12.292
12/08/09 03:00:00,8.095,9.657,12.001,12.195
12/08/09 04:00:00,8.693,9.756,11.832,12.074
12/08/09 05:00:00,8.717,9.682,11.686,11.953
12/08/09 06:00:00,7.594,9.41,11.565,11.832
12/08/09 07:00:00,10.026,10.296,11.443,11.734
12/08/09 08:00:00,8.344,10.638,11.37,11.637
12/08/09 09:00:00,13.546,12.896,11.346,11.589
12/08/09 10:00:00,16.034,15.151,11.394,11.516
12/08/09 11:00:00,16.534,16.344,11.54,11.516
12/08/09 12:00:00,18.723,18.129,11.71,11.565
12/08/09 13:00:00,15.557,15.247,11.904,11.637
12/08/09 14:00:00,12.268,14.457,11.977,11.71
12/08/09 15:00:00,10.1,12.992,11.977,11.759
12/08/09 16:00:00,13.714,15.461,11.953,11.759
12/08/09 17:00:00,7.82,11.904,11.977,11.783
12/08/09 18:00:00,7.192,11.37,11.88,11.783
12/08/09 19:00:00,6.737,10.932,11.783,11.759
12/08/09 20:00:00,6.255,10.026,11.662,11.71
12/08/09 21:00:00,6.051,9.386,11.54,11.637
12/08/09 22:00:00,3.354,7.619,11.394,11.565
12/08/09 23:00:00,2.823,7.041,11.127,11.443
12/09/09 00:00:00,2.744,6.737,10.834,11.321
12/09/09 01:00:00,2.396,6.357,10.59,11.151
12/09/09 02:00:00,2.744,6.788,10.394,10.98
12/09/09 03:00:00,2.877,7.142,10.247,10.858
12/09/09 04:00:00,4.011,7.72,10.173,10.736
12/09/09 05:00:00,3.775,7.77,10.149,10.638
12/09/09 06:00:00,3.722,7.745,10.1,10.565
12/09/09 07:00:00,4.844,8.444,10.051,10.516
12/09/09 08:00:00,7.82,8.643,10.026,10.443
12/09/09 09:00:00,11.856,12.606,10.026,10.369
12/09/09 10:00:00,14.29,13.377,10.149,10.369
12/09/09 11:00:00,15.581,15.151,10.32,10.394
12/09/09 12:00:00,20.865,17.724,10.565,10.492
12/09/09 13:00:00,24.484,20.65,10.956,10.614
12/09/09 14:00:00,23.16,21.891,11.516,10.858
12/09/09 15:00:00,20.507,19.984,12.05,11.151
12/09/09 16:00:00,21.724,19.199,12.34,11.419
12/09/09 17:00:00,18.247,16.654,12.534,11.613
12/09/09 18:00:00,14.745,14.505,12.534,11.759
12/09/09 19:00:00,10.075,12.292,12.389,11.856
12/09/09 20:00:00,5.847,10.345,12.171,11.856
12/09/09 21:00:00,5.179,9.287,11.88,11.832
12/09/09 22:00:00,5.179,8.618,11.613,11.71
12/09/09 23:00:00,4.298,8.195,11.346,11.589
12/10/09 00:00:00,4.376,7.995,11.102,11.443
12/10/09 01:00:00,4.402,7.795,10.907,11.297
12/10/09 02:00:00,3.932,7.419,10.712,11.175
12/10/09 03:00:00,3.985,7.268,10.565,11.029
12/10/09 04:00:00,3.485,7.041,10.394,10.907
12/10/09 05:00:00,3.801,6.914,10.271,10.785
12/10/09 06:00:00,3.643,6.763,10.149,10.663
12/10/09 07:00:00,6.051,7.167,10.026,10.565
12/10/09 08:00:00,10.394,8.643,9.977,10.443
12/10/09 09:00:00,13.762,10.736,9.977,10.369
12/10/09 10:00:00,17.106,13.209,10.051,10.345
12/10/09 11:00:00,20.174,16.487,10.198,10.345
12/10/09 12:00:00,16.963,19.222,10.467,10.443
12/10/09 13:00:00,9.04,12.654,10.736,10.565
12/10/09 14:00:00,8.643,11.832,10.785,10.663
12/10/09 15:00:00,6.484,10.394,10.761,10.712
12/10/09 16:00:00,7.091,10.124,10.687,10.712
12/10/09 17:00:00,4.947,8.693,10.59,10.687
12/10/09 18:00:00,5.411,8.469,10.418,10.638
12/10/09 19:00:00,6.357,9.287,10.247,10.541
12/10/09 20:00:00,3.274,7.995,10.149,10.467
12/10/09 21:00:00,4.454,7.945,10.051,10.394
12/10/09 22:00:00,1.859,4.869,9.805,10.296
12/10/09 23:00:00,2.262,5.642,9.485,10.1
12/11/09 00:00:00,1.561,5.872,9.262,9.928
12/11/09 01:00:00,0.384,5.796,9.114,9.756
12/11/09 02:00:00,0.605,5.539,8.941,9.608
12/11/09 03:00:00,-0.423,5.205,8.767,9.46
12/11/09 04:00:00,-0.451,4.766,8.618,9.312
12/11/09 05:00:00,-1.899,4.272,8.444,9.163
12/11/09 06:00:00,-1.327,4.324,8.295,9.015
12/11/09 07:00:00,-0.171,4.766,8.12,8.891
12/11/09 08:00:00,4.35,5.257,8.02,8.742
12/11/09 09:00:00,6.255,7.97,7.945,8.618
12/11/09 10:00:00,12.799,11.248,7.995,8.543
12/11/09 11:00:00,18.747,12.896,8.22,8.543
12/11/09 12:00:00,16.892,14.433,8.519,8.618
12/11/09 13:00:00,19.674,16.106,8.916,8.767
12/11/09 14:00:00,18.675,16.582,9.361,8.965
12/11/09 15:00:00,23.833,17.915,9.829,9.213
12/11/09 16:00:00,19.056,15.772,10.296,9.485
12/11/09 17:00:00,10.614,13.786,10.565,9.731
12/11/09 18:00:00,8.319,11.686,10.565,9.928
12/11/09 19:00:00,7.444,10.345,10.492,10.026
12/11/09 20:00:00,2.903,8.792,10.345,10.075
12/11/09 21:00:00,2.021,7.745,10.149,10.075
12/11/09 22:00:00,1.643,7.242,9.928,10.026
12/11/09 23:00:00,1.371,6.864,9.706,9.952
12/12/09 00:00:00,0.742,6.484,9.509,9.829
12/12/09 01:00:00,1.724,6.433,9.336,9.731
12/12/09 02:00:00,1.967,6.026,9.188,9.608
12/12/09 03:00:00,2.021,5.693,9.015,9.485
12/12/09 04:00:00,1.615,5.514,8.866,9.386
12/12/09 05:00:00,1.859,5.411,8.717,9.262
12/12/09 06:00:00,1.778,5.308,8.593,9.163
12/12/09 07:00:00,6.281,6.306,8.494,9.04
12/12/09 08:00:00,10.001,7.795,8.469,8.941
12/12/09 09:00:00,13.666,9.756,8.543,8.891
12/12/09 10:00:00,15.318,12.243,8.668,8.891
12/12/09 11:00:00,19.056,14.649,8.941,8.965
12/12/09 12:00:00,20.222,16.129,9.262,9.089
12/12/09 13:00:00,21.604,17.629,9.682,9.262
12/12/09 14:00:00,25.72,18.2,10.149,9.485
12/12/09 15:00:00,26.231,17.962,10.638,9.78
12/12/09 16:00:00,24.823,17.296,11.029,10.051
12/12/09 17:00:00,21.27,16.534,11.321,10.296
12/12/09 18:00:00,12.195,14.266,11.467,10.516
12/12/09 19:00:00,11.2,13.209,11.419,10.663
12/12/09 20:00:00,8.245,11.662,11.321,10.761
12/12/09 21:00:00,4.818,9.805,11.2,10.81
12/12/09 22:00:00,4.584,9.089,11.005,10.785
12/12/09 23:00:00,3.854,8.494,10.81,10.736
12/13/09 00:00:00,3.195,7.97,10.638,10.663
12/13/09 01:00:00,0.989,7.066,10.443,10.565
12/13/09 02:00:00,0.715,6.611,10.222,10.467
12/13/09 03:00:00,1.208,6.433,10.001,10.32
12/13/09 04:00:00,0.467,6.23,9.805,10.198
12/13/09 05:00:00,-1.842,5.462,9.632,10.075
12/13/09 06:00:00,-2.072,5.179,9.435,9.928
12/13/09 07:00:00,4.662,6.026,9.238,9.78
12/13/09 08:00:00,13.954,8.369,9.163,9.657
12/13/09 09:00:00,19.651,10.516,9.238,9.583
12/13/09 10:00:00,24.557,13.401,9.435,9.583
12/13/09 11:00:00,26.158,15.509,9.805,9.682
12/13/09 12:00:00,31.74,18.152,10.222,9.854
12/13/09 13:00:00,27.014,19.579,10.761,10.1
12/13/09 14:00:00,29.815,20.674,11.419,10.418
12/13/09 15:00:00,30.369,21.032,12.05,10.785
12/13/09 16:00:00,31.714,20.627,12.582,11.151
12/13/09 17:00:00,26.793,19.77,12.92,11.467
12/13/09 18:00:00,17.011,17.106,13.112,11.734
12/13/09 19:00:00,13.81,14.673,13.064,11.953
12/13/09 20:00:00,11.88,13.522,12.871,12.05
12/13/09 21:00:00,10.516,12.775,12.654,12.074
12/13/09 22:00:00,9.287,11.977,12.461,12.074
12/13/09 23:00:00,2.074,9.903,12.268,12.025
12/14/09 00:00:00,0.66,8.693,12.001,11.953
12/14/09 01:00:00,0.632,8.02,11.637,11.832
12/14/09 02:00:00,-2.478,6.965,11.297,11.662
12/14/09 03:00:00,-0.591,6.737,10.98,11.492
12/14/09 04:00:00,-2.13,6.357,10.687,11.297
12/14/09 05:00:00,-2.275,6.077,10.418,11.102
12/14/09 06:00:00,-1.384,5.77,10.198,10.907
12/14/09 07:00:00,5.591,6.889,10.001,10.712
12/14/09 08:00:00,16.082,9.213,9.952,10.565
12/14/09 09:00:00,21.915,11.734,10.051,10.492
12/14/09 10:00:00,23.208,14.84,10.271,10.492
12/14/09 11:00:00,26.329,18.39,10.59,10.565
12/14/09 12:00:00,27.801,21.079,11.029,10.712
12/14/09 13:00:00,32.073,23.136,11.565,10.932
12/14/09 14:00:00,33.6,24.339,12.243,11.248
12/14/09 15:00:00,24.968,20.507,12.871,11.613
12/14/09 16:00:00,22.298,17.106,13.161,11.953
12/14/09 17:00:00,18.2,15.581,13.161,12.147
12/14/09 18:00:00,18.295,15.318,13.185,12.268
12/14/09 19:00:00,16.082,14.337,13.112,12.364
12/14/09 20:00:00,9.756,12.63,13.016,12.413
12/14/09 21:00:00,3.827,10.638,12.799,12.437
12/14/09 22:00:00,0.907,9.386,12.509,12.364
12/14/09 23:00:00,-0.143,8.494,12.171,12.268
12/15/09 00:00:00,-0.535,7.945,11.856,12.122
12/15/09 01:00:00,0.934,7.77,11.565,11.953
12/15/09 02:00:00,2.047,7.645,11.321,11.783
12/15/09 03:00:00,2.717,7.494,11.151,11.637
12/15/09 04:00:00,4.792,7.67,11.005,11.492
12/15/09 05:00:00,5.128,7.619,10.883,11.37
12/15/09 06:00:00,5.514,7.569,10.785,11.248
12/15/09 07:00:00,9.46,8.319,10.712,11.151
12/15/09 08:00:00,14.409,10.075,10.687,11.053
12/15/09 09:00:00,19.08,12.485,10.736,11.005
12/15/09 10:00:00,22.896,15.318,10.883,11.005
12/15/09 11:00:00,27.21,18.509,11.151,11.053
12/15/09 12:00:00,32.794,21.581,11.54,11.175
12/15/09 13:00:00,34.598,23.593,12.074,11.394
12/15/09 14:00:00,32.949,24.774,12.703,11.686
12/15/09 15:00:00,36.905,24.532,13.353,12.05
12/15/09 16:00:00,33.757,22.944,13.882,12.389
12/15/09 17:00:00,27.974,20.96,14.218,12.703
12/15/09 18:00:00,24.339,19.08,14.314,12.968
12/15/09 19:00:00,18.58,16.582,14.266,13.161
12/15/09 20:00:00,11.419,14.17,14.146,13.257
12/15/09 21:00:00,8.17,12.461,13.906,13.305
12/15/09 22:00:00,5.437,11.127,13.642,13.257
12/15/09 23:00:00,6.433,10.687,13.329,13.185
12/16/09 00:00:00,6.382,10.271,13.064,13.064
12/16/09 01:00:00,7.945,10.051,12.823,12.92
12/16/09 02:00:00,8.12,9.805,12.63,12.799
12/16/09 03:00:00,7.619,9.435,12.437,12.654
12/16/09 04:00:00,9.731,9.361,12.268,12.534
12/16/09 05:00:00,10.834,9.46,12.098,12.389
12/16/09 06:00:00,10.369,9.361,11.953,12.268
12/16/09 07:00:00,13.305,9.903,11.832,12.147
12/16/09 08:00:00,17.391,11.346,11.759,12.05
12/16/09 09:00:00,20.674,13.57,11.783,11.977
12/16/09 10:00:00,23.978,16.296,11.856,11.953
12/16/09 11:00:00,25.987,20.365,12.05,11.977
12/16/09 12:00:00,29.765,23.256,12.34,12.05
12/16/09 13:00:00,24.919,23.136,12.727,12.219
12/16/09 14:00:00,32.639,25.744,13.137,12.413
12/16/09 15:00:00,30.95,25.768,13.666,12.654
12/16/09 16:00:00,31.893,24.074,14.146,12.944
12/16/09 17:00:00,23.328,19.413,14.481,13.209
12/16/09 18:00:00,27.628,20.126,14.481,13.401
12/16/09 19:00:00,18.675,16.63,14.481,13.546
12/16/09 20:00:00,13.738,14.577,14.361,13.618
12/16/09 21:00:00,10.198,12.63,14.146,13.642
12/16/09 22:00:00,10.932,12.05,13.882,13.594
12/16/09 23:00:00,11.904,11.565,13.642,13.522
12/17/09 00:00:00,11.637,11.102,13.425,13.401
12/17/09 01:00:00,12.751,11.005,13.209,13.281
12/17/09 02:00:00,11.224,10.418,13.016,13.161
12/17/09 03:00:00,11.565,10.149,12.847,13.04
12/17/09 04:00:00,11.394,9.928,12.678,12.92
12/17/09 05:00:00,12.292,9.879,12.509,12.799
12/17/09 06:00:00,12.34,9.928,12.389,12.678
12/17/09 07:00:00,15.127,10.565,12.243,12.558
12/17/09 08:00:00,18.747,12.268,12.171,12.437
12/17/09 09:00:00,21.246,14.625,12.195,12.389
12/17/09 10:00:00,23.352,17.058,12.292,12.364
12/17/09 11:00:00,26.182,20.198,12.437,12.389
12/17/09 12:00:00,29.19,23.545,12.654,12.437
12/17/09 13:00:00,25.428,21.963,12.992,12.558
12/17/09 14:00:00,27.21,24.05,13.233,12.703
12/17/09 15:00:00,22.633,19.912,13.473,12.871
12/17/09 16:00:00,12.582,15.748,13.546,12.992
12/17/09 17:00:00,13.618,16.534,13.497,13.064
12/17/09 18:00:00,12.558,14.912,13.497,13.112
12/17/09 19:00:00,11.297,13.449,13.449,13.137
12/17/09 20:00:00,10.32,12.461,13.329,13.137
12/17/09 21:00:00,10.075,12.195,13.161,13.088
12/17/09 22:00:00,9.879,12.025,13.016,12.992
12/17/09 23:00:00,10.149,11.953,12.871,12.92
12/18/09 00:00:00,10.32,11.929,12.775,12.823
12/18/09 01:00:00,9.064,11.248,12.654,12.751
12/18/09 02:00:00,6.839,10.687,12.509,12.654
12/18/09 03:00:00,6.128,10.124,12.364,12.558
12/18/09 04:00:00,5.796,9.756,12.243,12.461
12/18/09 05:00:00,4.921,9.238,12.074,12.364
12/18/09 06:00:00,4.063,8.841,11.929,12.243
12/18/09 07:00:00,6.204,9.312,11.734,12.122
12/18/09 08:00:00,9.139,10.687,11.589,11.977
12/18/09 09:00:00,10.907,12.678,11.565,11.88
12/18/09 10:00:00,15.843,15.294,11.71,11.832
12/18/09 11:00:00,20.984,17.724,11.977,11.88
12/18/09 12:00:00,24.677,19.413,12.292,11.977
12/18/09 13:00:00,27.554,21.366,12.703,12.171
12/18/09 14:00:00,22.25,20.746,13.209,12.389
12/18/09 15:00:00,26.842,21.724,13.642,12.654
12/18/09 16:00:00,23.448,20.269,14.098,12.92
12/18/09 17:00:00,16.654,18.652,14.337,13.161
12/18/09 18:00:00,14.05,17.082,14.361,13.353
12/18/09 19:00:00,13.161,15.151,14.266,13.473
12/18/09 20:00:00,7.77,13.281,14.122,13.522
12/18/09 21:00:00,5.102,11.637,13.882,13.522
12/18/09 22:00:00,3.827,10.712,13.594,13.449
12/18/09 23:00:00,3.538,10.149,13.305,13.353
12/19/09 00:00:00,3.591,9.706,13.016,13.185
12/19/09 01:00:00,3.88,9.336,12.751,13.04
12/19/09 02:00:00,4.011,9.04,12.485,12.871
12/19/09 03:00:00,3.827,8.717,12.268,12.678
12/19/09 04:00:00,3.749,8.469,12.05,12.509
12/19/09 05:00:00,3.827,8.245,11.832,12.34
12/19/09 06:00:00,4.246,8.195,11.637,12.195
12/19/09 07:00:00,7.745,9.064,11.492,12.025
12/19/09 08:00:00,10.443,9.854,11.394,11.88
12/19/09 09:00:00,14.745,11.613,11.37,11.759
12/19/09 10:00:00,20.77,14.098,11.419,11.71
12/19/09 11:00:00,27.727,17.058,11.613,11.686
12/19/09 12:00:00,30.824,19.77,11.977,11.783
12/19/09 13:00:00,32.613,20.579,12.461,11.977
12/19/09 14:00:00,35.182,21.748,13.064,12.243
12/19/09 15:00:00,24.919,22.034,13.738,12.558
12/19/09 16:00:00,17.368,18.461,14.218,12.92
12/19/09 17:00:00,25.162,17.796,14.266,13.161
12/19/09 18:00:00,18.675,16.082,14.242,13.305
12/19/09 19:00:00,15.581,14.768,14.122,13.401
12/19/09 20:00:00,8.767,12.316,13.954,13.425
12/19/09 21:00:00,8.444,11.904,13.666,13.401
12/19/09 22:00:00,7.795,11.492,13.377,13.329
12/19/09 23:00:00,7.419,11.2,13.137,13.209
12/20/09 00:00:00,4.376,10.124,12.944,13.112
12/20/09 01:00:00,3.538,9.41,12.703,12.992
12/20/09 02:00:00,2.37,8.643,12.461,12.847
12/20/09 03:00:00,4.921,9.089,12.243,12.678
12/20/09 04:00:00,5.488,9.114,12.122,12.558
12/20/09 05:00:00,4.688,8.841,12.025,12.437
12/20/09 06:00:00,4.869,8.742,11.904,12.34
12/20/09 07:00:00,7.469,9.139,11.807,12.243
12/20/09 08:00:00,11.151,10.296,11.71,12.122
12/20/09 09:00:00,15.748,12.195,11.686,12.05
12/20/09 10:00:00,18.58,14.361,11.759,12.001
12/20/09 11:00:00,22.178,17.796,11.904,12.001
12/20/09 12:00:00,23.016,19.318,12.219,12.074
12/20/09 13:00:00,21.437,19.722,12.606,12.219
12/20/09 14:00:00,29.315,21.987,12.968,12.413
12/20/09 15:00:00,28.27,22.034,13.546,12.63
12/20/09 16:00:00,29.54,21.223,14.026,12.92
12/20/09 17:00:00,24.363,19.389,14.337,13.161
12/20/09 18:00:00,21.939,18.01,14.433,13.377
12/20/09 19:00:00,16.939,15.867,14.433,13.546
12/20/09 20:00:00,9.064,13.546,14.314,13.642
12/20/09 21:00:00,6.331,11.977,14.098,13.666
12/20/09 22:00:00,4.376,10.834,13.81,13.618
12/20/09 23:00:00,5.385,10.541,13.473,13.522
12/21/09 00:00:00,5.591,10.124,13.233,13.377
12/21/09 01:00:00,4.61,9.583,13.04,13.257
12/21/09 02:00:00,5.024,9.238,12.823,13.112
12/21/09 03:00:00,4.636,8.817,12.606,12.992
12/21/09 04:00:00,3.985,8.419,12.413,12.847
12/21/09 05:00:00,5.024,8.295,12.243,12.678
12/21/09 06:00:00,5.514,8.27,12.05,12.558
12/21/09 07:00:00,9.238,8.841,11.904,12.389
12/21/09 08:00:00,13.04,10.345,11.807,12.268
12/21/09 09:00:00,18.652,12.751,11.807,12.171
12/21/09 10:00:00,22.8,15.485,11.904,12.122
12/21/09 11:00:00,26.158,18.794,12.098,12.147
12/21/09 12:00:00,26.475,21.509,12.461,12.243
12/21/09 13:00:00,24.992,21.963,12.944,12.413
12/21/09 14:00:00,26.891,22.513,13.401,12.654
12/21/09 15:00:00,26.916,22.465,13.834,12.896
12/21/09 16:00:00,27.727,21.485,14.194,13.137
12/21/09 17:00:00,25.477,20.055,14.457,13.377
12/21/09 18:00:00,22.585,18.319,14.577,13.57
12/21/09 19:00:00,14.457,15.843,14.529,13.714
12/21/09 20:00:00,10.907,13.954,14.385,13.786
12/21/09 21:00:00,7.544,12.34,14.146,13.786
12/21/09 22:00:00,3.67,10.858,13.858,13.714
12/21/09 23:00:00,4.921,10.565,13.546,13.618
12/22/09 00:00:00,2.209,9.46,13.257,13.449
12/22/09 01:00:00,0.605,8.568,12.944,13.305
12/22/09 02:00:00,6.077,9.213,12.654,13.137
12/22/09 03:00:00,5.949,9.114,12.485,12.968
12/22/09 04:00:00,3.985,8.618,12.364,12.823
12/22/09 05:00:00,5.076,8.543,12.195,12.703
12/22/09 06:00:00,5.514,8.593,12.05,12.558
12/22/09 07:00:00,11.637,10.075,11.929,12.437
12/22/09 08:00:00,16.034,11.419,11.929,12.34
12/22/09 09:00:00,19.508,13.642,12.001,12.292
12/22/09 10:00:00,23.184,16.296,12.122,12.268
12/22/09 11:00:00,27.161,20.198,12.34,12.316
12/22/09 12:00:00,27.875,22.393,12.703,12.413
12/22/09 13:00:00,29.19,23.809,13.137,12.606
12/22/09 14:00:00,30.95,23.785,13.666,12.847
12/22/09 15:00:00,34.229,24.774,14.098,13.112
12/22/09 16:00:00,31.331,23.088,14.433,13.329
12/22/09 17:00:00,29.715,21.413,14.673,13.57
12/22/09 18:00:00,22.705,19.413,14.816,13.762
12/22/09 19:00:00,19.436,16.701,14.816,13.906
12/22/09 20:00:00,13.546,14.745,14.721,14.002
12/22/09 21:00:00,11.734,13.834,14.529,14.05
12/22/09 22:00:00,10.443,13.04,14.29,14.002
12/22/09 23:00:00,11.151,13.233,14.074,13.954
12/23/09 00:00:00,9.756,12.534,13.954,13.882
12/23/09 01:00:00,6.737,11.2,13.81,13.81
12/23/09 02:00:00,3.617,10.149,13.594,13.714
12/23/09 03:00:00,4.714,9.829,13.353,13.594
12/23/09 04:00:00,3.932,9.238,13.137,13.449
12/23/09 05:00:00,4.402,9.188,12.92,13.305
12/23/09 06:00:00,7.444,9.509,12.751,13.161
12/23/09 07:00:00,11.734,10.369,12.606,13.04
12/23/09 08:00:00,17.938,12.534,12.582,12.944
12/23/09 09:00:00,16.701,14.194,12.654,12.871
12/23/09 10:00:00,25.453,17.938,12.775,12.871
12/23/09 11:00:00,28.32,21.581,13.064,12.92
12/23/09 12:00:00,30.243,25.113,13.425,13.04
12/23/09 13:00:00,31.612,26.134,13.906,13.233
12/23/09 14:00:00,32.021,27.161,14.433,13.473
12/23/09 15:00:00,31.179,26.402,14.864,13.762
12/23/09 16:00:00,29.84,24.919,15.247,14.002
12/23/09 17:00:00,30.798,22.8,15.485,14.242
12/23/09 18:00:00,26.109,20.817,15.605,14.433
12/23/09 19:00:00,20.698,18.2,15.605,14.601
12/23/09 20:00:00,14.218,15.581,15.509,14.697
12/23/09 21:00:00,10.075,13.666,15.318,14.745
12/23/09 22:00:00,11.321,13.425,15.008,14.697
12/23/09 23:00:00,13.666,13.233,14.792,14.625
12/24/09 00:00:00,15.652,13.497,14.601,14.529
12/24/09 01:00:00,16.32,13.546,14.481,14.433
12/24/09 02:00:00,17.368,13.497,14.361,14.337
12/24/09 03:00:00,17.391,13.642,14.242,14.266
12/24/09 04:00:00,16.844,13.546,14.146,14.17
12/24/09 05:00:00,16.153,13.305,14.05,14.098
12/24/09 06:00:00,16.368,13.425,13.954,14.026
12/24/09 07:00:00,16.058,13.449,13.882,13.954
12/24/09 08:00:00,15.867,13.546,13.81,13.906
12/24/09 09:00:00,15.438,14.05,13.738,13.834
12/24/09 10:00:00,17.486,15.939,13.714,13.762
12/24/09 11:00:00,18.461,17.891,13.714,13.738
12/24/09 12:00:00,18.224,18.557,13.81,13.714
12/24/09 13:00:00,12.727,16.249,13.906,13.738
12/24/09 14:00:00,12.558,16.082,13.906,13.762
12/24/09 15:00:00,12.606,15.533,13.882,13.762
12/24/09 16:00:00,15.103,16.606,13.882,13.762
12/24/09 17:00:00,15.175,16.654,13.93,13.762
12/24/09 18:00:00,13.185,15.27,13.954,13.786
12/24/09 19:00:00,11.516,13.834,13.93,13.786
12/24/09 20:00:00,10.858,12.944,13.858,13.762
12/24/09 21:00:00,10.761,12.413,13.738,13.714
12/24/09 22:00:00,10.687,12.025,13.618,13.666
12/24/09 23:00:00,10.785,12.219,13.473,13.57
12/25/09 00:00:00,10.858,12.219,13.353,13.473
12/25/09 01:00:00,11.175,12.316,13.281,13.401
12/25/09 02:00:00,11.273,12.389,13.233,13.329
12/25/09 03:00:00,11.273,12.389,13.185,13.281
12/25/09 04:00:00,11.2,12.389,13.161,13.233
12/25/09 05:00:00,10.858,12.243,13.137,13.185
12/25/09 06:00:00,10.467,12.074,13.112,13.161
12/25/09 07:00:00,9.903,11.686,13.064,13.112
12/25/09 08:00:00,12.727,12.678,12.968,13.064
12/25/09 09:00:00,16.129,15.079,12.968,13.04
12/25/09 10:00:00,18.985,16.915,13.161,13.04
12/25/09 11:00:00,21.867,18.105,13.425,13.112
12/25/09 12:00:00,19.484,17.344,13.786,13.233
12/25/09 13:00:00,23.136,18.295,14.05,13.401
12/25/09 14:00:00,22.872,19.389,14.29,13.546
12/25/09 15:00:00,18.509,16.963,14.481,13.714
12/25/09 16:00:00,13.834,15.223,14.481,13.834
12/25/09 17:00:00,13.425,14.697,14.337,13.882
12/25/09 18:00:00,10.956,13.714,14.17,13.882
12/25/09 19:00:00,10.149,13.305,14.002,13.858
12/25/09 20:00:00,7.82,11.929,13.834,13.786
12/25/09 21:00:00,6.99,11.394,13.594,13.714
12/25/09 22:00:00,6.357,10.956,13.353,13.618
12/25/09 23:00:00,5.539,10.443,13.137,13.473
12/26/09 00:00:00,4.194,9.879,12.92,13.353
12/26/09 01:00:00,4.74,9.756,12.727,13.209
12/26/09 02:00:00,5.076,9.731,12.558,13.088
12/26/09 03:00:00,4.869,9.682,12.413,12.944
12/26/09 04:00:00,5.745,9.534,12.292,12.823
12/26/09 05:00:00,7.167,9.854,12.195,12.727
12/26/09 06:00:00,8.045,9.903,12.147,12.63
12/26/09 07:00:00,10.026,11.102,12.122,12.558
12/26/09 08:00:00,13.93,12.582,12.147,12.485
12/26/09 09:00:00,18.438,15.342,12.268,12.461
12/26/09 10:00:00,22.298,17.249,12.582,12.509
12/26/09 11:00:00,26.134,19.888,12.944,12.63
12/26/09 12:00:00,31.23,20.865,13.473,12.847
12/26/09 13:00:00,24.532,19.722,14.074,13.137
12/26/09 14:00:00,23.93,19.294,14.433,13.425
12/26/09 15:00:00,21.843,19.246,14.649,13.666
12/26/09 16:00:00,18.271,17.415,14.816,13.858
12/26/09 17:00:00,17.605,17.605,14.84,13.978
12/26/09 18:00:00,17.201,16.725,14.84,14.098
12/26/09 19:00:00,13.69,15.629,14.768,14.146
12/26/09 20:00:00,12.05,14.673,14.673,14.17
12/26/09 21:00:00,10.785,14.05,14.505,14.17
12/26/09 22:00:00,10.296,13.69,14.337,14.146
12/26/09 23:00:00,9.558,12.968,14.194,14.098
12/27/09 00:00:00,8.469,12.389,14.026,14.026
12/27/09 01:00:00,8.045,11.783,13.858,13.954
12/27/09 02:00:00,8.245,11.613,13.714,13.858
12/27/09 03:00:00,9.361,11.953,13.594,13.786
12/27/09 04:00:00,7.293,11.029,13.522,13.69
12/27/09 05:00:00,7.97,10.834,13.401,13.618
12/27/09 06:00:00,6.433,10.296,13.281,13.522
12/27/09 07:00:00,10.858,11.053,13.161,13.425
12/27/09 08:00:00,16.32,13.233,13.088,13.329
12/27/09 09:00:00,19.579,14.912,13.137,13.281
12/27/09 10:00:00,27.727,18.129,13.305,13.257
12/27/09 11:00:00,25.963,19.793,13.642,13.329
12/27/09 12:00:00,31.944,22.058,14.002,13.497
12/27/09 13:00:00,30.925,23.256,14.505,13.714
12/27/09 14:00:00,28.369,22.776,15.055,13.978
12/27/09 15:00:00,36.742,23.472,15.533,14.29
12/27/09 16:00:00,25.04,22.274,16.01,14.577
12/27/09 17:00:00,20.603,19.888,16.201,14.864
12/27/09 18:00:00,17.415,18.747,16.153,15.031
12/27/09 19:00:00,16.296,17.439,16.01,15.127
12/27/09 20:00:00,14.314,16.368,15.843,15.151
12/27/09 21:00:00,12.92,15.509,15.652,15.151
12/27/09 22:00:00,12.461,15.055,15.461,15.079
12/27/09 23:00:00,11.029,14.17,15.27,15.031
12/28/09 00:00:00,9.854,13.522,15.079,14.936
12/28/09 01:00:00,6.026,12.147,14.864,14.84
12/28/09 02:00:00,6.661,11.977,14.625,14.721
12/28/09 03:00:00,5.308,11.394,14.385,14.577
12/28/09 04:00:00,2.797,10.345,14.17,14.457
12/28/09 05:00:00,4.844,10.516,13.882,14.29
12/28/09 06:00:00,2.983,9.78,13.642,14.098
12/28/09 07:00:00,9.608,10.883,13.449,13.954
12/28/09 08:00:00,16.487,12.389,13.377,13.81
12/28/09 09:00:00,21.008,13.93,13.425,13.738
12/28/09 10:00:00,25.477,15.724,13.546,13.714
12/28/09 11:00:00,29.04,17.701,13.738,13.738
12/28/09 12:00:00,30.142,19.103,13.954,13.81
12/28/09 13:00:00,35.823,21.509,14.314,13.93
12/28/09 14:00:00,35.931,22.417,14.84,14.122
12/28/09 15:00:00,31.637,22.776,15.414,14.409
12/28/09 16:00:00,33.105,22.417,15.843,14.673
12/28/09 17:00:00,22.441,20.079,16.058,14.912
12/28/09 18:00:00,25.574,18.937,16.058,15.079
12/28/09 19:00:00,17.51,16.773,15.986,15.199
12/28/09 20:00:00,12.63,15.509,15.819,15.247
12/28/09 21:00:00,10.32,14.05,15.557,15.247
12/28/09 22:00:00,8.742,13.377,15.247,15.175
12/28/09 23:00:00,8.22,12.799,14.984,15.079
12/29/09 00:00:00,7.268,12.219,14.745,14.96
12/29/09 01:00:00,6.306,11.686,14.505,14.84
12/29/09 02:00:00,6.026,11.37,14.29,14.697
12/29/09 03:00:00,3.248,10.394,14.098,14.553
12/29/09 04:00:00,3.459,9.977,13.858,14.409
12/29/09 05:00:00,7.77,10.834,13.666,14.242
12/29/09 06:00:00,9.435,11.127,13.57,14.098
12/29/09 07:00:00,12.437,11.856,13.546,14.002
12/29/09 08:00:00,16.439,13.473,13.546,13.93
12/29/09 09:00:00,20.65,15.461,13.642,13.882
12/29/09 10:00:00,25.768,18.247,13.81,13.882
12/29/09 11:00:00,29.765,20.96,14.098,13.954
12/29/09 12:00:00,32.124,21.867,14.505,14.098
12/29/09 13:00:00,33.053,22.537,14.96,14.314
12/29/09 14:00:00,36.471,23.761,15.414,14.553
12/29/09 15:00:00,30.621,23.857,15.939,14.816
12/29/09 16:00:00,31.382,22.011,16.32,15.103
12/29/09 17:00:00,27.554,20.627,16.534,15.318
12/29/09 18:00:00,23.424,18.961,16.558,15.485
12/29/09 19:00:00,18.675,17.463,16.415,15.581
12/29/09 20:00:00,12.968,15.414,16.225,15.605
12/29/09 21:00:00,10.1,14.314,15.939,15.605
12/29/09 22:00:00,8.99,13.329,15.605,15.509
12/29/09 23:00:00,7.745,12.727,15.294,15.414
12/30/09 00:00:00,5.411,11.807,15.008,15.27
12/30/09 01:00:00,3.958,11.175,14.745,15.127
12/30/09 02:00:00,5.128,11.175,14.505,14.96
12/30/09 03:00:00,4.428,10.638,14.29,14.792
12/30/09 04:00:00,2.956,10.026,14.098,14.649
12/30/09 05:00:00,2.236,9.485,13.882,14.481
12/30/09 06:00:00,2.182,9.312,13.666,14.314
12/30/09 07:00:00,8.891,10.761,13.449,14.146
12/30/09 08:00:00,18.461,13.137,13.449,14.026
12/30/09 09:00:00,24.871,15.819,13.618,13.954
12/30/09 10:00:00,28.493,19.222,13.906,13.978
12/30/09 11:00:00,30.722,22.968,14.361,14.098
12/30/09 12:00:00,35.877,24.532,14.936,14.314
12/30/09 13:00:00,37.838,27.038,15.557,14.601
12/30/09 14:00:00,39.943,27.751,16.272,14.96
12/30/09 15:00:00,33.157,24.508,16.987,15.366
12/30/09 16:00:00,25.987,22.824,17.272,15.7
12/30/09 17:00:00,27.751,21.7,17.391,15.963
12/30/09 18:00:00,27.998,21.151,17.391,16.129
12/30/09 19:00:00,22.393,19.032,17.296,16.249
12/30/09 20:00:00,14.601,16.749,17.153,16.32
12/30/09 21:00:00,11.005,15.103,16.892,16.344
12/30/09 22:00:00,6.889,13.497,16.534,16.272
12/30/09 23:00:00,10.271,13.497,16.177,16.153
12/31/09 00:00:00,11.54,13.377,15.891,15.986
12/31/09 01:00:00,10.736,12.896,15.652,15.843
12/31/09 02:00:00,9.879,12.413,15.461,15.676
12/31/09 03:00:00,10.296,12.219,15.247,15.533
12/31/09 04:00:00,9.879,12.001,15.055,15.39
12/31/09 05:00:00,11.443,12.534,14.912,15.27
12/31/09 06:00:00,11.565,12.823,14.792,15.127
12/31/09 07:00:00,13.401,13.666,14.697,15.008
12/31/09 08:00:00,15.986,14.96,14.649,14.912
12/31/09 09:00:00,19.056,17.748,14.697,14.84
12/31/09 10:00:00,20.555,19.698,14.816,14.816
12/31/09 11:00:00,22.082,22.13,15.031,14.864
12/31/09 12:00:00,21.987,22.872,15.27,14.936
12/31/09 13:00:00,27.751,26.353,15.509,15.055
12/31/09 14:00:00,22.465,23.665,15.891,15.199
12/31/09 15:00:00,23.448,23.184,16.153,15.39
12/31/09 16:00:00,19.746,21.724,16.296,15.533
12/31/09 17:00:00,25.453,24.195,16.415,15.652
12/31/09 18:00:00,18.771,20.579,16.534,15.772
12/31/09 19:00:00,15.652,15.581,16.487,15.772
12/31/09 20:00:00,13.257,15.843,16.177,15.772
12/31/09 21:00:00,13.185,15.39,16.01,15.748
12/31/09 22:00:00,13.353,15.318,15.867,15.676
12/31/09 23:00:00,13.281,15.055,15.724,15.605
01/01/10 00:00:00,11.589,12.509,15.318,15.342
01/01/10 01:00:00,12.364,12.678,14.864,15.127
01/01/10 02:00:00,11.492,11.734,14.409,14.721
01/01/10 03:00:00,12.606,12.098,13.93,14.385
01/01/10 04:00:00,11.297,12.195,13.666,14.098
01/01/10 05:00:00,10.173,11.832,13.546,13.93
01/01/10 06:00:00,10.712,12.05,13.473,13.834
01/01/10 07:00:00,11.492,12.485,13.425,13.786
01/01/10 08:00:00,13.112,13.088,13.425,13.738
01/01/10 09:00:00,14.242,14.314,13.473,13.714
01/01/10 10:00:00,17.272,16.201,13.546,13.714
01/01/10 11:00:00,14.936,16.32,13.714,13.738
01/01/10 12:00:00,15.461,16.677,13.882,13.834
01/01/10 13:00:00,16.82,16.915,14.026,13.906
01/01/10 14:00:00,18.985,18.58,14.146,13.978
01/01/10 15:00:00,19.508,18.438,14.337,14.074
01/01/10 16:00:00,22.848,18.771,14.505,14.194
01/01/10 17:00:00,18.319,18.152,14.673,14.314
01/01/10 18:00:00,19.698,17.582,14.816,14.409
01/01/10 19:00:00,14.553,16.177,14.912,14.529
01/01/10 20:00:00,13.281,15.031,14.936,14.601
01/01/10 21:00:00,13.016,14.337,14.888,14.649
01/01/10 22:00:00,13.112,14.002,14.816,14.673
01/01/10 23:00:00,13.449,13.906,14.745,14.649
01/02/10 00:00:00,13.401,13.882,14.673,14.625
01/02/10 01:00:00,13.762,14.05,14.625,14.601
01/02/10 02:00:00,13.858,14.194,14.601,14.553
01/02/10 03:00:00,10.222,10.614,14.433,14.481
01/02/10 04:00:00,10.124,11.346,13.906,14.266
01/02/10 05:00:00,10.834,11.783,13.666,14.05
01/02/10 06:00:00,10.638,11.929,13.497,13.882
01/02/10 07:00:00,10.443,12.05,13.425,13.762
01/02/10 08:00:00,10.761,12.195,13.377,13.666
01/02/10 09:00:00,11.443,12.63,13.329,13.618
01/02/10 10:00:00,12.001,13.209,13.329,13.57
01/02/10 11:00:00,12.896,14.457,13.353,13.546
01/02/10 12:00:00,17.724,16.344,13.425,13.522
01/02/10 13:00:00,16.392,17.629,13.594,13.57
01/02/10 14:00:00,19.413,18.889,13.834,13.642
01/02/10 15:00:00,21.079,18.295,14.122,13.786
01/02/10 16:00:00,18.033,18.2,14.314,13.906
01/02/10 17:00:00,21.175,18.485,14.505,14.05
01/02/10 18:00:00,17.13,18.057,14.697,14.194
01/02/10 19:00:00,13.473,15.294,14.816,14.337
01/02/10 20:00:00,10.932,13.93,14.745,14.433
01/02/10 21:00:00,9.558,13.161,14.601,14.433
01/02/10 22:00:00,8.469,12.268,14.409,14.409
01/02/10 23:00:00,8.245,12.001,14.194,14.337
01/03/10 00:00:00,8.02,11.88,14.002,14.218
01/03/10 01:00:00,7.795,11.662,13.858,14.122
01/03/10 02:00:00,6.661,11.102,13.714,14.026
01/03/10 03:00:00,6.051,10.761,13.546,13.93
01/03/10 04:00:00,2.69,9.682,13.401,13.81
01/03/10 05:00:00,0.797,8.891,13.209,13.714
01/03/10 06:00:00,0.107,8.27,12.992,13.57
01/03/10 07:00:00,2.182,8.394,12.799,13.401
01/03/10 08:00:00,10.198,9.977,12.63,13.257
01/03/10 09:00:00,15.724,11.467,12.606,13.161
01/03/10 10:00:00,21.795,13.834,12.654,13.088
01/03/10 11:00:00,23.4,17.201,12.847,13.088
01/03/10 12:00:00,28.419,18.818,13.185,13.161
01/03/10 13:00:00,31.357,20.388,13.642,13.353
01/03/10 14:00:00,32.15,21.151,14.242,13.618
01/03/10 15:00:00,23.641,20.841,14.816,13.93
01/03/10 16:00:00,24.532,18.461,15.127,14.218
01/03/10 17:00:00,25.162,18.152,15.199,14.409
01/03/10 18:00:00,17.296,16.582,15.223,14.529
01/03/10 19:00:00,12.944,15.867,15.103,14.625
01/03/10 20:00:00,10.687,14.385,14.984,14.649
01/03/10 21:00:00,8.916,13.329,14.792,14.649
01/03/10 22:00:00,7.92,12.727,14.577,14.577
01/03/10 23:00:00,7.343,12.147,14.361,14.505
01/04/10 00:00:00,7.343,11.977,14.17,14.409
01/04/10 01:00:00,2.37,10.443,14.002,14.314
01/04/10 02:00:00,3.722,10.173,13.786,14.194
01/04/10 03:00:00,2.903,9.78,13.594,14.05
01/04/10 04:00:00,6.102,10.149,13.425,13.93
01/04/10 05:00:00,6.077,10.222,13.281,13.81
01/04/10 06:00:00,5.898,10.124,13.209,13.69
01/04/10 07:00:00,8.319,11.078,13.088,13.594
01/04/10 08:00:00,9.854,12.268,13.016,13.497
01/04/10 09:00:00,11.637,13.473,13.016,13.401
01/04/10 10:00:00,15.819,15.772,13.088,13.377
01/04/10 11:00:00,19.056,17.106,13.209,13.353
01/04/10 12:00:00,22.561,19.008,13.377,13.401
01/04/10 13:00:00,22.968,20.484,13.642,13.522
01/04/10 14:00:00,24.992,21.461,14.05,13.666
01/04/10 15:00:00,24.653,21.724,14.529,13.906
01/04/10 16:00:00,24.388,20.936,14.936,14.122
01/04/10 17:00:00,17.582,19.627,15.247,14.361
01/04/10 18:00:00,19.96,18.628,15.366,14.577
01/04/10 19:00:00,15.414,16.796,15.39,14.721
01/04/10 20:00:00,11.419,14.96,15.342,14.816
01/04/10 21:00:00,9.682,13.594,15.175,14.864
01/04/10 22:00:00,9.04,12.871,14.984,14.84
01/04/10 23:00:00,7.469,12.171,14.768,14.768
01/05/10 00:00:00,8.543,11.88,14.577,14.673
01/05/10 01:00:00,8.543,11.54,14.385,14.577
01/05/10 02:00:00,8.841,11.248,14.218,14.457
01/05/10 03:00:00,9.114,10.858,14.05,14.337
01/05/10 04:00:00,8.965,10.492,13.858,14.218
01/05/10 05:00:00,8.519,10.247,13.642,14.074
01/05/10 06:00:00,9.064,10.051,13.473,13.93
01/05/10 07:00:00,10.712,10.222,13.305,13.786
01/05/10 08:00:00,14.673,11.248,13.161,13.666
01/05/10 09:00:00,17.272,12.968,13.088,13.546
01/05/10 10:00:00,19.888,15.294,13.112,13.473
01/05/10 11:00:00,22.705,18.081,13.233,13.425
01/05/10 12:00:00,22.896,20.055,13.449,13.473
01/05/10 13:00:00,25.841,21.223,13.81,13.594
01/05/10 14:00:00,26.916,22.011,14.242,13.786
01/05/10 15:00:00,27.186,21.819,14.697,14.002
01/05/10 16:00:00,26.524,20.817,15.008,14.218
01/05/10 17:00:00,24.219,19.888,15.199,14.409
01/05/10 18:00:00,21.581,18.604,15.318,14.577
01/05/10 19:00:00,18.057,16.749,15.342,14.721
01/05/10 20:00:00,11.54,14.649,15.294,14.792
01/05/10 21:00:00,6.281,12.703,15.127,14.84
01/05/10 22:00:00,5.616,12.001,14.864,14.816
01/05/10 23:00:00,3.354,10.907,14.577,14.721
01/06/10 00:00:00,4.194,10.59,14.314,14.601
01/06/10 01:00:00,5.514,10.541,14.074,14.457
01/06/10 02:00:00,8.17,10.638,13.882,14.314
01/06/10 03:00:00,9.015,10.638,13.762,14.194
01/06/10 04:00:00,9.015,10.516,13.642,14.074
01/06/10 05:00:00,9.262,10.443,13.522,13.978
01/06/10 06:00:00,8.767,10.32,13.401,13.858
01/06/10 07:00:00,10.785,10.712,13.305,13.762
01/06/10 08:00:00,15.079,12.025,13.257,13.666
01/06/10 09:00:00,18.557,13.93,13.281,13.594
01/06/10 10:00:00,21.246,16.201,13.377,13.57
01/06/10 11:00:00,24.074,19.199,13.57,13.618
01/06/10 12:00:00,25.501,21.223,13.834,13.69
01/06/10 13:00:00,27.677,22.848,14.194,13.858
01/06/10 14:00:00,29.715,23.881,14.673,14.05
01/06/10 15:00:00,24.847,23.376,15.175,14.314
01/06/10 16:00:00,20.555,21.223,15.438,14.553
01/06/10 17:00:00,19.984,20.46,15.485,14.721
01/06/10 18:00:00,19.127,18.2,15.509,14.84
01/06/10 19:00:00,15.843,16.558,15.533,14.936
01/06/10 20:00:00,13.016,15.199,15.414,14.984
01/06/10 21:00:00,10.296,13.858,15.247,14.984
01/06/10 22:00:00,10.345,13.57,15.008,14.936
01/06/10 23:00:00,9.534,13.064,14.816,14.864
01/07/10 00:00:00,8.916,12.775,14.649,14.768
01/07/10 01:00:00,8.045,12.147,14.481,14.673
01/07/10 02:00:00,3.485,10.59,14.29,14.577
01/07/10 03:00:00,1.832,9.632,14.05,14.457
01/07/10 04:00:00,0.88,9.04,13.786,14.314
01/07/10 05:00:00,-0.451,8.344,13.522,14.146
01/07/10 06:00:00,-2.449,7.494,13.281,13.954
01/07/10 07:00:00,7.015,8.817,13.016,13.786
01/07/10 08:00:00,13.209,10.761,12.896,13.618
01/07/10 09:00:00,17.605,13.209,12.92,13.497
01/07/10 10:00:00,22.274,16.106,13.064,13.449
01/07/10 11:00:00,27.014,19.508,13.329,13.473
01/07/10 12:00:00,29.665,22.848,13.714,13.594
01/07/10 13:00:00,33.652,23.978,14.29,13.81
01/07/10 14:00:00,36.362,24.557,14.96,14.122
01/07/10 15:00:00,26.036,23.016,15.629,14.481
01/07/10 16:00:00,29.04,21.103,15.891,14.792
01/07/10 17:00:00,25.477,19.46,15.986,15.008
01/07/10 18:00:00,20.865,18.485,16.01,15.151
01/07/10 19:00:00,17.534,17.106,15.963,15.247
01/07/10 20:00:00,12.219,15.223,15.843,15.294
01/07/10 21:00:00,8.593,13.666,15.605,15.294
01/07/10 22:00:00,5.975,12.558,15.318,15.247
01/07/10 23:00:00,5.949,12.05,15.055,15.151
01/08/10 00:00:00,3.38,10.98,14.792,15.031
01/08/10 01:00:00,1.94,10.124,14.529,14.888
01/08/10 02:00:00,3.512,10.149,14.242,14.721
01/08/10 03:00:00,5.488,10.467,14.026,14.553
01/08/10 04:00:00,6.509,10.492,13.882,14.409
01/08/10 05:00:00,6.813,10.418,13.786,14.29
01/08/10 06:00:00,7.945,10.467,13.69,14.17
01/08/10 07:00:00,10.32,10.907,13.618,14.074
01/08/10 08:00:00,14.816,12.364,13.57,13.978
01/08/10 09:00:00,19.318,14.649,13.618,13.93
01/08/10 10:00:00,22.992,17.368,13.762,13.906
01/08/10 11:00:00,25.623,20.793,13.978,13.954
01/08/10 12:00:00,27.974,23.785,14.337,14.074
01/08/10 13:00:00,28.369,25.477,14.768,14.266
01/08/10 14:00:00,30.016,26.524,15.294,14.505
01/08/10 15:00:00,29.84,26.769,15.867,14.792
01/08/10 16:00:00,28.866,25.331,16.32,15.103
01/08/10 17:00:00,24.871,22.585,16.582,15.366
01/08/10 18:00:00,24.798,22.13,16.654,15.581
01/08/10 19:00:00,19.627,19.365,16.654,15.724
01/08/10 20:00:00,13.497,16.606,16.582,15.819
01/08/10 21:00:00,10.834,14.792,16.392,15.867
01/08/10 22:00:00,9.336,13.834,16.106,15.843
01/08/10 23:00:00,8.045,12.944,15.843,15.748
01/09/10 00:00:00,9.213,12.799,15.557,15.629
01/09/10 01:00:00,9.558,12.461,15.342,15.485
01/09/10 02:00:00,11.565,12.485,15.151,15.366
01/09/10 03:00:00,11.929,12.389,14.984,15.247
01/09/10 04:00:00,13.522,12.461,14.84,15.127
01/09/10 05:00:00,13.738,12.413,14.721,15.008
01/09/10 06:00:00,13.377,12.413,14.601,14.912
01/09/10 07:00:00,14.17,12.968,14.505,14.816
01/09/10 08:00:00,16.272,14.194,14.481,14.721
01/09/10 09:00:00,19.008,15.581,14.481,14.673
01/09/10 10:00:00,21.748,18.057,14.553,14.649
01/09/10 11:00:00,24.532,20.984,14.721,14.649
01/09/10 12:00:00,27.014,23.978,14.936,14.721
01/09/10 13:00:00,29.34,26.012,15.27,14.84
01/09/10 14:00:00,27.899,26.867,15.7,15.031
01/09/10 15:00:00,30.394,27.038,16.129,15.247
01/09/10 16:00:00,29.54,25.623,16.415,15.461
01/09/10 17:00:00,31.128,23.472,16.654,15.652
01/09/10 18:00:00,26.256,21.724,16.773,15.843
01/09/10 19:00:00,23.088,19.484,16.82,15.986
01/09/10 20:00:00,14.577,16.82,16.773,16.082
01/09/10 21:00:00,8.469,14.146,16.558,16.129
01/09/10 22:00:00,8.07,13.546,16.225,16.082
01/09/10 23:00:00,6.051,12.437,15.939,15.963
01/10/10 00:00:00,5.821,11.88,15.629,15.819
01/10/10 01:00:00,5.282,11.613,15.366,15.676
01/10/10 02:00:00,8.519,11.686,15.175,15.533
01/10/10 03:00:00,10.173,11.759,14.984,15.39
01/10/10 04:00:00,9.336,11.467,14.864,15.27
01/10/10 05:00:00,9.361,11.224,14.721,15.151
01/10/10 06:00:00,12.34,11.467,14.601,15.031
01/10/10 07:00:00,14.768,12.122,14.481,14.912
01/10/10 08:00:00,19.555,13.81,14.433,14.816
01/10/10 09:00:00,23.376,16.225,14.481,14.745
01/10/10 10:00:00,25.914,19.008,14.625,14.745
01/10/10 11:00:00,29.84,23.016,14.84,14.768
01/10/10 12:00:00,32.949,26.744,15.175,14.864
01/10/10 13:00:00,35.689,28.196,15.629,15.055
01/10/10 14:00:00,35.448,29.565,16.201,15.294
01/10/10 15:00:00,38.337,28.766,16.749,15.581
01/10/10 16:00:00,38.087,27.112,17.201,15.891
01/10/10 17:00:00,35.368,24.436,17.463,16.153
01/10/10 18:00:00,23.569,22.13,17.534,16.344
01/10/10 19:00:00,22.776,20.174,17.463,16.487
01/10/10 20:00:00,16.582,17.915,17.344,16.558
01/10/10 21:00:00,11.224,15.581,17.13,16.606
01/10/10 22:00:00,8.02,13.906,16.82,16.534
01/10/10 23:00:00,8.245,13.714,16.511,16.439
01/11/10 00:00:00,6.737,12.63,16.249,16.32
01/11/10 01:00:00,6.763,12.316,15.986,16.201
01/11/10 02:00:00,5.565,11.71,15.748,16.034
01/11/10 03:00:00,7.645,11.686,15.509,15.891
01/11/10 04:00:00,10.98,11.977,15.318,15.724
01/11/10 05:00:00,11.516,12.001,15.175,15.605
01/11/10 06:00:00,12.823,12.074,15.079,15.485
01/11/10 07:00:00,15.199,13.04,14.984,15.366
01/11/10 08:00:00,19.793,14.697,14.96,15.27
01/11/10 09:00:00,23.256,17.082,15.031,15.223
01/11/10 10:00:00,25.623,20.269,15.199,15.223
01/11/10 11:00:00,28.692,23.954,15.414,15.27
01/11/10 12:00:00,31.816,27.801,15.748,15.39
01/11/10 13:00:00,34.15,29.89,16.201,15.557
01/11/10 14:00:00,35.262,30.748,16.749,15.796
01/11/10 15:00:00,33.287,30.824,17.272,16.106
01/11/10 16:00:00,32.253,28.617,17.701,16.368
01/11/10 17:00:00,32.253,26.109,17.938,16.63
01/11/10 18:00:00,28.023,23.857,18.033,16.82
01/11/10 19:00:00,23.761,21.223,18.033,16.987
01/11/10 20:00:00,17.391,18.533,17.962,17.082
01/11/10 21:00:00,13.353,16.344,17.772,17.13
01/11/10 22:00:00,13.329,15.676,17.463,17.082
01/11/10 23:00:00,12.606,15.055,17.177,17.011
01/12/10 00:00:00,17.32,15.39,16.963,16.892
01/12/10 01:00:00,17.701,15.461,16.796,16.773
01/12/10 02:00:00,17.011,15.199,16.654,16.677
01/12/10 03:00:00,17.558,15.414,16.511,16.582
01/12/10 04:00:00,17.177,15.151,16.415,16.487
01/12/10 05:00:00,17.201,15.294,16.296,16.392
01/12/10 06:00:00,17.653,15.485,16.225,16.32
01/12/10 07:00:00,18.771,16.415,16.153,16.225
01/12/10 08:00:00,18.295,17.368,16.106,16.177
01/12/10 09:00:00,20.055,18.675,16.106,16.129
01/12/10 10:00:00,18.699,18.01,16.106,16.106
01/12/10 11:00:00,19.246,18.129,16.106,16.058
01/12/10 12:00:00,20.341,19.912,16.106,16.058
01/12/10 13:00:00,22.681,22.992,16.177,16.034
01/12/10 14:00:00,22.369,23.713,16.392,16.082
01/12/10 15:00:00,25.939,22.992,16.558,16.177
01/12/10 16:00:00,26.231,22.154,16.63,16.225
01/12/10 17:00:00,26.769,23.016,16.654,16.272
01/12/10 18:00:00,23.978,21.509,16.677,16.296
01/12/10 19:00:00,21.151,19.698,16.654,16.344
01/12/10 20:00:00,18.057,17.772,16.606,16.344
01/12/10 21:00:00,15.915,16.582,16.534,16.344
01/12/10 22:00:00,14.888,16.153,16.439,16.32
01/12/10 23:00:00,14.002,15.461,16.344,16.272
01/13/10 00:00:00,12.727,14.864,16.272,16.225
01/13/10 01:00:00,11.759,14.505,16.177,16.201
01/13/10 02:00:00,11.492,13.954,16.058,16.129
01/13/10 03:00:00,12.509,13.882,15.915,16.058
01/13/10 04:00:00,11.832,13.449,15.796,15.963
01/13/10 05:00:00,11.248,13.016,15.652,15.867
01/13/10 06:00:00,11.589,12.944,15.557,15.772
01/13/10 07:00:00,12.243,13.425,15.438,15.676
01/13/10 08:00:00,15.294,15.055,15.366,15.581
01/13/10 09:00:00,13.209,14.673,15.342,15.533
01/13/10 10:00:00,12.63,14.721,15.318,15.485
01/13/10 11:00:00,11.589,14.697,15.294,15.438
01/13/10 12:00:00,11.297,14.625,15.223,15.39
01/13/10 13:00:00,13.281,16.606,15.127,15.318
01/13/10 14:00:00,11.248,15.557,15.079,15.27
01/13/10 15:00:00,10.834,14.577,15.031,15.199
01/13/10 16:00:00,11.613,14.888,14.936,15.151
01/13/10 17:00:00,11.346,14.625,14.888,15.079
01/13/10 18:00:00,13.137,15.055,14.888,15.031
01/13/10 19:00:00,8.618,13.016,14.96,15.031
01/13/10 20:00:00,7.167,11.637,14.792,14.984
01/13/10 21:00:00,6.102,10.687,14.481,14.888
01/13/10 22:00:00,6.128,10.369,14.17,14.745
01/13/10 23:00:00,6,10.541,13.906,14.577
01/14/10 00:00:00,6.102,10.296,13.69,14.409
01/14/10 01:00:00,5.898,10.271,13.522,14.266
01/14/10 02:00:00,5.796,10.247,13.353,14.122
01/14/10 03:00:00,5.821,10.296,13.209,13.978
01/14/10 04:00:00,5.898,10.32,13.137,13.882
01/14/10 05:00:00,5.642,10.296,13.04,13.762
01/14/10 06:00:00,4.818,9.731,12.968,13.666
01/14/10 07:00:00,7.091,9.854,12.92,13.594
01/14/10 08:00:00,11.078,11.54,12.847,13.497
01/14/10 09:00:00,13.185,13.04,12.92,13.449
01/14/10 10:00:00,14.433,14.816,13.016,13.425
01/14/10 11:00:00,19.651,17.011,13.209,13.449
01/14/10 12:00:00,24.195,19.793,13.473,13.522
01/14/10 13:00:00,24.895,21.843,13.93,13.69
01/14/10 14:00:00,30.697,22.896,14.577,13.93
01/14/10 15:00:00,28.122,22.896,15.318,14.29
01/14/10 16:00:00,29.615,22.944,15.963,14.649
01/14/10 17:00:00,26.451,21.748,16.439,15.008
01/14/10 18:00:00,21.318,20.055,16.677,15.342
01/14/10 19:00:00,16.915,18.057,16.654,15.557
01/14/10 20:00:00,11.929,16.201,16.487,15.676
01/14/10 21:00:00,8.568,14.673,16.201,15.7
01/14/10 22:00:00,3.958,12.606,15.891,15.652
01/14/10 23:00:00,9.139,13.425,15.461,15.533
01/15/10 00:00:00,5.719,11.88,15.199,15.39
01/15/10 01:00:00,2.983,10.858,14.936,15.247
01/15/10 02:00:00,6.331,10.956,14.625,15.079
01/15/10 03:00:00,7.142,10.883,14.409,14.936
01/15/10 04:00:00,5.05,10.32,14.242,14.768
01/15/10 05:00:00,7.92,10.614,14.05,14.625
01/15/10 06:00:00,7.87,10.59,13.93,14.505
01/15/10 07:00:00,10.124,10.956,13.834,14.361
01/15/10 08:00:00,13.858,12.122,13.786,14.266
01/15/10 09:00:00,17.701,13.954,13.81,14.194
01/15/10 10:00:00,20.555,16.415,13.93,14.146
01/15/10 11:00:00,25.065,19.318,14.146,14.194
01/15/10 12:00:00,25.162,21.891,14.481,14.29
01/15/10 13:00:00,27.801,22.848,14.936,14.457
01/15/10 14:00:00,27.579,23.28,15.461,14.697
01/15/10 15:00:00,31.281,24.557,15.986,14.984
01/15/10 16:00:00,27.702,23.569,16.487,15.27
01/15/10 17:00:00,25.089,21.485,16.82,15.557
01/15/10 18:00:00,23.954,20.627,16.892,15.772
01/15/10 19:00:00,18.604,18.652,16.915,15.939
01/15/10 20:00:00,13.137,16.463,16.844,16.058
01/15/10 21:00:00,7.82,14.337,16.606,16.106
01/15/10 22:00:00,5.385,12.992,16.225,16.034
01/15/10 23:00:00,4.454,12.098,15.819,15.891
01/16/10 00:00:00,7.82,12.195,15.438,15.7
01/16/10 01:00:00,11.102,12.558,15.151,15.533
01/16/10 02:00:00,11.565,12.485,15.008,15.39
01/16/10 03:00:00,12.558,12.63,14.912,15.27
01/16/10 04:00:00,11.662,12.364,14.792,15.151
01/16/10 05:00:00,11.565,12.268,14.697,15.055
01/16/10 06:00:00,11.734,12.413,14.577,14.936
01/16/10 07:00:00,12.823,13.305,14.505,14.84
01/16/10 08:00:00,12.968,13.714,14.481,14.768
01/16/10 09:00:00,14.194,14.457,14.457,14.721
01/16/10 10:00:00,15.772,15.843,14.505,14.673
01/16/10 11:00:00,18.271,17.296,14.577,14.673
01/16/10 12:00:00,25.21,20.77,14.721,14.673
01/16/10 13:00:00,27.038,22.681,15.031,14.745
01/16/10 14:00:00,28.667,24.05,15.438,14.912
01/16/10 15:00:00,22.298,22.441,15.891,15.103
01/16/10 16:00:00,27.161,22.8,16.177,15.318
01/16/10 17:00:00,20.984,20.817,16.344,15.509
01/16/10 18:00:00,21.939,19.484,16.32,15.629
01/16/10 19:00:00,17.843,17.13,16.272,15.724
01/16/10 20:00:00,14.361,15.485,16.129,15.748
01/16/10 21:00:00,11.078,13.882,15.891,15.724
01/16/10 22:00:00,9.78,12.968,15.629,15.676
01/16/10 23:00:00,8.319,12.147,15.366,15.557
01/17/10 00:00:00,6.687,11.467,15.079,15.39
01/17/10 01:00:00,6.509,11.273,14.84,15.247
01/17/10 02:00:00,8.916,11.443,14.625,15.103
01/17/10 03:00:00,8.245,11.2,14.457,14.96
01/17/10 04:00:00,7.419,10.883,14.314,14.816
01/17/10 05:00:00,5.385,10.075,14.146,14.697
01/17/10 06:00:00,5.719,10.075,13.954,14.553
01/17/10 07:00:00,8.419,11.078,13.81,14.409
01/17/10 08:00:00,9.903,12.219,13.738,14.29
01/17/10 09:00:00,12.316,14.529,13.762,14.218
01/17/10 10:00:00,17.653,15.963,13.858,14.17
01/17/10 11:00:00,21.509,17.748,13.954,14.17
01/17/10 12:00:00,22.321,18.937,14.074,14.194
01/17/10 13:00:00,26.793,23.93,14.266,14.242
01/17/10 14:00:00,20.77,21.604,14.673,14.361
01/17/10 15:00:00,17.32,19.032,14.96,14.553
01/17/10 16:00:00,18.818,19.08,15.008,14.673
01/17/10 17:00:00,18.176,18.295,14.984,14.721
01/17/10 18:00:00,10.858,15.199,14.888,14.768
01/17/10 19:00:00,6.102,13.016,14.673,14.721
01/17/10 20:00:00,3.932,11.102,14.409,14.673
01/17/10 21:00:00,2.101,9.706,14.074,14.553
01/17/10 22:00:00,0.907,8.767,13.762,14.385
01/17/10 23:00:00,0.246,8.145,13.473,14.218
01/18/10 00:00:00,-0.76,7.619,13.185,14.026
01/18/10 01:00:00,1.289,8.195,12.944,13.834
01/18/10 02:00:00,0.577,7.97,12.727,13.642
01/18/10 03:00:00,0.246,7.444,12.509,13.473
01/18/10 04:00:00,0.852,7.494,12.34,13.305
01/18/10 05:00:00,-1.469,5.616,12.122,13.137
01/18/10 06:00:00,-1.928,5.437,11.832,12.968
01/18/10 07:00:00,-1.698,4.869,11.589,12.775
01/18/10 08:00:00,2.744,5.488,11.321,12.582
01/18/10 09:00:00,7.619,7.745,11.102,12.389
01/18/10 10:00:00,7.142,8.394,11.029,12.219
01/18/10 11:00:00,8.965,8.965,10.98,12.122
01/18/10 12:00:00,13.209,10.443,10.98,12.025
01/18/10 13:00:00,13.906,10.614,11.053,11.977
01/18/10 14:00:00,15.843,11.467,11.127,11.953
01/18/10 15:00:00,20.126,12.413,11.297,11.977
01/18/10 16:00:00,19.555,11.734,11.54,12.025
01/18/10 17:00:00,18.01,11.419,11.734,12.122
01/18/10 18:00:00,5.102,7.995,11.734,12.171
01/18/10 19:00:00,6.026,8.519,11.516,12.171
01/18/10 20:00:00,3.512,7.745,11.321,12.098
01/18/10 21:00:00,1.398,6.585,11.127,12.025
01/18/10 22:00:00,1.67,6.712,10.932,11.929
01/18/10 23:00:00,1.48,6.484,10.81,11.832
01/19/10 00:00:00,1.561,6.458,10.663,11.734
01/19/10 01:00:00,1.208,6.23,10.565,11.637
01/19/10 02:00:00,0.329,5.205,10.443,11.54
01/19/10 03:00:00,0.19,5.642,10.296,11.443
01/19/10 04:00:00,-0.507,4.869,10.149,11.346
01/19/10 05:00:00,-0.479,4.818,10.001,11.224
01/19/10 06:00:00,-0.283,4.636,9.854,11.102
01/19/10 07:00:00,-0.115,4.584,9.706,10.98
01/19/10 08:00:00,4.636,5.128,9.583,10.858
01/19/10 09:00:00,12.896,7.77,9.558,10.761
01/19/10 10:00:00,19.793,10.443,9.731,10.736
01/19/10 11:00:00,20.222,14.649,10.051,10.761
01/19/10 12:00:00,28.667,17.391,10.541,10.907
01/19/10 13:00:00,31.816,18.485,11.127,11.127
01/19/10 14:00:00,30.621,20.412,11.759,11.443
01/19/10 15:00:00,32.975,20.031,12.509,11.807
01/19/10 16:00:00,30.495,20.198,13.064,12.171
01/19/10 17:00:00,29.464,17.843,13.425,12.485
01/19/10 18:00:00,22.154,16.201,13.57,12.727
01/19/10 19:00:00,15.986,14.529,13.546,12.92
01/19/10 20:00:00,9.657,13.04,13.473,13.04
01/19/10 21:00:00,6.965,11.783,13.305,13.112
01/19/10 22:00:00,4.298,10.271,13.112,13.112
01/19/10 23:00:00,3.327,9.238,12.871,13.088
01/20/10 00:00:00,2.396,8.494,12.606,12.992
01/20/10 01:00:00,2.316,8.095,12.364,12.871
01/20/10 02:00:00,0.825,7.469,12.147,12.751
01/20/10 03:00:00,1.153,7.192,11.929,12.606
01/20/10 04:00:00,1.751,6.99,11.734,12.461
01/20/10 05:00:00,2.45,7.041,11.54,12.34
01/20/10 06:00:00,5.179,7.167,11.37,12.195
01/20/10 07:00:00,7.142,7.444,11.248,12.074
01/20/10 08:00:00,11.686,8.494,11.151,11.953
01/20/10 09:00:00,15.843,10.345,11.127,11.856
01/20/10 10:00:00,18.033,12.678,11.151,11.807
01/20/10 11:00:00,21.461,15.676,11.273,11.783
01/20/10 12:00:00,22.465,19.08,11.492,11.807
01/20/10 13:00:00,24.75,21.676,11.856,11.929
01/20/10 14:00:00,26.182,23.857,12.316,12.098
01/20/10 15:00:00,27.186,24.098,12.896,12.34
01/20/10 16:00:00,26.207,22.537,13.377,12.63
01/20/10 17:00:00,20.174,21.199,13.642,12.871
01/20/10 18:00:00,19.865,18.2,13.69,13.064
01/20/10 19:00:00,15.796,15.819,13.714,13.209
01/20/10 20:00:00,11.394,13.594,13.666,13.305
01/20/10 21:00:00,10.394,12.268,13.546,13.353
01/20/10 22:00:00,9.361,11.492,13.353,13.353
01/20/10 23:00:00,9.04,10.98,13.185,13.305
01/21/10 00:00:00,8.717,10.614,13.016,13.233
01/21/10 01:00:00,9.089,10.296,12.871,13.161
01/21/10 02:00:00,9.756,10.198,12.751,13.088
01/21/10 03:00:00,9.682,10.051,12.606,12.992
01/21/10 04:00:00,10.026,10.075,12.509,12.896
01/21/10 05:00:00,10.149,10.1,12.437,12.823
01/21/10 06:00:00,10.1,10.051,12.364,12.751
01/21/10 07:00:00,10.541,10.198,12.316,12.703
01/21/10 08:00:00,13.906,11.273,12.268,12.654
01/21/10 09:00:00,17.058,12.92,12.292,12.606
01/21/10 10:00:00,20.341,15.39,12.364,12.606
01/21/10 11:00:00,24.798,18.747,12.509,12.63
01/21/10 12:00:00,28.568,22.489,12.799,12.703
01/21/10 13:00:00,29.439,24.702,13.185,12.847
01/21/10 14:00:00,29.59,25.647,13.666,13.064
01/21/10 15:00:00,33.157,25.283,14.17,13.305
01/21/10 16:00:00,32.458,25.574,14.601,13.594
01/21/10 17:00:00,27.456,22.393,14.912,13.834
01/21/10 18:00:00,18.509,20.103,15.031,14.05
01/21/10 19:00:00,17.653,18.105,14.984,14.218
01/21/10 20:00:00,14.984,16.368,14.864,14.29
01/21/10 21:00:00,12.171,14.768,14.721,14.337
01/21/10 22:00:00,9.312,13.088,14.577,14.337
01/21/10 23:00:00,11.686,13.257,14.385,14.29
01/22/10 00:00:00,12.001,12.775,14.242,14.218
01/22/10 01:00:00,12.389,12.727,14.098,14.146
01/22/10 02:00:00,11.662,12.195,13.978,14.074
01/22/10 03:00:00,11.419,11.637,13.858,14.002
01/22/10 04:00:00,11.88,11.54,13.738,13.93
01/22/10 05:00:00,11.88,11.37,13.618,13.858
01/22/10 06:00:00,11.807,10.98,13.522,13.762
01/22/10 07:00:00,13.401,11.516,13.401,13.69
01/22/10 08:00:00,17.272,12.654,13.329,13.618
01/22/10 09:00:00,20.365,14.721,13.329,13.546
01/22/10 10:00:00,22.968,17.653,13.425,13.522
01/22/10 11:00:00,24.798,20.531,13.618,13.57
01/22/10 12:00:00,28.048,24.195,13.834,13.642
01/22/10 13:00:00,30.343,26.793,14.194,13.762
01/22/10 14:00:00,32.587,27.604,14.601,13.954
01/22/10 15:00:00,26.353,25.963,15.031,14.17
01/22/10 16:00:00,29.54,23.112,15.223,14.385
01/22/10 17:00:00,23.352,20.865,15.199,14.529
01/22/10 18:00:00,21.199,18.937,15.175,14.601
01/22/10 19:00:00,20.674,17.558,15.079,14.649
01/22/10 20:00:00,20.365,16.701,14.96,14.673
01/22/10 21:00:00,20.269,15.963,14.864,14.649
01/22/10 22:00:00,18.58,15.151,14.745,14.625
01/22/10 23:00:00,17.938,14.601,14.601,14.577
01/23/10 00:00:00,17.915,14.457,14.481,14.529
01/23/10 01:00:00,17.272,13.93,14.385,14.457
01/23/10 02:00:00,15.867,13.281,14.29,14.409
01/23/10 03:00:00,17.439,13.257,14.17,14.337
01/23/10 04:00:00,17.225,13.04,14.05,14.266
01/23/10 05:00:00,17.058,12.968,13.954,14.194
01/23/10 06:00:00,15.151,12.413,13.858,14.122
01/23/10 07:00:00,14.505,12.534,13.762,14.05
01/23/10 08:00:00,17.486,13.594,13.69,13.978
01/23/10 09:00:00,21.628,15.724,13.69,13.93
01/23/10 10:00:00,25.866,19.246,13.81,13.906
01/23/10 11:00:00,27.628,23.064,14.05,13.954
01/23/10 12:00:00,34.071,27.308,14.409,14.074
01/23/10 13:00:00,37.783,29.414,15.008,14.266
01/23/10 14:00:00,30.824,26.158,15.748,14.601
01/23/10 15:00:00,33.574,26.085,16.082,14.936
01/23/10 16:00:00,29.89,24.146,16.296,15.175
01/23/10 17:00:00,25.477,21.628,16.439,15.366
01/23/10 18:00:00,20.746,19.175,16.415,15.485
01/23/10 19:00:00,16.82,17.439,16.249,15.533
01/23/10 20:00:00,11.102,14.936,16.01,15.557
01/23/10 21:00:00,9.534,13.786,15.676,15.509
01/23/10 22:00:00,9.509,13.546,15.366,15.414
01/23/10 23:00:00,9.188,13.401,15.103,15.294
01/24/10 00:00:00,8.717,13.088,14.888,15.175
01/24/10 01:00:00,8.394,12.606,14.721,15.031
01/24/10 02:00:00,4.792,10.614,14.577,14.936
01/24/10 03:00:00,1.044,8.717,14.361,14.816
01/24/10 04:00:00,5.821,9.657,14.026,14.649
01/24/10 05:00:00,7.444,10.075,13.834,14.481
01/24/10 06:00:00,6.56,9.879,13.714,14.337
01/24/10 07:00:00,7.569,10.026,13.618,14.242
01/24/10 08:00:00,11.443,11.321,13.522,14.122
01/24/10 09:00:00,14.601,13.185,13.522,14.05
01/24/10 10:00:00,18.866,16.058,13.57,13.978
01/24/10 11:00:00,25.477,20.555,13.738,13.978
01/24/10 12:00:00,30.167,25.04,14.074,14.05
01/24/10 13:00:00,33.235,27.924,14.577,14.194
01/24/10 14:00:00,32.846,29.49,15.223,14.457
01/24/10 15:00:00,39.516,28.667,15.915,14.792
01/24/10 16:00:00,31.153,27.604,16.439,15.127
01/24/10 17:00:00,27.653,25.065,16.654,15.39
01/24/10 18:00:00,24.243,22.441,16.749,15.605
01/24/10 19:00:00,19.222,19.318,16.749,15.772
01/24/10 20:00:00,13.329,16.368,16.606,15.891
01/24/10 21:00:00,9.903,14.194,16.368,15.915
01/24/10 22:00:00,7.519,12.678,16.01,15.843
01/24/10 23:00:00,6.737,11.807,15.652,15.724
01/25/10 00:00:00,6.56,11.175,15.342,15.581
01/25/10 01:00:00,7.695,10.98,15.055,15.414
01/25/10 02:00:00,9.854,10.98,14.816,15.247
01/25/10 03:00:00,9.188,10.663,14.601,15.079
01/25/10 04:00:00,9.015,10.394,14.433,14.936
01/25/10 05:00:00,9.632,10.418,14.218,14.768
01/25/10 06:00:00,9.188,10.1,14.074,14.625
01/25/10 07:00:00,10.1,10.516,13.906,14.505
01/25/10 08:00:00,14.912,11.759,13.786,14.361
01/25/10 09:00:00,20.055,14.768,13.786,14.266
01/25/10 10:00:00,23.497,17.605,13.858,14.218
01/25/10 11:00:00,22.369,22.321,14.074,14.218
01/25/10 12:00:00,28.468,24.653,14.385,14.29
01/25/10 13:00:00,32.227,28.568,14.792,14.433
01/25/10 14:00:00,31.765,28.816,15.366,14.649
01/25/10 15:00:00,32.047,29.34,15.986,14.96
01/25/10 16:00:00,31.996,27.481,16.392,15.247
01/25/10 17:00:00,28.99,24.823,16.654,15.485
01/25/10 18:00:00,24.774,21.939,16.749,15.7
01/25/10 19:00:00,19.222,18.842,16.701,15.843
01/25/10 20:00:00,13.185,15.819,16.511,15.915
01/25/10 21:00:00,10.858,13.978,16.225,15.915
01/25/10 22:00:00,9.336,13.088,15.915,15.843
01/25/10 23:00:00,6.509,11.637,15.605,15.7
01/26/10 00:00:00,4.688,10.565,15.27,15.557
01/26/10 01:00:00,4.506,9.879,14.936,15.39
01/26/10 02:00:00,6.331,9.829,14.625,15.199
01/26/10 03:00:00,4.636,9.41,14.385,15.008
01/26/10 04:00:00,7.695,9.558,14.17,14.84
01/26/10 05:00:00,6.914,9.386,13.978,14.673
01/26/10 06:00:00,7.217,9.262,13.81,14.505
01/26/10 07:00:00,7.293,9.608,13.642,14.385
01/26/10 08:00:00,14.122,11.248,13.522,14.218
01/26/10 09:00:00,19.912,13.882,13.522,14.122
01/26/10 10:00:00,24.46,17.177,13.618,14.074
01/26/10 11:00:00,27.382,20.436,13.81,14.074
01/26/10 12:00:00,29.215,24.026,14.122,14.122
01/26/10 13:00:00,23.593,25.428,14.553,14.266
01/26/10 14:00:00,24.823,25.841,14.864,14.433
01/26/10 15:00:00,32.587,27.136,15.318,14.625
01/26/10 16:00:00,30.192,26.012,15.676,14.864
01/26/10 17:00:00,31.484,24.412,15.986,15.079
01/26/10 18:00:00,26.573,22.106,16.129,15.27
01/26/10 19:00:00,20.436,20.007,16.129,15.414
01/26/10 20:00:00,13.473,16.058,16.082,15.485
01/26/10 21:00:00,9.163,13.858,15.867,15.533
01/26/10 22:00:00,4.895,11.419,15.557,15.461
01/26/10 23:00:00,2.53,10.1,15.175,15.342
01/27/10 00:00:00,1.886,9.46,14.792,15.199
01/27/10 01:00:00,3.564,9.435,14.433,14.984
01/27/10 02:00:00,3.906,9.583,14.146,14.792
01/27/10 03:00:00,4.194,9.213,13.954,14.625
01/27/10 04:00:00,5.411,9.238,13.762,14.457
01/27/10 05:00:00,3.327,8.717,13.594,14.314
01/27/10 06:00:00,2.557,8.295,13.401,14.17
01/27/10 07:00:00,6.712,9.163,13.233,14.002
01/27/10 08:00:00,15.079,11.467,13.137,13.882
01/27/10 09:00:00,20.579,14.361,13.209,13.786
01/27/10 10:00:00,22.729,17.106,13.377,13.762
01/27/10 11:00:00,26.158,21.318,13.618,13.81
01/27/10 12:00:00,30.824,25.768,14.002,13.906
01/27/10 13:00:00,34.704,28.147,14.529,14.074
01/27/10 14:00:00,30.646,28.841,15.103,14.337
01/27/10 15:00:00,34.995,29.265,15.7,14.673
01/27/10 16:00:00,37.535,27.801,16.201,14.96
01/27/10 17:00:00,35.022,25.671,16.487,15.247
01/27/10 18:00:00,22.896,21.533,16.63,15.485
01/27/10 19:00:00,19.127,19.246,16.534,15.652
01/27/10 20:00:00,13.088,16.368,16.392,15.724
01/27/10 21:00:00,12.509,15.963,16.153,15.748
01/27/10 22:00:00,11.516,15.008,15.891,15.7
01/27/10 23:00:00,11.273,14.721,15.676,15.629
01/28/10 00:00:00,10.956,14.314,15.509,15.533
01/28/10 01:00:00,10.736,14.05,15.342,15.461
01/28/10 02:00:00,10.492,13.738,15.199,15.366
01/28/10 03:00:00,10.001,13.329,15.079,15.294
01/28/10 04:00:00,6.255,10.883,14.936,15.199
01/28/10 05:00:00,8.095,11.005,14.697,15.079
01/28/10 06:00:00,6.179,10.149,14.529,14.96
01/28/10 07:00:00,7.795,10.369,14.337,14.84
01/28/10 08:00:00,12.727,12.316,14.194,14.697
01/28/10 09:00:00,16.677,14.314,14.194,14.625
01/28/10 10:00:00,20.126,16.582,14.266,14.553
01/28/10 11:00:00,24.581,20.222,14.409,14.553
01/28/10 12:00:00,28.245,25.38,14.673,14.601
01/28/10 13:00:00,32.639,27.998,15.127,14.745
01/28/10 14:00:00,34.202,28.941,15.676,14.96
01/28/10 15:00:00,31.919,29.74,16.296,15.247
01/28/10 16:00:00,32.098,28.023,16.773,15.533
01/28/10 17:00:00,29.265,25.162,17.034,15.796
01/28/10 18:00:00,25.065,22.489,17.153,16.034
01/28/10 19:00:00,19.199,19.318,17.106,16.201
01/28/10 20:00:00,10.467,15.438,16.939,16.272
01/28/10 21:00:00,10.98,14.96,16.606,16.249
01/28/10 22:00:00,11.273,14.792,16.272,16.177
01/28/10 23:00:00,7.494,12.944,16.058,16.082
01/29/10 00:00:00,11.005,14.05,15.867,15.963
01/29/10 01:00:00,10.614,13.762,15.676,15.867
01/29/10 02:00:00,10.712,13.69,15.533,15.748
01/29/10 03:00:00,2.396,9.977,15.366,15.652
01/29/10 04:00:00,2.182,9.336,15.031,15.509
01/29/10 05:00:00,0.825,8.27,14.673,15.318
01/29/10 06:00:00,0.107,7.895,14.337,15.127
01/29/10 07:00:00,0.632,7.82,14.026,14.888
01/29/10 08:00:00,12.268,12.703,13.786,14.697
01/29/10 09:00:00,17.962,14.864,13.882,14.553
01/29/10 10:00:00,22.968,16.939,14.074,14.505
01/29/10 11:00:00,28.369,20.484,14.361,14.529
01/29/10 12:00:00,32.458,23.785,14.768,14.625
01/29/10 13:00:00,36.688,26.231,15.247,14.816
01/29/10 14:00:00,37.206,26.085,15.772,15.055
01/29/10 15:00:00,35.022,26.989,16.249,15.318
01/29/10 16:00:00,33.652,24.605,16.63,15.581
01/29/10 17:00:00,28.916,21.891,16.796,15.796
01/29/10 18:00:00,23.593,19.865,16.773,15.915
01/29/10 19:00:00,17.082,17.701,16.654,16.01
01/29/10 20:00:00,13.04,16.177,16.415,16.034
01/29/10 21:00:00,10.418,14.457,16.153,16.01
01/29/10 22:00:00,9.46,13.666,15.819,15.915
01/29/10 23:00:00,9.089,13.329,15.533,15.796
01/30/10 00:00:00,7.569,12.437,15.294,15.676
01/30/10 01:00:00,3.538,10.492,15.079,15.533
01/30/10 02:00:00,3.38,9.805,14.816,15.414
01/30/10 03:00:00,2.61,9.46,14.529,15.247
01/30/10 04:00:00,3.958,9.114,14.29,15.055
01/30/10 05:00:00,6.661,10.173,14.098,14.888
01/30/10 06:00:00,6.788,10.173,14.002,14.768
01/30/10 07:00:00,8.742,10.492,13.954,14.649
01/30/10 08:00:00,14.697,12.34,13.906,14.553
01/30/10 09:00:00,19.603,14.84,13.978,14.505
01/30/10 10:00:00,23.665,17.867,14.146,14.481
01/30/10 11:00:00,28.766,21.413,14.409,14.505
01/30/10 12:00:00,31.612,26.109,14.768,14.625
01/30/10 13:00:00,33.835,28.791,15.294,14.816
01/30/10 14:00:00,40.228,29.439,15.915,15.103
01/30/10 15:00:00,34.81,30.268,16.582,15.414
01/30/10 16:00:00,33.157,28.742,17.106,15.748
01/30/10 17:00:00,33.053,26.012,17.391,16.058
01/30/10 18:00:00,28.468,23.785,17.558,16.296
01/30/10 19:00:00,21.819,20.627,17.629,16.511
01/30/10 20:00:00,15.39,17.629,17.486,16.63
01/30/10 21:00:00,11.686,15.461,17.201,16.677
01/30/10 22:00:00,10.467,14.457,16.868,16.63
01/30/10 23:00:00,10.149,13.834,16.558,16.534
01/31/10 00:00:00,13.064,13.714,16.296,16.392
01/31/10 01:00:00,11.078,13.281,16.082,16.272
01/31/10 02:00:00,10.149,12.871,15.891,16.129
01/31/10 03:00:00,9.114,12.243,15.7,16.01
01/31/10 04:00:00,5.411,11.102,15.509,15.867
01/31/10 05:00:00,3.854,10.247,15.247,15.724
01/31/10 06:00:00,6.99,10.736,14.984,15.557
01/31/10 07:00:00,9.262,11.273,14.792,15.39
01/31/10 08:00:00,14.361,12.654,14.673,15.247
01/31/10 09:00:00,19.508,14.625,14.673,15.151
01/31/10 10:00:00,23.088,17.796,14.721,15.079
01/31/10 11:00:00,28.369,21.103,14.864,15.055
01/31/10 12:00:00,32.047,25.671,15.151,15.127
01/31/10 13:00:00,33.704,28.866,15.581,15.247
01/31/10 14:00:00,36.824,30.394,16.153,15.461
01/31/10 15:00:00,40.746,29.941,16.82,15.748
01/31/10 16:00:00,35.208,29.34,17.368,16.082
01/31/10 17:00:00,31.306,26.891,17.724,16.368
01/31/10 18:00:00,27.554,24.653,17.867,16.63
01/31/10 19:00:00,21.557,21.724,17.843,16.796
01/31/10 20:00:00,15.223,17.891,17.724,16.915
01/31/10 21:00:00,12.05,15.748,17.439,16.939
01/31/10 22:00:00,13.449,15.867,17.106,16.892
01/31/10 23:00:00,10.834,14.697,16.844,16.773
02/01/10 00:00:00,8.195,13.305,16.606,16.677
02/01/10 01:00:00,6.813,12.437,16.296,16.534
02/01/10 02:00:00,7.066,12.243,16.01,16.368
02/01/10 03:00:00,6.179,11.492,15.748,16.201
02/01/10 04:00:00,4.48,10.638,15.509,16.034
02/01/10 05:00:00,4.194,10.222,15.27,15.867
02/01/10 06:00:00,4.662,10.247,15.031,15.676
02/01/10 07:00:00,8.07,11.224,14.816,15.509
02/01/10 08:00:00,14.864,13.257,14.721,15.366
02/01/10 09:00:00,22.441,16.344,14.768,15.27
02/01/10 10:00:00,27.21,19.008,15.031,15.247
02/01/10 11:00:00,32.613,21.748,15.366,15.294
02/01/10 12:00:00,35.636,25.307,15.748,15.438
02/01/10 13:00:00,38.504,26.744,16.225,15.629
02/01/10 14:00:00,34.334,28.048,16.654,15.867
02/01/10 15:00:00,36.796,28.866,17.034,16.082
02/01/10 16:00:00,33.053,26.5,17.415,16.32
02/01/10 17:00:00,30.722,24.098,17.582,16.534
02/01/10 18:00:00,25.404,22.082,17.558,16.677
02/01/10 19:00:00,19.96,20.103,17.463,16.749
02/01/10 20:00:00,15.676,18.105,17.272,16.773
02/01/10 21:00:00,12.654,16.249,17.058,16.773
02/01/10 22:00:00,11.029,15.151,16.796,16.701
02/01/10 23:00:00,9.435,13.69,16.534,16.63
02/02/10 00:00:00,10.001,13.473,16.296,16.511
02/02/10 01:00:00,6.179,12.05,16.106,16.392
02/02/10 02:00:00,5.796,11.492,15.843,16.272
02/02/10 03:00:00,5.024,10.98,15.557,16.106
02/02/10 04:00:00,4.584,10.638,15.318,15.939
02/02/10 05:00:00,1.697,9.114,15.079,15.772
02/02/10 06:00:00,0.907,8.295,14.768,15.581
02/02/10 07:00:00,1.071,8.245,14.481,15.39
02/02/10 08:00:00,13.425,11.321,14.242,15.175
02/02/10 09:00:00,20.222,14.768,14.314,15.031
02/02/10 10:00:00,26.94,17.748,14.553,14.984
02/02/10 11:00:00,34.387,20.317,14.84,15.031
02/02/10 12:00:00,36.987,25.331,15.199,15.127
02/02/10 13:00:00,37.508,26.671,15.748,15.318
02/02/10 14:00:00,34.624,25.914,16.249,15.557
02/02/10 15:00:00,36.633,27.53,16.582,15.796
02/02/10 16:00:00,33.469,26.329,16.892,16.01
02/02/10 17:00:00,29.64,23.954,17.011,16.201
02/02/10 18:00:00,22.968,21.581,17.034,16.296
02/02/10 19:00:00,18.747,19.484,16.892,16.392
02/02/10 20:00:00,15.127,17.368,16.725,16.392
02/02/10 21:00:00,12.122,15.414,16.487,16.368
02/02/10 22:00:00,10.663,14.026,16.225,16.32
02/02/10 23:00:00,7.192,12.582,15.963,16.201
02/03/10 00:00:00,3.854,11.029,15.652,16.082
02/03/10 01:00:00,0.301,9.089,15.342,15.939
02/03/10 02:00:00,-0.958,8.17,14.96,15.724
02/03/10 03:00:00,-1.957,7.393,14.577,15.509
02/03/10 04:00:00,-2.508,6.864,14.218,15.27
02/03/10 05:00:00,-2.508,6.585,13.906,15.031
02/03/10 06:00:00,1.507,7.845,13.594,14.792
02/03/10 07:00:00,3.985,8.767,13.425,14.601
02/03/10 08:00:00,12.968,11.248,13.377,14.433
02/03/10 09:00:00,20.293,14.05,13.497,14.337
02/03/10 10:00:00,27.136,17.605,13.786,14.314
02/03/10 11:00:00,30.976,20.865,14.194,14.385
02/03/10 12:00:00,34.863,24.195,14.697,14.553
02/03/10 13:00:00,35.422,28.023,15.27,14.792
02/03/10 14:00:00,25.525,25.501,15.891,15.079
02/03/10 15:00:00,33.521,28.295,16.344,15.39
02/03/10 16:00:00,34.704,26.622,16.701,15.652
02/03/10 17:00:00,24.074,23.881,16.939,15.891
02/03/10 18:00:00,23.545,23.713,17.034,16.082
02/03/10 19:00:00,21.294,20.913,17.011,16.225
02/03/10 20:00:00,15.366,17.796,16.892,16.296
02/03/10 21:00:00,12.509,15.867,16.654,16.32
02/03/10 22:00:00,8.444,13.93,16.392,16.272
02/03/10 23:00:00,9.756,13.69,16.106,16.201
02/04/10 00:00:00,10.663,13.714,15.867,16.082
02/04/10 01:00:00,10.271,13.497,15.676,15.963
02/04/10 02:00:00,9.064,12.243,15.509,15.867
02/04/10 03:00:00,10.638,12.534,15.318,15.748
02/04/10 04:00:00,11.419,12.799,15.199,15.629
02/04/10 05:00:00,12.389,13.137,15.103,15.533
02/04/10 06:00:00,12.171,13.088,15.055,15.461
02/04/10 07:00:00,13.04,13.57,15.008,15.366
02/04/10 08:00:00,15.008,15.103,14.984,15.318
02/04/10 09:00:00,15.581,16.082,15.008,15.27
02/04/10 10:00:00,17.653,18.295,15.079,15.247
02/04/10 11:00:00,16.296,17.558,15.175,15.247
02/04/10 12:00:00,15.915,18.01,15.247,15.27
02/04/10 13:00:00,20.317,21.366,15.342,15.294
02/04/10 14:00:00,23.328,23.472,15.581,15.366
02/04/10 15:00:00,22.992,24.05,15.939,15.485
02/04/10 16:00:00,24.557,23.689,16.296,15.652
02/04/10 17:00:00,20.603,21.7,16.558,15.843
02/04/10 18:00:00,13.064,16.963,16.677,15.986
02/04/10 19:00:00,12.582,15.843,16.511,16.082
02/04/10 20:00:00,13.112,15.39,16.32,16.058
02/04/10 21:00:00,12.992,14.888,16.153,16.01
02/04/10 22:00:00,13.401,14.816,16.034,15.963
02/04/10 23:00:00,13.137,14.721,15.915,15.891
02/05/10 00:00:00,12.775,14.242,15.819,15.843
02/05/10 01:00:00,12.751,14.218,15.7,15.748
02/05/10 02:00:00,12.823,14.194,15.629,15.7
02/05/10 03:00:00,13.088,14.337,15.533,15.629
02/05/10 04:00:00,12.074,14.026,15.485,15.581
02/05/10 05:00:00,11.953,13.57,15.39,15.509
02/05/10 06:00:00,11.637,13.016,15.223,15.39
02/05/10 07:00:00,10.858,12.92,14.984,15.223
02/05/10 08:00:00,14.625,14.912,14.864,15.127
02/05/10 09:00:00,15.342,14.96,14.912,15.055
02/05/10 10:00:00,17.463,16.058,14.984,15.031
02/05/10 11:00:00,17.13,16.677,15.103,15.055
02/05/10 12:00:00,15.986,16.392,15.247,15.079
02/05/10 13:00:00,17.201,16.796,15.318,15.127
02/05/10 14:00:00,15.772,16.106,15.39,15.175
02/05/10 15:00:00,14.792,16.034,15.366,15.199
02/05/10 16:00:00,13.618,15.605,15.342,15.223
02/05/10 17:00:00,14.074,15.414,15.294,15.223
02/05/10 18:00:00,12.509,14.649,15.247,15.199
02/05/10 19:00:00,11.394,13.93,15.127,15.175
02/05/10 20:00:00,10.638,13.233,14.96,15.127
02/05/10 21:00:00,10.124,12.823,14.745,15.031
02/05/10 22:00:00,10.026,12.534,14.553,14.936
02/05/10 23:00:00,9.78,12.364,14.385,14.816
02/06/10 00:00:00,9.485,12.292,14.218,14.697
02/06/10 01:00:00,9.015,11.88,14.098,14.601
02/06/10 02:00:00,8.593,11.686,13.93,14.481
02/06/10 03:00:00,8.295,11.492,13.786,14.361
02/06/10 04:00:00,8.319,11.54,13.642,14.266
02/06/10 05:00:00,8.742,11.686,13.57,14.146
02/06/10 06:00:00,8.742,11.662,13.522,14.05
02/06/10 07:00:00,8.717,11.589,13.449,13.978
02/06/10 08:00:00,9.41,11.953,13.401,13.906
02/06/10 09:00:00,10.516,12.606,13.353,13.834
02/06/10 10:00:00,10.956,13.209,13.377,13.81
02/06/10 11:00:00,12.389,13.81,13.449,13.786
02/06/10 12:00:00,13.377,14.601,13.522,13.762
02/06/10 13:00:00,13.594,14.96,13.642,13.786
02/06/10 14:00:00,12.509,14.481,13.738,13.81
02/06/10 15:00:00,14.481,14.768,13.786,13.834
02/06/10 16:00:00,13.714,14.816,13.786,13.882
02/06/10 17:00:00,11.832,14.074,13.834,13.882
02/06/10 18:00:00,11.102,13.666,13.834,13.906
02/06/10 19:00:00,9.657,13.04,13.786,13.906
02/06/10 20:00:00,9.064,12.558,13.714,13.906
02/06/10 21:00:00,8.742,12.171,13.618,13.858
02/06/10 22:00:00,8.742,12.001,13.497,13.81
02/06/10 23:00:00,8.693,11.807,13.401,13.738
02/07/10 00:00:00,8.693,11.71,13.305,13.666
02/07/10 01:00:00,8.916,11.637,13.209,13.618
02/07/10 02:00:00,9.089,11.637,13.137,13.546
02/07/10 03:00:00,8.99,11.613,13.064,13.473
02/07/10 04:00:00,9.089,11.589,13.016,13.425
02/07/10 05:00:00,9.238,11.613,12.968,13.353
02/07/10 06:00:00,8.941,11.419,12.944,13.305
02/07/10 07:00:00,8.916,11.394,12.871,13.257
02/07/10 08:00:00,10.541,11.977,12.823,13.209
02/07/10 09:00:00,16.153,13.594,12.799,13.161
02/07/10 10:00:00,20.865,16.392,12.944,13.161
02/07/10 11:00:00,26.94,20.246,13.329,13.233
02/07/10 12:00:00,23.809,20.65,13.93,13.401
02/07/10 13:00:00,23.593,20.722,14.553,13.714
02/07/10 14:00:00,28.617,23.472,15.079,14.026
02/07/10 15:00:00,23.665,21.27,15.748,14.409
02/07/10 16:00:00,21.939,20.126,16.153,14.768
02/07/10 17:00:00,28.171,20.913,16.296,15.055
02/07/10 18:00:00,19.746,19.222,16.415,15.27
02/07/10 19:00:00,18.081,18.2,16.392,15.414
02/07/10 20:00:00,15.915,17.51,16.296,15.509
02/07/10 21:00:00,15.127,16.915,16.201,15.581
02/07/10 22:00:00,12.219,15.629,16.082,15.605
02/07/10 23:00:00,8.543,14.098,15.915,15.605
02/08/10 00:00:00,11.053,14.481,15.652,15.533
02/08/10 01:00:00,9.485,13.858,15.485,15.461
02/08/10 02:00:00,13.401,14.385,15.318,15.39
02/08/10 03:00:00,13.594,14.673,15.199,15.294
02/08/10 04:00:00,13.69,14.649,15.175,15.223
02/08/10 05:00:00,13.786,14.625,15.151,15.175
02/08/10 06:00:00,13.401,14.529,15.127,15.151
02/08/10 07:00:00,13.473,14.505,15.103,15.103
02/08/10 08:00:00,14.864,15.031,15.079,15.079
02/08/10 09:00:00,15.843,15.581,15.103,15.055
02/08/10 10:00:00,22.776,17.962,15.175,15.055
02/08/10 11:00:00,26.304,19.222,15.39,15.103
02/08/10 12:00:00,29.815,20.913,15.748,15.223
