"Date","Time, GMT+11:00","Water Content, m?/m? (SEN S/N: 9833752, LBL: 10cmBG)"
23-11-2012,11:57:30,0.1550
23-11-2012,12:57:31,0.1535
23-11-2012,13:57:32,0.1521
23-11-2012,14:57:33,0.1514
23-11-2012,15:57:34,0.1499
23-11-2012,16:57:35,0.1499
23-11-2012,17:57:36,0.1492
23-11-2012,18:57:37,0.1485
23-11-2012,19:57:38,0.1477
23-11-2012,20:57:39,0.1463
23-11-2012,21:57:40,0.1463
23-11-2012,22:57:41,0.1463
23-11-2012,23:57:42,0.1456
24-11-2012,00:57:43,0.1456
24-11-2012,01:57:44,0.1448
24-11-2012,02:57:45,0.1448
24-11-2012,03:57:46,0.1448
24-11-2012,04:57:47,0.1448
24-11-2012,05:57:48,0.1448
24-11-2012,06:57:49,0.1456
24-11-2012,07:57:50,0.1463
24-11-2012,08:57:51,0.1463
24-11-2012,09:57:52,0.1463
24-11-2012,10:57:53,0.1463
24-11-2012,11:57:54,0.1456
24-11-2012,12:57:55,0.1448
24-11-2012,13:57:56,0.1426
24-11-2012,14:57:57,0.1412
24-11-2012,15:57:58,0.1397
24-11-2012,16:57:59,0.1383
24-11-2012,17:58:00,0.1368
24-11-2012,18:58:01,0.1361
24-11-2012,19:58:02,0.1354
24-11-2012,20:58:03,0.1354
24-11-2012,21:58:04,0.1354
24-11-2012,22:58:05,0.1347
24-11-2012,23:58:06,0.1347
25-11-2012,00:58:07,0.1347
25-11-2012,01:58:08,0.1347
25-11-2012,02:58:09,0.1347
25-11-2012,03:58:10,0.1339
25-11-2012,04:58:11,0.1347
25-11-2012,05:58:12,0.1339
25-11-2012,06:58:13,0.1339
25-11-2012,07:58:14,0.1347
25-11-2012,08:58:15,0.1347
25-11-2012,09:58:16,0.1347
25-11-2012,10:58:17,0.1347
25-11-2012,11:58:18,0.1339
25-11-2012,12:58:19,0.1332
25-11-2012,13:58:20,0.1325
25-11-2012,14:58:21,0.1310
25-11-2012,15:58:22,0.1296
25-11-2012,16:58:23,0.1274
25-11-2012,17:58:24,0.1267
25-11-2012,18:58:25,0.1259
25-11-2012,19:58:26,0.1245
25-11-2012,20:58:27,0.1238
25-11-2012,21:58:28,0.1238
25-11-2012,22:58:29,0.1230
25-11-2012,23:58:30,0.1230
26-11-2012,00:58:31,0.1230
26-11-2012,01:58:32,0.1230
26-11-2012,02:58:33,0.1223
26-11-2012,03:58:34,0.1223
26-11-2012,04:58:35,0.1230
26-11-2012,05:58:36,0.1230
26-11-2012,06:58:37,0.1230
26-11-2012,07:58:38,0.1238
26-11-2012,08:58:39,0.1245
26-11-2012,09:58:40,0.1245
26-11-2012,10:58:41,0.1245
26-11-2012,11:58:42,0.1252
26-11-2012,12:58:43,0.1252
26-11-2012,13:58:44,0.1259
26-11-2012,14:58:45,0.1245
26-11-2012,15:58:46,0.1245
26-11-2012,16:58:47,0.1230
26-11-2012,17:58:48,0.1216
26-11-2012,18:58:49,0.1209
26-11-2012,19:58:50,0.1201
26-11-2012,20:58:51,0.1194
26-11-2012,21:58:52,0.1201
26-11-2012,22:58:53,0.1201
26-11-2012,23:58:54,0.1194
27-11-2012,00:58:55,0.1194
27-11-2012,01:58:56,0.1194
27-11-2012,02:58:57,0.1194
27-11-2012,03:58:58,0.1201
27-11-2012,04:58:59,0.1209
27-11-2012,05:59:00,0.1209
27-11-2012,06:59:01,0.1223
27-11-2012,07:59:02,0.1347
27-11-2012,08:59:03,0.1470
27-11-2012,09:59:04,0.1521
27-11-2012,10:59:05,0.1673
27-11-2012,11:59:06,0.1855
27-11-2012,12:59:07,0.1928
27-11-2012,13:59:08,0.1935
27-11-2012,14:59:09,0.1935
27-11-2012,15:59:10,0.1957
27-11-2012,16:59:11,0.1957
27-11-2012,17:59:12,0.1957
27-11-2012,18:59:13,0.1942
27-11-2012,19:59:14,0.1935
27-11-2012,20:59:15,0.1928
27-11-2012,21:59:16,0.1920
27-11-2012,22:59:17,0.1920
27-11-2012,23:59:18,0.1913
28-11-2012,00:59:19,0.1913
28-11-2012,01:59:20,0.1906
28-11-2012,02:59:21,0.1899
28-11-2012,03:59:22,0.1899
28-11-2012,04:59:23,0.1891
28-11-2012,05:59:24,0.1891
28-11-2012,06:59:25,0.1891
28-11-2012,07:59:26,0.1899
28-11-2012,08:59:27,0.1899
28-11-2012,09:59:28,0.1891
28-11-2012,10:59:29,0.1870
28-11-2012,11:59:30,0.1833
28-11-2012,12:59:31,0.1804
28-11-2012,13:59:32,0.1761
28-11-2012,14:59:33,0.1717
28-11-2012,15:59:34,0.1666
28-11-2012,16:59:35,0.1615
28-11-2012,17:59:36,0.1586
28-11-2012,18:59:37,0.1572
28-11-2012,19:59:38,0.1564
28-11-2012,20:59:39,0.1557
28-11-2012,21:59:40,0.1550
28-11-2012,22:59:41,0.1543
28-11-2012,23:59:42,0.1535
29-11-2012,00:59:43,0.1535
29-11-2012,01:59:44,0.1535
29-11-2012,02:59:45,0.1528
29-11-2012,03:59:46,0.1528
29-11-2012,04:59:47,0.1528
29-11-2012,05:59:48,0.1528
29-11-2012,06:59:49,0.1528
29-11-2012,07:59:50,0.1528
29-11-2012,08:59:51,0.1528
29-11-2012,09:59:52,0.1514
29-11-2012,10:59:53,0.1499
29-11-2012,11:59:54,0.1477
29-11-2012,12:59:55,0.1456
29-11-2012,13:59:56,0.1434
29-11-2012,14:59:57,0.1405
29-11-2012,15:59:58,0.1383
29-11-2012,16:59:59,0.1347
29-11-2012,18:00:00,0.1325
29-11-2012,19:00:01,0.1310
29-11-2012,20:00:02,0.1296
29-11-2012,21:00:03,0.1288
29-11-2012,22:00:04,0.1288
29-11-2012,23:00:05,0.1281
30-11-2012,00:00:06,0.1274
30-11-2012,01:00:07,0.1274
30-11-2012,02:00:08,0.1267
30-11-2012,03:00:09,0.1267
30-11-2012,04:00:10,0.1267
30-11-2012,05:00:11,0.1267
30-11-2012,06:00:12,0.1259
30-11-2012,07:00:13,0.1267
30-11-2012,08:00:14,0.1281
30-11-2012,09:00:15,0.1288
30-11-2012,10:00:16,0.1288
30-11-2012,11:00:17,0.1288
30-11-2012,12:00:18,0.1281
30-11-2012,13:00:19,0.1274
30-11-2012,14:00:20,0.1267
30-11-2012,15:00:21,0.1252
30-11-2012,16:00:22,0.1267
30-11-2012,17:00:23,0.1267
30-11-2012,18:00:24,0.1252
30-11-2012,19:00:25,0.1252
30-11-2012,20:00:26,0.1259
30-11-2012,21:00:27,0.1259
30-11-2012,22:00:28,0.1259
30-11-2012,23:00:29,0.1259
01-12-2012,00:00:30,0.1259
01-12-2012,01:00:31,0.1252
01-12-2012,02:00:32,0.1259
01-12-2012,03:00:33,0.1259
01-12-2012,04:00:34,0.1252
01-12-2012,05:00:35,0.1252
01-12-2012,06:00:36,0.2247
01-12-2012,07:00:37,0.2400
01-12-2012,08:00:38,0.2436
01-12-2012,09:00:39,0.2429
01-12-2012,10:00:40,0.2429
01-12-2012,11:00:41,0.2414
01-12-2012,12:00:42,0.2392
01-12-2012,13:00:43,0.2371
01-12-2012,14:00:44,0.2342
01-12-2012,15:00:45,0.2320
01-12-2012,16:00:46,0.2298
01-12-2012,17:00:47,0.2284
01-12-2012,18:00:48,0.2269
01-12-2012,19:00:49,0.2262
01-12-2012,20:00:50,0.2741
01-12-2012,21:00:51,0.2668
01-12-2012,22:00:52,0.2705
01-12-2012,23:00:53,0.2676
02-12-2012,00:00:54,0.2647
02-12-2012,01:00:55,0.2618
02-12-2012,02:00:56,0.2603
02-12-2012,03:00:57,0.2581
02-12-2012,04:00:58,0.2560
02-12-2012,05:00:59,0.2545
02-12-2012,06:01:00,0.2530
02-12-2012,07:01:01,0.2523
02-12-2012,08:01:02,0.2516
02-12-2012,09:01:03,0.2509
02-12-2012,10:01:04,0.2501
02-12-2012,11:01:05,0.2494
02-12-2012,12:01:06,0.2480
02-12-2012,13:01:07,0.2451
02-12-2012,14:01:08,0.2414
02-12-2012,15:01:09,0.2378
02-12-2012,16:01:10,0.2334
02-12-2012,17:01:11,0.2298
02-12-2012,18:01:12,0.2262
02-12-2012,19:01:13,0.2240
02-12-2012,20:01:14,0.2225
02-12-2012,21:01:15,0.2211
02-12-2012,22:01:16,0.2196
02-12-2012,23:01:17,0.2189
03-12-2012,00:01:18,0.2175
03-12-2012,01:01:19,0.2167
03-12-2012,02:01:20,0.2160
03-12-2012,03:01:21,0.2153
03-12-2012,04:01:22,0.2146
03-12-2012,05:01:23,0.2146
03-12-2012,06:01:24,0.2138
03-12-2012,07:01:25,0.2131
03-12-2012,08:01:26,0.2131
03-12-2012,09:01:27,0.2138
03-12-2012,10:01:28,0.2138
03-12-2012,11:01:29,0.2131
03-12-2012,12:01:30,0.2124
03-12-2012,13:01:31,0.2095
03-12-2012,14:01:32,0.2066
03-12-2012,15:01:33,0.2029
03-12-2012,16:01:34,0.1993
03-12-2012,17:01:35,0.1957
03-12-2012,18:01:36,0.1920
03-12-2012,19:01:37,0.1899
03-12-2012,20:01:38,0.1877
03-12-2012,21:01:39,0.1870
03-12-2012,22:01:40,0.1862
03-12-2012,23:01:41,0.1855
04-12-2012,00:01:42,0.1848
04-12-2012,01:01:43,0.1848
04-12-2012,02:01:44,0.1840
04-12-2012,03:01:45,0.1833
04-12-2012,04:01:46,0.1833
04-12-2012,05:01:47,0.1826
04-12-2012,06:01:48,0.1826
04-12-2012,07:01:49,0.1819
04-12-2012,08:01:50,0.1804
04-12-2012,09:01:51,0.1804
04-12-2012,10:01:52,0.1797
04-12-2012,11:01:53,0.1790
04-12-2012,12:01:54,0.1782
04-12-2012,13:01:55,0.1775
04-12-2012,14:01:56,0.1761
04-12-2012,15:01:57,0.1739
04-12-2012,16:01:58,0.1717
04-12-2012,17:01:59,0.1695
04-12-2012,18:02:00,0.1673
04-12-2012,19:02:01,0.1659
04-12-2012,20:02:02,0.1652
04-12-2012,21:02:03,0.1644
04-12-2012,22:02:04,0.1637
04-12-2012,23:02:05,0.1630
05-12-2012,00:02:06,0.1630
05-12-2012,01:02:07,0.1623
05-12-2012,02:02:08,0.1623
05-12-2012,03:02:09,0.1623
05-12-2012,04:02:10,0.1623
05-12-2012,05:02:11,0.1615
05-12-2012,06:02:12,0.1615
05-12-2012,07:02:13,0.1615
05-12-2012,08:02:14,0.1615
05-12-2012,09:02:15,0.1615
05-12-2012,10:02:16,0.1615
05-12-2012,11:02:17,0.2748
05-12-2012,12:02:18,0.2690
05-12-2012,13:02:19,0.2596
05-12-2012,14:02:20,0.2545
05-12-2012,15:02:21,0.2494
05-12-2012,16:02:22,0.2443
05-12-2012,17:02:23,0.2407
05-12-2012,18:02:24,0.2371
05-12-2012,19:02:25,0.2342
05-12-2012,20:02:26,0.2327
05-12-2012,21:02:27,0.2313
05-12-2012,22:02:28,0.2298
05-12-2012,23:02:29,0.2291
06-12-2012,00:02:30,0.2276
06-12-2012,01:02:31,0.2269
06-12-2012,02:02:32,0.2262
06-12-2012,03:02:33,0.2262
06-12-2012,04:02:34,0.2254
06-12-2012,05:02:35,0.2247
06-12-2012,06:02:36,0.2247
06-12-2012,07:02:37,0.2240
06-12-2012,08:02:38,0.2240
06-12-2012,09:02:39,0.2233
06-12-2012,10:02:40,0.2233
06-12-2012,11:02:41,0.2218
06-12-2012,12:02:42,0.2196
06-12-2012,13:02:43,0.2160
06-12-2012,14:02:44,0.2116
06-12-2012,15:02:45,0.2073
06-12-2012,16:02:46,0.2029
06-12-2012,17:02:47,0.1986
06-12-2012,18:02:48,0.1942
06-12-2012,19:02:49,0.1913
06-12-2012,20:02:50,0.1899
06-12-2012,21:02:51,0.1891
06-12-2012,22:02:52,0.1884
06-12-2012,23:02:53,0.1877
07-12-2012,00:02:54,0.1870
07-12-2012,01:02:55,0.1862
07-12-2012,02:02:56,0.1855
07-12-2012,03:02:57,0.1855
07-12-2012,04:02:58,0.1848
07-12-2012,05:02:59,0.1848
07-12-2012,06:03:00,0.1848
07-12-2012,07:03:01,0.1848
07-12-2012,08:03:02,0.1848
07-12-2012,09:03:03,0.1848
07-12-2012,10:03:04,0.1840
07-12-2012,11:03:05,0.1826
07-12-2012,12:03:06,0.1804
07-12-2012,13:03:07,0.1782
07-12-2012,14:03:08,0.1761
07-12-2012,15:03:09,0.1739
07-12-2012,16:03:10,0.1695
07-12-2012,17:03:11,0.1659
07-12-2012,18:03:12,0.1630
07-12-2012,19:03:13,0.1608
07-12-2012,20:03:14,0.1594
07-12-2012,21:03:15,0.1579
07-12-2012,22:03:16,0.1572
07-12-2012,23:03:17,0.1564
08-12-2012,00:03:18,0.1564
08-12-2012,01:03:19,0.1564
08-12-2012,02:03:20,0.1557
08-12-2012,03:03:21,0.1557
08-12-2012,04:03:22,0.1550
08-12-2012,05:03:23,0.1550
08-12-2012,06:03:24,0.1550
08-12-2012,07:03:25,0.1550
08-12-2012,08:03:26,0.1557
08-12-2012,09:03:27,0.1550
08-12-2012,10:03:28,0.1535
08-12-2012,11:03:29,0.1521
08-12-2012,12:03:30,0.1499
08-12-2012,13:03:31,0.1477
08-12-2012,14:03:32,0.1448
08-12-2012,15:03:33,0.1419
08-12-2012,16:03:34,0.1390
08-12-2012,17:03:35,0.1361
08-12-2012,18:03:36,0.1339
08-12-2012,19:03:37,0.1318
08-12-2012,20:03:38,0.1303
08-12-2012,21:03:39,0.1296
08-12-2012,22:03:40,0.1296
08-12-2012,23:03:41,0.1296
09-12-2012,00:03:42,0.1288
09-12-2012,01:03:43,0.1288
09-12-2012,02:03:44,0.1281
09-12-2012,03:03:45,0.1281
09-12-2012,04:03:46,0.1281
09-12-2012,05:03:47,0.1281
09-12-2012,06:03:48,0.1281
09-12-2012,07:03:49,0.1288
09-12-2012,08:03:50,0.1746
09-12-2012,09:03:51,0.2073
09-12-2012,10:03:52,0.2153
09-12-2012,11:03:53,0.2175
09-12-2012,12:03:54,0.2182
09-12-2012,13:03:55,0.2175
09-12-2012,14:03:56,0.2153
09-12-2012,15:03:57,0.2131
09-12-2012,16:03:58,0.2095
09-12-2012,17:03:59,0.2044
09-12-2012,18:04:00,0.2000
09-12-2012,19:04:01,0.1964
09-12-2012,20:04:02,0.1942
09-12-2012,21:04:03,0.1935
09-12-2012,22:04:04,0.1920
09-12-2012,23:04:05,0.1906
10-12-2012,00:04:06,0.1899
10-12-2012,01:04:07,0.1891
10-12-2012,02:04:08,0.1884
10-12-2012,03:04:09,0.1877
10-12-2012,04:04:10,0.1877
10-12-2012,05:04:11,0.1870
10-12-2012,06:04:12,0.1862
10-12-2012,07:04:13,0.1855
10-12-2012,08:04:14,0.1848
10-12-2012,09:04:15,0.1840
10-12-2012,10:04:16,0.1833
10-12-2012,11:04:17,0.1811
10-12-2012,12:04:18,0.1782
10-12-2012,13:04:19,0.1746
10-12-2012,14:04:20,0.1702
10-12-2012,15:04:21,0.1659
10-12-2012,16:04:22,0.1608
10-12-2012,17:04:23,0.1564
10-12-2012,18:04:24,0.1521
10-12-2012,19:04:25,0.1492
10-12-2012,20:04:26,0.1470
10-12-2012,21:04:27,0.1456
10-12-2012,22:04:28,0.1456
10-12-2012,23:04:29,0.1448
11-12-2012,00:04:30,0.1448
11-12-2012,01:04:31,0.1448
11-12-2012,02:04:32,0.1441
11-12-2012,03:04:33,0.1434
11-12-2012,04:04:34,0.1434
11-12-2012,05:04:35,0.1426
11-12-2012,06:04:36,0.1426
11-12-2012,07:04:37,0.1426
11-12-2012,08:04:38,0.1426
11-12-2012,09:04:39,0.1426
11-12-2012,10:04:40,0.1419
11-12-2012,11:04:41,0.1419
11-12-2012,12:04:42,0.1405
11-12-2012,13:04:43,0.1383
11-12-2012,14:04:44,0.1361
11-12-2012,15:04:45,0.1339
11-12-2012,16:04:46,0.1303
11-12-2012,17:04:47,0.1267
11-12-2012,18:04:48,0.1252
11-12-2012,19:04:49,0.1245
11-12-2012,20:04:50,0.1238
11-12-2012,21:04:51,0.1238
11-12-2012,22:04:52,0.1223
11-12-2012,23:04:53,0.1223
12-12-2012,00:04:54,0.1223
12-12-2012,01:04:55,0.1223
12-12-2012,02:04:56,0.1230
12-12-2012,03:04:57,0.1223
12-12-2012,04:04:58,0.1223
12-12-2012,05:04:59,0.1230
12-12-2012,06:05:00,0.1230
12-12-2012,07:05:01,0.1230
12-12-2012,08:05:02,0.1238
12-12-2012,09:05:03,0.1238
12-12-2012,10:05:04,0.1238
12-12-2012,11:05:05,0.1230
12-12-2012,12:05:06,0.1223
12-12-2012,13:05:07,0.1216
12-12-2012,14:05:08,0.1194
12-12-2012,15:05:09,0.1187
12-12-2012,16:05:10,0.1194
12-12-2012,17:05:11,0.1172
12-12-2012,18:05:12,0.1158
12-12-2012,19:05:13,0.1158
12-12-2012,20:05:14,0.1150
12-12-2012,21:05:15,0.1143
12-12-2012,22:05:16,0.1143
12-12-2012,23:05:17,0.1136
13-12-2012,00:05:18,0.1143
13-12-2012,01:05:19,0.1136
13-12-2012,02:05:20,0.1143
13-12-2012,03:05:21,0.1143
13-12-2012,04:05:22,0.1143
13-12-2012,05:05:23,0.1143
13-12-2012,06:05:24,0.1143
13-12-2012,07:05:25,0.1150
13-12-2012,08:05:26,0.1158
13-12-2012,09:05:27,0.1150
13-12-2012,10:05:28,0.1158
13-12-2012,11:05:29,0.1158
13-12-2012,12:05:30,0.1158
13-12-2012,13:05:31,0.1150
13-12-2012,14:05:32,0.1143
13-12-2012,15:05:33,0.1136
13-12-2012,16:05:34,0.1121
13-12-2012,17:05:35,0.1107
13-12-2012,18:05:36,0.1092
13-12-2012,19:05:37,0.1085
13-12-2012,20:05:38,0.1078
13-12-2012,21:05:39,0.1078
13-12-2012,22:05:40,0.1078
13-12-2012,23:05:41,0.1078
14-12-2012,00:05:42,0.1078
14-12-2012,01:05:43,0.1078
14-12-2012,02:05:44,0.1078
14-12-2012,03:05:45,0.1078
14-12-2012,04:05:46,0.1078
14-12-2012,05:05:47,0.1085
14-12-2012,06:05:48,0.1085
14-12-2012,07:05:49,0.1085
14-12-2012,08:05:50,0.1085
14-12-2012,09:05:51,0.1092
14-12-2012,10:05:52,0.1092
14-12-2012,11:05:53,0.1092
14-12-2012,12:05:54,0.1092
14-12-2012,13:05:55,0.1085
14-12-2012,14:05:56,0.1092
14-12-2012,15:05:57,0.1100
14-12-2012,16:05:58,0.1129
14-12-2012,17:05:59,0.1150
14-12-2012,18:06:00,0.1426
14-12-2012,19:06:01,0.1906
14-12-2012,20:06:02,0.2320
14-12-2012,21:06:03,0.2443
14-12-2012,22:06:04,0.2509
14-12-2012,23:06:05,0.2603
15-12-2012,00:06:06,0.2741
15-12-2012,01:06:07,0.2727
15-12-2012,02:06:08,0.2770
15-12-2012,03:06:09,0.2770
15-12-2012,04:06:10,0.2930
15-12-2012,05:06:11,0.2988
15-12-2012,06:06:12,0.2770
15-12-2012,07:06:13,0.2894
15-12-2012,08:06:14,0.2872
15-12-2012,09:06:15,0.2777
15-12-2012,10:06:16,0.3112
15-12-2012,11:06:17,0.2995
15-12-2012,12:06:18,0.2923
15-12-2012,13:06:19,0.3003
15-12-2012,14:06:20,0.2952
15-12-2012,15:06:21,0.2966
15-12-2012,16:06:22,0.2974
15-12-2012,17:06:23,0.2857
15-12-2012,18:06:24,0.2806
15-12-2012,19:06:25,0.2785
15-12-2012,20:06:26,0.2748
15-12-2012,21:06:27,0.2719
15-12-2012,22:06:28,0.2698
15-12-2012,23:06:29,0.2676
16-12-2012,00:06:30,0.2661
16-12-2012,01:06:31,0.2647
16-12-2012,02:06:32,0.2632
16-12-2012,03:06:33,0.2625
16-12-2012,04:06:34,0.2610
16-12-2012,05:06:35,0.2603
16-12-2012,06:06:36,0.2596
16-12-2012,07:06:37,0.2581
16-12-2012,08:06:38,0.2574
16-12-2012,09:06:39,0.2567
16-12-2012,10:06:40,0.2567
16-12-2012,11:06:41,0.2567
16-12-2012,12:06:42,0.2560
16-12-2012,13:06:43,0.2545
16-12-2012,14:06:44,0.2538
16-12-2012,15:06:45,0.2727
16-12-2012,16:06:46,0.2719
16-12-2012,17:06:47,0.2690
16-12-2012,18:06:48,0.2661
16-12-2012,19:06:49,0.2639
16-12-2012,20:06:50,0.2625
16-12-2012,21:06:51,0.2603
16-12-2012,22:06:52,0.2589
16-12-2012,23:06:53,0.2574
17-12-2012,00:06:54,0.2560
17-12-2012,01:06:55,0.2552
17-12-2012,02:06:56,0.2538
17-12-2012,03:06:57,0.2530
17-12-2012,04:06:58,0.2523
17-12-2012,05:06:59,0.2516
17-12-2012,06:07:00,0.2509
17-12-2012,07:07:01,0.2509
17-12-2012,08:07:02,0.2509
17-12-2012,09:07:03,0.2509
17-12-2012,10:07:04,0.2516
17-12-2012,11:07:05,0.2523
17-12-2012,12:07:06,0.2516
17-12-2012,13:07:07,0.2501
17-12-2012,14:07:08,0.2480
17-12-2012,15:07:09,0.2451
17-12-2012,16:07:10,0.2422
17-12-2012,17:07:11,0.2392
17-12-2012,18:07:12,0.2371
17-12-2012,19:07:13,0.2349
17-12-2012,20:07:14,0.2334
17-12-2012,21:07:15,0.2334
17-12-2012,22:07:16,0.2320
17-12-2012,23:07:17,0.2313
18-12-2012,00:07:18,0.2313
18-12-2012,01:07:19,0.2305
18-12-2012,02:07:20,0.2305
18-12-2012,03:07:21,0.2298
18-12-2012,04:07:22,0.2298
18-12-2012,05:07:23,0.2298
18-12-2012,06:07:24,0.2291
18-12-2012,07:07:25,0.2291
18-12-2012,08:07:26,0.2276
18-12-2012,09:07:27,0.2269
18-12-2012,10:07:28,0.2269
18-12-2012,11:07:29,0.2269
18-12-2012,12:07:30,0.2262
18-12-2012,13:07:31,0.2247
18-12-2012,14:07:32,0.2225
18-12-2012,15:07:33,0.2189
18-12-2012,16:07:34,0.2160
18-12-2012,17:07:35,0.2131
18-12-2012,18:07:36,0.2102
18-12-2012,19:07:37,0.2080
18-12-2012,20:07:38,0.2066
18-12-2012,21:07:39,0.2066
18-12-2012,22:07:40,0.2058
18-12-2012,23:07:41,0.2058
19-12-2012,00:07:42,0.2051
19-12-2012,01:07:43,0.2051
19-12-2012,02:07:44,0.2044
19-12-2012,03:07:45,0.2044
19-12-2012,04:07:46,0.2044
19-12-2012,05:07:47,0.2044
19-12-2012,06:07:48,0.2044
19-12-2012,07:07:49,0.2037
19-12-2012,08:07:50,0.2037
19-12-2012,09:07:51,0.2029
19-12-2012,10:07:52,0.2029
19-12-2012,11:07:53,0.2022
19-12-2012,12:07:54,0.2008
19-12-2012,13:07:55,0.1993
19-12-2012,14:07:56,0.1971
19-12-2012,15:07:57,0.1942
19-12-2012,16:07:58,0.1913
19-12-2012,17:07:59,0.1884
19-12-2012,18:08:00,0.1848
19-12-2012,19:08:01,0.1833
19-12-2012,20:08:02,0.1819
19-12-2012,21:08:03,0.1804
19-12-2012,22:08:04,0.1804
19-12-2012,23:08:05,0.1797
20-12-2012,00:08:06,0.1797
20-12-2012,01:08:07,0.1790
20-12-2012,02:08:08,0.1790
20-12-2012,03:08:09,0.1790
20-12-2012,04:08:10,0.1782
20-12-2012,05:08:11,0.1797
20-12-2012,06:08:12,0.2915
20-12-2012,07:08:13,0.2770
20-12-2012,08:08:14,0.2712
20-12-2012,09:08:15,0.2676
20-12-2012,10:08:16,0.2654
20-12-2012,11:08:17,0.2625
20-12-2012,12:08:18,0.2589
20-12-2012,13:08:19,0.2552
20-12-2012,14:08:20,0.2523
20-12-2012,15:08:21,0.2487
20-12-2012,16:08:22,0.2451
20-12-2012,17:08:23,0.2414
20-12-2012,18:08:24,0.2385
20-12-2012,19:08:25,0.2363
20-12-2012,20:08:26,0.2349
20-12-2012,21:08:27,0.2334
20-12-2012,22:08:28,0.2327
20-12-2012,23:08:29,0.2320
21-12-2012,00:08:30,0.2313
21-12-2012,01:08:31,0.2305
21-12-2012,02:08:32,0.2298
21-12-2012,03:08:33,0.2291
21-12-2012,04:08:34,0.2284
21-12-2012,05:08:35,0.2276
21-12-2012,06:08:36,0.2269
21-12-2012,07:08:37,0.2269
21-12-2012,08:08:38,0.2276
21-12-2012,09:08:39,0.2276
21-12-2012,10:08:40,0.2276
21-12-2012,11:08:41,0.2269
21-12-2012,12:08:42,0.2254
21-12-2012,13:08:43,0.2233
21-12-2012,14:08:44,0.2211
21-12-2012,15:08:45,0.2175
21-12-2012,16:08:46,0.2138
21-12-2012,17:08:47,0.2102
21-12-2012,18:08:48,0.2066
21-12-2012,19:08:49,0.2044
21-12-2012,20:08:50,0.2029
21-12-2012,21:08:51,0.2022
21-12-2012,22:08:52,0.2015
21-12-2012,23:08:53,0.2008
22-12-2012,00:08:54,0.2000
22-12-2012,01:08:55,0.1993
22-12-2012,02:08:56,0.1993
22-12-2012,03:08:57,0.1993
22-12-2012,04:08:58,0.1986
22-12-2012,05:08:59,0.1986
22-12-2012,06:09:00,0.1986
22-12-2012,07:09:01,0.1978
22-12-2012,08:09:02,0.1978
22-12-2012,09:09:03,0.1971
22-12-2012,10:09:04,0.1971
22-12-2012,11:09:05,0.1957
22-12-2012,12:09:06,0.1949
22-12-2012,13:09:07,0.1928
22-12-2012,14:09:08,0.1899
22-12-2012,15:09:09,0.1870
22-12-2012,16:09:10,0.1833
22-12-2012,17:09:11,0.1797
22-12-2012,18:09:12,0.1761
22-12-2012,19:09:13,0.1739
22-12-2012,20:09:14,0.1724
22-12-2012,21:09:15,0.1710
22-12-2012,22:09:16,0.1710
22-12-2012,23:09:17,0.1702
23-12-2012,00:09:18,0.1695
23-12-2012,01:09:19,0.1695
23-12-2012,02:09:20,0.1688
23-12-2012,03:09:21,0.1688
23-12-2012,04:09:22,0.1688
23-12-2012,05:09:23,0.1688
23-12-2012,06:09:24,0.1681
23-12-2012,07:09:25,0.1688
23-12-2012,08:09:26,0.1681
23-12-2012,09:09:27,0.1681
23-12-2012,10:09:28,0.1681
23-12-2012,11:09:29,0.1673
23-12-2012,12:09:30,0.1659
23-12-2012,13:09:31,0.1637
23-12-2012,14:09:32,0.1615
23-12-2012,15:09:33,0.1586
23-12-2012,16:09:34,0.1579
23-12-2012,17:09:35,0.1564
23-12-2012,18:09:36,0.1557
23-12-2012,19:09:37,0.1557
23-12-2012,20:09:38,0.1550
23-12-2012,21:09:39,0.1543
23-12-2012,22:09:40,0.1543
23-12-2012,23:09:41,0.1535
24-12-2012,00:09:42,0.1535
24-12-2012,01:09:43,0.1535
24-12-2012,02:09:44,0.1535
24-12-2012,03:09:45,0.1528
24-12-2012,04:09:46,0.1528
24-12-2012,05:09:47,0.1528
24-12-2012,06:09:48,0.1528
24-12-2012,07:09:49,0.1528
24-12-2012,08:09:50,0.1528
24-12-2012,09:09:51,0.1528
24-12-2012,10:09:52,0.1528
24-12-2012,11:09:53,0.1528
24-12-2012,12:09:54,0.1528
24-12-2012,13:09:55,0.1514
24-12-2012,14:09:56,0.1499
24-12-2012,15:09:57,0.1485
24-12-2012,16:09:58,0.1477
24-12-2012,17:09:59,0.1514
24-12-2012,18:10:00,0.1514
24-12-2012,19:10:01,0.1514
24-12-2012,20:10:02,0.1506
24-12-2012,21:10:03,0.1514
24-12-2012,22:10:04,0.1514
24-12-2012,23:10:05,0.1521
25-12-2012,00:10:06,0.1521
25-12-2012,01:10:07,0.1521
25-12-2012,02:10:08,0.1521
25-12-2012,03:10:09,0.1521
25-12-2012,04:10:10,0.1521
25-12-2012,05:10:11,0.1521
25-12-2012,06:10:12,0.1521
25-12-2012,07:10:13,0.1521
25-12-2012,08:10:14,0.1521
25-12-2012,09:10:15,0.1528
25-12-2012,10:10:16,0.1543
25-12-2012,11:10:17,0.1557
25-12-2012,12:10:18,0.1557
25-12-2012,13:10:19,0.1557
25-12-2012,14:10:20,0.1543
25-12-2012,15:10:21,0.1514
25-12-2012,16:10:22,0.1499
25-12-2012,17:10:23,0.1477
25-12-2012,18:10:24,0.1456
25-12-2012,19:10:25,0.1441
25-12-2012,20:10:26,0.1434
25-12-2012,21:10:27,0.1419
25-12-2012,22:10:28,0.1419
25-12-2012,23:10:29,0.1419
26-12-2012,00:10:30,0.1412
26-12-2012,01:10:31,0.1412
26-12-2012,02:10:32,0.1412
26-12-2012,03:10:33,0.1405
26-12-2012,04:10:34,0.1405
26-12-2012,05:10:35,0.1397
26-12-2012,06:10:36,0.1397
26-12-2012,07:10:37,0.1405
26-12-2012,08:10:38,0.1397
26-12-2012,09:10:39,0.1405
26-12-2012,10:10:40,0.1412
26-12-2012,11:10:41,0.1419
26-12-2012,12:10:42,0.1412
26-12-2012,13:10:43,0.1405
26-12-2012,14:10:44,0.1390
26-12-2012,15:10:45,0.1368
26-12-2012,16:10:46,0.1347
26-12-2012,17:10:47,0.1332
26-12-2012,18:10:48,0.1325
26-12-2012,19:10:49,0.1318
26-12-2012,20:10:50,0.1318
26-12-2012,21:10:51,0.1310
26-12-2012,22:10:52,0.1303
26-12-2012,23:10:53,0.1303
27-12-2012,00:10:54,0.1310
27-12-2012,01:10:55,0.1303
27-12-2012,02:10:56,0.1303
27-12-2012,03:10:57,0.1303
27-12-2012,04:10:58,0.1303
27-12-2012,05:10:59,0.1303
27-12-2012,06:11:00,0.1296
27-12-2012,07:11:01,0.1303
27-12-2012,08:11:02,0.1303
27-12-2012,09:11:03,0.1310
27-12-2012,10:11:04,0.1310
27-12-2012,11:11:05,0.1318
27-12-2012,12:11:06,0.1310
27-12-2012,13:11:07,0.1310
27-12-2012,14:11:08,0.1296
27-12-2012,15:11:09,0.1267
27-12-2012,16:11:10,0.1259
27-12-2012,17:11:11,0.1252
27-12-2012,18:11:12,0.1238
27-12-2012,19:11:13,0.1223
27-12-2012,20:11:14,0.1216
27-12-2012,21:11:15,0.1216
27-12-2012,22:11:16,0.1216
27-12-2012,23:11:17,0.1209
28-12-2012,00:11:18,0.1209
28-12-2012,01:11:19,0.1209
28-12-2012,02:11:20,0.1209
28-12-2012,03:11:21,0.1209
28-12-2012,04:11:22,0.1209
28-12-2012,05:11:23,0.1201
28-12-2012,06:11:24,0.1209
28-12-2012,07:11:25,0.1209
28-12-2012,08:11:26,0.1209
28-12-2012,09:11:27,0.1209
28-12-2012,10:11:28,0.1216
28-12-2012,11:11:29,0.1230
28-12-2012,12:11:30,0.1230
28-12-2012,13:11:31,0.1223
28-12-2012,14:11:32,0.1223
28-12-2012,15:11:33,0.1209
28-12-2012,16:11:34,0.1194
28-12-2012,17:11:35,0.1180
28-12-2012,18:11:36,0.1158
28-12-2012,19:11:37,0.1143
28-12-2012,20:11:38,0.1129
28-12-2012,21:11:39,0.1129
28-12-2012,22:11:40,0.1121
28-12-2012,23:11:41,0.1121
29-12-2012,00:11:42,0.1121
29-12-2012,01:11:43,0.1121
29-12-2012,02:11:44,0.1121
29-12-2012,03:11:45,0.1121
29-12-2012,04:11:46,0.1121
29-12-2012,05:11:47,0.1114
29-12-2012,06:11:48,0.1114
29-12-2012,07:11:49,0.1121
29-12-2012,08:11:50,0.1129
29-12-2012,09:11:51,0.1136
29-12-2012,10:11:52,0.1143
29-12-2012,11:11:53,0.1143
29-12-2012,12:11:54,0.1129
29-12-2012,13:11:55,0.1129
29-12-2012,14:11:56,0.1136
29-12-2012,15:11:57,0.1114
29-12-2012,16:11:58,0.1100
29-12-2012,17:11:59,0.1085
29-12-2012,18:12:00,0.1071
29-12-2012,19:12:01,0.1056
29-12-2012,20:12:02,0.1049
29-12-2012,21:12:03,0.1042
29-12-2012,22:12:04,0.1034
29-12-2012,23:12:05,0.1042
30-12-2012,00:12:06,0.1042
30-12-2012,01:12:07,0.1042
30-12-2012,02:12:08,0.1034
30-12-2012,03:12:09,0.1034
30-12-2012,04:12:10,0.1034
30-12-2012,05:12:11,0.1027
30-12-2012,06:12:12,0.1027
30-12-2012,07:12:13,0.1034
30-12-2012,08:12:14,0.1049
30-12-2012,09:12:15,0.1056
30-12-2012,10:12:16,0.1056
30-12-2012,11:12:17,0.1063
30-12-2012,12:12:18,0.1063
30-12-2012,13:12:19,0.1063
30-12-2012,14:12:20,0.1056
30-12-2012,15:12:21,0.1056
30-12-2012,16:12:22,0.1042
30-12-2012,17:12:23,0.1020
30-12-2012,18:12:24,0.1005
30-12-2012,19:12:25,0.0998
30-12-2012,20:12:26,0.0991
30-12-2012,21:12:27,0.0983
30-12-2012,22:12:28,0.0976
30-12-2012,23:12:29,0.0976
31-12-2012,00:12:30,0.0976
31-12-2012,01:12:31,0.0976
31-12-2012,02:12:32,0.0976
31-12-2012,03:12:33,0.0983
31-12-2012,04:12:34,0.0983
31-12-2012,05:12:35,0.0991
31-12-2012,06:12:36,0.0991
31-12-2012,07:12:37,0.0991
31-12-2012,08:12:38,0.0991
31-12-2012,09:12:39,0.0998
31-12-2012,10:12:40,0.0998
31-12-2012,11:12:41,0.1005
31-12-2012,12:12:42,0.1005
31-12-2012,13:12:43,0.1012
31-12-2012,14:12:44,0.1012
31-12-2012,15:12:45,0.1005
31-12-2012,16:12:46,0.0998
31-12-2012,17:12:47,0.0983
31-12-2012,18:12:48,0.0976
31-12-2012,19:12:49,0.0954
31-12-2012,20:12:50,0.0947
31-12-2012,21:12:51,0.0940
31-12-2012,22:12:52,0.0933
31-12-2012,23:12:53,0.0933
01-01-2013,00:12:54,0.0933
01-01-2013,01:12:55,0.0933
01-01-2013,02:12:56,0.0933
01-01-2013,03:12:57,0.0933
01-01-2013,04:12:58,0.0933
01-01-2013,05:12:59,0.0933
01-01-2013,06:13:00,0.0933
01-01-2013,07:13:01,0.0940
01-01-2013,08:13:02,0.0940
01-01-2013,09:13:03,0.0954
01-01-2013,10:13:04,0.0954
01-01-2013,11:13:05,0.0962
01-01-2013,12:13:06,0.0962
01-01-2013,13:13:07,0.0962
01-01-2013,14:13:08,0.0962
01-01-2013,15:13:09,0.0954
01-01-2013,16:13:10,0.0947
01-01-2013,17:13:11,0.0940
01-01-2013,18:13:12,0.0925
01-01-2013,19:13:13,0.0918
01-01-2013,20:13:14,0.0911
01-01-2013,21:13:15,0.0904
01-01-2013,22:13:16,0.0904
01-01-2013,23:13:17,0.0904
02-01-2013,00:13:18,0.0904
02-01-2013,01:13:19,0.0904
02-01-2013,02:13:20,0.0904
02-01-2013,03:13:21,0.0889
02-01-2013,04:13:22,0.0889
02-01-2013,05:13:23,0.0896
02-01-2013,06:13:24,0.0896
02-01-2013,07:13:25,0.0904
02-01-2013,08:13:26,0.0911
02-01-2013,09:13:27,0.0933
02-01-2013,10:13:28,0.0947
02-01-2013,11:13:29,0.0954
02-01-2013,12:13:30,0.0954
02-01-2013,13:13:31,0.0962
02-01-2013,14:13:32,0.0940
02-01-2013,15:13:33,0.0933
02-01-2013,16:13:34,0.0918
02-01-2013,17:13:35,0.0904
02-01-2013,18:13:36,0.0889
02-01-2013,19:13:37,0.0874
02-01-2013,20:13:38,0.0867
02-01-2013,21:13:39,0.0853
02-01-2013,22:13:40,0.0853
02-01-2013,23:13:41,0.0853
03-01-2013,00:13:42,0.0853
03-01-2013,01:13:43,0.0853
03-01-2013,02:13:44,0.0853
03-01-2013,03:13:45,0.0853
03-01-2013,04:13:46,0.0853
03-01-2013,05:13:47,0.0860
03-01-2013,06:13:48,0.0860
03-01-2013,07:13:49,0.0860
03-01-2013,08:13:50,0.0867
03-01-2013,09:13:51,0.0882
03-01-2013,10:13:52,0.0896
03-01-2013,11:13:53,0.0918
03-01-2013,12:13:54,0.0925
03-01-2013,13:13:55,0.0925
03-01-2013,14:13:56,0.0933
03-01-2013,15:13:57,0.0925
03-01-2013,16:13:58,0.0918
03-01-2013,17:13:59,0.0904
03-01-2013,18:14:00,0.0867
03-01-2013,19:14:01,0.0853
03-01-2013,20:14:02,0.0845
03-01-2013,21:14:03,0.0824
03-01-2013,22:14:04,0.0824
03-01-2013,23:14:05,0.0824
04-01-2013,00:14:06,0.0831
04-01-2013,01:14:07,0.0838
04-01-2013,02:14:08,0.0838
04-01-2013,03:14:09,0.0838
04-01-2013,04:14:10,0.0838
04-01-2013,05:14:11,0.0845
04-01-2013,06:14:12,0.0838
04-01-2013,07:14:13,0.0838
04-01-2013,08:14:14,0.0845
04-01-2013,09:14:15,0.0845
04-01-2013,10:14:16,0.0853
04-01-2013,11:14:17,0.0860
04-01-2013,12:14:18,0.0867
04-01-2013,13:14:19,0.0874
04-01-2013,14:14:20,0.0882
04-01-2013,15:14:21,0.0882
04-01-2013,16:14:22,0.0874
04-01-2013,17:14:23,0.0860
04-01-2013,18:14:24,0.0845
04-01-2013,19:14:25,0.0831
04-01-2013,20:14:26,0.0802
04-01-2013,21:14:27,0.0816
04-01-2013,22:14:28,0.0816
04-01-2013,23:14:29,0.0816
05-01-2013,00:14:30,0.0816
05-01-2013,01:14:31,0.0816
05-01-2013,02:14:32,0.0816
05-01-2013,03:14:33,0.0816
05-01-2013,04:14:34,0.0816
05-01-2013,05:14:35,0.0816
05-01-2013,06:14:36,0.0824
05-01-2013,07:14:37,0.0824
05-01-2013,08:14:38,0.0824
05-01-2013,09:14:39,0.0824
05-01-2013,10:14:40,0.0831
05-01-2013,11:14:41,0.0838
05-01-2013,12:14:42,0.0845
05-01-2013,13:14:43,0.0853
05-01-2013,14:14:44,0.0860
05-01-2013,15:14:45,0.0853
05-01-2013,16:14:46,0.0845
05-01-2013,17:14:47,0.0831
05-01-2013,18:14:48,0.0816
05-01-2013,19:14:49,0.0795
05-01-2013,20:14:50,0.0795
05-01-2013,21:14:51,0.0780
05-01-2013,22:14:52,0.0787
05-01-2013,23:14:53,0.0780
06-01-2013,00:14:54,0.0780
06-01-2013,01:14:55,0.0780
06-01-2013,02:14:56,0.0787
06-01-2013,03:14:57,0.0780
06-01-2013,04:14:58,0.0766
06-01-2013,05:14:59,0.0766
06-01-2013,06:15:00,0.0758
06-01-2013,07:15:01,0.0787
06-01-2013,08:15:02,0.0795
06-01-2013,09:15:03,0.0795
06-01-2013,10:15:04,0.0802
06-01-2013,11:15:05,0.0809
06-01-2013,12:15:06,0.0816
06-01-2013,13:15:07,0.0824
06-01-2013,14:15:08,0.0824
06-01-2013,15:15:09,0.0824
06-01-2013,16:15:10,0.0809
06-01-2013,17:15:11,0.0802
06-01-2013,18:15:12,0.0787
06-01-2013,19:15:13,0.0773
06-01-2013,20:15:14,0.0758
06-01-2013,21:15:15,0.0758
06-01-2013,22:15:16,0.0758
06-01-2013,23:15:17,0.0758
07-01-2013,00:15:18,0.0758
07-01-2013,01:15:19,0.0758
07-01-2013,02:15:20,0.0758
07-01-2013,03:15:21,0.0758
07-01-2013,04:15:22,0.0758
07-01-2013,05:15:23,0.0758
07-01-2013,06:15:24,0.0758
07-01-2013,07:15:25,0.0766
07-01-2013,08:15:26,0.0766
07-01-2013,09:15:27,0.0773
07-01-2013,10:15:28,0.0773
07-01-2013,11:15:29,0.0780
07-01-2013,12:15:30,0.0758
07-01-2013,13:15:31,0.0758
07-01-2013,14:15:32,0.0758
07-01-2013,15:15:33,0.0758
07-01-2013,16:15:34,0.0751
07-01-2013,17:15:35,0.0744
07-01-2013,18:15:36,0.0729
07-01-2013,19:15:37,0.0722
07-01-2013,20:15:38,0.0707
07-01-2013,21:15:39,0.0707
07-01-2013,22:15:40,0.0700
07-01-2013,23:15:41,0.0700
08-01-2013,00:15:42,0.0700
08-01-2013,01:15:43,0.0700
08-01-2013,02:15:44,0.0700
08-01-2013,03:15:45,0.0700
08-01-2013,04:15:46,0.0700
08-01-2013,05:15:47,0.0700
08-01-2013,06:15:48,0.0700
08-01-2013,07:15:49,0.0729
08-01-2013,08:15:50,0.0729
08-01-2013,09:15:51,0.0715
08-01-2013,10:15:52,0.0744
08-01-2013,11:15:53,0.0751
08-01-2013,12:15:54,0.0751
08-01-2013,13:15:55,0.0700
08-01-2013,14:15:56,0.0766
08-01-2013,15:15:57,0.0751
08-01-2013,16:15:58,0.0751
08-01-2013,17:15:59,0.0744
08-01-2013,18:16:00,0.0744
08-01-2013,19:16:01,0.0736
08-01-2013,20:16:02,0.0715
08-01-2013,21:16:03,0.0707
08-01-2013,22:16:04,0.0715
08-01-2013,23:16:05,0.0700
09-01-2013,00:16:06,0.0693
09-01-2013,01:16:07,0.0686
09-01-2013,02:16:08,0.0686
09-01-2013,03:16:09,0.0686
09-01-2013,04:16:10,0.0686
09-01-2013,05:16:11,0.0678
09-01-2013,06:16:12,0.0678
09-01-2013,07:16:13,0.0686
09-01-2013,08:16:14,0.0707
09-01-2013,09:16:15,0.0729
09-01-2013,10:16:16,0.0744
09-01-2013,11:16:17,0.0751
09-01-2013,12:16:18,0.0758
09-01-2013,13:16:19,0.0766
09-01-2013,14:16:20,0.0766
09-01-2013,15:16:21,0.0758
09-01-2013,16:16:22,0.0758
09-01-2013,17:16:23,0.0744
09-01-2013,18:16:24,0.0729
09-01-2013,19:16:25,0.0686
09-01-2013,20:16:26,0.0700
09-01-2013,21:16:27,0.0664
09-01-2013,22:16:28,0.0664
09-01-2013,23:16:29,0.0649
10-01-2013,00:16:30,0.0649
10-01-2013,01:16:31,0.0649
10-01-2013,02:16:32,0.0642
10-01-2013,03:16:33,0.0649
10-01-2013,04:16:34,0.0642
10-01-2013,05:16:35,0.0642
10-01-2013,06:16:36,0.0649
10-01-2013,07:16:37,0.0671
10-01-2013,08:16:38,0.0671
10-01-2013,09:16:39,0.0678
10-01-2013,10:16:40,0.0693
10-01-2013,11:16:41,0.0700
10-01-2013,12:16:42,0.0700
10-01-2013,13:16:43,0.0707
10-01-2013,14:16:44,0.0715
10-01-2013,15:16:45,0.0707
10-01-2013,16:16:46,0.0700
10-01-2013,17:16:47,0.0693
10-01-2013,18:16:48,0.0678
10-01-2013,19:16:49,0.0671
10-01-2013,20:16:50,0.0657
10-01-2013,21:16:51,0.0642
10-01-2013,22:16:52,0.0642
10-01-2013,23:16:53,0.0642
11-01-2013,00:16:54,0.0642
11-01-2013,01:16:55,0.0642
11-01-2013,02:16:56,0.0642
11-01-2013,03:16:57,0.0642
11-01-2013,04:16:58,0.0642
11-01-2013,05:16:59,0.0642
11-01-2013,06:17:00,0.0642
11-01-2013,07:17:01,0.0642
11-01-2013,08:17:02,0.0642
11-01-2013,09:17:03,0.0649
11-01-2013,10:17:04,0.0657
11-01-2013,11:17:05,0.0664
11-01-2013,12:17:06,0.0671
11-01-2013,13:17:07,0.0678
11-01-2013,14:17:08,0.0678
11-01-2013,15:17:09,0.0678
11-01-2013,16:17:10,0.0671
11-01-2013,17:17:11,0.0664
11-01-2013,18:17:12,0.0649
11-01-2013,19:17:13,0.0635
11-01-2013,20:17:14,0.0628
11-01-2013,21:17:15,0.0628
11-01-2013,22:17:16,0.0628
11-01-2013,23:17:17,0.0628
12-01-2013,00:17:18,0.0620
12-01-2013,01:17:19,0.0620
12-01-2013,02:17:20,0.0620
12-01-2013,03:17:21,0.0620
12-01-2013,04:17:22,0.0620
12-01-2013,05:17:23,0.0620
12-01-2013,06:17:24,0.0620
12-01-2013,07:17:25,0.0620
12-01-2013,08:17:26,0.0628
12-01-2013,09:17:27,0.0628
12-01-2013,10:17:28,0.0635
12-01-2013,11:17:29,0.0635
12-01-2013,12:17:30,0.0642
12-01-2013,13:17:31,0.0642
12-01-2013,14:17:32,0.0628
12-01-2013,15:17:33,0.0620
12-01-2013,16:17:34,0.0613
12-01-2013,17:17:35,0.0613
12-01-2013,18:17:36,0.0613
12-01-2013,19:17:37,0.0606
12-01-2013,20:17:38,0.0606
12-01-2013,21:17:39,0.0606
12-01-2013,22:17:40,0.0606
12-01-2013,23:17:41,0.0598
13-01-2013,00:17:42,0.0606
13-01-2013,01:17:43,0.0606
13-01-2013,02:17:44,0.0606
13-01-2013,03:17:45,0.0606
13-01-2013,04:17:46,0.0613
13-01-2013,05:17:47,0.0620
13-01-2013,06:17:48,0.0620
13-01-2013,07:17:49,0.0628
13-01-2013,08:17:50,0.0635
13-01-2013,09:17:51,0.0635
13-01-2013,10:17:52,0.0657
13-01-2013,11:17:53,0.0707
13-01-2013,12:17:54,0.0867
13-01-2013,13:17:55,0.1296
13-01-2013,14:17:56,0.2022
13-01-2013,15:17:57,0.2371
13-01-2013,16:17:58,0.2451
13-01-2013,17:17:59,0.2400
13-01-2013,18:18:00,0.2342
13-01-2013,19:18:01,0.2298
13-01-2013,20:18:02,0.2262
13-01-2013,21:18:03,0.2225
13-01-2013,22:18:04,0.2196
13-01-2013,23:18:05,0.2182
14-01-2013,00:18:06,0.2153
14-01-2013,01:18:07,0.2138
14-01-2013,02:18:08,0.2124
14-01-2013,03:18:09,0.2116
14-01-2013,04:18:10,0.2102
14-01-2013,05:18:11,0.2095
14-01-2013,06:18:12,0.2080
14-01-2013,07:18:13,0.2073
14-01-2013,08:18:14,0.2066
14-01-2013,09:18:15,0.2066
14-01-2013,10:18:16,0.2058
14-01-2013,11:18:17,0.2058
14-01-2013,12:18:18,0.2066
14-01-2013,13:18:19,0.2073
14-01-2013,14:18:20,0.2066
14-01-2013,15:18:21,0.2037
14-01-2013,16:18:22,0.1993
14-01-2013,17:18:23,0.1957
14-01-2013,18:18:24,0.1920
14-01-2013,19:18:25,0.1891
14-01-2013,20:18:26,0.1877
14-01-2013,21:18:27,0.1855
14-01-2013,22:18:28,0.1840
14-01-2013,23:18:29,0.1833
15-01-2013,00:18:30,0.1826
15-01-2013,01:18:31,0.1811
15-01-2013,02:18:32,0.1804
15-01-2013,03:18:33,0.1797
15-01-2013,04:18:34,0.1790
15-01-2013,05:18:35,0.1782
15-01-2013,06:18:36,0.1782
15-01-2013,07:18:37,0.1775
15-01-2013,08:18:38,0.1775
15-01-2013,09:18:39,0.1775
15-01-2013,10:18:40,0.1761
15-01-2013,11:18:41,0.1746
15-01-2013,12:18:42,0.1710
15-01-2013,13:18:43,0.1673
15-01-2013,14:18:44,0.1630
15-01-2013,15:18:45,0.1586
15-01-2013,16:18:46,0.1528
15-01-2013,17:18:47,0.1477
15-01-2013,18:18:48,0.1434
15-01-2013,19:18:49,0.1397
15-01-2013,20:18:50,0.1376
15-01-2013,21:18:51,0.1361
15-01-2013,22:18:52,0.1354
15-01-2013,23:18:53,0.1354
16-01-2013,00:18:54,0.1347
16-01-2013,01:18:55,0.1339
16-01-2013,02:18:56,0.1332
16-01-2013,03:18:57,0.1332
16-01-2013,04:18:58,0.1325
16-01-2013,05:18:59,0.1325
16-01-2013,06:19:00,0.1318
16-01-2013,07:19:01,0.1318
16-01-2013,08:19:02,0.1310
16-01-2013,09:19:03,0.1296
16-01-2013,10:19:04,0.1288
16-01-2013,11:19:05,0.1259
16-01-2013,12:19:06,0.1223
16-01-2013,13:19:07,0.1194
16-01-2013,14:19:08,0.1158
16-01-2013,15:19:09,0.1100
16-01-2013,16:19:10,0.1056
16-01-2013,17:19:11,0.1020
16-01-2013,18:19:12,0.0998
16-01-2013,19:19:13,0.0983
16-01-2013,20:19:14,0.0976
16-01-2013,21:19:15,0.0969
16-01-2013,22:19:16,0.0933
16-01-2013,23:19:17,0.0933
17-01-2013,00:19:18,0.0962
17-01-2013,01:19:19,0.0954
17-01-2013,02:19:20,0.0954
17-01-2013,03:19:21,0.0954
17-01-2013,04:19:22,0.0947
17-01-2013,05:19:23,0.0947
17-01-2013,06:19:24,0.0947
17-01-2013,07:19:25,0.0940
17-01-2013,08:19:26,0.0940
17-01-2013,09:19:27,0.0933
17-01-2013,10:19:28,0.0918
17-01-2013,11:19:29,0.0911
17-01-2013,12:19:30,0.0911
17-01-2013,13:19:31,0.0896
17-01-2013,14:19:32,0.0882
17-01-2013,15:19:33,0.0867
17-01-2013,16:19:34,0.0831
17-01-2013,17:19:35,0.0795
17-01-2013,18:19:36,0.0802
17-01-2013,19:19:37,0.0795
17-01-2013,20:19:38,0.0787
17-01-2013,21:19:39,0.0787
17-01-2013,22:19:40,0.0780
17-01-2013,23:19:41,0.0780
18-01-2013,00:19:42,0.0780
18-01-2013,01:19:43,0.0780
18-01-2013,02:19:44,0.0780
18-01-2013,03:19:45,0.0773
18-01-2013,04:19:46,0.0773
18-01-2013,05:19:47,0.0773
18-01-2013,06:19:48,0.0773
18-01-2013,07:19:49,0.0773
18-01-2013,08:19:50,0.0766
18-01-2013,09:19:51,0.0766
18-01-2013,10:19:52,0.0773
18-01-2013,11:19:53,0.0780
18-01-2013,12:19:54,0.0773
18-01-2013,13:19:55,0.0766
18-01-2013,14:19:56,0.0766
18-01-2013,15:19:57,0.0744
18-01-2013,16:19:58,0.0736
18-01-2013,17:19:59,0.0736
18-01-2013,18:20:00,0.0729
18-01-2013,19:20:01,0.0729
18-01-2013,20:20:02,0.0722
18-01-2013,21:20:03,0.0722
18-01-2013,22:20:04,0.0722
18-01-2013,23:20:05,0.0722
19-01-2013,00:20:06,0.0722
19-01-2013,01:20:07,0.0722
19-01-2013,02:20:08,0.0722
19-01-2013,03:20:09,0.0722
19-01-2013,04:20:10,0.0722
19-01-2013,05:20:11,0.0722
19-01-2013,06:20:12,0.0686
19-01-2013,07:20:13,0.0722
19-01-2013,08:20:14,0.0722
19-01-2013,09:20:15,0.0729
19-01-2013,10:20:16,0.0729
19-01-2013,11:20:17,0.0707
19-01-2013,12:20:18,0.0744
19-01-2013,13:20:19,0.0744
19-01-2013,14:20:20,0.0736
19-01-2013,15:20:21,0.0736
19-01-2013,16:20:22,0.0729
19-01-2013,17:20:23,0.0715
19-01-2013,18:20:24,0.0693
19-01-2013,19:20:25,0.0686
19-01-2013,20:20:26,0.0671
19-01-2013,21:20:27,0.0649
19-01-2013,22:20:28,0.0628
19-01-2013,23:20:29,0.0620
20-01-2013,00:20:30,0.0620
20-01-2013,01:20:31,0.0620
20-01-2013,02:20:32,0.0620
20-01-2013,03:20:33,0.0620
20-01-2013,04:20:34,0.0620
20-01-2013,05:20:35,0.0620
20-01-2013,06:20:36,0.0628
20-01-2013,07:20:37,0.0628
20-01-2013,08:20:38,0.0642
20-01-2013,09:20:39,0.0642
20-01-2013,10:20:40,0.0649
20-01-2013,11:20:41,0.0664
20-01-2013,12:20:42,0.0678
20-01-2013,13:20:43,0.0686
20-01-2013,14:20:44,0.0693
20-01-2013,15:20:45,0.0693
20-01-2013,16:20:46,0.0678
20-01-2013,17:20:47,0.0671
20-01-2013,18:20:48,0.0649
20-01-2013,19:20:49,0.0642
20-01-2013,20:20:50,0.0613
20-01-2013,21:20:51,0.0606
20-01-2013,22:20:52,0.0606
20-01-2013,23:20:53,0.0628
21-01-2013,00:20:54,0.0628
21-01-2013,01:20:55,0.0613
21-01-2013,02:20:56,0.0598
21-01-2013,03:20:57,0.0598
21-01-2013,04:20:58,0.0606
21-01-2013,05:20:59,0.0606
21-01-2013,06:21:00,0.0606
21-01-2013,07:21:01,0.0613
21-01-2013,08:21:02,0.0613
21-01-2013,09:21:03,0.0620
21-01-2013,10:21:04,0.0628
21-01-2013,11:21:05,0.0635
21-01-2013,12:21:06,0.0642
21-01-2013,13:21:07,0.0649
21-01-2013,14:21:08,0.0635
21-01-2013,15:21:09,0.0635
21-01-2013,16:21:10,0.0642
21-01-2013,17:21:11,0.0635
21-01-2013,18:21:12,0.0628
21-01-2013,19:21:13,0.0620
21-01-2013,20:21:14,0.0613
21-01-2013,21:21:15,0.0613
21-01-2013,22:21:16,0.0613
21-01-2013,23:21:17,0.0613
22-01-2013,00:21:18,0.0613
22-01-2013,01:21:19,0.0613
22-01-2013,02:21:20,0.0613
22-01-2013,03:21:21,0.0613
22-01-2013,04:21:22,0.0613
22-01-2013,05:21:23,0.0613
22-01-2013,06:21:24,0.0613
22-01-2013,07:21:25,0.0613
22-01-2013,08:21:26,0.0613
22-01-2013,09:21:27,0.0620
22-01-2013,10:21:28,0.0628
22-01-2013,11:21:29,0.0642
22-01-2013,12:21:30,0.0642
22-01-2013,13:21:31,0.0642
22-01-2013,14:21:32,0.0649
22-01-2013,15:21:33,0.0642
22-01-2013,16:21:34,0.0635
22-01-2013,17:21:35,0.0620
22-01-2013,18:21:36,0.0613
22-01-2013,19:21:37,0.0598
22-01-2013,20:21:38,0.0584
22-01-2013,21:21:39,0.0577
22-01-2013,22:21:40,0.0577
22-01-2013,23:21:41,0.0577
23-01-2013,00:21:42,0.0577
23-01-2013,01:21:43,0.0577
23-01-2013,02:21:44,0.0577
23-01-2013,03:21:45,0.0584
23-01-2013,04:21:46,0.0598
23-01-2013,05:21:47,0.0598
23-01-2013,06:21:48,0.0598
23-01-2013,07:21:49,0.0598
23-01-2013,08:21:50,0.0598
23-01-2013,09:21:51,0.0584
23-01-2013,10:21:52,0.0591
23-01-2013,11:21:53,0.0598
23-01-2013,12:21:54,0.0606
23-01-2013,13:21:55,0.0606
23-01-2013,14:21:56,0.0613
23-01-2013,15:21:57,0.0613
23-01-2013,16:21:58,0.0606
23-01-2013,17:21:59,0.0591
23-01-2013,18:22:00,0.0577
23-01-2013,19:22:01,0.0562
23-01-2013,20:22:02,0.0555
23-01-2013,21:22:03,0.0555
23-01-2013,22:22:04,0.0555
23-01-2013,23:22:05,0.0555
24-01-2013,00:22:06,0.0555
24-01-2013,01:22:07,0.0548
24-01-2013,02:22:08,0.0548
24-01-2013,03:22:09,0.0548
24-01-2013,04:22:10,0.0548
24-01-2013,05:22:11,0.0555
24-01-2013,06:22:12,0.0555
24-01-2013,07:22:13,0.0555
24-01-2013,08:22:14,0.0555
24-01-2013,09:22:15,0.0562
24-01-2013,10:22:16,0.0569
24-01-2013,11:22:17,0.0577
24-01-2013,12:22:18,0.0584
24-01-2013,13:22:19,0.0591
24-01-2013,14:22:20,0.0591
24-01-2013,15:22:21,0.0584
24-01-2013,16:22:22,0.0577
24-01-2013,17:22:23,0.0562
24-01-2013,18:22:24,0.0548
24-01-2013,19:22:25,0.0540
24-01-2013,20:22:26,0.0533
24-01-2013,21:22:27,0.0526
24-01-2013,22:22:28,0.0526
24-01-2013,23:22:29,0.0526
25-01-2013,00:22:30,0.0526
25-01-2013,01:22:31,0.0526
25-01-2013,02:22:32,0.0526
25-01-2013,03:22:33,0.0526
25-01-2013,04:22:34,0.0526
25-01-2013,05:22:35,0.0533
25-01-2013,06:22:36,0.0533
25-01-2013,07:22:37,0.0533
25-01-2013,08:22:38,0.0533
25-01-2013,09:22:39,0.0533
25-01-2013,10:22:40,0.0540
25-01-2013,11:22:41,0.0540
25-01-2013,12:22:42,0.0548
25-01-2013,13:22:43,0.0555
25-01-2013,14:22:44,0.0562
25-01-2013,15:22:45,0.0555
25-01-2013,16:22:46,0.0555
25-01-2013,17:22:47,0.0548
25-01-2013,18:22:48,0.0548
25-01-2013,19:22:49,0.0540
25-01-2013,20:22:50,0.0540
25-01-2013,21:22:51,0.0533
25-01-2013,22:22:52,0.0533
25-01-2013,23:22:53,0.0533
26-01-2013,00:22:54,0.0533
26-01-2013,01:22:55,0.0533
26-01-2013,02:22:56,0.0533
26-01-2013,03:22:57,0.0533
26-01-2013,04:22:58,0.0533
26-01-2013,05:22:59,0.0540
26-01-2013,06:23:00,0.0598
26-01-2013,07:23:01,0.1071
26-01-2013,08:23:02,0.1274
26-01-2013,09:23:03,0.1419
26-01-2013,10:23:04,0.2385
26-01-2013,11:23:05,0.2298
26-01-2013,12:23:06,0.2247
26-01-2013,13:23:07,0.2204
26-01-2013,14:23:08,0.2167
26-01-2013,15:23:09,0.2131
26-01-2013,16:23:10,0.2109
26-01-2013,17:23:11,0.2073
26-01-2013,18:23:12,0.2051
26-01-2013,19:23:13,0.2058
26-01-2013,20:23:14,0.2066
26-01-2013,21:23:15,0.2058
26-01-2013,22:23:16,0.2058
26-01-2013,23:23:17,0.2058
27-01-2013,00:23:18,0.2051
27-01-2013,01:23:19,0.2044
27-01-2013,02:23:20,0.2037
27-01-2013,03:23:21,0.2029
27-01-2013,04:23:22,0.2029
27-01-2013,05:23:23,0.2022
27-01-2013,06:23:24,0.2015
27-01-2013,07:23:25,0.2008
27-01-2013,08:23:26,0.2022
27-01-2013,09:23:27,0.2189
27-01-2013,10:23:28,0.2269
27-01-2013,11:23:29,0.2269
27-01-2013,12:23:30,0.2254
27-01-2013,13:23:31,0.2218
27-01-2013,14:23:32,0.2167
27-01-2013,15:23:33,0.2116
27-01-2013,16:23:34,0.2073
27-01-2013,17:23:35,0.2037
27-01-2013,18:23:36,0.2008
27-01-2013,19:23:37,0.1978
27-01-2013,20:23:38,0.1957
27-01-2013,21:23:39,0.1942
27-01-2013,22:23:40,0.1935
27-01-2013,23:23:41,0.1928
28-01-2013,00:23:42,0.1913
28-01-2013,01:23:43,0.1913
28-01-2013,02:23:44,0.1906
28-01-2013,03:23:45,0.1899
28-01-2013,04:23:46,0.1891
28-01-2013,05:23:47,0.1884
28-01-2013,06:23:48,0.1877
28-01-2013,07:23:49,0.1877
28-01-2013,08:23:50,0.1877
28-01-2013,09:23:51,0.1877
28-01-2013,10:23:52,0.1877
28-01-2013,11:23:53,0.1862
28-01-2013,12:23:54,0.1862
28-01-2013,13:23:55,0.1833
28-01-2013,14:23:56,0.1811
28-01-2013,15:23:57,0.1782
28-01-2013,16:23:58,0.1739
28-01-2013,17:23:59,0.1702
28-01-2013,18:24:00,0.1666
28-01-2013,19:24:01,0.1637
28-01-2013,20:24:02,0.1615
28-01-2013,21:24:03,0.2247
28-01-2013,22:24:04,0.2313
28-01-2013,23:24:05,0.2291
29-01-2013,00:24:06,0.2284
29-01-2013,01:24:07,0.2269
29-01-2013,02:24:08,0.2262
29-01-2013,03:24:09,0.2262
29-01-2013,04:24:10,0.2254
29-01-2013,05:24:11,0.2262
29-01-2013,06:24:12,0.2276
29-01-2013,07:24:13,0.2291
29-01-2013,08:24:14,0.2298
29-01-2013,09:24:15,0.2298
29-01-2013,10:24:16,0.2298
29-01-2013,11:24:17,0.2291
29-01-2013,12:24:18,0.2291
29-01-2013,13:24:19,0.2276
29-01-2013,14:24:20,0.2269
29-01-2013,15:24:21,0.2254
29-01-2013,16:24:22,0.2233
29-01-2013,17:24:23,0.2218
29-01-2013,18:24:24,0.2196
29-01-2013,19:24:25,0.2182
29-01-2013,20:24:26,0.2167
29-01-2013,21:24:27,0.2160
29-01-2013,22:24:28,0.2153
29-01-2013,23:24:29,0.2138
30-01-2013,00:24:30,0.2131
30-01-2013,01:24:31,0.2131
30-01-2013,02:24:32,0.2124
30-01-2013,03:24:33,0.2109
30-01-2013,04:24:34,0.2102
30-01-2013,05:24:35,0.2095
30-01-2013,06:24:36,0.2087
30-01-2013,07:24:37,0.2080
30-01-2013,08:24:38,0.2080
30-01-2013,09:24:39,0.2080
30-01-2013,10:24:40,0.2073
30-01-2013,11:24:41,0.2058
30-01-2013,12:24:42,0.2044
30-01-2013,13:24:43,0.2015
30-01-2013,14:24:44,0.1978
30-01-2013,15:24:45,0.1942
30-01-2013,16:24:46,0.1899
30-01-2013,17:24:47,0.1855
30-01-2013,18:24:48,0.1819
30-01-2013,19:24:49,0.1790
30-01-2013,20:24:50,0.1775
30-01-2013,21:24:51,0.1761
30-01-2013,22:24:52,0.1753
30-01-2013,23:24:53,0.1746
31-01-2013,00:24:54,0.1739
31-01-2013,01:24:55,0.1724
31-01-2013,02:24:56,0.1724
31-01-2013,03:24:57,0.1717
31-01-2013,04:24:58,0.1717
31-01-2013,05:24:59,0.1710
31-01-2013,06:25:00,0.1702
31-01-2013,07:25:01,0.1702
31-01-2013,08:25:02,0.1702
31-01-2013,09:25:03,0.1688
31-01-2013,10:25:04,0.1673
31-01-2013,11:25:05,0.1659
31-01-2013,12:25:06,0.1637
31-01-2013,13:25:07,0.1608
31-01-2013,14:25:08,0.1579
31-01-2013,15:25:09,0.1557
31-01-2013,16:25:10,0.1514
31-01-2013,17:25:11,0.1470
31-01-2013,18:25:12,0.1441
31-01-2013,19:25:13,0.1405
31-01-2013,20:25:14,0.1390
31-01-2013,21:25:15,0.1376
31-01-2013,22:25:16,0.1368
31-01-2013,23:25:17,0.1368
01-02-2013,00:25:18,0.1361
01-02-2013,01:25:19,0.1354
01-02-2013,02:25:20,0.1354
01-02-2013,03:25:21,0.1347
01-02-2013,04:25:22,0.1339
01-02-2013,05:25:23,0.1339
01-02-2013,06:25:24,0.1332
01-02-2013,07:25:25,0.1332
01-02-2013,08:25:26,0.1332
01-02-2013,09:25:27,0.1332
01-02-2013,10:25:28,0.1332
01-02-2013,11:25:29,0.1339
01-02-2013,12:25:30,0.2443
01-02-2013,13:25:31,0.2480
01-02-2013,14:25:32,0.2443
01-02-2013,15:25:33,0.2400
01-02-2013,16:25:34,0.2371
01-02-2013,17:25:35,0.2334
01-02-2013,18:25:36,0.2313
01-02-2013,19:25:37,0.2298
01-02-2013,20:25:38,0.2298
01-02-2013,21:25:39,0.2313
01-02-2013,22:25:40,0.2356
01-02-2013,23:25:41,0.2400
02-02-2013,00:25:42,0.2407
02-02-2013,01:25:43,0.2400
02-02-2013,02:25:44,0.2400
02-02-2013,03:25:45,0.2385
02-02-2013,04:25:46,0.2378
02-02-2013,05:25:47,0.2363
02-02-2013,06:25:48,0.2356
02-02-2013,07:25:49,0.2334
02-02-2013,08:25:50,0.2327
02-02-2013,09:25:51,0.2327
02-02-2013,10:25:52,0.2320
02-02-2013,11:25:53,0.2291
02-02-2013,12:25:54,0.2276
02-02-2013,13:25:55,0.2276
02-02-2013,14:25:56,0.2262
02-02-2013,15:25:57,0.2247
02-02-2013,16:25:58,0.2233
02-02-2013,17:25:59,0.2196
02-02-2013,18:26:00,0.2160
02-02-2013,19:26:01,0.2138
02-02-2013,20:26:02,0.2124
02-02-2013,21:26:03,0.2109
02-02-2013,22:26:04,0.2102
02-02-2013,23:26:05,0.2095
03-02-2013,00:26:06,0.2095
03-02-2013,01:26:07,0.2080
03-02-2013,02:26:08,0.2080
03-02-2013,03:26:09,0.2073
03-02-2013,04:26:10,0.2073
03-02-2013,05:26:11,0.2066
03-02-2013,06:26:12,0.2066
03-02-2013,07:26:13,0.2066
03-02-2013,08:26:14,0.2066
03-02-2013,09:26:15,0.2073
03-02-2013,10:26:16,0.2058
03-02-2013,11:26:17,0.2058
03-02-2013,12:26:18,0.2037
03-02-2013,13:26:19,0.2022
03-02-2013,14:26:20,0.2000
03-02-2013,15:26:21,0.1986
03-02-2013,16:26:22,0.1971
03-02-2013,17:26:23,0.1949
03-02-2013,18:26:24,0.1928
03-02-2013,19:26:25,0.1913
03-02-2013,20:26:26,0.1899
03-02-2013,21:26:27,0.1891
03-02-2013,22:26:28,0.1884
03-02-2013,23:26:29,0.1877
04-02-2013,00:26:30,0.1877
04-02-2013,01:26:31,0.1870
04-02-2013,02:26:32,0.1862
04-02-2013,03:26:33,0.1855
04-02-2013,04:26:34,0.1848
04-02-2013,05:26:35,0.1840
04-02-2013,06:26:36,0.1840
04-02-2013,07:26:37,0.1840
04-02-2013,08:26:38,0.1840
04-02-2013,09:26:39,0.1840
04-02-2013,10:26:40,0.1840
04-02-2013,11:26:41,0.1833
04-02-2013,12:26:42,0.1811
04-02-2013,13:26:43,0.1804
04-02-2013,14:26:44,0.1782
04-02-2013,15:26:45,0.1775
04-02-2013,16:26:46,0.1761
04-02-2013,17:26:47,0.1761
04-02-2013,18:26:48,0.1739
04-02-2013,19:26:49,0.1732
04-02-2013,20:26:50,0.1717
04-02-2013,21:26:51,0.1702
04-02-2013,22:26:52,0.1702
04-02-2013,23:26:53,0.1695
05-02-2013,00:26:54,0.1688
05-02-2013,01:26:55,0.1681
05-02-2013,02:26:56,0.1681
05-02-2013,03:26:57,0.1673
05-02-2013,04:26:58,0.1673
05-02-2013,05:26:59,0.1673
05-02-2013,06:27:00,0.1666
05-02-2013,07:27:01,0.1666
05-02-2013,08:27:02,0.1673
05-02-2013,09:27:03,0.1673
05-02-2013,10:27:04,0.1666
05-02-2013,11:27:05,0.1659
05-02-2013,12:27:06,0.1652
05-02-2013,13:27:07,0.1630
05-02-2013,14:27:08,0.1608
05-02-2013,15:27:09,0.1572
05-02-2013,16:27:10,0.1543
05-02-2013,17:27:11,0.1506
05-02-2013,18:27:12,0.1477
05-02-2013,19:27:13,0.1456
05-02-2013,20:27:14,0.1426
05-02-2013,21:27:15,0.1419
05-02-2013,22:27:16,0.1412
05-02-2013,23:27:17,0.1405
06-02-2013,00:27:18,0.1397
06-02-2013,01:27:19,0.1397
06-02-2013,02:27:20,0.1390
06-02-2013,03:27:21,0.1390
06-02-2013,04:27:22,0.1383
06-02-2013,05:27:23,0.1383
06-02-2013,06:27:24,0.1383
06-02-2013,07:27:25,0.1383
06-02-2013,08:27:26,0.1390
06-02-2013,09:27:27,0.1383
06-02-2013,10:27:28,0.1368
06-02-2013,11:27:29,0.1361
06-02-2013,12:27:30,0.1347
06-02-2013,13:27:31,0.1325
06-02-2013,14:27:32,0.1303
06-02-2013,15:27:33,0.1267
06-02-2013,16:27:34,0.1238
06-02-2013,17:27:35,0.1201
06-02-2013,18:27:36,0.1165
06-02-2013,19:27:37,0.1143
06-02-2013,20:27:38,0.1129
06-02-2013,21:27:39,0.1121
06-02-2013,22:27:40,0.1114
06-02-2013,23:27:41,0.1107
07-02-2013,00:27:42,0.1107
07-02-2013,01:27:43,0.1100
07-02-2013,02:27:44,0.1100
07-02-2013,03:27:45,0.1100
07-02-2013,04:27:46,0.1100
07-02-2013,05:27:47,0.1092
07-02-2013,06:27:48,0.1092
07-02-2013,07:27:49,0.1085
07-02-2013,08:27:50,0.1085
07-02-2013,09:27:51,0.1078
07-02-2013,10:27:52,0.1078
07-02-2013,11:27:53,0.1071
07-02-2013,12:27:54,0.1063
07-02-2013,13:27:55,0.1049
07-02-2013,14:27:56,0.1056
07-02-2013,15:27:57,0.1056
07-02-2013,16:27:58,0.1027
07-02-2013,17:27:59,0.1005
07-02-2013,18:28:00,0.0991
07-02-2013,19:28:01,0.0969
07-02-2013,20:28:02,0.0962
07-02-2013,21:28:03,0.0962
07-02-2013,22:28:04,0.0954
07-02-2013,23:28:05,0.0954
08-02-2013,00:28:06,0.0947
08-02-2013,01:28:07,0.0947
08-02-2013,02:28:08,0.0947
08-02-2013,03:28:09,0.0947
08-02-2013,04:28:10,0.0947
08-02-2013,05:28:11,0.0940
08-02-2013,06:28:12,0.0947
08-02-2013,07:28:13,0.0940
08-02-2013,08:28:14,0.0947
08-02-2013,09:28:15,0.0940
08-02-2013,10:28:16,0.0940
08-02-2013,11:28:17,0.0933
08-02-2013,12:28:18,0.0925
08-02-2013,13:28:19,0.0925
08-02-2013,14:28:20,0.0911
08-02-2013,15:28:21,0.0889
08-02-2013,16:28:22,0.0874
08-02-2013,17:28:23,0.0860
08-02-2013,18:28:24,0.0845
08-02-2013,19:28:25,0.0838
08-02-2013,20:28:26,0.0831
08-02-2013,21:28:27,0.0824
08-02-2013,22:28:28,0.0824
08-02-2013,23:28:29,0.0809
09-02-2013,00:28:30,0.0802
09-02-2013,01:28:31,0.0802
09-02-2013,02:28:32,0.0802
09-02-2013,03:28:33,0.0802
09-02-2013,04:28:34,0.0802
09-02-2013,05:28:35,0.0802
09-02-2013,06:28:36,0.0802
09-02-2013,07:28:37,0.0824
09-02-2013,08:28:38,0.0824
09-02-2013,09:28:39,0.0824
09-02-2013,10:28:40,0.0831
09-02-2013,11:28:41,0.0831
09-02-2013,12:28:42,0.0824
09-02-2013,13:28:43,0.0831
09-02-2013,14:28:44,0.0816
09-02-2013,15:28:45,0.0809
09-02-2013,16:28:46,0.0809
09-02-2013,17:28:47,0.0809
09-02-2013,18:28:48,0.0809
09-02-2013,19:28:49,0.0809
09-02-2013,20:28:50,0.0802
09-02-2013,21:28:51,0.0802
09-02-2013,22:28:52,0.0802
09-02-2013,23:28:53,0.0802
10-02-2013,00:28:54,0.0802
10-02-2013,01:28:55,0.0802
10-02-2013,02:28:56,0.0809
10-02-2013,03:28:57,0.0809
10-02-2013,04:28:58,0.0809
10-02-2013,05:28:59,0.0809
10-02-2013,06:29:00,0.0809
10-02-2013,07:29:01,0.0809
10-02-2013,08:29:02,0.0809
10-02-2013,09:29:03,0.0816
10-02-2013,10:29:04,0.0816
10-02-2013,11:29:05,0.0816
10-02-2013,12:29:06,0.0816
10-02-2013,13:29:07,0.0816
10-02-2013,14:29:08,0.0824
10-02-2013,15:29:09,0.0824
10-02-2013,16:29:10,0.0809
10-02-2013,17:29:11,0.0795
10-02-2013,18:29:12,0.0773
10-02-2013,19:29:13,0.0766
10-02-2013,20:29:14,0.0715
10-02-2013,21:29:15,0.0715
10-02-2013,22:29:16,0.0707
10-02-2013,23:29:17,0.0707
11-02-2013,00:29:18,0.0707
11-02-2013,01:29:19,0.0707
11-02-2013,02:29:20,0.0707
11-02-2013,03:29:21,0.0707
11-02-2013,04:29:22,0.0707
11-02-2013,05:29:23,0.0700
11-02-2013,06:29:24,0.0700
11-02-2013,07:29:25,0.0736
11-02-2013,08:29:26,0.0751
11-02-2013,09:29:27,0.0758
11-02-2013,10:29:28,0.0766
11-02-2013,11:29:29,0.0766
11-02-2013,12:29:30,0.0773
11-02-2013,13:29:31,0.0780
11-02-2013,14:29:32,0.0766
11-02-2013,15:29:33,0.0751
11-02-2013,16:29:34,0.0744
11-02-2013,17:29:35,0.0744
11-02-2013,18:29:36,0.0729
11-02-2013,19:29:37,0.0722
11-02-2013,20:29:38,0.0722
11-02-2013,21:29:39,0.0715
11-02-2013,22:29:40,0.0715
11-02-2013,23:29:41,0.0715
12-02-2013,00:29:42,0.0707
12-02-2013,01:29:43,0.0707
12-02-2013,02:29:44,0.0707
12-02-2013,03:29:45,0.0715
12-02-2013,04:29:46,0.0715
12-02-2013,05:29:47,0.0715
12-02-2013,06:29:48,0.0715
12-02-2013,07:29:49,0.0722
12-02-2013,08:29:50,0.0729
12-02-2013,09:29:51,0.0729
12-02-2013,10:29:52,0.0736
12-02-2013,11:29:53,0.0736
12-02-2013,12:29:54,0.0736
12-02-2013,13:29:55,0.0729
12-02-2013,14:29:56,0.0722
12-02-2013,15:29:57,0.0715
12-02-2013,16:29:58,0.0722
12-02-2013,17:29:59,0.0715
12-02-2013,18:30:00,0.0715
12-02-2013,19:30:01,0.0715
12-02-2013,20:30:02,0.0707
12-02-2013,21:30:03,0.0707
12-02-2013,22:30:04,0.0707
12-02-2013,23:30:05,0.0707
13-02-2013,00:30:06,0.0707
13-02-2013,01:30:07,0.0707
13-02-2013,02:30:08,0.0707
13-02-2013,03:30:09,0.0707
13-02-2013,04:30:10,0.0707
13-02-2013,05:30:11,0.0707
13-02-2013,06:30:12,0.0715
13-02-2013,07:30:13,0.0707
13-02-2013,08:30:14,0.0722
13-02-2013,09:30:15,0.0729
13-02-2013,10:30:16,0.0729
13-02-2013,11:30:17,0.0729
13-02-2013,12:30:18,0.0729
13-02-2013,13:30:19,0.0729
13-02-2013,14:30:20,0.0722
13-02-2013,15:30:21,0.0722
13-02-2013,16:30:22,0.0758
13-02-2013,17:30:23,0.2581
13-02-2013,18:30:24,0.2538
13-02-2013,19:30:25,0.2422
13-02-2013,20:30:26,0.2349
13-02-2013,21:30:27,0.2298
13-02-2013,22:30:28,0.2262
13-02-2013,23:30:29,0.2233
14-02-2013,00:30:30,0.2211
14-02-2013,01:30:31,0.2196
14-02-2013,02:30:32,0.2175
14-02-2013,03:30:33,0.2160
14-02-2013,04:30:34,0.2153
14-02-2013,05:30:35,0.2138
14-02-2013,06:30:36,0.2131
14-02-2013,07:30:37,0.2124
14-02-2013,08:30:38,0.2124
14-02-2013,09:30:39,0.2116
14-02-2013,10:30:40,0.2109
14-02-2013,11:30:41,0.2095
14-02-2013,12:30:42,0.2058
14-02-2013,13:30:43,0.2022
14-02-2013,14:30:44,0.2770
14-02-2013,15:30:45,0.2625
14-02-2013,16:30:46,0.2560
14-02-2013,17:30:47,0.2487
14-02-2013,18:30:48,0.2429
14-02-2013,19:30:49,0.2385
14-02-2013,20:30:50,0.2356
14-02-2013,21:30:51,0.2327
14-02-2013,22:30:52,0.2313
14-02-2013,23:30:53,0.2291
15-02-2013,00:30:54,0.2284
15-02-2013,01:30:55,0.2269
15-02-2013,02:30:56,0.2254
15-02-2013,03:30:57,0.2240
15-02-2013,04:30:58,0.2233
15-02-2013,05:30:59,0.2218
15-02-2013,06:31:00,0.2211
15-02-2013,07:31:01,0.2204
15-02-2013,08:31:02,0.2204
15-02-2013,09:31:03,0.2204
15-02-2013,10:31:04,0.2196
15-02-2013,11:31:05,0.2189
15-02-2013,12:31:06,0.2175
15-02-2013,13:31:07,0.2167
15-02-2013,14:31:08,0.2146
15-02-2013,15:31:09,0.2102
15-02-2013,16:31:10,0.2080
15-02-2013,17:31:11,0.2051
15-02-2013,18:31:12,0.2029
15-02-2013,19:31:13,0.2022
15-02-2013,20:31:14,0.2008
15-02-2013,21:31:15,0.2000
15-02-2013,22:31:16,0.2000
15-02-2013,23:31:17,0.2000
16-02-2013,00:31:18,0.1993
16-02-2013,01:31:19,0.1993
16-02-2013,02:31:20,0.1986
16-02-2013,03:31:21,0.1986
16-02-2013,04:31:22,0.1978
16-02-2013,05:31:23,0.1971
16-02-2013,06:31:24,0.1971
16-02-2013,07:31:25,0.1964
16-02-2013,08:31:26,0.1971
16-02-2013,09:31:27,0.1971
16-02-2013,10:31:28,0.1978
16-02-2013,11:31:29,0.1971
16-02-2013,12:31:30,0.1957
16-02-2013,13:31:31,0.1942
16-02-2013,14:31:32,0.1920
16-02-2013,15:31:33,0.1891
16-02-2013,16:31:34,0.1848
16-02-2013,17:31:35,0.1804
16-02-2013,18:31:36,0.1775
16-02-2013,19:31:37,0.1753
16-02-2013,20:31:38,0.1732
16-02-2013,21:31:39,0.1724
16-02-2013,22:31:40,0.1710
16-02-2013,23:31:41,0.1688
17-02-2013,00:31:42,0.1688
17-02-2013,01:31:43,0.1681
17-02-2013,02:31:44,0.1673
17-02-2013,03:31:45,0.1673
17-02-2013,04:31:46,0.1673
17-02-2013,05:31:47,0.1681
17-02-2013,06:31:48,0.1681
17-02-2013,07:31:49,0.1681
17-02-2013,08:31:50,0.1681
17-02-2013,09:31:51,0.1673
17-02-2013,10:31:52,0.1666
17-02-2013,11:31:53,0.1644
17-02-2013,12:31:54,0.1623
17-02-2013,13:31:55,0.1601
17-02-2013,14:31:56,0.1564
17-02-2013,15:31:57,0.1528
17-02-2013,16:31:58,0.1506
17-02-2013,17:31:59,0.1477
17-02-2013,18:32:00,0.1456
17-02-2013,19:32:01,0.1426
17-02-2013,20:32:02,0.1426
17-02-2013,21:32:03,0.1419
17-02-2013,22:32:04,0.1412
17-02-2013,23:32:05,0.1405
18-02-2013,00:32:06,0.1405
18-02-2013,01:32:07,0.1397
18-02-2013,02:32:08,0.1397
18-02-2013,03:32:09,0.1390
18-02-2013,04:32:10,0.1390
18-02-2013,05:32:11,0.1390
18-02-2013,06:32:12,0.1390
18-02-2013,07:32:13,0.1383
18-02-2013,08:32:14,0.1390
18-02-2013,09:32:15,0.1376
18-02-2013,10:32:16,0.1368
18-02-2013,11:32:17,0.1354
18-02-2013,12:32:18,0.1339
18-02-2013,13:32:19,0.1318
18-02-2013,14:32:20,0.1296
18-02-2013,15:32:21,0.1259
18-02-2013,16:32:22,0.1216
18-02-2013,17:32:23,0.1194
18-02-2013,18:32:24,0.1172
18-02-2013,19:32:25,0.1158
18-02-2013,20:32:26,0.1150
18-02-2013,21:32:27,0.1143
18-02-2013,22:32:28,0.1136
18-02-2013,23:32:29,0.1136
19-02-2013,00:32:30,0.1129
19-02-2013,01:32:31,0.1129
19-02-2013,02:32:32,0.1129
19-02-2013,03:32:33,0.1121
19-02-2013,04:32:34,0.1121
19-02-2013,05:32:35,0.1121
19-02-2013,06:32:36,0.1121
19-02-2013,07:32:37,0.1092
19-02-2013,08:32:38,0.1114
19-02-2013,09:32:39,0.1114
19-02-2013,10:32:40,0.1114
19-02-2013,11:32:41,0.1107
19-02-2013,12:32:42,0.1100
19-02-2013,13:32:43,0.1085
19-02-2013,14:32:44,0.1078
19-02-2013,15:32:45,0.1063
19-02-2013,16:32:46,0.1056
19-02-2013,17:32:47,0.1027
19-02-2013,18:32:48,0.1005
19-02-2013,19:32:49,0.0991
19-02-2013,20:32:50,0.0998
19-02-2013,21:32:51,0.0998
19-02-2013,22:32:52,0.0991
19-02-2013,23:32:53,0.0991
20-02-2013,00:32:54,0.0991
20-02-2013,01:32:55,0.0991
20-02-2013,02:32:56,0.0991
20-02-2013,03:32:57,0.0991
20-02-2013,04:32:58,0.0991
20-02-2013,05:32:59,0.0991
20-02-2013,06:33:00,0.0991
20-02-2013,07:33:01,0.0991
20-02-2013,08:33:02,0.0991
20-02-2013,09:33:03,0.0991
20-02-2013,10:33:04,0.0983
20-02-2013,11:33:05,0.0983
20-02-2013,12:33:06,0.0976
20-02-2013,13:33:07,0.0976
20-02-2013,14:33:08,0.0962
20-02-2013,15:33:09,0.0954
20-02-2013,16:33:10,0.0940
20-02-2013,17:33:11,0.0918
20-02-2013,18:33:12,0.0904
20-02-2013,19:33:13,0.0889
20-02-2013,20:33:14,0.0882
20-02-2013,21:33:15,0.0882
20-02-2013,22:33:16,0.0874
20-02-2013,23:33:17,0.0874
21-02-2013,00:33:18,0.0874
21-02-2013,01:33:19,0.0867
21-02-2013,02:33:20,0.0867
21-02-2013,03:33:21,0.0860
21-02-2013,04:33:22,0.0867
21-02-2013,05:33:23,0.0867
21-02-2013,06:33:24,0.0867
21-02-2013,07:33:25,0.0867
21-02-2013,08:33:26,0.0874
21-02-2013,09:33:27,0.0874
21-02-2013,10:33:28,0.0882
21-02-2013,11:33:29,0.0874
21-02-2013,12:33:30,0.0874
21-02-2013,13:33:31,0.0874
21-02-2013,14:33:32,0.0860
21-02-2013,15:33:33,0.0853
21-02-2013,16:33:34,0.0845
21-02-2013,17:33:35,0.0816
21-02-2013,18:33:36,0.0831
21-02-2013,19:33:37,0.0831
21-02-2013,20:33:38,0.0824
21-02-2013,21:33:39,0.0824
21-02-2013,22:33:40,0.0824
21-02-2013,23:33:41,0.0824
22-02-2013,00:33:42,0.0824
22-02-2013,01:33:43,0.0824
22-02-2013,02:33:44,0.0831
22-02-2013,03:33:45,0.0831
22-02-2013,04:33:46,0.0824
22-02-2013,05:33:47,0.0824
22-02-2013,06:33:48,0.0824
22-02-2013,07:33:49,0.0831
22-02-2013,08:33:50,0.0838
22-02-2013,09:33:51,0.0838
22-02-2013,10:33:52,0.0838
22-02-2013,11:33:53,0.0845
22-02-2013,12:33:54,0.0845
22-02-2013,13:33:55,0.0845
22-02-2013,14:33:56,0.0853
22-02-2013,15:33:57,0.0845
22-02-2013,16:33:58,0.0838
22-02-2013,17:33:59,0.0816
22-02-2013,18:34:00,0.0795
22-02-2013,19:34:01,0.0787
22-02-2013,20:34:02,0.0780
22-02-2013,21:34:03,0.0773
22-02-2013,22:34:04,0.0773
22-02-2013,23:34:05,0.0766
23-02-2013,00:34:06,0.0766
23-02-2013,01:34:07,0.0751
23-02-2013,02:34:08,0.0758
23-02-2013,03:34:09,0.0766
23-02-2013,04:34:10,0.0758
23-02-2013,05:34:11,0.0751
23-02-2013,06:34:12,0.0751
23-02-2013,07:34:13,0.0773
23-02-2013,08:34:14,0.0780
23-02-2013,09:34:15,0.0787
23-02-2013,10:34:16,0.0787
23-02-2013,11:34:17,0.0787
23-02-2013,12:34:18,0.0795
23-02-2013,13:34:19,0.0802
23-02-2013,14:34:20,0.0802
23-02-2013,15:34:21,0.0795
23-02-2013,16:34:22,0.0773
23-02-2013,17:34:23,0.0758
23-02-2013,18:34:24,0.0751
23-02-2013,19:34:25,0.0744
23-02-2013,20:34:26,0.0744
23-02-2013,21:34:27,0.0744
23-02-2013,22:34:28,0.0744
23-02-2013,23:34:29,0.0736
24-02-2013,00:34:30,0.0744
24-02-2013,01:34:31,0.0744
24-02-2013,02:34:32,0.0744
24-02-2013,03:34:33,0.0744
24-02-2013,04:34:34,0.0744
24-02-2013,05:34:35,0.0751
24-02-2013,06:34:36,0.0751
24-02-2013,07:34:37,0.0751
24-02-2013,08:34:38,0.0758
24-02-2013,09:34:39,0.0758
24-02-2013,10:34:40,0.0758
24-02-2013,11:34:41,0.0766
24-02-2013,12:34:42,0.0766
24-02-2013,13:34:43,0.0766
24-02-2013,14:34:44,0.0758
24-02-2013,15:34:45,0.0751
24-02-2013,16:34:46,0.0751
24-02-2013,17:34:47,0.0744
24-02-2013,18:34:48,0.0751
24-02-2013,19:34:49,0.0758
24-02-2013,20:34:50,0.0802
24-02-2013,21:34:51,0.0845
24-02-2013,22:34:52,0.0889
24-02-2013,23:34:53,0.0933
25-02-2013,00:34:54,0.0947
25-02-2013,01:34:55,0.0969
25-02-2013,02:34:56,0.0976
25-02-2013,03:34:57,0.0976
25-02-2013,04:34:58,0.0983
25-02-2013,05:34:59,0.0991
25-02-2013,06:35:00,0.0998
25-02-2013,07:35:01,0.1005
25-02-2013,08:35:02,0.1012
25-02-2013,09:35:03,0.1005
25-02-2013,10:35:04,0.1012
25-02-2013,11:35:05,0.1020
25-02-2013,12:35:06,0.1020
25-02-2013,13:35:07,0.1005
25-02-2013,14:35:08,0.0976
25-02-2013,15:35:09,0.0983
25-02-2013,16:35:10,0.0962
25-02-2013,17:35:11,0.0954
25-02-2013,18:35:12,0.0954
25-02-2013,19:35:13,0.0940
25-02-2013,20:35:14,0.0940
25-02-2013,21:35:15,0.0933
25-02-2013,22:35:16,0.0925
25-02-2013,23:35:17,0.0918
26-02-2013,00:35:18,0.0918
26-02-2013,01:35:19,0.0918
26-02-2013,02:35:20,0.0911
26-02-2013,03:35:21,0.0911
26-02-2013,04:35:22,0.0911
26-02-2013,05:35:23,0.0904
26-02-2013,06:35:24,0.0904
26-02-2013,07:35:25,0.0904
26-02-2013,08:35:26,0.0882
26-02-2013,09:35:27,0.0896
26-02-2013,10:35:28,0.0896
26-02-2013,11:35:29,0.0896
26-02-2013,12:35:30,0.0889
26-02-2013,13:35:31,0.0882
26-02-2013,14:35:32,0.0882
26-02-2013,15:35:33,0.0860
26-02-2013,16:35:34,0.1601
26-02-2013,17:35:35,0.2480
26-02-2013,18:35:36,0.2407
26-02-2013,19:35:37,0.2596
26-02-2013,20:35:38,0.2516
26-02-2013,21:35:39,0.2436
26-02-2013,22:35:40,0.2385
26-02-2013,23:35:41,0.2349
27-02-2013,00:35:42,0.2320
27-02-2013,01:35:43,0.2291
27-02-2013,02:35:44,0.2276
27-02-2013,03:35:45,0.2262
27-02-2013,04:35:46,0.2247
27-02-2013,05:35:47,0.2225
27-02-2013,06:35:48,0.2218
27-02-2013,07:35:49,0.2211
27-02-2013,08:35:50,0.2211
27-02-2013,09:35:51,0.2218
27-02-2013,10:35:52,0.2218
27-02-2013,11:35:53,0.2668
27-02-2013,12:35:54,0.2785
27-02-2013,13:35:55,0.2683
27-02-2013,14:35:56,0.2785
27-02-2013,15:35:57,0.2683
27-02-2013,16:35:58,0.2676
27-02-2013,17:35:59,0.2690
27-02-2013,18:36:00,0.2639
27-02-2013,19:36:01,0.2596
27-02-2013,20:36:02,0.2610
27-02-2013,21:36:03,0.2727
27-02-2013,22:36:04,0.2654
27-02-2013,23:36:05,0.2610
28-02-2013,00:36:06,0.2625
28-02-2013,01:36:07,0.2857
28-02-2013,02:36:08,0.2821
28-02-2013,03:36:09,0.2748
28-02-2013,04:36:10,0.2676
28-02-2013,05:36:11,0.2639
28-02-2013,06:36:12,0.2639
28-02-2013,07:36:13,0.2683
28-02-2013,08:36:14,0.2705
28-02-2013,09:36:15,0.2654
28-02-2013,10:36:16,0.2603
28-02-2013,11:36:17,0.2560
28-02-2013,12:36:18,0.2530
28-02-2013,13:36:19,0.2509
28-02-2013,14:36:20,0.2487
28-02-2013,15:36:21,0.2465
28-02-2013,16:36:22,0.2451
28-02-2013,17:36:23,0.2429
28-02-2013,18:36:24,0.2407
28-02-2013,19:36:25,0.2385
28-02-2013,20:36:26,0.2378
28-02-2013,21:36:27,0.2371
28-02-2013,22:36:28,0.2371
28-02-2013,23:36:29,0.2487
01-03-2013,00:36:30,0.2589
01-03-2013,01:36:31,0.2618
01-03-2013,02:36:32,0.2712
01-03-2013,03:36:33,0.2661
01-03-2013,04:36:34,0.2654
01-03-2013,05:36:35,0.2647
01-03-2013,06:36:36,0.2690
01-03-2013,07:36:37,0.2683
01-03-2013,08:36:38,0.2639
01-03-2013,09:36:39,0.2603
01-03-2013,10:36:40,0.2581
01-03-2013,11:36:41,0.2567
01-03-2013,12:36:42,0.2545
01-03-2013,13:36:43,0.2530
01-03-2013,14:36:44,0.2501
01-03-2013,15:36:45,0.2487
01-03-2013,16:36:46,0.2458
01-03-2013,17:36:47,0.2436
01-03-2013,18:36:48,0.2414
01-03-2013,19:36:49,0.2400
01-03-2013,20:36:50,0.2385
01-03-2013,21:36:51,0.2378
01-03-2013,22:36:52,0.2371
01-03-2013,23:36:53,0.2385
02-03-2013,00:36:54,0.2378
02-03-2013,01:36:55,0.2371
02-03-2013,02:36:56,0.2356
02-03-2013,03:36:57,0.2356
02-03-2013,04:36:58,0.2349
02-03-2013,05:36:59,0.2342
02-03-2013,06:37:00,0.2334
02-03-2013,07:37:01,0.2334
02-03-2013,08:37:02,0.2327
02-03-2013,09:37:03,0.2298
02-03-2013,10:37:04,0.2305
02-03-2013,11:37:05,0.2313
02-03-2013,12:37:06,0.2313
02-03-2013,13:37:07,0.2305
02-03-2013,14:37:08,0.2298
02-03-2013,15:37:09,0.2276
02-03-2013,16:37:10,0.2254
02-03-2013,17:37:11,0.2233
02-03-2013,18:37:12,0.2211
02-03-2013,19:37:13,0.2196
02-03-2013,20:37:14,0.2182
02-03-2013,21:37:15,0.2175
02-03-2013,22:37:16,0.2175
02-03-2013,23:37:17,0.2167
03-03-2013,00:37:18,0.2167
03-03-2013,01:37:19,0.2160
03-03-2013,02:37:20,0.2160
03-03-2013,03:37:21,0.2160
03-03-2013,04:37:22,0.2153
03-03-2013,05:37:23,0.2153
03-03-2013,06:37:24,0.2146
03-03-2013,07:37:25,0.2146
03-03-2013,08:37:26,0.2146
03-03-2013,09:37:27,0.2146
03-03-2013,10:37:28,0.2146
03-03-2013,11:37:29,0.2138
03-03-2013,12:37:30,0.2138
03-03-2013,13:37:31,0.2131
03-03-2013,14:37:32,0.2116
03-03-2013,15:37:33,0.2102
03-03-2013,16:37:34,0.2073
03-03-2013,17:37:35,0.2037
03-03-2013,18:37:36,0.2015
03-03-2013,19:37:37,0.2000
03-03-2013,20:37:38,0.1993
03-03-2013,21:37:39,0.1986
03-03-2013,22:37:40,0.1986
03-03-2013,23:37:41,0.1978
04-03-2013,00:37:42,0.1971
04-03-2013,01:37:43,0.1964
04-03-2013,02:37:44,0.1964
04-03-2013,03:37:45,0.1957
04-03-2013,04:37:46,0.1949
04-03-2013,05:37:47,0.1949
04-03-2013,06:37:48,0.1949
04-03-2013,07:37:49,0.1949
04-03-2013,08:37:50,0.1949
04-03-2013,09:37:51,0.1949
04-03-2013,10:37:52,0.1949
04-03-2013,11:37:53,0.1942
04-03-2013,12:37:54,0.1942
04-03-2013,13:37:55,0.1928
04-03-2013,14:37:56,0.1913
04-03-2013,15:37:57,0.1891
04-03-2013,16:37:58,0.1862
04-03-2013,17:37:59,0.1819
04-03-2013,18:38:00,0.1804
04-03-2013,19:38:01,0.1790
04-03-2013,20:38:02,0.1775
04-03-2013,21:38:03,0.1768
04-03-2013,22:38:04,0.1761
04-03-2013,23:38:05,0.1761
05-03-2013,00:38:06,0.1753
05-03-2013,01:38:07,0.1753
05-03-2013,02:38:08,0.1746
05-03-2013,03:38:09,0.1746
05-03-2013,04:38:10,0.1739
05-03-2013,05:38:11,0.1739
05-03-2013,06:38:12,0.1739
05-03-2013,07:38:13,0.1732
05-03-2013,08:38:14,0.1732
05-03-2013,09:38:15,0.1739
05-03-2013,10:38:16,0.1732
05-03-2013,11:38:17,0.1732
05-03-2013,12:38:18,0.1724
05-03-2013,13:38:19,0.1710
05-03-2013,14:38:20,0.1688
05-03-2013,15:38:21,0.1666
05-03-2013,16:38:22,0.1630
05-03-2013,17:38:23,0.1601
05-03-2013,18:38:24,0.1579
05-03-2013,19:38:25,0.1572
05-03-2013,20:38:26,0.1564
05-03-2013,21:38:27,0.1557
05-03-2013,22:38:28,0.1550
05-03-2013,23:38:29,0.1543
06-03-2013,00:38:30,0.1543
06-03-2013,01:38:31,0.1543
06-03-2013,02:38:32,0.1543
06-03-2013,03:38:33,0.1535
06-03-2013,04:38:34,0.1535
06-03-2013,05:38:35,0.1535
06-03-2013,06:38:36,0.1535
06-03-2013,07:38:37,0.1535
06-03-2013,08:38:38,0.1535
06-03-2013,09:38:39,0.1535
06-03-2013,10:38:40,0.1535
06-03-2013,11:38:41,0.1535
06-03-2013,12:38:42,0.1528
06-03-2013,13:38:43,0.1521
06-03-2013,14:38:44,0.1506
06-03-2013,15:38:45,0.1485
06-03-2013,16:38:46,0.1463
06-03-2013,17:38:47,0.1441
06-03-2013,18:38:48,0.1419
06-03-2013,19:38:49,0.1397
06-03-2013,20:38:50,0.1390
06-03-2013,21:38:51,0.1383
06-03-2013,22:38:52,0.1376
06-03-2013,23:38:53,0.1376
07-03-2013,00:38:54,0.1376
07-03-2013,01:38:55,0.1376
07-03-2013,02:38:56,0.1368
07-03-2013,03:38:57,0.1368
07-03-2013,04:38:58,0.1368
07-03-2013,05:38:59,0.1368
07-03-2013,06:39:00,0.1361
07-03-2013,07:39:01,0.1347
07-03-2013,08:39:02,0.1354
07-03-2013,09:39:03,0.1368
07-03-2013,10:39:04,0.1368
07-03-2013,11:39:05,0.1368
07-03-2013,12:39:06,0.1361
07-03-2013,13:39:07,0.1354
07-03-2013,14:39:08,0.1339
07-03-2013,15:39:09,0.1318
07-03-2013,16:39:10,0.1303
07-03-2013,17:39:11,0.1288
07-03-2013,18:39:12,0.1274
07-03-2013,19:39:13,0.1230
07-03-2013,20:39:14,0.1223
07-03-2013,21:39:15,0.1223
07-03-2013,22:39:16,0.1216
07-03-2013,23:39:17,0.1216
08-03-2013,00:39:18,0.1216
08-03-2013,01:39:19,0.1216
08-03-2013,02:39:20,0.1216
08-03-2013,03:39:21,0.1216
08-03-2013,04:39:22,0.1223
08-03-2013,05:39:23,0.1223
08-03-2013,06:39:24,0.1223
08-03-2013,07:39:25,0.1238
08-03-2013,08:39:26,0.1238
08-03-2013,09:39:27,0.1245
08-03-2013,10:39:28,0.1252
08-03-2013,11:39:29,0.1245
08-03-2013,12:39:30,0.1245
08-03-2013,13:39:31,0.1238
08-03-2013,14:39:32,0.1230
08-03-2013,15:39:33,0.1216
08-03-2013,16:39:34,0.1201
08-03-2013,17:39:35,0.1172
08-03-2013,18:39:36,0.1165
08-03-2013,19:39:37,0.1143
08-03-2013,20:39:38,0.1136
08-03-2013,21:39:39,0.1129
08-03-2013,22:39:40,0.1129
08-03-2013,23:39:41,0.1129
09-03-2013,00:39:42,0.1121
09-03-2013,01:39:43,0.1129
09-03-2013,02:39:44,0.1129
09-03-2013,03:39:45,0.1129
09-03-2013,04:39:46,0.1129
09-03-2013,05:39:47,0.1129
09-03-2013,06:39:48,0.1129
09-03-2013,07:39:49,0.1129
09-03-2013,08:39:50,0.1129
09-03-2013,09:39:51,0.1136
09-03-2013,10:39:52,0.1136
09-03-2013,11:39:53,0.1136
09-03-2013,12:39:54,0.1136
09-03-2013,13:39:55,0.1136
09-03-2013,14:39:56,0.1136
09-03-2013,15:39:57,0.1136
09-03-2013,16:39:58,0.1129
09-03-2013,17:39:59,0.1114
09-03-2013,18:40:00,0.1100
09-03-2013,19:40:01,0.1085
09-03-2013,20:40:02,0.1078
09-03-2013,21:40:03,0.1078
09-03-2013,22:40:04,0.1071
09-03-2013,23:40:05,0.1071
10-03-2013,00:40:06,0.1071
10-03-2013,01:40:07,0.1071
10-03-2013,02:40:08,0.1071
10-03-2013,03:40:09,0.1071
10-03-2013,04:40:10,0.1071
10-03-2013,05:40:11,0.1071
10-03-2013,06:40:12,0.1078
10-03-2013,07:40:13,0.1078
10-03-2013,08:40:14,0.1078
10-03-2013,09:40:15,0.1085
10-03-2013,10:40:16,0.1085
10-03-2013,11:40:17,0.1085
10-03-2013,12:40:18,0.1092
10-03-2013,13:40:19,0.1100
10-03-2013,14:40:20,0.1092
10-03-2013,15:40:21,0.1085
10-03-2013,16:40:22,0.1071
10-03-2013,17:40:23,0.1078
10-03-2013,18:40:24,0.1078
10-03-2013,19:40:25,0.1071
10-03-2013,20:40:26,0.1078
10-03-2013,21:40:27,0.1071
10-03-2013,22:40:28,0.1071
10-03-2013,23:40:29,0.1071
11-03-2013,00:40:30,0.1085
11-03-2013,01:40:31,0.1063
11-03-2013,02:40:32,0.1063
11-03-2013,03:40:33,0.1063
11-03-2013,04:40:34,0.1071
11-03-2013,05:40:35,0.1071
11-03-2013,06:40:36,0.1071
11-03-2013,07:40:37,0.1071
11-03-2013,08:40:38,0.1078
11-03-2013,09:40:39,0.1100
11-03-2013,10:40:40,0.1092
11-03-2013,11:40:41,0.1114
11-03-2013,12:40:42,0.1121
11-03-2013,13:40:43,0.1129
11-03-2013,14:40:44,0.1136
11-03-2013,15:40:45,0.1121
11-03-2013,16:40:46,0.1129
11-03-2013,17:40:47,0.1136
11-03-2013,18:40:48,0.1121
11-03-2013,19:40:49,0.1092
11-03-2013,20:40:50,0.1107
11-03-2013,21:40:51,0.1107
11-03-2013,22:40:52,0.1100
11-03-2013,23:40:53,0.1100
12-03-2013,00:40:54,0.1100
12-03-2013,01:40:55,0.1100
12-03-2013,02:40:56,0.1100
12-03-2013,03:40:57,0.1100
12-03-2013,04:40:58,0.1107
12-03-2013,05:40:59,0.1107
12-03-2013,06:41:00,0.1107
12-03-2013,07:41:01,0.1107
12-03-2013,08:41:02,0.1107
12-03-2013,09:41:03,0.1114
12-03-2013,10:41:04,0.1121
12-03-2013,11:41:05,0.1129
12-03-2013,12:41:06,0.1136
12-03-2013,13:41:07,0.1136
12-03-2013,14:41:08,0.1136
12-03-2013,15:41:09,0.1143
12-03-2013,16:41:10,0.1136
12-03-2013,17:41:11,0.1121
12-03-2013,18:41:12,0.1114
12-03-2013,19:41:13,0.1100
12-03-2013,20:41:14,0.1092
12-03-2013,21:41:15,0.1092
12-03-2013,22:41:16,0.1085
12-03-2013,23:41:17,0.1085
13-03-2013,00:41:18,0.1085
13-03-2013,01:41:19,0.1092
13-03-2013,02:41:20,0.1085
13-03-2013,03:41:21,0.1085
13-03-2013,04:41:22,0.1085
13-03-2013,05:41:23,0.1085
13-03-2013,06:41:24,0.1092
13-03-2013,07:41:25,0.1092
13-03-2013,08:41:26,0.1092
13-03-2013,09:41:27,0.1092
13-03-2013,10:41:28,0.1100
13-03-2013,11:41:29,0.1100
13-03-2013,12:41:30,0.1107
13-03-2013,13:41:31,0.1107
13-03-2013,14:41:32,0.1107
13-03-2013,15:41:33,0.1100
13-03-2013,16:41:34,0.1092
13-03-2013,17:41:35,0.1085
13-03-2013,18:41:36,0.1078
13-03-2013,19:41:37,0.1078
13-03-2013,20:41:38,0.1078
13-03-2013,21:41:39,0.1078
13-03-2013,22:41:40,0.1071
13-03-2013,23:41:41,0.1078
14-03-2013,00:41:42,0.1078
14-03-2013,01:41:43,0.1078
14-03-2013,02:41:44,0.1078
14-03-2013,03:41:45,0.1078
14-03-2013,04:41:46,0.1078
14-03-2013,05:41:47,0.1049
14-03-2013,06:41:48,0.1042
14-03-2013,07:41:49,0.1042
14-03-2013,08:41:50,0.1071
14-03-2013,09:41:51,0.1078
14-03-2013,10:41:52,0.1085
14-03-2013,11:41:53,0.1092
14-03-2013,12:41:54,0.1100
14-03-2013,13:41:55,0.1100
14-03-2013,14:41:56,0.1107
14-03-2013,15:41:57,0.1107
14-03-2013,16:41:58,0.1092
14-03-2013,17:41:59,0.1078
14-03-2013,18:42:00,0.1063
14-03-2013,19:42:01,0.1056
14-03-2013,20:42:02,0.1049
14-03-2013,21:42:03,0.1049
14-03-2013,22:42:04,0.1049
14-03-2013,23:42:05,0.1042
15-03-2013,00:42:06,0.1042
15-03-2013,01:42:07,0.1042
15-03-2013,02:42:08,0.1042
15-03-2013,03:42:09,0.1034
15-03-2013,04:42:10,0.1042
15-03-2013,05:42:11,0.1049
15-03-2013,06:42:12,0.1042
15-03-2013,07:42:13,0.1049
15-03-2013,08:42:14,0.1049
15-03-2013,09:42:15,0.1049
15-03-2013,10:42:16,0.1049
15-03-2013,11:42:17,0.1056
15-03-2013,12:42:18,0.1056
15-03-2013,13:42:19,0.1063
15-03-2013,14:42:20,0.1063
15-03-2013,15:42:21,0.1063
15-03-2013,16:42:22,0.1049
15-03-2013,17:42:23,0.1034
15-03-2013,18:42:24,0.1020
15-03-2013,19:42:25,0.1012
15-03-2013,20:42:26,0.1005
15-03-2013,21:42:27,0.0998
15-03-2013,22:42:28,0.0998
15-03-2013,23:42:29,0.0998
16-03-2013,00:42:30,0.0998
16-03-2013,01:42:31,0.0998
16-03-2013,02:42:32,0.0998
16-03-2013,03:42:33,0.0998
16-03-2013,04:42:34,0.0998
16-03-2013,05:42:35,0.0998
16-03-2013,06:42:36,0.0998
16-03-2013,07:42:37,0.0998
16-03-2013,08:42:38,0.0998
16-03-2013,09:42:39,0.0998
16-03-2013,10:42:40,0.1005
16-03-2013,11:42:41,0.1012
16-03-2013,12:42:42,0.0991
16-03-2013,13:42:43,0.0998
16-03-2013,14:42:44,0.0998
16-03-2013,15:42:45,0.1012
16-03-2013,16:42:46,0.1034
16-03-2013,17:42:47,0.1034
16-03-2013,18:42:48,0.1034
16-03-2013,19:42:49,0.1034
16-03-2013,20:42:50,0.1049
16-03-2013,21:42:51,0.1056
16-03-2013,22:42:52,0.1071
16-03-2013,23:42:53,0.1085
17-03-2013,00:42:54,0.1107
17-03-2013,01:42:55,0.1121
17-03-2013,02:42:56,0.1143
17-03-2013,03:42:57,0.1150
17-03-2013,04:42:58,0.1165
17-03-2013,05:42:59,0.1180
17-03-2013,06:43:00,0.1172
17-03-2013,07:43:01,0.1194
17-03-2013,08:43:02,0.1201
17-03-2013,09:43:03,0.1216
17-03-2013,10:43:04,0.1223
17-03-2013,11:43:05,0.1230
17-03-2013,12:43:06,0.1245
17-03-2013,13:43:07,0.1252
17-03-2013,14:43:08,0.1259
17-03-2013,15:43:09,0.1252
17-03-2013,16:43:10,0.1252
17-03-2013,17:43:11,0.1245
17-03-2013,18:43:12,0.1238
17-03-2013,19:43:13,0.1245
17-03-2013,20:43:14,0.1238
17-03-2013,21:43:15,0.1238
17-03-2013,22:43:16,0.1238
17-03-2013,23:43:17,0.1245
18-03-2013,00:43:18,0.1245
18-03-2013,01:43:19,0.1245
18-03-2013,02:43:20,0.1252
18-03-2013,03:43:21,0.1252
18-03-2013,04:43:22,0.1252
18-03-2013,05:43:23,0.1252
18-03-2013,06:43:24,0.1252
18-03-2013,07:43:25,0.1252
18-03-2013,08:43:26,0.1259
18-03-2013,09:43:27,0.1259
18-03-2013,10:43:28,0.1259
18-03-2013,11:43:29,0.1274
18-03-2013,12:43:30,0.1281
18-03-2013,13:43:31,0.1281
18-03-2013,14:43:32,0.1281
18-03-2013,15:43:33,0.1274
18-03-2013,16:43:34,0.1259
18-03-2013,17:43:35,0.1245
18-03-2013,18:43:36,0.1230
18-03-2013,19:43:37,0.1216
18-03-2013,20:43:38,0.1201
18-03-2013,21:43:39,0.1194
18-03-2013,22:43:40,0.1194
18-03-2013,23:43:41,0.1194
19-03-2013,00:43:42,0.1194
19-03-2013,01:43:43,0.1194
19-03-2013,02:43:44,0.1194
19-03-2013,03:43:45,0.1194
19-03-2013,04:43:46,0.1187
19-03-2013,05:43:47,0.1172
19-03-2013,06:43:48,0.1180
19-03-2013,07:43:49,0.1187
19-03-2013,08:43:50,0.1187
19-03-2013,09:43:51,0.1194
19-03-2013,10:43:52,0.1194
19-03-2013,11:43:53,0.1194
19-03-2013,12:43:54,0.1194
19-03-2013,13:43:55,0.1201
19-03-2013,14:43:56,0.1158
19-03-2013,15:43:57,0.1172
19-03-2013,16:43:58,0.1143
19-03-2013,17:43:59,0.2342
19-03-2013,18:44:00,0.2392
19-03-2013,19:44:01,0.2371
19-03-2013,20:44:02,0.2342
19-03-2013,21:44:03,0.2313
19-03-2013,22:44:04,0.2291
19-03-2013,23:44:05,0.2269
20-03-2013,00:44:06,0.2254
20-03-2013,01:44:07,0.2240
20-03-2013,02:44:08,0.2225
20-03-2013,03:44:09,0.2211
20-03-2013,04:44:10,0.2204
20-03-2013,05:44:11,0.2189
20-03-2013,06:44:12,0.2182
20-03-2013,07:44:13,0.2175
20-03-2013,08:44:14,0.2160
20-03-2013,09:44:15,0.2160
20-03-2013,10:44:16,0.2167
20-03-2013,11:44:17,0.2167
20-03-2013,12:44:18,0.2160
20-03-2013,13:44:19,0.2146
20-03-2013,14:44:20,0.2124
20-03-2013,15:44:21,0.2109
20-03-2013,16:44:22,0.2080
20-03-2013,17:44:23,0.2058
20-03-2013,18:44:24,0.2044
20-03-2013,19:44:25,0.2029
20-03-2013,20:44:26,0.2022
20-03-2013,21:44:27,0.2015
20-03-2013,22:44:28,0.2008
20-03-2013,23:44:29,0.2008
21-03-2013,00:44:30,0.2000
21-03-2013,01:44:31,0.2000
21-03-2013,02:44:32,0.1993
21-03-2013,03:44:33,0.2320
21-03-2013,04:44:34,0.2567
21-03-2013,05:44:35,0.2545
21-03-2013,06:44:36,0.2501
21-03-2013,07:44:37,0.2501
21-03-2013,08:44:38,0.2698
21-03-2013,09:44:39,0.2763
21-03-2013,10:44:40,0.2850
21-03-2013,11:44:41,0.2763
21-03-2013,12:44:42,0.2850
21-03-2013,13:44:43,0.2850
21-03-2013,14:44:44,0.2850
21-03-2013,15:44:45,0.2937
21-03-2013,16:44:46,0.2923
21-03-2013,17:44:47,0.2974
21-03-2013,18:44:48,0.2777
21-03-2013,19:44:49,0.2654
21-03-2013,20:44:50,0.2632
21-03-2013,21:44:51,0.2814
21-03-2013,22:44:52,0.2661
21-03-2013,23:44:53,0.2596
22-03-2013,00:44:54,0.2560
22-03-2013,01:44:55,0.2523
22-03-2013,02:44:56,0.2501
22-03-2013,03:44:57,0.2487
22-03-2013,04:44:58,0.2465
22-03-2013,05:44:59,0.2451
22-03-2013,06:45:00,0.2436
22-03-2013,07:45:01,0.2422
22-03-2013,08:45:02,0.2414
22-03-2013,09:45:03,0.2407
22-03-2013,10:45:04,0.2400
22-03-2013,11:45:05,0.2400
22-03-2013,12:45:06,0.2392
22-03-2013,13:45:07,0.2392
22-03-2013,14:45:08,0.2378
22-03-2013,15:45:09,0.2371
22-03-2013,16:45:10,0.2356
22-03-2013,17:45:11,0.2342
22-03-2013,18:45:12,0.2334
22-03-2013,19:45:13,0.2327
22-03-2013,20:45:14,0.2313
22-03-2013,21:45:15,0.2313
22-03-2013,22:45:16,0.2305
22-03-2013,23:45:17,0.2305
23-03-2013,00:45:18,0.2298
23-03-2013,01:45:19,0.2291
23-03-2013,02:45:20,0.2291
23-03-2013,03:45:21,0.2291
23-03-2013,04:45:22,0.2284
23-03-2013,05:45:23,0.2276
23-03-2013,06:45:24,0.2276
23-03-2013,07:45:25,0.2269
23-03-2013,08:45:26,0.2269
23-03-2013,09:45:27,0.2269
23-03-2013,10:45:28,0.2269
23-03-2013,11:45:29,0.2269
23-03-2013,12:45:30,0.2269
23-03-2013,13:45:31,0.2269
23-03-2013,14:45:32,0.2262
23-03-2013,15:45:33,0.2247
23-03-2013,16:45:34,0.2240
23-03-2013,17:45:35,0.2233
23-03-2013,18:45:36,0.2225
23-03-2013,19:45:37,0.2218
23-03-2013,20:45:38,0.2211
23-03-2013,21:45:39,0.2204
23-03-2013,22:45:40,0.2211
23-03-2013,23:45:41,0.2211
24-03-2013,00:45:42,0.2211
24-03-2013,01:45:43,0.2204
24-03-2013,02:45:44,0.2204
24-03-2013,03:45:45,0.2204
24-03-2013,04:45:46,0.2204
24-03-2013,05:45:47,0.2196
24-03-2013,06:45:48,0.2196
24-03-2013,07:45:49,0.2182
24-03-2013,08:45:50,0.2189
24-03-2013,09:45:51,0.2189
24-03-2013,10:45:52,0.2189
24-03-2013,11:45:53,0.2196
24-03-2013,12:45:54,0.2189
24-03-2013,13:45:55,0.2196
24-03-2013,14:45:56,0.2182
24-03-2013,15:45:57,0.2175
24-03-2013,16:45:58,0.2160
24-03-2013,17:45:59,0.2153
24-03-2013,18:46:00,0.2146
24-03-2013,19:46:01,0.2138
24-03-2013,20:46:02,0.2138
24-03-2013,21:46:03,0.2131
24-03-2013,22:46:04,0.2124
24-03-2013,23:46:05,0.2124
25-03-2013,00:46:06,0.2124
25-03-2013,01:46:07,0.2116
25-03-2013,02:46:08,0.2116
25-03-2013,03:46:09,0.2116
25-03-2013,04:46:10,0.2109
25-03-2013,05:46:11,0.2109
25-03-2013,06:46:12,0.2109
25-03-2013,07:46:13,0.2109
25-03-2013,08:46:14,0.2116
25-03-2013,09:46:15,0.2116
25-03-2013,10:46:16,0.2124
25-03-2013,11:46:17,0.2131
25-03-2013,12:46:18,0.2124
25-03-2013,13:46:19,0.2124
25-03-2013,14:46:20,0.2116
25-03-2013,15:46:21,0.2102
25-03-2013,16:46:22,0.2080
25-03-2013,17:46:23,0.2066
25-03-2013,18:46:24,0.2051
25-03-2013,19:46:25,0.2044
25-03-2013,20:46:26,0.2037
25-03-2013,21:46:27,0.2037
25-03-2013,22:46:28,0.2037
25-03-2013,23:46:29,0.2037
26-03-2013,00:46:30,0.2037
26-03-2013,01:46:31,0.2037
26-03-2013,02:46:32,0.2037
26-03-2013,03:46:33,0.2037
26-03-2013,04:46:34,0.2037
26-03-2013,05:46:35,0.2037
26-03-2013,06:46:36,0.2037
26-03-2013,07:46:37,0.2037
26-03-2013,08:46:38,0.2029
26-03-2013,09:46:39,0.2029
26-03-2013,10:46:40,0.2029
26-03-2013,11:46:41,0.2029
26-03-2013,12:46:42,0.2022
26-03-2013,13:46:43,0.2022
26-03-2013,14:46:44,0.2015
26-03-2013,15:46:45,0.1993
26-03-2013,16:46:46,0.1978
26-03-2013,17:46:47,0.1964
26-03-2013,18:46:48,0.1949
26-03-2013,19:46:49,0.1942
26-03-2013,20:46:50,0.1942
26-03-2013,21:46:51,0.1935
26-03-2013,22:46:52,0.1935
26-03-2013,23:46:53,0.1935
27-03-2013,00:46:54,0.1935
27-03-2013,01:46:55,0.1935
27-03-2013,02:46:56,0.1928
27-03-2013,03:46:57,0.1935
27-03-2013,04:46:58,0.1935
27-03-2013,05:46:59,0.1928
27-03-2013,06:47:00,0.1928
27-03-2013,07:47:01,0.1928
27-03-2013,08:47:02,0.1935
27-03-2013,09:47:03,0.1928
27-03-2013,10:47:04,0.1928
27-03-2013,11:47:05,0.1928
27-03-2013,12:47:06,0.1928
27-03-2013,13:47:07,0.1920
27-03-2013,14:47:08,0.1913
27-03-2013,15:47:09,0.1899
27-03-2013,16:47:10,0.1884
27-03-2013,17:47:11,0.1870
27-03-2013,18:47:12,0.1855
27-03-2013,19:47:13,0.1848
27-03-2013,20:47:14,0.1848
27-03-2013,21:47:15,0.2589
27-03-2013,22:47:16,0.2865
27-03-2013,23:47:17,0.2857
28-03-2013,00:47:18,0.2698
28-03-2013,01:47:19,0.2625
28-03-2013,02:47:20,0.2581
28-03-2013,03:47:21,0.2589
28-03-2013,04:47:22,0.2734
28-03-2013,05:47:23,0.2930
28-03-2013,06:47:24,0.2923
28-03-2013,07:47:25,0.2966
28-03-2013,08:47:26,0.3126
28-03-2013,09:47:27,0.3133
28-03-2013,10:47:28,0.2974
28-03-2013,11:47:29,0.2944
28-03-2013,12:47:30,0.3010
28-03-2013,13:47:31,0.3046
28-03-2013,14:47:32,0.2806
28-03-2013,15:47:33,0.2705
28-03-2013,16:47:34,0.2647
28-03-2013,17:47:35,0.2610
28-03-2013,18:47:36,0.2596
28-03-2013,19:47:37,0.2567
28-03-2013,20:47:38,0.2756
28-03-2013,21:47:39,0.2690
28-03-2013,22:47:40,0.2661
28-03-2013,23:47:41,0.2625
29-03-2013,00:47:42,0.2596
29-03-2013,01:47:43,0.2574
29-03-2013,02:47:44,0.2552
29-03-2013,03:47:45,0.2530
29-03-2013,04:47:46,0.2523
29-03-2013,05:47:47,0.2509
29-03-2013,06:47:48,0.2501
29-03-2013,07:47:49,0.2487
29-03-2013,08:47:50,0.2465
29-03-2013,09:47:51,0.2451
29-03-2013,10:47:52,0.2465
29-03-2013,11:47:53,0.2472
29-03-2013,12:47:54,0.2472
29-03-2013,13:47:55,0.2465
29-03-2013,14:47:56,0.2451
29-03-2013,15:47:57,0.2429
29-03-2013,16:47:58,0.2407
29-03-2013,17:47:59,0.2385
29-03-2013,18:48:00,0.2371
29-03-2013,19:48:01,0.2356
29-03-2013,20:48:02,0.2342
29-03-2013,21:48:03,0.2349
29-03-2013,22:48:04,0.2342
29-03-2013,23:48:05,0.2327
30-03-2013,00:48:06,0.2313
30-03-2013,01:48:07,0.2313
30-03-2013,02:48:08,0.2305
30-03-2013,03:48:09,0.2305
30-03-2013,04:48:10,0.2298
30-03-2013,05:48:11,0.2298
30-03-2013,06:48:12,0.2291
30-03-2013,07:48:13,0.2291
30-03-2013,08:48:14,0.2291
30-03-2013,09:48:15,0.2291
30-03-2013,10:48:16,0.2298
30-03-2013,11:48:17,0.2298
30-03-2013,12:48:18,0.2298
30-03-2013,13:48:19,0.2291
30-03-2013,14:48:20,0.2291
30-03-2013,15:48:21,0.2276
30-03-2013,16:48:22,0.2262
30-03-2013,17:48:23,0.2254
30-03-2013,18:48:24,0.2247
30-03-2013,19:48:25,0.2240
30-03-2013,20:48:26,0.2233
30-03-2013,21:48:27,0.2233
30-03-2013,22:48:28,0.2225
30-03-2013,23:48:29,0.2225
31-03-2013,00:48:30,0.2218
31-03-2013,01:48:31,0.2211
31-03-2013,02:48:32,0.2211
31-03-2013,03:48:33,0.2211
31-03-2013,04:48:34,0.2211
31-03-2013,05:48:35,0.2211
31-03-2013,06:48:36,0.2211
31-03-2013,07:48:37,0.2211
31-03-2013,08:48:38,0.2211
31-03-2013,09:48:39,0.2240
31-03-2013,10:48:40,0.2262
31-03-2013,11:48:41,0.2284
31-03-2013,12:48:42,0.2298
31-03-2013,13:48:43,0.2313
31-03-2013,14:48:44,0.2327
31-03-2013,15:48:45,0.2313
31-03-2013,16:48:46,0.2298
31-03-2013,17:48:47,0.2291
31-03-2013,18:48:48,0.2291
31-03-2013,19:48:49,0.2284
31-03-2013,20:48:50,0.2276
31-03-2013,21:48:51,0.2269
31-03-2013,22:48:52,0.2269
31-03-2013,23:48:53,0.2262
01-04-2013,00:48:54,0.2254
01-04-2013,01:48:55,0.2247
01-04-2013,02:48:56,0.2247
01-04-2013,03:48:57,0.2247
01-04-2013,04:48:58,0.2247
01-04-2013,05:48:59,0.2247
01-04-2013,06:49:00,0.2240
01-04-2013,07:49:01,0.2240
01-04-2013,08:49:02,0.2240
01-04-2013,09:49:03,0.2247
01-04-2013,10:49:04,0.2254
01-04-2013,11:49:05,0.2254
01-04-2013,12:49:06,0.2254
01-04-2013,13:49:07,0.2262
01-04-2013,14:49:08,0.2247
01-04-2013,15:49:09,0.2233
01-04-2013,16:49:10,0.2218
01-04-2013,17:49:11,0.2204
01-04-2013,18:49:12,0.2204
01-04-2013,19:49:13,0.2189
01-04-2013,20:49:14,0.2182
01-04-2013,21:49:15,0.2175
01-04-2013,22:49:16,0.2175
01-04-2013,23:49:17,0.2167
02-04-2013,00:49:18,0.2167
02-04-2013,01:49:19,0.2160
02-04-2013,02:49:20,0.2160
02-04-2013,03:49:21,0.2160
02-04-2013,04:49:22,0.2160
02-04-2013,05:49:23,0.2153
02-04-2013,06:49:24,0.2153
02-04-2013,07:49:25,0.2153
02-04-2013,08:49:26,0.2153
02-04-2013,09:49:27,0.2160
02-04-2013,10:49:28,0.2167
02-04-2013,11:49:29,0.2167
02-04-2013,12:49:30,0.2160
02-04-2013,13:49:31,0.2160
02-04-2013,14:49:32,0.2153
02-04-2013,15:49:33,0.2131
02-04-2013,16:49:34,0.2124
02-04-2013,17:49:35,0.2116
02-04-2013,18:49:36,0.2109
02-04-2013,19:49:37,0.2102
02-04-2013,20:49:38,0.2095
02-04-2013,21:49:39,0.2095
02-04-2013,22:49:40,0.2087
02-04-2013,23:49:41,0.2080
03-04-2013,00:49:42,0.2080
03-04-2013,01:49:43,0.2080
03-04-2013,02:49:44,0.2073
03-04-2013,03:49:45,0.2080
03-04-2013,04:49:46,0.2073
03-04-2013,05:49:47,0.2073
03-04-2013,06:49:48,0.2073
03-04-2013,07:49:49,0.2073
03-04-2013,08:49:50,0.2066
03-04-2013,09:49:51,0.2073
03-04-2013,10:49:52,0.2080
03-04-2013,11:49:53,0.2073
03-04-2013,12:49:54,0.2080
03-04-2013,13:49:55,0.2087
03-04-2013,14:49:56,0.2080
03-04-2013,15:49:57,0.2066
03-04-2013,16:49:58,0.2051
03-04-2013,17:49:59,0.2029
03-04-2013,18:50:00,0.2022
03-04-2013,19:50:01,0.2022
03-04-2013,20:50:02,0.2022
03-04-2013,21:50:03,0.2022
03-04-2013,22:50:04,0.2015
03-04-2013,23:50:05,0.2015
04-04-2013,00:50:06,0.2000
04-04-2013,01:50:07,0.2000
04-04-2013,02:50:08,0.2000
04-04-2013,03:50:09,0.2000
04-04-2013,04:50:10,0.2000
04-04-2013,05:50:11,0.1993
04-04-2013,06:50:12,0.2000
04-04-2013,07:50:13,0.2000
04-04-2013,08:50:14,0.2008
04-04-2013,09:50:15,0.2008
04-04-2013,10:50:16,0.2008
04-04-2013,11:50:17,0.2008
04-04-2013,12:50:18,0.2000
04-04-2013,13:50:19,0.2000
04-04-2013,14:50:20,0.1986
04-04-2013,15:50:21,0.1986
04-04-2013,16:50:22,0.1978
04-04-2013,17:50:23,0.1978
04-04-2013,18:50:24,0.1971
04-04-2013,19:50:25,0.1964
04-04-2013,20:50:26,0.1964
04-04-2013,21:50:27,0.1957
04-04-2013,22:50:28,0.1949
04-04-2013,23:50:29,0.1949
05-04-2013,00:50:30,0.1942
05-04-2013,01:50:31,0.1942
05-04-2013,02:50:32,0.1942
05-04-2013,03:50:33,0.1942
05-04-2013,04:50:34,0.1949
05-04-2013,05:50:35,0.1942
05-04-2013,06:50:36,0.1942
05-04-2013,07:50:37,0.1942
05-04-2013,08:50:38,0.1935
05-04-2013,09:50:39,0.1942
05-04-2013,10:50:40,0.1957
05-04-2013,11:50:41,0.1957
05-04-2013,12:50:42,0.1957
05-04-2013,13:50:43,0.1957
05-04-2013,14:50:44,0.1957
05-04-2013,15:50:45,0.1949
05-04-2013,16:50:46,0.1949
05-04-2013,17:50:47,0.1942
05-04-2013,18:50:48,0.1942
05-04-2013,19:50:49,0.1935
05-04-2013,20:50:50,0.1935
05-04-2013,21:50:51,0.1928
05-04-2013,22:50:52,0.1920
05-04-2013,23:50:53,0.1920
06-04-2013,00:50:54,0.1920
06-04-2013,01:50:55,0.1920
06-04-2013,02:50:56,0.1913
06-04-2013,03:50:57,0.1913
06-04-2013,04:50:58,0.1906
06-04-2013,05:50:59,0.1906
06-04-2013,06:51:00,0.1913
06-04-2013,07:51:01,0.1906
06-04-2013,08:51:02,0.1913
06-04-2013,09:51:03,0.1913
06-04-2013,10:51:04,0.1928
06-04-2013,11:51:05,0.1928
06-04-2013,12:51:06,0.1928
06-04-2013,13:51:07,0.1928
06-04-2013,14:51:08,0.1942
06-04-2013,15:51:09,0.2596
06-04-2013,16:51:10,0.2625
06-04-2013,17:51:11,0.2668
06-04-2013,18:51:12,0.2690
06-04-2013,19:51:13,0.2698
06-04-2013,20:51:14,0.2654
06-04-2013,21:51:15,0.2618
06-04-2013,22:51:16,0.2581
06-04-2013,23:51:17,0.2552
07-04-2013,00:51:18,0.2530
07-04-2013,01:51:19,0.2501
07-04-2013,02:51:20,0.2494
07-04-2013,03:51:21,0.2472
07-04-2013,04:51:22,0.2465
07-04-2013,05:51:23,0.2451
07-04-2013,06:51:24,0.2443
07-04-2013,07:51:25,0.2436
07-04-2013,08:51:26,0.2429
07-04-2013,09:51:27,0.2429
07-04-2013,10:51:28,0.2429
07-04-2013,11:51:29,0.2436
07-04-2013,12:51:30,0.2436
07-04-2013,13:51:31,0.2429
07-04-2013,14:51:32,0.2414
07-04-2013,15:51:33,0.2392
07-04-2013,16:51:34,0.2378
07-04-2013,17:51:35,0.2356
07-04-2013,18:51:36,0.2806
07-04-2013,19:51:37,0.2734
07-04-2013,20:51:38,0.2683
07-04-2013,21:51:39,0.2639
07-04-2013,22:51:40,0.2603
07-04-2013,23:51:41,0.2574
08-04-2013,00:51:42,0.2545
08-04-2013,01:51:43,0.2530
08-04-2013,02:51:44,0.2516
08-04-2013,03:51:45,0.2501
08-04-2013,04:51:46,0.2487
08-04-2013,05:51:47,0.2472
08-04-2013,06:51:48,0.2465
08-04-2013,07:51:49,0.2458
08-04-2013,08:51:50,0.2451
08-04-2013,09:51:51,0.2458
08-04-2013,10:51:52,0.2465
08-04-2013,11:51:53,0.2472
08-04-2013,12:51:54,0.2472
08-04-2013,13:51:55,0.2465
08-04-2013,14:51:56,0.2458
08-04-2013,15:51:57,0.2487
08-04-2013,16:51:58,0.3090
08-04-2013,17:51:59,0.3075
08-04-2013,18:52:00,0.2865
08-04-2013,19:52:01,0.2770
08-04-2013,20:52:02,0.2836
08-04-2013,21:52:03,0.2727
08-04-2013,22:52:04,0.2668
08-04-2013,23:52:05,0.2632
09-04-2013,00:52:06,0.2603
09-04-2013,01:52:07,0.2581
09-04-2013,02:52:08,0.2567
09-04-2013,03:52:09,0.2545
09-04-2013,04:52:10,0.2530
09-04-2013,05:52:11,0.2523
09-04-2013,06:52:12,0.2509
09-04-2013,07:52:13,0.2501
09-04-2013,08:52:14,0.2494
09-04-2013,09:52:15,0.2501
09-04-2013,10:52:16,0.2516
09-04-2013,11:52:17,0.2530
09-04-2013,12:52:18,0.2530
09-04-2013,13:52:19,0.2523
09-04-2013,14:52:20,0.2509
09-04-2013,15:52:21,0.2487
09-04-2013,16:52:22,0.2480
09-04-2013,17:52:23,0.2589
09-04-2013,18:52:24,0.2952
09-04-2013,19:52:25,0.2799
09-04-2013,20:52:26,0.2719
09-04-2013,21:52:27,0.2668
09-04-2013,22:52:28,0.2632
09-04-2013,23:52:29,0.2603
10-04-2013,00:52:30,0.2581
10-04-2013,01:52:31,0.2560
10-04-2013,02:52:32,0.2545
10-04-2013,03:52:33,0.2530
10-04-2013,04:52:34,0.2516
10-04-2013,05:52:35,0.2509
10-04-2013,06:52:36,0.2501
10-04-2013,07:52:37,0.2487
10-04-2013,08:52:38,0.2487
10-04-2013,09:52:39,0.2487
10-04-2013,10:52:40,0.2494
10-04-2013,11:52:41,0.2494
10-04-2013,12:52:42,0.2501
10-04-2013,13:52:43,0.2494
10-04-2013,14:52:44,0.2487
10-04-2013,15:52:45,0.2472
10-04-2013,16:52:46,0.2451
10-04-2013,17:52:47,0.2436
10-04-2013,18:52:48,0.2429
10-04-2013,19:52:49,0.2422
10-04-2013,20:52:50,0.2414
10-04-2013,21:52:51,0.2407
10-04-2013,22:52:52,0.2392
10-04-2013,23:52:53,0.2385
11-04-2013,00:52:54,0.2385
11-04-2013,01:52:55,0.2378
11-04-2013,02:52:56,0.2371
11-04-2013,03:52:57,0.2371
11-04-2013,04:52:58,0.2371
11-04-2013,05:52:59,0.2363
11-04-2013,06:53:00,0.2363
11-04-2013,07:53:01,0.2363
11-04-2013,08:53:02,0.2363
11-04-2013,09:53:03,0.2371
11-04-2013,10:53:04,0.2371
11-04-2013,11:53:05,0.2371
11-04-2013,12:53:06,0.2371
11-04-2013,13:53:07,0.2363
11-04-2013,14:53:08,0.2349
11-04-2013,15:53:09,0.2349
11-04-2013,16:53:10,0.2334
11-04-2013,17:53:11,0.2320
11-04-2013,18:53:12,0.2313
11-04-2013,19:53:13,0.2305
11-04-2013,20:53:14,0.2305
11-04-2013,21:53:15,0.2298
11-04-2013,22:53:16,0.2291
11-04-2013,23:53:17,0.2284
12-04-2013,00:53:18,0.2276
12-04-2013,01:53:19,0.2284
12-04-2013,02:53:20,0.2284
12-04-2013,03:53:21,0.2276
12-04-2013,04:53:22,0.2276
12-04-2013,05:53:23,0.2276
12-04-2013,06:53:24,0.2276
12-04-2013,07:53:25,0.2276
12-04-2013,08:53:26,0.2276
12-04-2013,09:53:27,0.2276
12-04-2013,10:53:28,0.2284
12-04-2013,11:53:29,0.2284
12-04-2013,12:53:30,0.2291
12-04-2013,13:53:31,0.2291
12-04-2013,14:53:32,0.2291
12-04-2013,15:53:33,0.2284
12-04-2013,16:53:34,0.2269
12-04-2013,17:53:35,0.2262
12-04-2013,18:53:36,0.2262
12-04-2013,19:53:37,0.2254
12-04-2013,20:53:38,0.2247
12-04-2013,21:53:39,0.2247
12-04-2013,22:53:40,0.2247
12-04-2013,23:53:41,0.2240
13-04-2013,00:53:42,0.2240
13-04-2013,01:53:43,0.2240
13-04-2013,02:53:44,0.2233
13-04-2013,03:53:45,0.2240
13-04-2013,04:53:46,0.2240
13-04-2013,05:53:47,0.2233
13-04-2013,06:53:48,0.2233
13-04-2013,07:53:49,0.2233
13-04-2013,08:53:50,0.2233
13-04-2013,09:53:51,0.2240
13-04-2013,10:53:52,0.2240
13-04-2013,11:53:53,0.2240
13-04-2013,12:53:54,0.2240
13-04-2013,13:53:55,0.2240
13-04-2013,14:53:56,0.2247
13-04-2013,15:53:57,0.2240
13-04-2013,16:53:58,0.2233
13-04-2013,17:53:59,0.2225
13-04-2013,18:54:00,0.2218
13-04-2013,19:54:01,0.2218
13-04-2013,20:54:02,0.2211
13-04-2013,21:54:03,0.2211
13-04-2013,22:54:04,0.2211
13-04-2013,23:54:05,0.2211
14-04-2013,00:54:06,0.2204
14-04-2013,01:54:07,0.2204
14-04-2013,02:54:08,0.2204
14-04-2013,03:54:09,0.2204
14-04-2013,04:54:10,0.2196
14-04-2013,05:54:11,0.2196
14-04-2013,06:54:12,0.2196
14-04-2013,07:54:13,0.2196
14-04-2013,08:54:14,0.2196
14-04-2013,09:54:15,0.2196
14-04-2013,10:54:16,0.2204
14-04-2013,11:54:17,0.2204
14-04-2013,12:54:18,0.2204
14-04-2013,13:54:19,0.2196
14-04-2013,14:54:20,0.2189
14-04-2013,15:54:21,0.2182
14-04-2013,16:54:22,0.2182
14-04-2013,17:54:23,0.2167
14-04-2013,18:54:24,0.2167
14-04-2013,19:54:25,0.2167
14-04-2013,20:54:26,0.2167
14-04-2013,21:54:27,0.2167
14-04-2013,22:54:28,0.2167
14-04-2013,23:54:29,0.2175
15-04-2013,00:54:30,0.2567
15-04-2013,01:54:31,0.3003
15-04-2013,02:54:32,0.2806
15-04-2013,03:54:33,0.2719
15-04-2013,04:54:34,0.2676
15-04-2013,05:54:35,0.2639
15-04-2013,06:54:36,0.2610
15-04-2013,07:54:37,0.2596
15-04-2013,08:54:38,0.2574
15-04-2013,09:54:39,0.2567
15-04-2013,10:54:40,0.2560
15-04-2013,11:54:41,0.2560
15-04-2013,12:54:42,0.2552
15-04-2013,13:54:43,0.2538
15-04-2013,14:54:44,0.2523
15-04-2013,15:54:45,0.2501
15-04-2013,16:54:46,0.2494
15-04-2013,17:54:47,0.2480
15-04-2013,18:54:48,0.2472
15-04-2013,19:54:49,0.2458
15-04-2013,20:54:50,0.2458
15-04-2013,21:54:51,0.2458
15-04-2013,22:54:52,0.2465
15-04-2013,23:54:53,0.2472
16-04-2013,00:54:54,0.2501
16-04-2013,01:54:55,0.2560
16-04-2013,02:54:56,0.2618
16-04-2013,03:54:57,0.2647
16-04-2013,04:54:58,0.2654
16-04-2013,05:54:59,0.2661
16-04-2013,06:55:00,0.2661
16-04-2013,07:55:01,0.2647
16-04-2013,08:55:02,0.2632
16-04-2013,09:55:03,0.2625
16-04-2013,10:55:04,0.2618
16-04-2013,11:55:05,0.2610
16-04-2013,12:55:06,0.2603
16-04-2013,13:55:07,0.2596
16-04-2013,14:55:08,0.2574
16-04-2013,15:55:09,0.2560
16-04-2013,16:55:10,0.2538
16-04-2013,17:55:11,0.2516
16-04-2013,18:55:12,0.2501
16-04-2013,19:55:13,0.2494
16-04-2013,20:55:14,0.2487
16-04-2013,21:55:15,0.2480
16-04-2013,22:55:16,0.2472
16-04-2013,23:55:17,0.2465
17-04-2013,00:55:18,0.2465
17-04-2013,01:55:19,0.2451
17-04-2013,02:55:20,0.2443
17-04-2013,03:55:21,0.2436
17-04-2013,04:55:22,0.2436
17-04-2013,05:55:23,0.2429
17-04-2013,06:55:24,0.2429
17-04-2013,07:55:25,0.2422
17-04-2013,08:55:26,0.2422
17-04-2013,09:55:27,0.2422
17-04-2013,10:55:28,0.2429
17-04-2013,11:55:29,0.2429
17-04-2013,12:55:30,0.2422
17-04-2013,13:55:31,0.2422
17-04-2013,14:55:32,0.2407
17-04-2013,15:55:33,0.2392
17-04-2013,16:55:34,0.2385
17-04-2013,17:55:35,0.2378
17-04-2013,18:55:36,0.2371
17-04-2013,19:55:37,0.2356
17-04-2013,20:55:38,0.2356
17-04-2013,21:55:39,0.2349
17-04-2013,22:55:40,0.2342
17-04-2013,23:55:41,0.2342
18-04-2013,00:55:42,0.2334
18-04-2013,01:55:43,0.2327
18-04-2013,02:55:44,0.2334
18-04-2013,03:55:45,0.2327
18-04-2013,04:55:46,0.2327
18-04-2013,05:55:47,0.2320
18-04-2013,06:55:48,0.2320
18-04-2013,07:55:49,0.2313
18-04-2013,08:55:50,0.2320
18-04-2013,09:55:51,0.2320
18-04-2013,10:55:52,0.2327
18-04-2013,11:55:53,0.2334
18-04-2013,12:55:54,0.2334
18-04-2013,13:55:55,0.2334
