"Date","Time, GMT+11:00","Temp, °C (LGR S/N: 9832565, SEN S/N: 9818222, LBL: Ambient)","RH, % (LGR S/N: 9832565, SEN S/N: 9818222)","Temp, °C (LGR S/N: 9832565, SEN S/N: 9824748, LBL: 3cmBG)","Water Content, m³/m³ (LGR S/N: 9832565, SEN S/N: 9833766, LBL: 10cmBG)","DewPt, °C (LGR S/N: 9832565, SEN S/N: 9818222)"
24/10/15,16:03:34,15.318,61.300,19.318,0.2639,7.9
24/10/15,17:03:35,14.505,60.100,18.961,0.2639,6.9
24/10/15,18:03:36,10.687,68.600,15.342,0.2632,5.2
24/10/15,19:03:37,8.618,76.000,12.219,0.2625,4.6
24/10/15,20:03:38,6.000,83.800,9.682,0.2625,3.5
24/10/15,21:03:39,5.282,87.200,8.220,0.2618,3.3
24/10/15,22:03:40,4.246,90.500,7.041,0.2610,2.8
24/10/15,23:03:41,3.248,88.100,5.719,0.2603,1.5
25/10/15,00:03:42,3.380,88.100,4.688,0.2603,1.6
25/10/15,01:03:43,5.488,96.800,4.895,0.2596,5.0
25/10/15,02:03:44,4.714,94.300,5.154,0.2589,3.9
25/10/15,03:03:45,3.880,95.000,4.558,0.2589,3.2
25/10/15,04:03:46,1.643,89.200,3.722,0.2589,0.1
25/10/15,05:03:47,1.561,91.900,2.956,0.2589,0.4
25/10/15,06:03:48,0.632,91.200,2.477,0.2581,-0.6
25/10/15,07:03:49,3.063,91.400,2.396,0.2581,1.8
25/10/15,08:03:50,7.494,86.000,3.485,0.2574,5.3
25/10/15,09:03:51,10.980,69.000,5.308,0.2581,5.5
25/10/15,10:03:52,14.050,60.200,8.220,0.2574,6.5
25/10/15,11:03:53,16.487,56.600,12.630,0.2574,7.9
25/10/15,12:03:54,17.130,51.600,17.249,0.2581,7.1
25/10/15,13:03:55,18.224,50.200,20.817,0.2581,7.7
25/10/15,14:03:56,19.318,49.900,21.843,0.2581,8.6
25/10/15,15:03:57,15.199,51.300,21.223,0.2581,5.2
25/10/15,16:03:58,12.920,62.000,17.891,0.2581,5.8
25/10/15,17:03:59,16.534,56.600,17.629,0.2581,7.9
25/10/15,18:04:00,14.529,58.400,16.296,0.2574,6.5
25/10/15,19:04:01,10.858,65.700,13.353,0.2567,4.7
25/10/15,20:04:02,10.198,69.200,11.078,0.2560,4.8
25/10/15,21:04:03,10.932,63.100,10.100,0.2560,4.2
25/10/15,22:04:04,10.492,62.600,9.632,0.2552,3.7
25/10/15,23:04:05,10.173,62.300,9.287,0.2552,3.3
26/10/15,00:04:06,10.638,61.600,9.089,0.2552,3.6
26/10/15,01:04:07,9.583,64.100,8.941,0.2545,3.1
26/10/15,02:04:08,9.558,67.700,8.245,0.2545,3.9
26/10/15,03:04:09,10.051,62.800,8.070,0.2545,3.3
26/10/15,04:04:10,10.810,60.200,8.170,0.2538,3.4
26/10/15,05:04:11,10.443,63.200,8.195,0.2538,3.8
26/10/15,06:04:12,9.608,64.700,8.170,0.2538,3.3
26/10/15,07:04:13,8.245,77.600,8.170,0.2538,4.6
26/10/15,08:04:14,9.262,79.900,8.319,0.2530,6.0
26/10/15,09:04:15,13.834,62.400,8.916,0.2530,6.8
26/10/15,10:04:16,15.438,54.500,11.078,0.2530,6.3
26/10/15,11:04:17,17.034,52.500,15.127,0.2530,7.3
26/10/15,12:04:18,17.962,49.900,19.460,0.2530,7.4
26/10/15,13:04:19,19.793,49.200,23.424,0.2538,8.8
26/10/15,14:04:20,22.274,46.300,26.573,0.2538,10.2
26/10/15,15:04:21,16.249,57.500,24.484,0.2538,7.9
26/10/15,16:04:22,11.321,80.700,17.819,0.2538,8.1
26/10/15,17:04:23,9.089,91.600,14.050,0.2530,7.8
26/10/15,18:04:24,8.494,94.100,12.147,0.2523,7.6
26/10/15,19:04:25,7.116,94.800,10.858,0.2516,6.3
26/10/15,20:04:26,6.128,95.600,9.632,0.2509,5.5
26/10/15,21:04:27,5.821,96.600,8.717,0.2509,5.3
26/10/15,22:04:28,5.076,97.200,7.920,0.2516,4.7
26/10/15,23:04:29,4.298,97.400,7.091,0.2516,3.9
27/10/15,00:04:30,3.932,97.800,6.408,0.2516,3.6
27/10/15,01:04:31,3.854,98.300,5.975,0.2516,3.6
27/10/15,02:04:32,3.459,98.400,5.668,0.2516,3.2
27/10/15,03:04:33,3.009,98.400,5.308,0.2516,2.8
27/10/15,04:04:34,2.557,98.300,4.895,0.2509,2.3
27/10/15,05:04:35,1.832,97.900,4.402,0.2509,1.5
27/10/15,06:04:36,1.507,97.700,3.880,0.2509,1.2
27/10/15,07:04:37,1.371,97.500,3.617,0.2501,1.0
27/10/15,08:04:38,2.074,97.400,3.854,0.2501,1.7
27/10/15,09:04:39,5.179,98.400,4.973,0.2501,5.0
27/10/15,10:04:40,9.805,96.200,6.611,0.2509,9.2
27/10/15,11:04:41,13.930,84.700,11.929,0.2509,11.4
27/10/15,12:04:42,18.343,69.700,17.819,0.2516,12.7
27/10/15,13:04:43,20.936,60.800,21.963,0.2523,13.1
27/10/15,14:04:44,22.465,56.900,24.388,0.2530,13.5
27/10/15,15:04:45,23.689,51.500,25.890,0.2538,13.1
27/10/15,16:04:46,22.896,47.100,26.012,0.2538,11.0
27/10/15,17:04:47,20.579,47.500,23.857,0.2538,9.0
27/10/15,18:04:48,17.296,51.400,19.151,0.2538,7.2
27/10/15,19:04:49,9.336,61.900,14.385,0.2523,2.4
27/10/15,20:04:50,4.376,74.900,10.663,0.2516,0.3
27/10/15,21:04:51,1.940,75.000,7.745,0.2509,-2.0
27/10/15,22:04:52,0.522,74.300,5.796,0.2501,-3.5
27/10/15,23:04:53,-1.270,70.800,4.168,0.2501,-5.9
28/10/15,00:04:54,-1.270,73.200,3.116,0.2494,-5.4
28/10/15,01:04:55,-1.470,76.600,2.584,0.2487,-5.0
28/10/15,02:04:56,-2.073,74.400,2.047,0.2480,-6.0
28/10/15,03:04:57,-3.568,71.600,1.561,0.2480,-8.0
28/10/15,04:04:58,-4.408,69.300,1.071,0.2472,-9.2
28/10/15,05:04:59,-5.079,68.600,0.632,0.2472,-10.0
28/10/15,06:05:00,-5.233,68.100,0.246,0.2465,-10.2
28/10/15,07:05:01,-4.439,71.800,-0.032,0.2465,-8.8
28/10/15,08:05:02,0.467,91.600,0.024,0.2465,-0.7
28/10/15,09:05:03,8.270,93.400,0.301,0.2472,7.3
28/10/15,10:05:04,13.954,64.000,3.958,0.2472,7.3
28/10/15,11:05:05,18.985,51.200,13.064,0.2480,8.7
28/10/15,12:05:06,22.896,47.100,20.412,0.2487,11.0
28/10/15,13:05:07,24.605,44.900,25.113,0.2494,11.9
28/10/15,14:05:08,27.210,40.600,27.998,0.2501,12.7
28/10/15,15:05:09,28.816,38.900,29.565,0.2509,13.5
28/10/15,16:05:10,16.487,46.500,25.307,0.2509,5.0
28/10/15,17:05:11,15.318,57.100,19.912,0.2509,6.9
28/10/15,18:05:12,11.832,65.200,16.511,0.2501,5.5
28/10/15,19:05:13,10.026,74.800,13.858,0.2494,5.8
28/10/15,20:05:14,6.230,78.800,11.273,0.2494,2.8
28/10/15,21:05:15,3.696,78.500,8.866,0.2487,0.3
28/10/15,22:05:16,2.850,81.600,7.368,0.2472,0.0
28/10/15,23:05:17,1.967,81.500,6.230,0.2472,-0.9
29/10/15,00:05:18,1.289,81.700,5.360,0.2465,-1.5
29/10/15,01:05:19,0.852,82.000,4.610,0.2465,-1.9
29/10/15,02:05:20,0.051,81.000,3.985,0.2465,-2.8
29/10/15,03:05:21,0.246,84.100,3.538,0.2458,-2.1
29/10/15,04:05:22,-0.451,82.100,3.089,0.2451,-3.1
29/10/15,05:05:23,-0.507,82.500,2.690,0.2451,-3.1
29/10/15,06:05:24,-0.648,81.800,2.343,0.2451,-3.4
29/10/15,07:05:25,-0.143,84.100,2.209,0.2443,-2.5
29/10/15,08:05:26,3.406,93.600,2.690,0.2451,2.5
29/10/15,09:05:27,10.394,88.900,4.376,0.2451,8.7
29/10/15,10:05:28,14.792,64.100,8.120,0.2458,8.1
29/10/15,11:05:29,18.319,53.400,14.864,0.2458,8.7
29/10/15,12:05:30,14.242,54.500,16.487,0.2458,5.2
29/10/15,13:05:31,23.088,52.700,20.055,0.2465,12.9
29/10/15,14:05:32,14.050,50.900,21.294,0.2465,4.1
29/10/15,15:05:33,16.177,54.000,18.319,0.2465,6.9
29/10/15,16:05:34,13.185,58.700,18.033,0.2472,5.3
29/10/15,17:05:35,12.243,71.400,14.290,0.2472,7.2
29/10/15,18:05:36,11.807,71.200,13.690,0.2465,6.8
29/10/15,19:05:37,10.883,76.700,11.977,0.2465,7.0
29/10/15,20:05:38,6.636,82.900,10.345,0.2465,3.9
29/10/15,21:05:39,4.714,86.500,8.270,0.2458,2.7
29/10/15,22:05:40,2.370,81.200,6.687,0.2458,-0.5
29/10/15,23:05:41,1.588,82.000,5.539,0.2451,-1.2
30/10/15,00:05:42,1.724,85.100,4.895,0.2443,-0.5
30/10/15,01:05:43,0.770,83.600,4.272,0.2443,-1.7
30/10/15,02:05:44,0.852,86.100,3.854,0.2443,-1.2
30/10/15,03:05:45,0.024,82.900,3.327,0.2436,-2.5
30/10/15,04:05:46,-0.199,83.200,2.877,0.2436,-2.7
30/10/15,05:05:47,1.044,89.500,2.637,0.2436,-0.5
30/10/15,06:05:48,1.344,93.900,2.637,0.2436,0.5
30/10/15,07:05:49,4.714,98.200,3.089,0.2429,4.5
30/10/15,08:05:50,7.770,93.400,4.558,0.2436,6.8
30/10/15,09:05:51,11.297,75.700,6.077,0.2436,7.2
30/10/15,10:05:52,14.697,62.200,9.089,0.2436,7.6
30/10/15,11:05:53,17.225,54.100,14.529,0.2443,7.9
30/10/15,12:05:54,18.081,53.900,18.461,0.2443,8.6
30/10/15,13:05:55,18.081,52.400,20.841,0.2451,8.2
30/10/15,14:05:56,20.555,47.800,24.171,0.2458,9.1
30/10/15,15:05:57,20.674,45.400,25.671,0.2458,8.5
30/10/15,16:05:58,18.913,49.300,24.050,0.2458,8.1
30/10/15,17:05:59,15.175,56.400,20.460,0.2458,6.6
30/10/15,18:06:00,14.984,58.600,18.247,0.2458,7.0
30/10/15,19:06:01,13.209,61.900,15.724,0.2451,6.1
30/10/15,20:06:02,8.792,79.000,12.871,0.2443,5.4
30/10/15,21:06:03,5.514,79.400,10.173,0.2443,2.2
30/10/15,22:06:04,4.532,83.600,8.494,0.2436,2.0
30/10/15,23:06:05,3.958,85.000,7.393,0.2429,1.7
31/10/15,00:06:06,4.246,88.400,6.712,0.2429,2.5
31/10/15,01:06:07,8.245,98.600,7.293,0.2429,8.0
31/10/15,02:06:08,8.344,98.600,8.344,0.2429,8.1
31/10/15,03:06:09,8.916,98.400,8.369,0.2429,8.7
31/10/15,04:06:10,8.643,97.800,8.841,0.2429,8.3
31/10/15,05:06:11,8.519,99.500,8.941,0.2429,8.5
31/10/15,06:06:12,8.444,100.000,8.965,0.2429,8.5
31/10/15,07:06:13,8.319,100.000,8.941,0.2429,8.3
31/10/15,08:06:14,7.920,100.000,8.941,0.2429,7.9
31/10/15,09:06:15,8.045,100.000,8.394,0.2509,8.1
31/10/15,10:06:16,8.469,100.000,8.916,0.2698,8.5
31/10/15,11:06:17,9.608,100.000,9.608,0.3046,9.6
31/10/15,12:06:18,8.618,100.000,10.222,0.3075,8.6
31/10/15,13:06:19,8.891,100.000,9.829,0.3315,8.9
31/10/15,14:06:20,10.858,100.000,10.687,0.3213,10.9
31/10/15,15:06:21,10.001,100.000,13.353,0.3112,10.0
31/10/15,16:06:22,8.767,100.000,12.727,0.3090,8.8
31/10/15,17:06:23,9.485,100.000,11.832,0.3068,9.5
31/10/15,18:06:24,8.916,100.000,11.321,0.3024,8.9
31/10/15,19:06:25,8.170,100.000,10.418,0.2988,8.2
31/10/15,20:06:26,8.270,100.000,9.386,0.2959,8.3
31/10/15,21:06:27,7.945,100.000,8.866,0.2937,8.0
31/10/15,22:06:28,8.045,100.000,8.643,0.2915,8.1
31/10/15,23:06:29,7.970,100.000,8.369,0.2894,8.0
01/11/15,00:06:30,7.945,100.000,8.419,0.2879,8.0
01/11/15,01:06:31,8.245,100.000,8.469,0.2872,8.3
01/11/15,02:06:32,8.020,100.000,8.494,0.2857,8.0
01/11/15,03:06:33,7.845,100.000,8.369,0.2850,7.9
01/11/15,04:06:34,7.745,100.000,8.245,0.2843,7.8
01/11/15,05:06:35,7.569,100.000,8.145,0.2836,7.6
01/11/15,06:06:36,7.594,100.000,8.020,0.2828,7.6
01/11/15,07:06:37,7.895,100.000,8.095,0.2814,7.9
01/11/15,08:06:38,9.558,100.000,8.419,0.2806,9.6
01/11/15,09:06:39,9.706,100.000,10.149,0.2799,9.7
01/11/15,10:06:40,8.866,100.000,10.834,0.2799,8.9
01/11/15,11:06:41,10.467,100.000,11.224,0.2937,10.5
01/11/15,12:06:42,10.394,100.000,12.171,0.2937,10.4
01/11/15,13:06:43,12.847,99.500,13.088,0.2908,12.8
01/11/15,14:06:44,14.768,93.900,15.724,0.2894,13.8
01/11/15,15:06:45,11.637,92.100,16.153,0.2879,10.4
01/11/15,16:06:46,10.785,99.900,13.112,0.2872,10.8
01/11/15,17:06:47,10.467,100.000,11.637,0.2930,10.5
01/11/15,18:06:48,9.903,100.000,10.785,0.3322,9.9
01/11/15,19:06:49,8.767,100.000,10.100,0.3664,8.8
01/11/15,20:06:50,8.618,100.000,9.410,0.3431,8.6
01/11/15,21:06:51,7.720,100.000,9.064,0.3257,7.7
01/11/15,22:06:52,7.569,100.000,8.543,0.3162,7.6
01/11/15,23:06:53,7.820,100.000,8.170,0.3097,7.8
02/11/15,00:06:54,8.295,100.000,8.170,0.3061,8.3
02/11/15,01:06:55,8.568,100.000,8.543,0.3075,8.6
02/11/15,02:06:56,8.568,100.000,8.717,0.3184,8.6
02/11/15,03:06:57,8.568,100.000,8.693,0.3133,8.6
02/11/15,04:06:58,8.270,100.000,8.593,0.3112,8.3
02/11/15,05:06:59,8.120,100.000,8.519,0.3104,8.1
02/11/15,06:07:00,8.170,100.000,8.419,0.3191,8.2
02/11/15,07:07:01,8.170,100.000,8.519,0.3133,8.2
02/11/15,08:07:02,9.460,100.000,9.015,0.3082,9.5
02/11/15,09:07:03,10.590,100.000,10.394,0.3053,10.6
02/11/15,10:07:04,10.467,99.300,12.122,0.3024,10.4
02/11/15,11:07:05,15.223,90.300,14.864,0.2995,13.7
02/11/15,12:07:06,13.233,80.400,18.200,0.2974,9.9
02/11/15,13:07:07,12.799,80.900,17.058,0.2952,9.6
02/11/15,14:07:08,16.582,73.700,18.771,0.2930,11.9
02/11/15,15:07:09,11.443,79.500,18.081,0.2915,8.0
02/11/15,16:07:10,10.222,97.500,14.290,0.2908,9.9
02/11/15,17:07:11,10.541,94.200,14.529,0.2908,9.7
02/11/15,18:07:12,10.296,93.700,12.944,0.2901,9.3
02/11/15,19:07:13,9.608,94.400,11.807,0.2886,8.8
02/11/15,20:07:14,8.891,97.200,10.810,0.2879,8.5
02/11/15,21:07:15,8.444,99.500,10.124,0.2865,8.4
02/11/15,22:07:16,7.695,99.600,9.509,0.2857,7.6
02/11/15,23:07:17,7.494,99.300,8.990,0.2850,7.4
03/11/15,00:07:18,7.192,99.000,8.618,0.2843,7.1
03/11/15,01:07:19,6.051,98.300,8.120,0.2836,5.8
03/11/15,02:07:20,6.306,98.300,7.444,0.2836,6.1
03/11/15,03:07:21,3.958,96.600,6.839,0.2821,3.5
03/11/15,04:07:22,5.591,99.100,6.077,0.2821,5.5
03/11/15,05:07:23,3.433,96.100,5.872,0.2814,2.9
03/11/15,06:07:24,2.690,95.000,4.532,0.2806,2.0
03/11/15,07:07:25,3.063,96.600,4.402,0.2792,2.6
03/11/15,08:07:26,6.560,99.000,4.454,0.2792,6.4
03/11/15,09:07:27,9.829,94.200,6.026,0.2792,9.0
03/11/15,10:07:28,13.353,77.100,9.460,0.2785,9.4
03/11/15,11:07:29,15.724,66.100,14.984,0.2785,9.4
03/11/15,12:07:30,16.892,61.600,19.603,0.2777,9.5
03/11/15,13:07:31,19.008,56.700,22.705,0.2777,10.2
03/11/15,14:07:32,21.294,55.200,25.525,0.2777,12.0
03/11/15,15:07:33,19.222,56.300,24.388,0.2770,10.3
03/11/15,16:07:34,20.031,58.000,22.202,0.2763,11.5
03/11/15,17:07:35,17.534,55.200,22.274,0.2756,8.5
03/11/15,18:07:36,13.329,64.400,18.533,0.2741,6.8
03/11/15,19:07:37,10.736,80.300,14.745,0.2734,7.5
03/11/15,20:07:38,9.386,85.400,12.316,0.2748,7.1
03/11/15,21:07:39,9.262,92.100,11.053,0.2719,8.1
03/11/15,22:07:40,9.410,97.200,10.907,0.2719,9.0
03/11/15,23:07:41,9.114,97.900,10.614,0.2705,8.8
04/11/15,00:07:42,8.841,98.300,10.271,0.2705,8.6
04/11/15,01:07:43,8.792,98.800,9.977,0.2712,8.6
04/11/15,02:07:44,8.245,98.400,9.632,0.2698,8.0
04/11/15,03:07:45,8.618,98.900,9.435,0.2698,8.5
04/11/15,04:07:46,8.419,99.300,9.386,0.2690,8.3
04/11/15,05:07:47,8.170,99.400,9.213,0.2690,8.1
04/11/15,06:07:48,5.514,96.900,8.543,0.2683,5.1
04/11/15,07:07:49,6.026,96.200,6.813,0.2676,5.5
04/11/15,08:07:50,9.558,100.000,7.343,0.2676,9.6
04/11/15,09:07:51,13.281,90.800,8.841,0.2668,11.8
04/11/15,10:07:52,17.034,73.800,12.437,0.2668,12.3
04/11/15,11:07:53,18.866,70.000,16.915,0.2668,13.3
04/11/15,12:07:54,18.723,64.600,20.770,0.2668,11.9
04/11/15,13:07:55,19.413,64.700,21.628,0.2668,12.6
04/11/15,14:07:56,21.366,57.600,24.532,0.2668,12.7
04/11/15,15:07:57,17.653,60.200,25.210,0.2668,9.9
04/11/15,16:07:58,17.986,68.700,21.008,0.2661,12.2
04/11/15,17:07:59,15.748,70.900,19.912,0.2654,10.5
04/11/15,18:08:00,15.199,73.900,18.081,0.2647,10.6
04/11/15,19:08:01,13.233,83.000,15.986,0.2647,10.4
04/11/15,20:08:02,12.364,91.400,14.218,0.2647,11.0
04/11/15,21:08:03,11.394,97.500,13.161,0.2639,11.0
04/11/15,22:08:04,11.053,98.400,12.195,0.2639,10.8
04/11/15,23:08:05,10.810,99.400,11.904,0.2632,10.7
05/11/15,00:08:06,10.296,99.700,11.540,0.2632,10.3
05/11/15,01:08:07,9.903,99.900,11.127,0.2632,9.9
05/11/15,02:08:08,9.534,99.900,10.663,0.2632,9.5
05/11/15,03:08:09,9.460,100.000,10.394,0.2625,9.5
05/11/15,04:08:10,9.213,100.000,10.271,0.2625,9.2
05/11/15,05:08:11,9.361,100.000,10.026,0.2639,9.4
05/11/15,06:08:12,9.780,100.000,10.075,0.2639,9.8
05/11/15,07:08:13,9.977,100.000,10.271,0.2654,10.0
05/11/15,08:08:14,10.075,100.000,10.516,0.2654,10.1
05/11/15,09:08:15,10.051,100.000,10.638,0.2712,10.1
05/11/15,10:08:16,10.858,100.000,11.224,0.3032,10.9
05/11/15,11:08:17,11.224,100.000,12.171,0.3068,11.2
05/11/15,12:08:18,11.297,100.000,13.233,0.3300,11.3
05/11/15,13:08:19,11.783,100.000,13.570,0.3395,11.8
05/11/15,14:08:20,12.461,100.000,14.721,0.3329,12.5
05/11/15,15:08:21,11.807,100.000,15.223,0.3358,11.8
05/11/15,16:08:22,11.807,100.000,14.002,0.3315,11.8
05/11/15,17:08:23,11.127,100.000,13.546,0.3366,11.1
05/11/15,18:08:24,10.565,100.000,12.799,0.3308,10.6
05/11/15,19:08:25,9.805,100.000,12.195,0.3199,9.8
05/11/15,20:08:26,9.163,100.000,10.956,0.3133,9.2
05/11/15,21:08:27,8.916,100.000,10.173,0.3082,8.9
05/11/15,22:08:28,9.287,100.000,10.026,0.3061,9.3
05/11/15,23:08:29,9.139,100.000,9.952,0.3235,9.1
06/11/15,00:08:30,8.394,100.000,9.558,0.3199,8.4
06/11/15,01:08:31,8.369,100.000,9.287,0.3133,8.4
06/11/15,02:08:32,8.444,100.000,9.238,0.3082,8.5
06/11/15,03:08:33,8.369,100.000,9.163,0.3061,8.4
06/11/15,04:08:34,8.419,100.000,9.139,0.3032,8.4
06/11/15,05:08:35,8.344,100.000,9.114,0.3010,8.4
06/11/15,06:08:36,7.920,100.000,8.916,0.2995,7.9
06/11/15,07:08:37,8.469,100.000,8.866,0.2974,8.5
06/11/15,08:08:38,9.188,100.000,9.583,0.2959,9.2
06/11/15,09:08:39,10.638,100.000,11.151,0.2944,10.7
06/11/15,10:08:40,11.807,99.800,13.570,0.2930,11.8
06/11/15,11:08:41,13.137,97.900,15.605,0.2930,12.8
06/11/15,12:08:42,16.630,87.600,19.151,0.2915,14.6
06/11/15,13:08:43,15.676,92.000,19.413,0.2908,14.4
06/11/15,14:08:44,14.266,88.900,20.579,0.2908,12.5
06/11/15,15:08:45,15.461,79.700,21.533,0.2894,12.0
06/11/15,16:08:46,13.714,84.900,18.771,0.2886,11.2
06/11/15,17:08:47,12.243,97.500,16.129,0.2879,11.9
06/11/15,18:08:48,12.799,95.900,15.414,0.2879,12.2
06/11/15,19:08:49,10.761,97.700,13.546,0.2872,10.4
06/11/15,20:08:50,10.100,99.200,12.195,0.2865,10.0
06/11/15,21:08:51,8.990,98.900,11.151,0.2850,8.8
06/11/15,22:08:52,5.668,92.600,9.089,0.2843,4.6
06/11/15,23:08:53,4.115,90.700,7.318,0.2836,2.7
07/11/15,00:08:54,3.274,90.400,6.077,0.2821,1.9
07/11/15,01:08:55,3.248,92.000,5.334,0.2814,2.1
07/11/15,02:08:56,3.301,94.100,5.050,0.2806,2.4
07/11/15,03:08:57,4.168,95.700,4.818,0.2799,3.5
07/11/15,04:08:58,4.662,94.400,4.740,0.2792,3.8
07/11/15,05:08:59,3.116,95.100,4.428,0.2785,2.4
07/11/15,06:09:00,2.209,95.000,3.722,0.2777,1.5
07/11/15,07:09:01,2.236,94.900,3.327,0.2777,1.5
07/11/15,08:09:02,7.142,99.300,4.662,0.2770,7.0
07/11/15,09:09:03,10.026,99.700,7.091,0.2763,10.0
07/11/15,10:09:04,14.816,88.100,10.785,0.2770,12.9
07/11/15,11:09:05,19.389,76.700,17.320,0.2770,15.2
07/11/15,12:09:06,20.484,71.800,22.321,0.2770,15.2
07/11/15,13:09:07,17.819,67.300,22.609,0.2770,11.7
07/11/15,14:09:08,23.665,69.000,22.226,0.2763,17.7
07/11/15,15:09:09,25.671,63.400,26.158,0.2763,18.2
07/11/15,16:09:10,24.798,52.300,26.916,0.2763,14.4
07/11/15,17:09:11,23.472,52.500,24.823,0.2748,13.2
07/11/15,18:09:12,19.460,53.700,20.198,0.2741,9.8
07/11/15,19:09:13,11.273,57.300,15.366,0.2734,3.2
07/11/15,20:09:14,7.192,80.800,11.443,0.2719,4.1
07/11/15,21:09:15,5.616,87.500,9.040,0.2712,3.7
07/11/15,22:09:16,4.298,89.100,7.469,0.2698,2.7
07/11/15,23:09:17,4.454,91.400,6.763,0.2690,3.2
08/11/15,00:09:18,4.194,91.300,6.458,0.2683,2.9
08/11/15,01:09:19,3.985,90.300,6.306,0.2683,2.5
08/11/15,02:09:20,2.289,87.800,5.539,0.2676,0.5
08/11/15,03:09:21,1.262,83.300,4.246,0.2668,-1.3
08/11/15,04:09:22,0.550,81.900,3.617,0.2668,-2.2
08/11/15,05:09:23,0.770,85.700,3.142,0.2661,-1.4
08/11/15,06:09:24,1.724,91.500,3.089,0.2661,0.5
08/11/15,07:09:25,4.636,95.400,3.827,0.2654,4.0
08/11/15,08:09:26,7.343,91.800,5.668,0.2661,6.1
08/11/15,09:09:27,11.394,70.300,7.217,0.2654,6.2
08/11/15,10:09:28,16.915,57.000,10.663,0.2654,8.4
08/11/15,11:09:29,21.246,56.100,17.296,0.2654,12.2
08/11/15,12:09:30,24.243,56.700,22.992,0.2654,15.1
08/11/15,13:09:31,25.866,53.300,27.407,0.2654,15.7
08/11/15,14:09:32,27.456,52.400,30.343,0.2654,16.9
08/11/15,15:09:33,28.023,48.500,31.561,0.2654,16.2
08/11/15,16:09:34,23.521,52.300,28.444,0.2654,13.2
08/11/15,17:09:35,19.651,54.000,24.532,0.2647,10.1
08/11/15,18:09:36,18.580,56.300,20.150,0.2639,9.7
08/11/15,19:09:37,14.026,62.100,17.225,0.2625,6.9
08/11/15,20:09:38,9.435,75.300,14.050,0.2618,5.3
08/11/15,21:09:39,7.870,79.200,11.710,0.2618,4.5
08/11/15,22:09:40,7.091,72.400,10.247,0.2610,2.5
08/11/15,23:09:41,7.419,70.900,9.361,0.2610,2.5
09/11/15,00:09:42,6.611,72.900,8.792,0.2603,2.1
09/11/15,01:09:43,5.231,76.800,8.020,0.2596,1.5
09/11/15,02:09:44,4.636,80.200,7.268,0.2589,1.5
09/11/15,03:09:45,3.722,80.800,6.687,0.2589,0.7
09/11/15,04:09:46,3.406,82.300,6.204,0.2589,0.7
09/11/15,05:09:47,3.168,83.100,5.821,0.2589,0.6
09/11/15,06:09:48,3.063,84.300,5.488,0.2581,0.7
09/11/15,07:09:49,4.636,89.900,5.668,0.2581,3.1
09/11/15,08:09:50,10.858,97.300,6.889,0.2581,10.5
09/11/15,09:09:51,16.225,77.100,9.064,0.2581,12.2
09/11/15,10:09:52,20.817,65.100,13.666,0.2574,14.0
09/11/15,11:09:53,24.605,59.500,20.603,0.2581,16.2
09/11/15,12:09:54,27.186,53.400,26.646,0.2581,16.9
09/11/15,13:09:55,29.040,49.800,30.697,0.2581,17.5
09/11/15,14:09:56,25.574,50.500,30.976,0.2589,14.6
09/11/15,15:09:57,20.865,56.500,29.165,0.2589,11.9
09/11/15,16:09:58,21.604,64.500,23.833,0.2589,14.6
09/11/15,17:09:59,18.271,67.000,22.345,0.2581,12.1
09/11/15,18:10:00,16.034,75.200,19.603,0.2567,11.7
09/11/15,19:10:01,17.034,76.000,17.677,0.2567,12.8
09/11/15,20:10:02,13.233,81.700,16.177,0.2567,10.2
09/11/15,21:10:03,10.051,83.800,13.570,0.2560,7.4
09/11/15,22:10:04,8.419,84.100,11.880,0.2552,5.9
09/11/15,23:10:05,8.195,88.900,10.907,0.2552,6.5
10/11/15,00:10:06,7.091,86.200,10.026,0.2545,4.9
10/11/15,01:10:07,6.990,87.500,9.460,0.2538,5.1
10/11/15,02:10:08,6.331,87.900,8.965,0.2538,4.5
10/11/15,03:10:09,5.847,87.400,8.295,0.2538,3.9
10/11/15,04:10:10,5.411,87.800,7.845,0.2530,3.6
10/11/15,05:10:11,5.770,89.600,7.444,0.2530,4.2
10/11/15,06:10:12,5.693,90.900,7.268,0.2530,4.3
10/11/15,07:10:13,9.928,97.000,8.145,0.2530,9.5
10/11/15,08:10:14,12.485,93.600,10.638,0.2530,11.5
10/11/15,09:10:15,15.414,70.100,12.944,0.2530,10.0
10/11/15,10:10:16,17.439,64.100,15.199,0.2530,10.6
10/11/15,11:10:17,19.389,57.500,18.985,0.2530,10.8
10/11/15,12:10:18,22.274,54.800,22.848,0.2530,12.8
10/11/15,13:10:19,22.992,49.500,27.776,0.2538,11.9
10/11/15,14:10:20,22.513,50.300,30.520,0.2538,11.7
10/11/15,15:10:21,19.175,54.000,28.742,0.2538,9.7
10/11/15,16:10:22,18.699,77.300,22.729,0.2530,14.7
10/11/15,17:10:23,12.799,83.500,19.222,0.2530,10.1
10/11/15,18:10:24,10.296,95.300,13.257,0.2734,9.6
10/11/15,19:10:25,10.467,96.600,12.992,0.2748,10.0
10/11/15,20:10:26,10.124,96.400,12.243,0.2727,9.6
10/11/15,21:10:27,9.706,96.600,11.637,0.2719,9.2
10/11/15,22:10:28,9.064,98.200,10.980,0.2806,8.8
10/11/15,23:10:29,9.040,99.800,10.296,0.3199,9.0
11/11/15,00:10:30,9.163,100.000,10.124,0.3191,9.2
11/11/15,01:10:31,9.064,99.600,10.026,0.3112,9.0
11/11/15,02:10:32,8.394,99.000,9.829,0.3046,8.3
11/11/15,03:10:33,7.368,98.600,8.916,0.3003,7.2
11/11/15,04:10:34,8.394,99.900,8.891,0.2966,8.4
11/11/15,05:10:35,8.369,99.900,9.089,0.2944,8.4
11/11/15,06:10:36,8.419,99.700,8.941,0.2923,8.4
11/11/15,07:10:37,9.386,100.000,9.089,0.2908,9.4
11/11/15,08:10:38,10.980,100.000,10.418,0.2894,11.0
11/11/15,09:10:39,10.810,98.800,12.389,0.2879,10.6
11/11/15,10:10:40,13.449,95.600,13.978,0.2872,12.8
11/11/15,11:10:41,12.968,92.100,14.649,0.2865,11.7
11/11/15,12:10:42,13.449,90.900,14.792,0.2850,12.0
11/11/15,13:10:43,14.912,86.900,16.249,0.2843,12.8
11/11/15,14:10:44,17.249,84.400,17.225,0.2828,14.6
11/11/15,15:10:45,16.129,81.900,18.129,0.2821,13.1
11/11/15,16:10:46,12.944,91.200,16.725,0.2814,11.6
11/11/15,17:10:47,11.613,95.300,14.912,0.2806,10.9
11/11/15,18:10:48,11.200,99.100,13.497,0.2879,11.1
11/11/15,19:10:49,10.687,99.700,12.630,0.2908,10.7
11/11/15,20:10:50,9.977,100.000,11.783,0.2923,10.0
11/11/15,21:10:51,10.026,100.000,11.102,0.2966,10.0
11/11/15,22:10:52,10.124,100.000,10.858,0.3046,10.1
11/11/15,23:10:53,9.854,100.000,10.736,0.3104,9.9
12/11/15,00:10:54,9.632,100.000,10.418,0.3053,9.6
12/11/15,01:10:55,9.756,100.000,10.271,0.3228,9.8
12/11/15,02:10:56,9.952,100.000,10.345,0.3191,10.0
12/11/15,03:10:57,9.756,100.000,10.320,0.3402,9.8
12/11/15,04:10:58,9.756,100.000,10.222,0.3257,9.8
12/11/15,05:10:59,9.928,100.000,10.271,0.3177,9.9
12/11/15,06:11:00,9.657,100.000,10.149,0.3293,9.7
12/11/15,07:11:01,10.001,100.000,10.149,0.3250,10.0
12/11/15,08:11:02,10.712,100.000,10.565,0.3170,10.7
12/11/15,09:11:03,11.467,100.000,11.565,0.3112,11.5
12/11/15,10:11:04,10.565,100.000,12.001,0.3082,10.6
12/11/15,11:11:05,10.247,100.000,11.078,0.3620,10.3
12/11/15,12:11:06,10.198,100.000,11.492,0.3402,10.2
12/11/15,13:11:07,11.589,100.000,11.953,0.3257,11.6
12/11/15,14:11:08,10.712,100.000,14.337,0.3170,10.7
12/11/15,15:11:09,10.932,100.000,12.534,0.3112,10.9
12/11/15,16:11:10,10.687,100.000,12.219,0.3068,10.7
12/11/15,17:11:11,10.761,100.000,12.098,0.3053,10.8
12/11/15,18:11:12,8.742,100.000,10.980,0.3489,8.8
12/11/15,19:11:13,9.262,100.000,10.345,0.3351,9.3
12/11/15,20:11:14,8.095,100.000,9.903,0.3257,8.1
12/11/15,21:11:15,6.204,100.000,8.693,0.3184,6.2
12/11/15,22:11:16,5.949,99.800,7.444,0.3126,5.9
12/11/15,23:11:17,7.268,100.000,7.670,0.3082,7.3
13/11/15,00:11:18,5.231,99.800,7.116,0.3053,5.2
13/11/15,01:11:19,4.688,99.500,6.382,0.3024,4.6
13/11/15,02:11:20,5.231,99.900,6.179,0.2995,5.2
13/11/15,03:11:21,6.889,100.000,5.796,0.2981,6.9
13/11/15,04:11:22,7.293,100.000,6.889,0.2966,7.3
13/11/15,05:11:23,7.970,100.000,7.318,0.2952,8.0
13/11/15,06:11:24,8.394,100.000,7.920,0.2937,8.4
13/11/15,07:11:25,9.188,100.000,8.891,0.2923,9.2
13/11/15,08:11:26,10.296,100.000,10.173,0.2915,10.3
13/11/15,09:11:27,12.001,96.100,11.492,0.2908,11.4
13/11/15,10:11:28,12.630,88.300,13.329,0.2901,10.8
13/11/15,11:11:29,15.509,77.000,17.249,0.2894,11.5
13/11/15,12:11:30,16.987,66.500,20.627,0.2879,10.7
13/11/15,13:11:31,18.461,59.000,23.545,0.2872,10.3
13/11/15,14:11:32,19.389,56.700,25.404,0.2857,10.6
13/11/15,15:11:33,20.603,56.500,25.598,0.2850,11.7
13/11/15,16:11:34,15.438,74.900,20.531,0.2843,11.0
13/11/15,17:11:35,17.486,77.000,17.677,0.2821,13.4
13/11/15,18:11:36,12.534,78.200,16.201,0.2814,8.9
13/11/15,19:11:37,10.394,86.700,13.281,0.2799,8.3
13/11/15,20:11:38,9.064,90.400,11.516,0.2799,7.6
13/11/15,21:11:39,7.995,92.000,10.320,0.2785,6.8
13/11/15,22:11:40,7.192,92.000,9.287,0.2777,6.0
13/11/15,23:11:41,6.763,92.500,8.618,0.2770,5.6
14/11/15,00:11:42,6.281,92.200,8.120,0.2763,5.1
14/11/15,01:11:43,6.153,92.700,7.192,0.2756,5.1
14/11/15,02:11:44,6.408,95.000,7.494,0.2748,5.7
14/11/15,03:11:45,2.744,87.000,6.153,0.2741,0.8
14/11/15,04:11:46,2.530,87.700,4.714,0.2734,0.7
14/11/15,05:11:47,0.412,81.500,3.512,0.2727,-2.4
14/11/15,06:11:48,0.329,83.700,2.850,0.2727,-2.1
14/11/15,07:11:49,2.450,88.300,3.009,0.2719,0.7
14/11/15,08:11:50,7.368,90.400,4.792,0.2719,5.9
14/11/15,09:11:51,13.353,74.300,7.770,0.2712,8.9
14/11/15,10:11:52,17.249,66.500,12.799,0.2712,11.0
14/11/15,11:11:53,19.151,58.100,18.818,0.2712,10.7
14/11/15,12:11:54,13.473,66.200,18.842,0.2712,7.3
14/11/15,13:11:55,17.391,70.900,16.558,0.2712,12.1
14/11/15,14:11:56,21.461,62.500,22.202,0.2705,14.0
14/11/15,15:11:57,17.962,69.400,19.246,0.2705,12.3
14/11/15,16:11:58,15.867,68.600,19.912,0.2698,10.1
14/11/15,17:11:59,14.290,73.500,17.058,0.2698,9.6
14/11/15,18:12:00,13.112,75.000,15.581,0.2690,8.8
14/11/15,19:12:01,9.485,78.700,12.944,0.2683,6.0
14/11/15,20:12:02,7.645,84.600,10.320,0.2683,5.2
14/11/15,21:12:03,7.167,88.200,9.262,0.2676,5.4
14/11/15,22:12:04,6.737,90.300,8.643,0.2668,5.3
14/11/15,23:12:05,6.382,90.600,8.145,0.2668,5.0
15/11/15,00:12:06,5.719,91.300,7.619,0.2661,4.4
15/11/15,01:12:07,5.539,91.700,7.167,0.2654,4.3
15/11/15,02:12:08,5.154,92.100,6.914,0.2654,4.0
15/11/15,03:12:09,4.895,92.200,6.509,0.2647,3.7
15/11/15,04:12:10,4.428,92.200,6.230,0.2647,3.3
15/11/15,05:12:11,4.220,92.700,5.949,0.2647,3.1
15/11/15,06:12:12,3.854,92.500,5.745,0.2639,2.8
15/11/15,07:12:13,3.248,92.500,4.999,0.2639,2.2
15/11/15,08:12:14,6.357,94.500,4.792,0.2639,5.5
15/11/15,09:12:15,10.565,83.600,6.179,0.2632,7.9
15/11/15,10:12:16,15.748,75.100,10.736,0.2632,11.4
15/11/15,11:12:17,19.651,65.200,17.796,0.2632,13.0
15/11/15,12:12:18,22.345,60.500,24.074,0.2632,14.4
15/11/15,13:12:19,24.726,58.000,27.924,0.2639,15.9
15/11/15,14:12:20,25.695,53.400,30.925,0.2647,15.5
15/11/15,15:12:21,27.014,53.100,31.842,0.2639,16.7
15/11/15,16:12:22,26.012,50.100,31.255,0.2639,14.8
15/11/15,17:12:23,23.809,52.300,27.677,0.2632,13.5
15/11/15,18:12:24,20.055,53.000,23.040,0.2625,10.2
15/11/15,19:12:25,12.823,60.800,18.295,0.2610,5.5
15/11/15,20:12:26,8.120,77.500,14.050,0.2603,4.4
15/11/15,21:12:27,5.385,76.100,11.151,0.2596,1.5
15/11/15,22:12:28,4.324,75.600,9.188,0.2589,0.4
15/11/15,23:12:29,6.458,85.800,9.435,0.2589,4.3
16/11/15,00:12:30,3.749,80.000,7.995,0.2581,0.6
16/11/15,01:12:31,2.664,79.500,6.687,0.2574,-0.5
16/11/15,02:12:32,2.316,80.100,5.872,0.2567,-0.8
16/11/15,03:12:33,2.850,86.000,5.411,0.2567,0.7
16/11/15,04:12:34,3.142,90.200,5.257,0.2567,1.7
16/11/15,05:12:35,4.220,94.900,5.282,0.2560,3.5
16/11/15,06:12:36,3.643,95.200,5.334,0.2560,2.9
16/11/15,07:12:37,6.000,98.000,5.514,0.2560,5.7
16/11/15,08:12:38,9.015,97.600,6.661,0.2560,8.7
16/11/15,09:12:39,12.001,83.300,8.145,0.2560,9.3
16/11/15,10:12:40,14.601,71.700,11.880,0.2560,9.6
16/11/15,11:12:41,16.820,63.800,18.271,0.2560,9.9
16/11/15,12:12:42,14.912,62.200,22.585,0.2560,7.8
16/11/15,13:12:43,19.341,59.400,26.036,0.2567,11.2
16/11/15,14:12:44,20.603,56.700,29.090,0.2567,11.7
16/11/15,15:12:45,17.938,52.300,29.190,0.2567,8.0
16/11/15,16:12:46,20.007,56.400,26.061,0.2567,11.1
16/11/15,17:12:47,20.746,51.200,26.573,0.2567,10.3
16/11/15,18:12:48,16.082,59.800,22.465,0.2560,8.3
16/11/15,19:12:49,12.437,71.000,18.247,0.2552,7.3
16/11/15,20:12:50,9.040,83.300,14.481,0.2545,6.4
16/11/15,21:12:51,7.770,88.200,11.953,0.2538,5.9
16/11/15,22:12:52,4.792,79.700,9.829,0.2530,1.6
16/11/15,23:12:53,4.558,84.200,8.543,0.2530,2.1
17/11/15,00:12:54,4.454,86.200,7.569,0.2516,2.4
17/11/15,01:12:55,3.906,88.500,7.041,0.2516,2.2
17/11/15,02:12:56,2.797,83.900,6.230,0.2516,0.3
17/11/15,03:12:57,2.903,85.900,5.668,0.2516,0.8
17/11/15,04:12:58,5.154,94.700,6.000,0.2509,4.4
17/11/15,05:12:59,6.433,92.500,6.560,0.2509,5.3
17/11/15,06:13:00,6.940,87.700,6.940,0.2509,5.0
17/11/15,07:13:01,7.494,84.700,7.670,0.2516,5.1
17/11/15,08:13:02,10.296,81.900,8.045,0.2509,7.4
17/11/15,09:13:03,11.492,73.300,9.460,0.2509,6.9
17/11/15,10:13:04,13.449,71.600,12.147,0.2509,8.4
17/11/15,11:13:05,11.977,72.000,14.146,0.2509,7.1
17/11/15,12:13:06,12.968,74.100,14.385,0.2509,8.5
17/11/15,13:13:07,16.987,67.200,17.843,0.2509,10.9
17/11/15,14:13:08,16.129,63.500,20.031,0.2509,9.2
17/11/15,15:13:09,19.103,55.400,23.833,0.2509,10.0
17/11/15,16:13:10,15.986,56.200,25.210,0.2509,7.3
17/11/15,17:13:11,17.748,58.000,21.390,0.2509,9.4
17/11/15,18:13:12,15.676,54.400,19.651,0.2501,6.5
17/11/15,19:13:13,12.389,63.200,16.177,0.2501,5.6
17/11/15,20:13:14,10.271,72.400,13.088,0.2501,5.5
17/11/15,21:13:15,10.051,73.900,11.467,0.2494,5.6
17/11/15,22:13:16,9.756,72.500,10.638,0.2487,5.1
17/11/15,23:13:17,9.410,74.000,10.051,0.2487,5.0
18/11/15,00:13:18,10.320,71.000,9.706,0.2487,5.3
18/11/15,01:13:19,10.271,67.400,9.608,0.2480,4.5
18/11/15,02:13:20,9.805,68.100,9.361,0.2480,4.2
18/11/15,03:13:21,9.583,67.200,9.015,0.2480,3.8
18/11/15,04:13:22,10.247,61.200,8.792,0.2480,3.1
18/11/15,05:13:23,10.541,55.500,8.742,0.2480,2.0
18/11/15,06:13:24,10.932,56.000,8.916,0.2480,2.5
18/11/15,07:13:25,11.783,56.400,9.188,0.2472,3.4
18/11/15,08:13:26,13.522,51.800,9.657,0.2472,3.8
18/11/15,09:13:27,15.438,49.900,10.663,0.2472,5.1
18/11/15,10:13:28,17.320,47.800,13.882,0.2465,6.2
18/11/15,11:13:29,18.866,45.500,18.937,0.2465,6.9
18/11/15,12:13:30,20.650,43.800,24.315,0.2465,7.9
18/11/15,13:13:31,21.628,42.500,28.766,0.2472,8.4
18/11/15,14:13:32,22.776,38.500,32.150,0.2472,7.9
18/11/15,15:13:33,23.064,34.900,33.757,0.2465,6.7
18/11/15,16:13:34,22.753,33.000,33.417,0.2472,5.7
18/11/15,17:13:35,20.841,29.900,30.243,0.2465,2.6
18/11/15,18:13:36,18.152,29.800,24.074,0.2465,0.2
18/11/15,19:13:37,13.377,33.600,18.913,0.2458,-2.3
18/11/15,20:13:38,11.662,40.000,14.697,0.2451,-1.5
18/11/15,21:13:39,11.880,42.600,12.992,0.2443,-0.4
18/11/15,22:13:40,12.485,44.200,12.171,0.2436,0.6
18/11/15,23:13:41,12.799,40.400,11.856,0.2436,-0.3
19/11/15,00:13:42,12.534,41.000,11.394,0.2436,-0.4
19/11/15,01:13:43,13.546,42.500,11.175,0.2429,1.1
19/11/15,02:13:44,14.840,42.500,11.589,0.2429,2.2
19/11/15,03:13:45,12.292,59.500,12.098,0.2436,4.6
19/11/15,04:13:46,13.449,62.700,11.443,0.2429,6.5
19/11/15,05:13:47,13.449,57.400,11.686,0.2429,5.2
19/11/15,06:13:48,11.977,58.600,11.321,0.2429,4.1
19/11/15,07:13:49,12.509,60.400,10.932,0.2429,5.1
19/11/15,08:13:50,14.170,65.100,11.783,0.2422,7.7
19/11/15,09:13:51,17.605,59.600,12.944,0.2422,9.7
19/11/15,10:13:52,20.365,55.600,16.296,0.2414,11.2
19/11/15,11:13:53,23.016,49.900,22.298,0.2414,12.0
19/11/15,12:13:54,24.992,46.000,28.097,0.2422,12.6
19/11/15,13:13:55,24.798,44.200,32.665,0.2422,11.8
19/11/15,14:13:56,25.162,45.600,35.315,0.2422,12.6
19/11/15,15:13:57,25.623,45.300,36.308,0.2422,12.9
19/11/15,16:13:58,24.412,46.100,35.529,0.2422,12.1
19/11/15,17:13:59,24.968,47.200,31.791,0.2414,13.0
19/11/15,18:14:00,21.270,48.300,26.769,0.2422,9.9
19/11/15,19:14:01,18.152,56.100,20.984,0.2414,9.3
19/11/15,20:14:02,16.225,58.700,17.677,0.2407,8.1
19/11/15,21:14:03,15.247,62.800,15.676,0.2400,8.2
19/11/15,22:14:04,12.823,71.500,14.098,0.2400,7.8
19/11/15,23:14:05,10.712,83.500,12.630,0.2392,8.0
20/11/15,00:14:06,11.224,90.200,11.953,0.2392,9.7
20/11/15,01:14:07,12.823,83.600,12.195,0.2392,10.1
20/11/15,02:14:08,13.281,76.100,12.171,0.2385,9.2
20/11/15,03:14:09,14.050,73.900,12.243,0.2385,9.5
20/11/15,04:14:10,15.079,69.800,12.799,0.2378,9.6
20/11/15,05:14:11,14.601,65.100,13.112,0.2385,8.1
20/11/15,06:14:12,14.673,61.100,12.992,0.2385,7.3
20/11/15,07:14:13,16.368,58.000,13.497,0.2385,8.1
20/11/15,08:14:14,16.892,55.000,15.127,0.2385,7.8
20/11/15,09:14:15,15.581,60.900,15.414,0.2378,8.1
20/11/15,10:14:16,18.937,58.800,17.796,0.2378,10.7
20/11/15,11:14:17,21.963,55.500,22.968,0.2378,12.7
20/11/15,12:14:18,21.891,52.300,29.190,0.2378,11.7
20/11/15,13:14:19,19.151,60.300,26.549,0.2378,11.3
20/11/15,14:14:20,18.414,64.300,25.428,0.2378,11.6
20/11/15,15:14:21,17.986,70.100,22.681,0.2378,12.5
20/11/15,16:14:22,16.177,69.400,21.628,0.2371,10.6
20/11/15,17:14:23,15.318,73.000,19.080,0.2378,10.5
20/11/15,18:14:24,15.103,74.900,18.485,0.2371,10.7
20/11/15,19:14:25,13.016,79.100,16.915,0.2371,9.5
20/11/15,20:14:26,11.467,83.200,14.601,0.2371,8.7
20/11/15,21:14:27,7.419,89.800,12.751,0.2363,5.9
20/11/15,22:14:28,5.024,93.900,9.854,0.2356,4.1
20/11/15,23:14:29,3.880,83.100,6.813,0.2349,1.3
21/11/15,00:14:30,2.690,85.400,5.154,0.2349,0.5
21/11/15,01:14:31,2.770,89.500,4.298,0.2342,1.2
21/11/15,02:14:32,3.880,93.000,4.532,0.2342,2.9
21/11/15,03:14:33,2.744,92.100,4.324,0.2342,1.6
21/11/15,04:14:34,1.778,90.600,3.406,0.2334,0.4
21/11/15,05:14:35,1.588,90.000,2.850,0.2334,0.1
21/11/15,06:14:36,1.805,92.400,2.770,0.2327,0.7
21/11/15,07:14:37,2.557,94.700,2.930,0.2327,1.8
21/11/15,08:14:38,5.898,97.700,3.564,0.2327,5.6
21/11/15,09:14:39,10.443,95.200,6.000,0.2327,9.7
21/11/15,10:14:40,15.509,84.300,12.389,0.2334,12.9
21/11/15,11:14:41,19.698,74.700,20.531,0.2342,15.1
21/11/15,12:14:42,23.352,62.300,27.038,0.2349,15.8
21/11/15,13:14:43,25.065,57.900,31.740,0.2356,16.2
21/11/15,14:14:44,25.744,48.300,34.440,0.2363,14.0
21/11/15,15:14:45,29.190,49.900,35.770,0.2371,17.7
21/11/15,16:14:46,20.246,58.300,27.776,0.2371,11.8
21/11/15,17:14:47,26.085,52.700,28.468,0.2363,15.7
21/11/15,18:14:48,22.321,54.300,24.363,0.2363,12.7
21/11/15,19:14:49,13.305,62.200,19.246,0.2356,6.2
21/11/15,20:14:50,8.245,79.800,13.738,0.2356,5.0
21/11/15,21:14:51,9.608,89.100,12.050,0.2349,7.9
21/11/15,22:14:52,8.990,89.300,12.098,0.2342,7.3
21/11/15,23:14:53,3.985,78.500,9.213,0.2342,0.6
22/11/15,00:14:54,3.801,84.500,7.217,0.2334,1.4
22/11/15,01:14:55,1.262,79.800,5.616,0.2327,-1.8
22/11/15,02:14:56,0.880,81.800,4.844,0.2327,-1.9
22/11/15,03:14:57,-0.283,77.900,3.958,0.2320,-3.7
22/11/15,04:14:58,2.021,87.800,3.749,0.2320,0.2
22/11/15,05:14:59,3.485,94.000,4.428,0.2313,2.6
22/11/15,06:15:00,3.354,94.300,4.662,0.2313,2.5
22/11/15,07:15:01,6.179,97.000,5.282,0.2313,5.7
22/11/15,08:15:02,8.668,93.000,6.712,0.2305,7.6
22/11/15,09:15:03,10.124,84.600,8.469,0.2313,7.7
22/11/15,10:15:04,11.005,82.200,12.485,0.2320,8.1
22/11/15,11:15:05,12.823,78.400,15.891,0.2320,9.2
22/11/15,12:15:06,13.016,74.900,17.938,0.2327,8.7
22/11/15,13:15:07,15.772,71.500,20.555,0.2327,10.6
22/11/15,14:15:08,14.960,69.500,22.178,0.2334,9.4
22/11/15,15:15:09,20.579,63.600,25.623,0.2327,13.5
22/11/15,16:15:10,21.151,52.500,31.842,0.2334,11.1
22/11/15,17:15:11,19.436,51.600,30.469,0.2342,9.2
22/11/15,18:15:12,15.676,55.900,24.581,0.2334,6.9
22/11/15,19:15:13,11.783,63.000,19.127,0.2334,5.0
22/11/15,20:15:14,8.170,78.300,13.522,0.2327,4.6
22/11/15,21:15:15,6.687,84.600,10.614,0.2327,4.3
22/11/15,22:15:16,6.509,81.000,9.312,0.2313,3.5
22/11/15,23:15:17,5.462,77.200,8.095,0.2320,1.8
23/11/15,00:15:18,5.308,79.100,6.889,0.2305,2.0
23/11/15,01:15:19,4.402,78.000,6.408,0.2305,0.9
23/11/15,02:15:20,4.272,83.000,5.693,0.2305,1.6
23/11/15,03:15:21,0.660,79.300,4.115,0.2305,-2.5
23/11/15,04:15:22,0.605,84.500,3.116,0.2305,-1.7
23/11/15,05:15:23,3.327,87.500,3.617,0.2291,1.5
23/11/15,06:15:24,2.823,88.500,3.906,0.2298,1.1
23/11/15,07:15:25,5.821,85.100,4.558,0.2291,3.5
23/11/15,08:15:26,8.668,72.400,5.770,0.2291,4.0
23/11/15,09:15:27,12.098,55.800,7.444,0.2291,3.5
23/11/15,10:15:28,15.819,49.700,12.678,0.2291,5.3
23/11/15,11:15:29,18.366,48.100,20.365,0.2298,7.2
23/11/15,12:15:30,21.628,52.100,28.196,0.2305,11.4
23/11/15,13:15:31,21.151,49.500,33.652,0.2313,10.2
23/11/15,14:15:32,21.461,50.700,35.770,0.2313,10.8
23/11/15,15:15:33,20.627,49.200,36.417,0.2320,9.6
23/11/15,16:15:34,21.342,50.100,33.678,0.2313,10.5
23/11/15,17:15:35,19.912,47.800,32.510,0.2313,8.5
23/11/15,18:15:36,17.201,48.400,25.914,0.2313,6.2
23/11/15,19:15:37,11.565,55.100,19.793,0.2305,2.9
23/11/15,20:15:38,7.795,70.100,13.786,0.2298,2.7
23/11/15,21:15:39,5.462,78.300,10.369,0.2291,2.0
23/11/15,22:15:40,3.670,79.900,8.767,0.2291,0.5
23/11/15,23:15:41,3.221,83.000,6.914,0.2291,0.6
24/11/15,00:15:42,4.089,90.000,6.331,0.2284,2.6
24/11/15,01:15:43,3.880,93.500,6.408,0.2276,2.9
24/11/15,02:15:44,2.182,89.600,5.179,0.2276,0.7
24/11/15,03:15:45,1.480,90.000,4.402,0.2269,0.0
24/11/15,04:15:46,0.715,83.500,3.617,0.2269,-1.8
24/11/15,05:15:47,1.371,80.000,3.274,0.2269,-1.7
24/11/15,06:15:48,3.195,71.900,3.591,0.2262,-1.4
24/11/15,07:15:49,4.869,66.700,3.880,0.2262,-0.8
24/11/15,08:15:50,8.593,55.600,5.334,0.2262,0.2
24/11/15,09:15:51,11.200,54.700,7.469,0.2262,2.4
24/11/15,10:15:52,14.146,53.400,12.340,0.2262,4.8
24/11/15,11:15:53,16.106,53.300,19.555,0.2262,6.6
24/11/15,12:15:54,17.843,54.100,26.353,0.2269,8.5
24/11/15,13:15:55,18.652,54.800,31.382,0.2276,9.4
24/11/15,14:15:56,19.960,48.800,34.624,0.2276,8.9
24/11/15,15:15:57,20.722,47.600,36.417,0.2276,9.2
24/11/15,16:15:58,20.317,44.500,35.582,0.2276,7.8
24/11/15,17:15:59,18.533,45.100,31.816,0.2276,6.4
24/11/15,18:16:00,16.654,46.900,25.744,0.2276,5.3
24/11/15,19:16:01,11.102,53.900,19.103,0.2269,2.1
24/11/15,20:16:02,9.139,63.000,13.594,0.2262,2.5
24/11/15,21:16:03,8.965,62.900,11.370,0.2262,2.3
24/11/15,22:16:04,8.419,64.700,10.247,0.2254,2.2
24/11/15,23:16:05,8.070,66.900,9.509,0.2247,2.3
25/11/15,00:16:06,7.695,67.200,8.817,0.2247,2.0
25/11/15,01:16:07,7.745,65.500,8.319,0.2247,1.7
25/11/15,02:16:08,7.469,59.300,7.995,0.2247,0.1
25/11/15,03:16:09,7.318,56.100,7.645,0.2247,-0.8
25/11/15,04:16:10,7.066,57.500,7.318,0.2240,-0.7
25/11/15,05:16:11,7.041,61.300,7.142,0.2240,0.1
25/11/15,06:16:12,7.368,61.500,7.066,0.2240,0.5
25/11/15,07:16:13,8.419,59.200,7.870,0.2233,0.9
25/11/15,08:16:14,7.619,59.700,8.095,0.2233,0.3
25/11/15,09:16:15,12.630,59.000,8.668,0.2233,4.8
25/11/15,10:16:16,15.533,48.800,13.738,0.2225,4.8
25/11/15,11:16:17,17.748,46.800,20.341,0.2225,6.2
25/11/15,12:16:18,19.151,43.300,26.549,0.2225,6.4
25/11/15,13:16:19,19.841,42.800,30.748,0.2225,6.8
25/11/15,14:16:20,20.269,42.600,33.157,0.2225,7.2
25/11/15,15:16:21,20.841,38.000,33.417,0.2218,6.0
25/11/15,16:16:22,20.341,32.900,31.535,0.2218,3.5
25/11/15,17:16:23,19.270,33.000,27.801,0.2211,2.6
25/11/15,18:16:24,17.748,34.000,22.992,0.2204,1.7
25/11/15,19:16:25,15.079,35.100,17.962,0.2204,-0.2
25/11/15,20:16:26,14.649,34.000,14.888,0.2196,-1.0
25/11/15,21:16:27,14.433,32.600,13.497,0.2196,-1.8
25/11/15,22:16:28,14.984,29.700,13.088,0.2196,-2.6
25/11/15,23:16:29,15.055,27.100,13.161,0.2196,-3.7
26/11/15,00:16:30,14.601,27.900,12.944,0.2196,-3.7
26/11/15,01:16:31,14.768,30.000,12.847,0.2196,-2.6
26/11/15,02:16:32,14.625,34.000,12.823,0.2189,-1.1
26/11/15,03:16:33,12.968,41.600,12.413,0.2196,0.2
26/11/15,04:16:34,11.856,51.500,11.832,0.2189,2.2
26/11/15,05:16:35,10.541,66.700,11.321,0.2182,4.6
26/11/15,06:16:36,9.509,74.500,10.858,0.2182,5.2
26/11/15,07:16:37,8.070,77.500,10.467,0.2189,4.4
26/11/15,08:16:38,8.145,79.000,10.467,0.2182,4.7
26/11/15,09:16:39,6.864,81.500,11.394,0.2189,3.9
26/11/15,10:16:40,6.813,75.200,12.340,0.2189,2.7
26/11/15,11:16:41,9.163,70.100,15.986,0.2182,4.0
26/11/15,12:16:42,11.005,54.100,21.509,0.2182,2.1
26/11/15,13:16:43,11.953,47.700,27.481,0.2175,1.2
26/11/15,14:16:44,13.305,43.700,31.255,0.2175,1.2
26/11/15,15:16:45,13.930,42.400,33.339,0.2175,1.4
26/11/15,16:16:46,14.218,40.500,33.261,0.2175,1.0
26/11/15,17:16:47,13.161,40.500,29.389,0.2175,0.0
26/11/15,18:16:48,9.805,42.000,23.160,0.2167,-2.5
26/11/15,19:16:49,4.610,50.900,15.986,0.2160,-4.7
26/11/15,20:16:50,1.778,62.800,9.829,0.2153,-4.6
26/11/15,21:16:51,0.495,69.100,6.763,0.2153,-4.5
26/11/15,22:16:52,-0.032,74.500,5.179,0.2146,-4.0
26/11/15,23:16:53,-0.986,78.900,3.958,0.2146,-4.2
27/11/15,00:16:54,-2.015,80.300,2.664,0.2146,-5.0
27/11/15,01:16:55,-4.287,76.600,1.099,0.2138,-7.8
27/11/15,02:16:56,-6.515,69.800,-0.732,0.2138,-11.1
27/11/15,03:16:57,-6.547,72.900,-1.470,0.2138,-10.6
27/11/15,04:16:58,-6.802,73.200,-1.958,0.2138,-10.8
27/11/15,05:16:59,-4.046,81.300,-1.699,0.2131,-6.8
27/11/15,06:17:00,-5.388,75.900,-1.498,0.2131,-9.0
27/11/15,07:17:01,-1.670,83.600,-1.100,0.2124,-4.1
27/11/15,08:17:02,3.775,76.100,1.153,0.2116,-0.0
27/11/15,09:17:03,8.717,56.400,4.115,0.2124,0.5
27/11/15,10:17:04,13.738,43.600,11.370,0.2124,1.6
27/11/15,11:17:05,14.864,42.000,20.293,0.2124,2.1
27/11/15,12:17:06,16.392,45.400,27.210,0.2138,4.6
27/11/15,13:17:07,17.724,45.100,33.365,0.2146,5.7
27/11/15,14:17:08,19.698,45.700,37.124,0.2146,7.7
27/11/15,15:17:09,21.175,44.800,38.840,0.2146,8.7
27/11/15,16:17:10,19.436,43.600,37.618,0.2153,6.8
27/11/15,17:17:11,18.438,44.400,33.339,0.2153,6.1
27/11/15,18:17:12,15.652,47.300,26.524,0.2146,4.5
27/11/15,19:17:13,9.361,56.000,19.199,0.2146,1.0
27/11/15,20:17:14,6.788,72.500,13.088,0.2138,2.2
27/11/15,21:17:15,1.859,69.800,8.742,0.2138,-3.1
27/11/15,22:17:16,0.467,75.300,5.898,0.2138,-3.4
27/11/15,23:17:17,-0.563,76.100,4.402,0.2131,-4.3
28/11/15,00:17:18,-1.814,75.000,3.116,0.2124,-5.7
28/11/15,01:17:19,-2.566,74.900,2.209,0.2124,-6.4
28/11/15,02:17:20,-2.712,75.900,1.588,0.2116,-6.4
28/11/15,03:17:21,-3.124,76.000,1.017,0.2116,-6.8
28/11/15,04:17:22,-3.271,76.700,0.687,0.2116,-6.8
28/11/15,05:17:23,-3.479,76.900,0.356,0.2109,-6.9
28/11/15,06:17:24,-1.213,89.200,0.962,0.2109,-2.8
28/11/15,07:17:25,1.778,91.300,1.561,0.2102,0.5
28/11/15,08:17:26,8.891,85.000,4.324,0.2095,6.5
28/11/15,09:17:27,13.401,54.200,7.519,0.2095,4.3
28/11/15,10:17:28,17.843,44.300,14.146,0.2095,5.5
28/11/15,11:17:29,20.436,38.600,22.992,0.2102,5.9
28/11/15,12:17:30,23.112,37.800,31.052,0.2109,8.0
28/11/15,13:17:31,25.793,40.300,37.645,0.2109,11.3
28/11/15,14:17:32,30.672,40.600,42.594,0.2109,15.8
28/11/15,15:17:33,28.097,38.600,43.525,0.2109,12.7
28/11/15,16:17:34,24.944,40.000,41.502,0.2109,10.4
28/11/15,17:17:35,23.184,42.800,36.281,0.2109,9.9
28/11/15,18:17:36,20.460,44.800,29.240,0.2102,8.1
28/11/15,19:17:37,12.968,55.200,21.795,0.2095,4.2
28/11/15,20:17:38,9.139,70.700,14.936,0.2087,4.1
28/11/15,21:17:39,4.973,71.500,10.712,0.2087,0.3
28/11/15,22:17:40,4.480,78.100,8.990,0.2080,1.0
28/11/15,23:17:41,4.011,80.400,8.195,0.2073,0.9
29/11/15,00:17:42,4.688,85.000,7.795,0.2073,2.4
29/11/15,01:17:43,5.282,89.100,7.419,0.2073,3.6
29/11/15,02:17:44,5.076,89.400,6.965,0.2066,3.5
29/11/15,03:17:45,3.906,89.000,6.382,0.2066,2.3
29/11/15,04:17:46,4.402,92.000,5.847,0.2066,3.2
29/11/15,05:17:47,5.154,92.300,6.281,0.2066,4.0
29/11/15,06:17:48,5.462,90.400,6.737,0.2058,4.0
29/11/15,07:17:49,8.070,83.800,7.920,0.2058,5.5
29/11/15,08:17:50,7.745,77.300,9.287,0.2058,4.0
29/11/15,09:17:51,11.953,66.800,10.345,0.2051,6.0
29/11/15,10:17:52,10.051,63.200,14.409,0.2058,3.4
29/11/15,11:17:53,9.485,67.500,13.906,0.2058,3.8
29/11/15,12:17:54,10.614,66.500,13.882,0.2058,4.6
29/11/15,13:17:55,10.222,67.900,14.002,0.2058,4.6
29/11/15,14:17:56,12.823,64.400,17.201,0.2058,6.3
29/11/15,15:17:57,16.106,62.600,19.793,0.2051,9.0
29/11/15,16:17:58,16.915,61.100,21.748,0.2058,9.4
29/11/15,17:17:59,10.687,67.000,20.317,0.2058,4.8
29/11/15,18:18:00,11.029,80.900,15.676,0.2066,7.9
29/11/15,19:18:01,9.485,81.200,13.497,0.2058,6.4
29/11/15,20:18:02,6.611,85.600,11.248,0.2058,4.4
29/11/15,21:18:03,4.558,89.400,7.870,0.2058,3.0
29/11/15,22:18:04,1.940,83.800,5.591,0.2058,-0.5
29/11/15,23:18:05,1.398,86.600,4.350,0.2058,-0.6
30/11/15,00:18:06,0.797,87.100,3.485,0.2051,-1.1
30/11/15,01:18:07,2.262,93.300,3.248,0.2051,1.3
30/11/15,02:18:08,2.155,95.400,3.406,0.2044,1.5
30/11/15,03:18:09,2.744,97.300,3.380,0.2044,2.4
30/11/15,04:18:10,4.766,99.700,4.766,0.2044,4.7
30/11/15,05:18:11,3.485,99.000,4.714,0.2044,3.3
30/11/15,06:18:12,3.617,99.100,4.168,0.2044,3.5
30/11/15,07:18:13,5.050,98.000,4.584,0.2044,4.8
30/11/15,08:18:14,7.820,89.300,5.642,0.2044,6.2
30/11/15,09:18:15,10.712,75.400,7.368,0.2037,6.6
30/11/15,10:18:16,13.546,66.400,11.977,0.2044,7.4
30/11/15,11:18:17,16.463,58.500,19.413,0.2044,8.3
30/11/15,12:18:18,18.366,53.600,26.061,0.2051,8.8
30/11/15,13:18:19,19.532,49.300,31.128,0.2051,8.6
30/11/15,14:18:20,20.984,43.600,35.102,0.2051,8.2
30/11/15,15:18:21,22.513,40.800,37.398,0.2051,8.5
30/11/15,16:18:22,21.843,42.500,36.824,0.2051,8.5
30/11/15,17:18:23,20.293,43.000,33.940,0.2051,7.3
30/11/15,18:18:24,17.558,47.300,26.500,0.2044,6.2
30/11/15,19:18:25,13.473,53.800,20.007,0.2037,4.3
30/11/15,20:18:26,11.783,64.300,14.864,0.2037,5.3
30/11/15,21:18:27,11.637,65.600,12.871,0.2029,5.4
30/11/15,22:18:28,11.759,64.900,12.025,0.2029,5.4
30/11/15,23:18:29,12.461,65.400,11.686,0.2029,6.2
01/12/15,00:18:30,12.074,67.900,11.419,0.2022,6.3
01/12/15,01:18:31,12.316,64.000,11.005,0.2022,5.7
01/12/15,02:18:32,12.122,63.700,10.883,0.2022,5.5
01/12/15,03:18:33,12.413,62.700,10.785,0.2022,5.5
01/12/15,04:18:34,12.775,61.700,10.712,0.2015,5.6
01/12/15,05:18:35,11.953,62.700,10.467,0.2015,5.1
01/12/15,06:18:36,11.856,64.000,10.345,0.2015,5.3
01/12/15,07:18:37,13.449,63.400,10.883,0.2015,6.7
01/12/15,08:18:38,13.978,62.900,12.050,0.2015,7.0
01/12/15,09:18:39,16.129,59.600,12.944,0.2008,8.3
01/12/15,10:18:40,16.892,59.800,16.272,0.2008,9.0
01/12/15,11:18:41,19.032,60.000,19.936,0.2008,11.1
01/12/15,12:18:42,17.677,60.700,22.130,0.2008,10.0
01/12/15,13:18:43,15.867,79.900,21.413,0.2008,12.4
01/12/15,14:18:44,12.219,90.300,18.747,0.2008,10.7
01/12/15,15:18:45,11.540,82.300,17.510,0.2008,8.6
01/12/15,16:18:46,11.953,92.500,14.936,0.2000,10.8
01/12/15,17:18:47,14.768,84.900,16.201,0.2008,12.3
01/12/15,18:18:48,12.122,77.600,14.936,0.2008,8.3
01/12/15,19:18:49,10.100,80.900,12.268,0.2008,7.0
01/12/15,20:18:50,7.293,86.300,9.361,0.2000,5.2
01/12/15,21:18:51,6.077,81.800,7.217,0.2000,3.2
01/12/15,22:18:52,5.231,81.900,6.026,0.2000,2.4
01/12/15,23:18:53,4.844,84.200,5.437,0.1993,2.4
02/12/15,00:18:54,3.880,87.500,4.869,0.1993,2.0
02/12/15,01:18:55,5.308,89.000,5.334,0.1993,3.6
02/12/15,02:18:56,4.584,90.300,5.847,0.1993,3.1
02/12/15,03:18:57,1.724,95.300,4.740,0.1986,1.1
02/12/15,04:18:58,2.316,96.300,2.930,0.1971,1.8
02/12/15,05:18:59,2.690,95.900,3.327,0.1978,2.1
02/12/15,06:19:00,2.903,95.500,3.670,0.1978,2.3
02/12/15,07:19:01,3.327,96.000,3.906,0.1971,2.8
02/12/15,08:19:02,3.775,96.900,4.220,0.1964,3.3
02/12/15,09:19:03,4.947,98.400,4.428,0.1957,4.7
02/12/15,10:19:04,10.492,99.700,5.128,0.1949,10.5
02/12/15,11:19:05,14.792,92.600,11.297,0.1957,13.6
02/12/15,12:19:06,16.344,74.300,20.198,0.1964,11.8
02/12/15,13:19:07,21.485,62.200,25.890,0.1978,14.0
02/12/15,14:19:08,16.153,52.300,24.460,0.1986,6.4
02/12/15,15:19:09,18.961,51.100,25.914,0.1993,8.6
02/12/15,16:19:10,22.250,47.300,27.431,0.2000,10.5
02/12/15,17:19:11,22.561,44.200,24.798,0.2008,9.8
02/12/15,18:19:12,20.770,45.900,21.079,0.2000,8.7
02/12/15,19:19:13,10.614,55.600,16.225,0.2000,2.1
02/12/15,20:19:14,6.051,76.700,11.589,0.1993,2.3
02/12/15,21:19:15,4.272,84.100,8.941,0.1986,1.8
02/12/15,22:19:16,2.903,85.800,7.343,0.1978,0.8
02/12/15,23:19:17,2.983,87.900,6.051,0.1978,1.2
03/12/15,00:19:18,2.128,89.500,5.385,0.1971,0.6
03/12/15,01:19:19,0.550,85.700,4.298,0.1971,-1.6
03/12/15,02:19:20,0.329,87.400,3.564,0.1964,-1.5
03/12/15,03:19:21,0.329,87.800,3.089,0.1964,-1.5
03/12/15,04:19:22,-0.255,85.100,2.584,0.1964,-2.5
03/12/15,05:19:23,-1.185,82.100,2.047,0.1964,-3.8
03/12/15,06:19:24,-0.817,84.600,1.805,0.1957,-3.1
03/12/15,07:19:25,1.643,92.700,1.913,0.1949,0.6
03/12/15,08:19:26,7.895,99.800,3.274,0.1949,7.9
03/12/15,09:19:27,13.329,84.100,6.408,0.1949,10.7
03/12/15,10:19:28,18.390,66.400,12.582,0.1957,12.0
03/12/15,11:19:29,23.328,58.500,19.841,0.1971,14.8
03/12/15,12:19:30,26.109,52.000,26.231,0.1978,15.5
03/12/15,13:19:31,25.598,47.800,30.697,0.1993,13.7
03/12/15,14:19:32,30.243,49.100,31.893,0.2000,18.4
03/12/15,15:19:33,31.561,45.200,34.492,0.2015,18.3
03/12/15,16:19:34,30.243,42.500,33.914,0.2015,16.1
03/12/15,17:19:35,27.407,41.400,31.689,0.2015,13.2
03/12/15,18:19:36,24.074,42.800,26.793,0.2015,10.7
03/12/15,19:19:37,14.745,49.100,21.151,0.2008,4.2
03/12/15,20:19:38,9.485,68.000,15.819,0.2000,3.9
03/12/15,21:19:39,7.519,82.300,12.847,0.1993,4.7
03/12/15,22:19:40,5.179,82.300,10.736,0.1993,2.4
03/12/15,23:19:41,4.688,85.900,9.089,0.1978,2.5
04/12/15,00:19:42,3.406,86.500,8.020,0.1978,1.4
04/12/15,01:19:43,2.021,83.600,6.737,0.1971,-0.5
04/12/15,02:19:44,1.180,82.900,5.770,0.1971,-1.4
04/12/15,03:19:45,0.550,82.100,5.050,0.1964,-2.2
04/12/15,04:19:46,0.356,83.200,4.532,0.1964,-2.2
04/12/15,05:19:47,-0.004,82.700,4.063,0.1964,-2.6
04/12/15,06:19:48,0.051,82.800,3.722,0.1957,-2.5
04/12/15,07:19:49,2.450,89.800,4.063,0.1949,0.9
04/12/15,08:19:50,8.519,99.400,5.437,0.1949,8.4
04/12/15,09:19:51,14.745,70.900,7.945,0.1942,9.5
04/12/15,10:19:52,18.628,52.600,13.834,0.1949,8.8
04/12/15,11:19:53,21.772,48.900,21.342,0.1957,10.6
04/12/15,12:19:54,22.321,49.600,25.331,0.1964,11.3
04/12/15,13:19:55,23.569,50.700,27.530,0.1971,12.8
04/12/15,14:19:56,22.130,52.500,26.012,0.1971,12.0
04/12/15,15:19:57,26.475,50.600,28.642,0.1971,15.4
04/12/15,16:19:58,19.436,51.400,25.258,0.1971,9.2
04/12/15,17:19:59,20.126,56.300,22.393,0.1964,11.2
04/12/15,18:20:00,18.652,57.200,21.437,0.1971,10.0
04/12/15,19:20:01,14.912,62.200,17.986,0.1964,7.8
04/12/15,20:20:02,9.805,74.400,14.050,0.1971,5.5
04/12/15,21:20:03,6.484,78.400,11.078,0.1964,3.0
04/12/15,22:20:04,4.584,79.700,9.262,0.1957,1.4
04/12/15,23:20:05,4.818,84.800,8.145,0.1957,2.5
05/12/15,00:20:06,5.539,89.100,7.619,0.1949,3.9
05/12/15,01:20:07,4.818,90.400,7.343,0.1949,3.4
05/12/15,02:20:08,2.770,85.300,6.382,0.1942,0.6
05/12/15,03:20:09,2.423,85.800,5.668,0.1942,0.3
05/12/15,04:20:10,1.859,85.300,5.128,0.1942,-0.3
05/12/15,05:20:11,2.396,88.200,4.766,0.1935,0.6
05/12/15,06:20:12,2.262,88.200,4.636,0.1935,0.5
05/12/15,07:20:13,7.368,96.800,5.282,0.1935,6.9
05/12/15,08:20:14,12.703,88.400,7.645,0.1928,10.8
05/12/15,09:20:15,16.630,62.500,11.224,0.1928,9.5
05/12/15,10:20:16,20.031,55.300,16.749,0.1935,10.8
05/12/15,11:20:17,20.079,49.300,22.369,0.1935,9.1
05/12/15,12:20:18,26.965,54.100,26.402,0.1935,16.9
05/12/15,13:20:19,23.304,51.800,28.593,0.1935,12.9
05/12/15,14:20:20,27.161,50.000,29.991,0.1935,15.9
05/12/15,15:20:21,31.816,45.100,32.562,0.1935,18.5
05/12/15,16:20:22,27.210,42.500,32.975,0.1935,13.4
05/12/15,17:20:23,22.058,55.400,26.280,0.1935,12.7
05/12/15,18:20:24,18.794,56.100,23.376,0.1935,9.9
05/12/15,19:20:25,15.127,66.800,19.865,0.1928,9.0
05/12/15,20:20:26,12.727,74.300,16.368,0.1928,8.3
05/12/15,21:20:27,9.435,79.200,13.401,0.1920,6.0
05/12/15,22:20:28,6.839,80.400,11.005,0.1920,3.7
05/12/15,23:20:29,5.821,83.100,9.485,0.1913,3.2
06/12/15,00:20:30,4.792,83.500,8.394,0.1913,2.2
06/12/15,01:20:31,4.089,84.300,7.544,0.1913,1.7
06/12/15,02:20:32,3.749,85.500,6.914,0.1906,1.5
06/12/15,03:20:33,3.775,87.300,6.611,0.1899,1.9
06/12/15,04:20:34,4.792,90.900,6.230,0.1899,3.4
06/12/15,05:20:35,5.796,96.100,6.281,0.1899,5.2
06/12/15,06:20:36,8.369,97.700,7.015,0.1899,8.0
06/12/15,07:20:37,11.321,85.700,8.742,0.1891,9.0
06/12/15,08:20:38,14.194,69.800,10.173,0.1891,8.8
06/12/15,09:20:39,16.558,57.300,12.219,0.1891,8.1
06/12/15,10:20:40,20.126,51.500,16.915,0.1891,9.8
06/12/15,11:20:41,23.689,48.300,23.160,0.1891,12.1
06/12/15,12:20:42,25.914,42.400,31.204,0.1884,12.2
06/12/15,13:20:43,26.549,41.500,36.769,0.1884,12.4
06/12/15,14:20:44,19.651,47.500,29.565,0.1891,8.2
06/12/15,15:20:45,18.224,56.100,23.472,0.1891,9.3
06/12/15,16:20:46,19.008,62.700,21.485,0.1884,11.8
06/12/15,17:20:47,22.513,67.600,23.713,0.1877,16.2
06/12/15,18:20:48,21.199,58.200,24.484,0.1877,12.7
06/12/15,19:20:49,16.701,62.300,20.507,0.1877,9.5
06/12/15,20:20:50,12.268,69.900,16.177,0.1877,6.9
06/12/15,21:20:51,11.686,76.100,13.930,0.1870,7.6
06/12/15,22:20:52,11.516,81.000,13.353,0.1870,8.4
06/12/15,23:20:53,11.224,85.800,12.847,0.1862,8.9
07/12/15,00:20:54,10.590,85.800,12.316,0.1862,8.3
07/12/15,01:20:55,10.369,87.200,11.783,0.1862,8.3
07/12/15,02:20:56,10.614,87.600,11.759,0.1862,8.7
07/12/15,03:20:57,10.834,86.500,11.710,0.1855,8.7
07/12/15,04:20:58,10.785,88.700,11.589,0.1855,9.0
07/12/15,05:20:59,10.565,91.400,11.419,0.1862,9.2
07/12/15,06:21:00,10.590,92.700,11.321,0.1855,9.5
07/12/15,07:21:01,11.102,93.600,11.540,0.1855,10.1
07/12/15,08:21:02,12.727,89.400,12.751,0.1862,11.0
07/12/15,09:21:03,14.074,78.300,13.594,0.1862,10.4
07/12/15,10:21:04,15.963,74.100,15.581,0.1862,11.4
07/12/15,11:21:05,16.844,64.100,18.794,0.1855,10.0
07/12/15,12:21:06,18.152,64.400,18.771,0.1862,11.3
07/12/15,13:21:07,16.558,63.600,19.817,0.1855,9.6
07/12/15,14:21:08,15.629,81.800,17.368,0.1855,12.5
07/12/15,15:21:09,17.082,75.300,18.152,0.1855,12.7
07/12/15,16:21:10,15.127,73.300,17.534,0.1855,10.4
07/12/15,17:21:11,16.558,81.600,17.034,0.1862,13.4
07/12/15,18:21:12,14.984,77.000,16.439,0.1855,11.0
07/12/15,19:21:13,13.522,74.800,14.888,0.1862,9.2
07/12/15,20:21:14,12.147,80.200,13.473,0.1862,8.9
07/12/15,21:21:15,11.516,91.300,12.485,0.1855,10.2
07/12/15,22:21:16,11.321,95.000,12.098,0.1855,10.6
07/12/15,23:21:17,11.029,95.900,11.783,0.1855,10.4
08/12/15,00:21:18,11.175,96.300,11.613,0.1855,10.6
08/12/15,01:21:19,11.053,97.500,11.540,0.1855,10.7
08/12/15,02:21:20,11.127,96.400,11.443,0.1855,10.6
08/12/15,03:21:21,11.273,96.700,11.394,0.1855,10.8
08/12/15,04:21:22,11.102,96.600,11.346,0.1855,10.6
08/12/15,05:21:23,11.053,96.500,11.248,0.1855,10.5
08/12/15,06:21:24,10.883,98.900,11.151,0.1848,10.7
08/12/15,07:21:25,11.273,99.900,11.370,0.1848,11.3
08/12/15,08:21:26,11.200,100.000,11.977,0.1833,11.2
08/12/15,09:21:27,11.807,100.000,11.904,0.1833,11.8
08/12/15,10:21:28,11.637,100.000,12.074,0.1811,11.7
08/12/15,11:21:29,11.977,100.000,12.364,0.1761,12.0
08/12/15,12:21:30,11.977,100.000,12.775,0.2436,12.0
08/12/15,13:21:31,11.953,100.000,12.461,0.2538,12.0
08/12/15,14:21:32,12.195,100.000,12.534,0.3046,12.2
08/12/15,15:21:33,12.340,100.000,12.630,0.2865,12.4
08/12/15,16:21:34,12.703,100.000,12.799,0.2785,12.7
08/12/15,17:21:35,12.461,100.000,12.775,0.2734,12.5
08/12/15,18:21:36,12.703,100.000,12.558,0.2712,12.7
08/12/15,19:21:37,11.759,100.000,12.389,0.2836,11.8
08/12/15,20:21:38,11.200,100.000,12.001,0.2843,11.2
08/12/15,21:21:39,11.613,100.000,11.686,0.2814,11.6
08/12/15,22:21:40,11.977,100.000,11.832,0.2792,12.0
08/12/15,23:21:41,11.904,100.000,11.904,0.2966,11.9
09/12/15,00:21:42,11.759,100.000,11.880,0.2886,11.8
09/12/15,01:21:43,11.540,100.000,11.734,0.2843,11.6
09/12/15,02:21:44,11.516,100.000,11.637,0.2814,11.5
09/12/15,03:21:45,11.005,100.000,11.540,0.2792,11.0
09/12/15,04:21:46,10.712,100.000,11.273,0.2770,10.7
09/12/15,05:21:47,10.173,100.000,10.956,0.2748,10.2
09/12/15,06:21:48,10.418,100.000,10.712,0.2734,10.4
09/12/15,07:21:49,10.418,100.000,10.834,0.2719,10.4
09/12/15,08:21:50,10.785,99.900,10.516,0.2705,10.8
09/12/15,09:21:51,12.098,93.600,11.078,0.2698,11.1
09/12/15,10:21:52,14.553,84.300,13.954,0.2683,12.0
09/12/15,11:21:53,16.582,78.300,17.486,0.2676,12.8
09/12/15,12:21:54,18.271,71.500,21.056,0.2661,13.0
09/12/15,13:21:55,19.651,58.100,24.291,0.2654,11.2
09/12/15,14:21:56,20.865,50.200,25.720,0.2647,10.1
09/12/15,15:21:57,20.579,49.900,26.207,0.2639,9.8
09/12/15,16:21:58,21.557,50.600,26.720,0.2632,10.9
09/12/15,17:21:59,20.555,50.300,25.331,0.2618,9.9
09/12/15,18:22:00,18.390,52.000,21.939,0.2610,8.4
09/12/15,19:22:01,13.209,60.900,17.582,0.2596,5.8
09/12/15,20:22:02,10.785,73.700,13.666,0.2581,6.3
09/12/15,21:22:03,10.100,79.500,11.734,0.2567,6.7
09/12/15,22:22:04,9.903,79.900,10.687,0.2560,6.6
09/12/15,23:22:05,9.682,78.400,10.001,0.2552,6.1
10/12/15,00:22:06,8.841,79.900,9.386,0.2545,5.6
10/12/15,01:22:07,8.643,82.800,8.841,0.2538,5.9
10/12/15,02:22:08,8.568,82.500,8.444,0.2530,5.8
10/12/15,03:22:09,8.593,77.400,8.095,0.2530,4.9
10/12/15,04:22:10,8.494,78.200,7.845,0.2523,4.9
10/12/15,05:22:11,8.444,70.600,7.519,0.2516,3.4
10/12/15,06:22:12,8.841,68.500,7.368,0.2516,3.4
10/12/15,07:22:13,10.858,71.700,8.270,0.2509,6.0
10/12/15,08:22:14,12.147,70.100,9.632,0.2509,6.9
10/12/15,09:22:15,13.954,67.900,10.614,0.2501,8.1
10/12/15,10:22:16,15.652,65.300,14.122,0.2501,9.2
10/12/15,11:22:17,16.630,59.700,18.723,0.2501,8.8
10/12/15,12:22:18,18.319,56.300,22.968,0.2501,9.5
10/12/15,13:22:19,19.246,56.200,25.866,0.2501,10.3
10/12/15,14:22:20,20.484,51.000,28.444,0.2501,10.0
10/12/15,15:22:21,21.533,48.100,29.340,0.2501,10.1
10/12/15,16:22:22,20.531,46.100,29.190,0.2501,8.6
10/12/15,17:22:23,19.032,45.600,26.965,0.2494,7.0
10/12/15,18:22:24,17.391,46.800,22.729,0.2494,5.9
10/12/15,19:22:25,12.509,53.000,18.438,0.2487,3.2
10/12/15,20:22:26,11.273,63.100,14.673,0.2472,4.5
10/12/15,21:22:27,10.810,66.000,13.016,0.2465,4.7
10/12/15,22:22:28,10.565,66.800,11.856,0.2465,4.7
10/12/15,23:22:29,10.369,66.900,11.127,0.2458,4.5
11/12/15,00:22:30,9.756,68.900,10.516,0.2451,4.3
11/12/15,01:22:31,9.558,71.600,10.001,0.2451,4.7
11/12/15,02:22:32,9.089,71.600,9.608,0.2443,4.2
11/12/15,03:22:33,8.369,72.900,9.213,0.2443,3.8
11/12/15,04:22:34,8.070,65.000,8.618,0.2436,1.9
11/12/15,05:22:35,7.444,62.800,8.195,0.2436,0.8
11/12/15,06:22:36,7.066,69.000,7.695,0.2429,1.8
11/12/15,07:22:37,7.920,67.200,7.569,0.2429,2.2
11/12/15,08:22:38,9.534,65.300,7.995,0.2422,3.4
11/12/15,09:22:39,11.565,63.500,9.386,0.2414,4.9
11/12/15,10:22:40,14.314,63.000,13.305,0.2414,7.4
11/12/15,11:22:41,15.199,55.500,18.628,0.2414,6.4
11/12/15,12:22:42,14.840,56.300,22.441,0.2414,6.2
11/12/15,13:22:43,16.344,51.300,25.744,0.2422,6.3
11/12/15,14:22:44,17.439,50.200,27.998,0.2422,7.0
11/12/15,15:22:45,14.864,49.900,28.345,0.2422,4.5
11/12/15,16:22:46,13.690,50.500,24.798,0.2422,3.6
11/12/15,17:22:47,11.102,59.200,19.793,0.2414,3.5
11/12/15,18:22:48,7.995,66.600,15.605,0.2414,2.2
11/12/15,19:22:49,6.331,76.100,13.040,0.2407,2.4
11/12/15,20:22:50,4.921,77.400,10.565,0.2400,1.3
11/12/15,21:22:51,3.195,78.800,8.841,0.2392,-0.1
11/12/15,22:22:52,2.396,82.000,7.318,0.2385,-0.4
11/12/15,23:22:53,0.907,81.400,5.796,0.2385,-1.9
12/12/15,00:22:54,-0.060,82.300,4.532,0.2378,-2.7
12/12/15,01:22:55,-0.367,86.100,3.985,0.2378,-2.4
12/12/15,02:22:56,-2.102,78.300,2.717,0.2371,-5.4
12/12/15,03:22:57,-3.627,76.300,1.859,0.2371,-7.2
12/12/15,04:22:58,-5.202,70.900,0.687,0.2363,-9.7
12/12/15,05:22:59,-5.202,71.400,0.107,0.2363,-9.6
12/12/15,06:23:00,-4.439,74.200,0.135,0.2363,-8.3
12/12/15,07:23:01,-0.760,85.200,0.934,0.2349,-2.9
12/12/15,08:23:02,4.714,78.700,2.503,0.2349,1.3
12/12/15,09:23:03,10.590,56.900,5.334,0.2349,2.4
12/12/15,10:23:04,15.533,53.100,11.248,0.2356,6.0
12/12/15,11:23:05,20.627,50.200,19.341,0.2363,9.9
12/12/15,12:23:06,22.298,47.500,26.109,0.2371,10.6
12/12/15,13:23:07,20.293,48.200,29.140,0.2378,9.0
12/12/15,14:23:08,22.489,48.400,31.740,0.2378,11.1
12/12/15,15:23:09,16.034,53.400,27.235,0.2378,6.6
12/12/15,16:23:10,19.912,55.700,23.016,0.2378,10.8
12/12/15,17:23:11,21.366,44.800,28.394,0.2378,8.9
12/12/15,18:23:12,18.961,45.700,24.847,0.2378,7.0
12/12/15,19:23:13,11.807,58.900,18.533,0.2378,4.0
12/12/15,20:23:14,7.015,74.200,13.137,0.2371,2.7
12/12/15,21:23:15,4.480,72.900,9.805,0.2363,0.0
12/12/15,22:23:16,3.749,81.500,7.945,0.2356,0.9
12/12/15,23:23:17,3.538,85.600,6.990,0.2356,1.4
13/12/15,00:23:18,4.011,90.500,6.458,0.2342,2.6
13/12/15,01:23:19,3.643,92.400,6.382,0.2342,2.5
13/12/15,02:23:20,3.538,93.000,5.949,0.2334,2.5
13/12/15,03:23:21,3.906,91.300,5.693,0.2334,2.6
13/12/15,04:23:22,3.880,86.400,5.591,0.2334,1.8
13/12/15,05:23:23,3.827,82.100,5.360,0.2327,1.1
13/12/15,06:23:24,4.168,80.800,5.128,0.2327,1.2
13/12/15,07:23:25,6.051,77.500,5.668,0.2320,2.4
13/12/15,08:23:26,8.742,70.400,6.560,0.2320,3.7
13/12/15,09:23:27,11.370,62.000,8.220,0.2320,4.4
13/12/15,10:23:28,14.194,55.500,12.823,0.2320,5.4
13/12/15,11:23:29,17.130,51.800,19.793,0.2327,7.2
13/12/15,12:23:30,18.247,49.000,25.720,0.2327,7.4
13/12/15,13:23:31,19.770,47.300,30.849,0.2334,8.2
13/12/15,14:23:32,18.628,45.600,32.330,0.2334,6.7
13/12/15,15:23:33,18.699,45.500,31.944,0.2342,6.7
13/12/15,16:23:34,17.011,44.200,29.991,0.2334,4.8
13/12/15,17:23:35,17.486,43.300,27.308,0.2334,4.9
13/12/15,18:23:36,15.485,44.200,23.424,0.2327,3.4
13/12/15,19:23:37,11.005,52.000,18.271,0.2327,1.5
13/12/15,20:23:38,9.657,63.200,14.290,0.2320,3.0
13/12/15,21:23:39,7.970,68.700,12.025,0.2320,2.6
13/12/15,22:23:40,6.839,71.200,10.590,0.2313,2.0
13/12/15,23:23:41,7.720,66.800,9.952,0.2305,1.9
14/12/15,00:23:42,7.870,62.000,9.583,0.2298,1.1
14/12/15,01:23:43,7.544,56.600,8.792,0.2298,-0.5
14/12/15,02:23:44,6.357,53.500,7.745,0.2298,-2.4
14/12/15,03:23:45,5.924,56.600,6.864,0.2298,-2.0
14/12/15,04:23:46,5.385,57.600,6.153,0.2291,-2.3
14/12/15,05:23:47,5.872,57.200,5.847,0.2284,-1.9
14/12/15,06:23:48,6.484,53.900,6.077,0.2284,-2.2
14/12/15,07:23:49,8.693,53.900,6.712,0.2284,-0.1
14/12/15,08:23:50,12.243,50.000,8.045,0.2276,2.1
14/12/15,09:23:51,15.342,44.200,10.320,0.2269,3.2
14/12/15,10:23:52,17.058,39.600,15.390,0.2269,3.2
14/12/15,11:23:53,20.055,37.200,22.178,0.2276,5.0
14/12/15,12:23:54,20.936,36.200,28.667,0.2284,5.4
14/12/15,13:23:55,21.772,34.000,32.872,0.2284,5.2
14/12/15,14:23:56,23.737,35.300,36.471,0.2284,7.5
14/12/15,15:23:57,23.954,34.800,37.206,0.2284,7.5
14/12/15,16:23:58,22.920,36.100,34.124,0.2284,7.1
14/12/15,17:23:59,22.154,34.200,31.970,0.2276,5.7
14/12/15,18:24:00,17.034,35.800,26.012,0.2269,1.8
14/12/15,19:24:01,15.843,38.200,20.817,0.2269,1.6
14/12/15,20:24:02,10.075,52.400,15.223,0.2269,0.8
14/12/15,21:24:03,7.820,75.000,11.710,0.2262,3.7
