"Date","Time, GMT+11:00","Temp, °C (LGR S/N: 9832569, SEN S/N: 9818209, LBL: Ambient)","RH, % (LGR S/N: 9832569, SEN S/N: 9818209)","Temp, °C (LGR S/N: 9832569, SEN S/N: 9824746, LBL: 3cmBG)","Water Content, m³/m³ (LGR S/N: 9832569, SEN S/N: 9833753, LBL: 5cmBG)","Water Content, m³/m³ (LGR S/N: 9832569, SEN S/N: 9833755, LBL: 10cmBG)","DewPt, °C (LGR S/N: 9832569, SEN S/N: 9818209)"
04/03/17,15:22:20,16.630,97.600,16.082,0.1150,0.1042,16.3
04/03/17,16:22:21,15.605,96.100,16.177,0.1158,0.1049,15.0
04/03/17,17:22:22,14.266,97.300,16.082,0.1158,0.1049,13.9
04/03/17,18:22:23,14.385,98.400,15.629,0.1150,0.1049,14.2
04/03/17,19:22:24,13.329,98.500,15.318,0.1158,0.1049,13.1
04/03/17,20:22:25,12.340,99.000,14.768,0.1150,0.1042,12.2
04/03/17,21:22:26,11.783,99.400,14.146,0.1150,0.1042,11.7
04/03/17,22:22:27,11.419,99.700,13.642,0.1150,0.1042,11.4
04/03/17,23:22:28,8.593,99.100,13.088,0.1150,0.1034,8.5
05/03/17,00:22:29,9.731,99.400,12.509,0.1150,0.1042,9.7
05/03/17,01:22:30,9.262,99.500,12.219,0.1143,0.1042,9.2
05/03/17,02:22:31,9.238,99.800,11.929,0.1150,0.1042,9.2
05/03/17,03:22:32,9.262,99.900,11.759,0.1143,0.1042,9.3
05/03/17,04:22:33,9.015,100.000,11.565,0.1143,0.1049,9.0
05/03/17,05:22:34,9.682,100.000,11.516,0.1150,0.1049,9.7
05/03/17,06:22:35,7.015,99.600,11.200,0.1150,0.1049,7.0
05/03/17,07:22:36,5.334,99.400,10.687,0.1143,0.1049,5.3
05/03/17,08:22:37,7.845,99.400,10.149,0.1150,0.1056,7.8
05/03/17,09:22:38,12.485,100.000,10.590,0.1150,0.1056,12.5
05/03/17,10:22:39,14.481,100.000,11.929,0.1150,0.1063,14.5
05/03/17,11:22:40,17.653,96.400,13.329,0.1150,0.1078,17.1
05/03/17,12:22:41,22.633,87.600,14.385,0.1158,0.1078,20.5
05/03/17,13:22:42,20.913,79.200,16.129,0.1165,0.1085,17.2
05/03/17,14:22:43,20.317,77.600,17.177,0.1158,0.1078,16.3
05/03/17,15:22:44,22.968,74.500,18.105,0.1158,0.1078,18.2
05/03/17,16:22:45,19.151,81.700,19.032,0.1165,0.1071,16.0
05/03/17,17:22:46,15.629,85.000,18.866,0.1158,0.1063,13.1
05/03/17,18:22:47,14.242,94.900,17.629,0.1158,0.1063,13.5
05/03/17,19:22:48,12.001,96.700,16.487,0.1150,0.1056,11.5
05/03/17,20:22:49,10.712,98.000,15.127,0.1150,0.1049,10.4
05/03/17,21:22:50,10.198,98.900,14.170,0.1150,0.1049,10.0
05/03/17,22:22:51,9.312,99.000,13.546,0.1143,0.1042,9.2
05/03/17,23:22:52,8.742,99.300,13.016,0.1143,0.1049,8.6
06/03/17,00:22:53,8.120,99.400,12.534,0.1143,0.1049,8.0
06/03/17,01:22:54,6.839,98.700,12.050,0.1143,0.1049,6.7
06/03/17,02:22:55,4.506,97.600,11.200,0.1136,0.1042,4.2
06/03/17,03:22:56,6.382,98.300,10.394,0.1143,0.1049,6.1
06/03/17,04:22:57,6.839,100.000,10.320,0.1143,0.1056,6.8
06/03/17,05:22:58,6.940,99.900,10.296,0.1136,0.1056,6.9
06/03/17,06:22:59,6.788,99.900,10.247,0.1143,0.1056,6.8
06/03/17,07:23:00,6.965,100.000,10.173,0.1143,0.1056,7.0
06/03/17,08:23:01,8.568,100.000,10.198,0.1143,0.1056,8.6
06/03/17,09:23:02,10.761,99.800,10.663,0.1150,0.1063,10.7
06/03/17,10:23:03,15.079,94.800,11.078,0.1143,0.1071,14.3
06/03/17,11:23:04,20.531,78.100,11.880,0.1150,0.1071,16.6
06/03/17,12:23:05,21.724,64.900,13.401,0.1150,0.1071,14.9
06/03/17,13:23:06,22.250,62.200,15.461,0.1150,0.1071,14.7
06/03/17,14:23:07,21.294,62.600,17.463,0.1150,0.1063,13.9
06/03/17,15:23:08,20.317,65.100,19.008,0.1150,0.1056,13.6
06/03/17,16:23:09,17.082,67.900,19.532,0.1150,0.1049,11.1
06/03/17,17:23:10,16.082,72.400,19.746,0.1143,0.1034,11.1
06/03/17,18:23:11,12.920,76.800,19.270,0.1136,0.1027,9.0
06/03/17,19:23:12,9.139,85.500,17.082,0.1136,0.1020,6.8
06/03/17,20:23:13,7.569,92.300,14.745,0.1136,0.1012,6.4
06/03/17,21:23:14,8.792,96.200,13.449,0.1136,0.1020,8.2
06/03/17,22:23:15,8.469,96.800,12.968,0.1129,0.1020,8.0
06/03/17,23:23:16,7.970,97.100,12.534,0.1136,0.1020,7.5
07/03/17,00:23:17,7.920,97.900,12.147,0.1129,0.1020,7.6
07/03/17,01:23:18,7.419,98.700,11.856,0.1121,0.1020,7.2
07/03/17,02:23:19,6.788,98.600,11.516,0.1129,0.1020,6.6
07/03/17,03:23:20,6.535,98.600,11.127,0.1129,0.1027,6.3
07/03/17,04:23:21,6.408,98.600,10.785,0.1129,0.1034,6.2
07/03/17,05:23:22,6.281,98.800,10.541,0.1129,0.1034,6.1
07/03/17,06:23:23,5.924,99.000,10.320,0.1129,0.1034,5.8
07/03/17,07:23:24,5.872,98.800,10.051,0.1129,0.1034,5.7
07/03/17,08:23:25,7.594,99.400,9.977,0.1129,0.1027,7.5
07/03/17,09:23:26,12.147,97.500,10.320,0.1129,0.1034,11.8
07/03/17,10:23:27,19.008,76.700,10.687,0.1129,0.1042,14.8
07/03/17,11:23:28,23.497,61.000,11.686,0.1129,0.1042,15.6
07/03/17,12:23:29,24.968,56.500,13.449,0.1136,0.1042,15.7
07/03/17,13:23:30,25.065,54.300,15.605,0.1143,0.1042,15.2
07/03/17,14:23:31,22.992,54.900,17.748,0.1143,0.1027,13.5
07/03/17,15:23:32,20.817,57.200,19.436,0.1136,0.1020,12.1
07/03/17,16:23:33,19.008,61.400,20.627,0.1136,0.1005,11.4
07/03/17,17:23:34,15.939,65.300,21.079,0.1129,0.1005,9.5
07/03/17,18:23:35,12.606,72.900,20.460,0.1129,0.0991,7.9
07/03/17,19:23:36,9.460,82.600,17.962,0.1121,0.0991,6.7
07/03/17,20:23:37,5.770,88.000,15.199,0.1121,0.0983,3.9
07/03/17,21:23:38,9.040,96.300,13.762,0.1121,0.0983,8.5
07/03/17,22:23:39,8.145,95.600,13.401,0.1114,0.0983,7.5
07/03/17,23:23:40,7.594,97.200,12.968,0.1114,0.0983,7.2
08/03/17,00:23:41,3.880,95.600,12.364,0.1114,0.0983,3.2
08/03/17,01:23:42,2.637,95.100,11.102,0.1114,0.0983,1.9
08/03/17,02:23:43,1.615,95.800,10.173,0.1114,0.0983,1.0
08/03/17,03:23:44,0.495,96.000,9.410,0.1114,0.0983,-0.1
08/03/17,04:23:45,-0.032,95.600,8.693,0.1107,0.0983,-0.7
08/03/17,05:23:46,-0.535,95.500,8.145,0.1107,0.0983,-1.2
08/03/17,06:23:47,-1.100,95.500,7.594,0.1100,0.0983,-1.7
08/03/17,07:23:48,-1.128,94.400,7.116,0.1107,0.0991,-1.9
08/03/17,08:23:49,6.585,97.800,6.940,0.1107,0.1012,6.3
08/03/17,09:23:50,13.233,89.000,7.619,0.1107,0.1020,11.5
08/03/17,10:23:51,18.200,64.700,8.767,0.1114,0.1020,11.5
08/03/17,11:23:52,22.920,50.500,10.222,0.1114,0.1020,12.1
08/03/17,12:23:53,24.412,45.800,12.122,0.1121,0.1020,12.0
08/03/17,13:23:54,27.063,44.500,14.314,0.1121,0.1012,14.0
08/03/17,14:23:55,26.524,45.500,16.820,0.1121,0.1005,13.8
08/03/17,15:23:56,24.508,46.100,18.628,0.1121,0.0998,12.2
08/03/17,16:23:57,21.724,49.800,20.007,0.1121,0.0983,10.8
08/03/17,17:23:58,15.151,59.400,19.746,0.1114,0.0976,7.3
08/03/17,18:23:59,13.016,68.900,17.915,0.1107,0.0962,7.5
08/03/17,19:24:00,9.139,77.700,16.034,0.1107,0.0954,5.5
08/03/17,20:24:01,6.712,85.400,14.146,0.1100,0.0940,4.4
08/03/17,21:24:02,3.985,88.300,12.630,0.1100,0.0940,2.2
08/03/17,22:24:03,1.859,90.500,11.370,0.1100,0.0940,0.5
08/03/17,23:24:04,0.577,91.800,10.296,0.1092,0.0940,-0.6
09/03/17,00:24:05,-0.367,91.800,9.336,0.1092,0.0940,-1.5
09/03/17,01:24:06,-1.900,91.400,8.568,0.1092,0.0940,-3.1
09/03/17,02:24:07,-1.213,91.800,7.895,0.1092,0.0940,-2.4
09/03/17,03:24:08,-0.199,93.500,7.594,0.1092,0.0947,-1.1
09/03/17,04:24:09,-0.930,91.900,7.318,0.1092,0.0940,-2.1
09/03/17,05:24:10,-1.213,92.400,6.990,0.1085,0.0940,-2.3
09/03/17,06:24:11,-1.213,92.800,6.687,0.1085,0.0940,-2.2
09/03/17,07:24:12,-1.213,92.500,6.382,0.1085,0.0947,-2.3
09/03/17,08:24:13,5.616,96.300,6.255,0.1085,0.0962,5.1
09/03/17,09:24:14,12.678,86.900,6.940,0.1092,0.0969,10.6
09/03/17,10:24:15,18.485,54.000,8.170,0.1092,0.0983,9.0
09/03/17,11:24:16,23.833,43.000,9.657,0.1100,0.0983,10.5
09/03/17,12:24:17,26.231,38.100,11.589,0.1100,0.0983,10.8
09/03/17,13:24:18,26.329,34.600,13.690,0.1100,0.0976,9.5
09/03/17,14:24:19,25.890,33.200,15.796,0.1100,0.0962,8.5
09/03/17,15:24:20,24.436,33.900,17.772,0.1100,0.0947,7.5
09/03/17,16:24:21,21.103,35.100,19.080,0.1092,0.0933,5.1
09/03/17,17:24:22,18.057,35.900,19.674,0.1092,0.0925,2.7
09/03/17,18:24:23,15.247,40.400,19.151,0.1085,0.0918,1.9
09/03/17,19:24:24,10.394,51.600,16.749,0.1078,0.0904,0.9
09/03/17,20:24:25,7.444,63.000,14.242,0.1078,0.0904,0.9
09/03/17,21:24:26,7.167,68.300,12.727,0.1078,0.0904,1.7
09/03/17,22:24:27,7.770,66.800,11.807,0.1078,0.0896,2.0
09/03/17,23:24:28,6.712,60.700,11.200,0.1071,0.0896,-0.3
10/03/17,00:24:29,5.488,65.000,10.590,0.1071,0.0904,-0.6
10/03/17,01:24:30,4.921,68.300,9.977,0.1071,0.0896,-0.4
10/03/17,02:24:31,5.411,69.700,9.509,0.1078,0.0904,0.3
10/03/17,03:24:32,4.999,74.900,9.213,0.1071,0.0904,0.9
10/03/17,04:24:33,4.818,82.700,8.941,0.1071,0.0904,2.1
10/03/17,05:24:34,5.949,84.900,8.767,0.1071,0.0904,3.6
10/03/17,06:24:35,5.975,87.500,8.693,0.1071,0.0904,4.1
10/03/17,07:24:36,5.821,87.200,8.618,0.1078,0.0911,3.9
10/03/17,08:24:37,11.005,87.000,8.543,0.1071,0.0911,8.9
10/03/17,09:24:38,16.939,67.400,8.990,0.1078,0.0918,10.9
10/03/17,10:24:39,21.056,55.300,10.001,0.1078,0.0925,11.8
10/03/17,11:24:40,24.968,49.300,11.346,0.1078,0.0925,13.6
10/03/17,12:24:41,25.040,45.500,12.896,0.1078,0.0933,12.5
10/03/17,13:24:42,26.182,43.300,14.745,0.1085,0.0925,12.7
10/03/17,14:24:43,25.065,41.600,16.582,0.1078,0.0918,11.1
10/03/17,15:24:44,21.724,45.400,17.629,0.1078,0.0918,9.4
10/03/17,16:24:45,22.537,46.900,17.962,0.1071,0.0904,10.6
10/03/17,17:24:46,20.317,49.700,18.509,0.1078,0.0896,9.5
10/03/17,18:24:47,15.461,55.900,18.200,0.1071,0.0889,6.7
10/03/17,19:24:48,12.074,67.500,16.344,0.1071,0.0882,6.3
10/03/17,20:24:49,8.817,75.900,14.577,0.1063,0.0874,4.8
10/03/17,21:24:50,9.682,83.800,13.425,0.1063,0.0867,7.1
10/03/17,22:24:51,8.817,86.400,12.775,0.1063,0.0867,6.7
10/03/17,23:24:52,8.120,90.200,12.122,0.1063,0.0867,6.6
11/03/17,00:24:53,6.763,90.800,11.589,0.1056,0.0867,5.4
11/03/17,01:24:54,5.411,91.700,10.980,0.1056,0.0867,4.2
11/03/17,02:24:55,3.958,92.200,10.247,0.1056,0.0867,2.8
11/03/17,03:24:56,4.324,95.000,9.780,0.1056,0.0867,3.6
11/03/17,04:24:57,2.236,93.300,9.336,0.1056,0.0867,1.3
11/03/17,05:24:58,1.886,94.300,8.792,0.1056,0.0867,1.1
11/03/17,06:24:59,1.534,94.700,8.369,0.1056,0.0867,0.8
11/03/17,07:25:00,1.507,94.100,7.995,0.1049,0.0867,0.7
11/03/17,08:25:01,8.020,97.900,7.970,0.1056,0.0874,7.7
11/03/17,09:25:02,14.745,78.800,8.693,0.1063,0.0889,11.1
11/03/17,10:25:03,19.722,58.900,9.780,0.1063,0.0896,11.5
11/03/17,11:25:04,15.986,56.400,11.200,0.1071,0.0896,7.3
11/03/17,12:25:05,23.545,59.000,12.001,0.1063,0.0896,15.1
11/03/17,13:25:06,24.026,47.600,13.810,0.1063,0.0904,12.2
11/03/17,14:25:07,23.400,47.800,15.270,0.1063,0.0896,11.7
11/03/17,15:25:08,23.569,44.100,16.796,0.1063,0.0889,10.7
11/03/17,16:25:09,22.082,49.500,17.724,0.1063,0.0882,11.0
11/03/17,17:25:10,21.294,49.600,18.271,0.1056,0.0867,10.3
11/03/17,18:25:11,15.819,58.000,18.129,0.1056,0.0867,7.6
11/03/17,19:25:12,13.161,64.900,16.368,0.1049,0.0860,6.7
11/03/17,20:25:13,9.163,76.500,14.768,0.1049,0.0845,5.3
11/03/17,21:25:14,5.924,82.500,13.281,0.1049,0.0838,3.2
11/03/17,22:25:15,5.437,88.100,12.074,0.1042,0.0845,3.6
11/03/17,23:25:16,7.920,89.400,11.492,0.1042,0.0845,6.3
12/03/17,00:25:17,8.170,81.800,11.346,0.1042,0.0845,5.3
12/03/17,01:25:18,9.534,79.700,11.248,0.1042,0.0845,6.2
12/03/17,02:25:19,10.418,72.700,11.273,0.1049,0.0853,5.7
12/03/17,03:25:20,9.163,74.900,11.102,0.1042,0.0853,5.0
12/03/17,04:25:21,11.005,73.100,10.883,0.1042,0.0853,6.4
12/03/17,05:25:22,11.807,65.300,10.956,0.1042,0.0853,5.5
12/03/17,06:25:23,10.932,65.600,11.005,0.1042,0.0853,4.8
12/03/17,07:25:24,10.467,70.800,10.883,0.1042,0.0853,5.4
12/03/17,08:25:25,11.759,65.100,10.907,0.1049,0.0853,5.4
12/03/17,09:25:26,14.649,66.100,11.151,0.1049,0.0853,8.4
12/03/17,10:25:27,16.368,57.600,11.565,0.1049,0.0860,8.0
12/03/17,11:25:28,18.033,49.200,12.340,0.1049,0.0867,7.2
12/03/17,12:25:29,21.223,47.200,13.353,0.1049,0.0867,9.5
12/03/17,13:25:30,22.226,46.700,14.433,0.1049,0.0867,10.3
12/03/17,14:25:31,18.509,44.000,15.819,0.1049,0.0860,6.0
12/03/17,15:25:32,17.938,53.800,15.748,0.1042,0.0845,8.5
12/03/17,16:25:33,16.415,53.500,15.485,0.1042,0.0845,7.0
12/03/17,17:25:34,15.461,52.500,14.816,0.1042,0.0838,5.8
12/03/17,18:25:35,14.122,56.800,14.409,0.1042,0.0838,5.7
12/03/17,19:25:36,10.883,74.000,13.762,0.1034,0.0831,6.4
12/03/17,20:25:37,9.262,83.800,12.992,0.1034,0.0838,6.7
12/03/17,21:25:38,7.995,95.600,12.364,0.1034,0.0838,7.3
12/03/17,22:25:39,7.795,96.600,11.759,0.1034,0.0838,7.3
12/03/17,23:25:40,8.469,96.000,11.467,0.1034,0.0838,7.9
13/03/17,00:25:41,7.419,97.100,11.224,0.1034,0.0838,7.0
13/03/17,01:25:42,7.494,98.100,10.907,0.1034,0.0838,7.2
13/03/17,02:25:43,7.041,98.100,10.687,0.1034,0.0838,6.8
13/03/17,03:25:44,6.813,97.200,10.467,0.1034,0.0838,6.4
13/03/17,04:25:45,7.444,96.400,10.271,0.1034,0.0838,6.9
13/03/17,05:25:46,6.889,95.600,10.173,0.1034,0.0838,6.2
13/03/17,06:25:47,6.585,94.200,10.051,0.1042,0.0838,5.7
13/03/17,07:25:48,7.494,94.000,9.829,0.1034,0.0845,6.6
13/03/17,08:25:49,10.492,94.100,10.001,0.1034,0.0845,9.6
13/03/17,09:25:50,13.016,84.400,10.761,0.1042,0.0853,10.5
13/03/17,10:25:51,22.824,71.000,11.419,0.1042,0.0860,17.3
13/03/17,11:25:52,18.343,58.700,12.437,0.1042,0.0853,10.1
13/03/17,12:25:53,26.329,57.800,13.497,0.1042,0.0860,17.4
13/03/17,13:25:54,27.259,50.000,15.438,0.1049,0.0853,15.9
13/03/17,14:25:55,23.088,49.400,17.439,0.1042,0.0853,11.9
13/03/17,15:25:56,22.729,48.200,18.866,0.1042,0.0845,11.2
13/03/17,16:25:57,20.079,54.900,19.698,0.1034,0.0838,10.7
13/03/17,17:25:58,10.418,74.300,18.247,0.1049,0.0867,6.1
13/03/17,18:25:59,11.200,95.000,16.010,0.1042,0.0867,10.4
13/03/17,19:26:00,9.903,95.800,14.888,0.1042,0.0860,9.3
13/03/17,20:26:01,9.632,97.300,13.978,0.1042,0.0860,9.2
13/03/17,21:26:02,9.287,97.900,13.257,0.1042,0.0860,9.0
13/03/17,22:26:03,7.594,97.400,12.534,0.1042,0.0860,7.2
13/03/17,23:26:04,8.045,98.200,11.710,0.1042,0.0860,7.8
14/03/17,00:26:05,7.091,99.400,11.346,0.1034,0.0860,7.0
14/03/17,01:26:06,5.616,97.600,10.736,0.1042,0.0853,5.3
14/03/17,02:26:07,5.898,98.800,10.222,0.1034,0.0860,5.7
14/03/17,03:26:08,4.376,97.900,9.854,0.1034,0.0860,4.1
14/03/17,04:26:09,4.610,98.100,9.386,0.1034,0.0860,4.3
14/03/17,05:26:10,5.565,96.100,9.262,0.1034,0.0860,5.0
14/03/17,06:26:11,4.011,94.500,9.040,0.1034,0.0867,3.2
14/03/17,07:26:12,2.930,96.500,8.494,0.1034,0.0860,2.4
14/03/17,08:26:13,9.089,98.800,8.195,0.1034,0.0867,8.9
14/03/17,09:26:14,16.987,85.000,8.618,0.1042,0.0882,14.5
14/03/17,10:26:15,22.058,71.500,9.731,0.1049,0.0889,16.7
14/03/17,11:26:16,24.895,63.500,11.370,0.1049,0.0896,17.5
14/03/17,12:26:17,26.231,61.300,13.449,0.1056,0.0904,18.2
14/03/17,13:26:18,25.283,57.800,15.772,0.1063,0.0896,16.4
14/03/17,14:26:19,22.681,57.300,17.748,0.1063,0.0889,13.8
14/03/17,15:26:20,24.219,59.600,18.842,0.1063,0.0882,15.9
14/03/17,16:26:21,20.770,59.200,19.793,0.1063,0.0882,12.5
14/03/17,17:26:22,18.224,58.300,20.317,0.1056,0.0874,9.9
14/03/17,18:26:23,16.058,67.000,19.436,0.1056,0.0874,9.9
14/03/17,19:26:24,12.678,78.200,17.415,0.1056,0.0867,9.0
14/03/17,20:26:25,10.516,87.200,15.509,0.1049,0.0860,8.5
14/03/17,21:26:26,8.568,91.100,14.146,0.1049,0.0853,7.2
14/03/17,22:26:27,7.645,93.800,13.040,0.1042,0.0845,6.7
14/03/17,23:26:28,7.820,96.300,12.316,0.1049,0.0853,7.3
15/03/17,00:26:29,7.895,97.100,11.783,0.1042,0.0853,7.5
15/03/17,01:26:30,7.995,98.300,11.419,0.1042,0.0853,7.8
15/03/17,02:26:31,7.845,98.500,10.980,0.1042,0.0853,7.6
15/03/17,03:26:32,9.262,99.900,10.834,0.1042,0.0860,9.3
15/03/17,04:26:33,8.866,99.000,10.883,0.1042,0.0860,8.7
15/03/17,05:26:34,8.841,99.400,10.761,0.1042,0.0860,8.8
15/03/17,06:26:35,9.608,99.900,10.663,0.1042,0.0867,9.6
15/03/17,07:26:36,9.879,98.200,10.736,0.1042,0.0867,9.6
15/03/17,08:26:37,12.364,94.800,10.785,0.1049,0.0867,11.6
15/03/17,09:26:38,17.629,78.400,11.127,0.1049,0.0874,13.8
15/03/17,10:26:39,20.817,63.500,11.807,0.1049,0.0882,13.7
15/03/17,11:26:40,23.905,58.800,12.871,0.1056,0.0889,15.4
15/03/17,12:26:41,25.744,55.400,14.314,0.1056,0.0889,16.2
15/03/17,13:26:42,25.501,54.000,15.963,0.1056,0.0896,15.5
15/03/17,14:26:43,25.866,52.800,17.463,0.1056,0.0889,15.5
15/03/17,15:26:44,21.891,57.200,18.414,0.1056,0.0882,13.1
15/03/17,16:26:45,23.424,57.800,19.032,0.1056,0.0874,14.7
15/03/17,17:26:46,18.604,66.300,19.056,0.1049,0.0867,12.2
15/03/17,18:26:47,16.487,72.900,18.033,0.1049,0.0860,11.6
15/03/17,19:26:48,15.270,80.400,16.796,0.1042,0.0853,11.9
15/03/17,20:26:49,14.242,81.900,15.819,0.1042,0.0845,11.2
15/03/17,21:26:50,13.594,85.800,15.151,0.1042,0.0845,11.3
15/03/17,22:26:51,12.654,90.200,14.601,0.1042,0.0845,11.1
15/03/17,23:26:52,11.613,94.300,14.170,0.1034,0.0845,10.7
16/03/17,00:26:53,11.589,97.400,13.690,0.1042,0.0838,11.2
16/03/17,01:26:54,11.540,97.700,13.377,0.1034,0.0845,11.2
16/03/17,02:26:55,11.856,97.500,13.209,0.1042,0.0845,11.5
16/03/17,03:26:56,11.832,97.600,13.064,0.1034,0.0853,11.5
16/03/17,04:26:57,11.710,98.000,12.968,0.1034,0.0845,11.4
16/03/17,05:26:58,11.637,99.000,12.896,0.1034,0.0845,11.5
16/03/17,06:26:59,11.637,99.900,12.823,0.1034,0.0853,11.6
16/03/17,07:27:00,11.710,100.000,12.775,0.1034,0.0853,11.7
16/03/17,08:27:01,11.953,100.000,12.751,0.1042,0.0853,12.0
16/03/17,09:27:02,12.171,100.000,12.823,0.1042,0.0853,12.2
16/03/17,10:27:03,12.534,100.000,12.920,0.1042,0.0860,12.5
16/03/17,11:27:04,12.944,100.000,13.161,0.1042,0.0860,13.0
16/03/17,12:27:05,13.185,99.300,13.377,0.1042,0.0860,13.1
16/03/17,13:27:06,13.762,99.500,13.425,0.1042,0.0860,13.7
16/03/17,14:27:07,13.209,99.900,13.690,0.1049,0.0874,13.2
16/03/17,15:27:08,14.385,100.000,13.714,0.1049,0.0874,14.4
16/03/17,16:27:09,14.673,99.000,14.194,0.1049,0.0882,14.5
16/03/17,17:27:10,15.008,94.100,14.721,0.1049,0.0882,14.1
16/03/17,18:27:11,14.936,89.900,15.031,0.1049,0.0874,13.3
16/03/17,19:27:12,12.437,93.000,14.553,0.1049,0.0867,11.4
16/03/17,20:27:13,9.089,95.400,13.642,0.1049,0.0867,8.4
16/03/17,21:27:14,6.636,96.400,12.509,0.1042,0.0853,6.1
16/03/17,22:27:15,11.346,99.800,11.929,0.1042,0.0860,11.3
16/03/17,23:27:16,11.273,100.000,12.243,0.1042,0.0867,11.3
17/03/17,00:27:17,10.883,100.000,12.364,0.1042,0.0867,10.9
17/03/17,01:27:18,10.320,100.000,12.316,0.1042,0.0874,10.3
17/03/17,02:27:19,9.805,100.000,12.195,0.1042,0.0874,9.8
17/03/17,03:27:20,9.509,100.000,12.025,0.1042,0.0874,9.5
17/03/17,04:27:21,9.410,100.000,11.832,0.1042,0.0874,9.4
17/03/17,05:27:22,8.543,100.000,11.613,0.1034,0.0874,8.6
17/03/17,06:27:23,8.120,100.000,11.394,0.1042,0.0874,8.1
17/03/17,07:27:24,7.645,100.000,11.151,0.1034,0.0867,7.7
17/03/17,08:27:25,8.866,100.000,11.029,0.1042,0.0874,8.9
17/03/17,09:27:26,10.663,100.000,11.321,0.1042,0.0882,10.7
17/03/17,10:27:27,17.819,98.100,12.050,0.1042,0.0882,17.5
17/03/17,11:27:28,20.436,85.300,12.727,0.1049,0.0889,17.9
17/03/17,12:27:29,23.160,71.500,13.930,0.1056,0.0889,17.7
17/03/17,13:27:30,23.521,61.700,15.652,0.1056,0.0882,15.8
17/03/17,14:27:31,22.011,59.100,17.558,0.1056,0.0874,13.7
17/03/17,15:27:32,20.031,57.100,19.056,0.1056,0.0867,11.3
17/03/17,16:27:33,17.486,56.600,20.103,0.1049,0.0860,8.8
17/03/17,17:27:34,15.079,62.600,20.365,0.1049,0.0860,8.0
17/03/17,18:27:35,11.710,73.500,19.555,0.1042,0.0853,7.1
17/03/17,19:27:36,8.045,85.100,16.654,0.1042,0.0845,5.7
17/03/17,20:27:37,5.257,90.900,14.409,0.1034,0.0838,3.9
17/03/17,21:27:38,1.697,90.900,12.582,0.1034,0.0831,0.4
17/03/17,22:27:39,7.066,95.600,11.297,0.1034,0.0838,6.4
17/03/17,23:27:40,7.770,98.800,11.419,0.1034,0.0845,7.6
18/03/17,00:27:41,7.920,98.200,11.492,0.1034,0.0845,7.7
18/03/17,01:27:42,7.091,97.400,11.370,0.1034,0.0845,6.7
18/03/17,02:27:43,6.458,97.200,11.127,0.1034,0.0845,6.1
18/03/17,03:27:44,2.450,94.400,10.467,0.1034,0.0838,1.6
18/03/17,04:27:45,2.823,82.500,9.632,0.1034,0.0838,0.1
18/03/17,05:27:46,0.825,85.100,8.941,0.1034,0.0845,-1.4
18/03/17,06:27:47,-0.563,92.000,8.020,0.1027,0.0838,-1.7
18/03/17,07:27:48,1.425,85.200,7.444,0.1027,0.0845,-0.8
18/03/17,08:27:49,8.220,68.600,7.419,0.1027,0.0853,2.8
18/03/17,09:27:50,17.368,46.500,7.895,0.1027,0.0860,5.8
18/03/17,10:27:51,22.274,44.000,9.114,0.1034,0.0867,9.5
18/03/17,11:27:52,24.412,49.200,10.858,0.1034,0.0874,13.1
18/03/17,12:27:53,29.464,46.400,12.823,0.1042,0.0874,16.8
18/03/17,13:27:54,29.590,41.200,14.984,0.1042,0.0882,15.0
18/03/17,14:27:55,29.190,42.400,17.106,0.1042,0.0874,15.1
18/03/17,15:27:56,25.525,48.500,19.270,0.1042,0.0860,13.9
18/03/17,16:27:57,23.304,51.900,20.603,0.1034,0.0845,12.9
18/03/17,17:27:58,20.269,54.200,21.199,0.1034,0.0838,10.7
18/03/17,18:27:59,16.773,59.900,20.650,0.1034,0.0838,9.0
18/03/17,19:28:00,12.195,71.500,17.962,0.1027,0.0831,7.2
18/03/17,20:28:01,9.336,83.600,15.724,0.1027,0.0824,6.7
18/03/17,21:28:02,5.565,85.900,14.074,0.1020,0.0809,3.4
18/03/17,22:28:03,3.827,89.500,12.654,0.1020,0.0802,2.3
18/03/17,23:28:04,3.221,91.400,11.565,0.1012,0.0809,2.0
19/03/17,00:28:05,2.047,92.100,10.736,0.1012,0.0809,0.9
19/03/17,01:28:06,2.690,93.500,10.026,0.1012,0.0809,1.7
19/03/17,02:28:07,0.770,91.900,9.509,0.1012,0.0809,-0.4
19/03/17,03:28:08,1.017,93.100,8.916,0.1012,0.0816,0.0
19/03/17,04:28:09,0.715,93.600,8.444,0.1012,0.0809,-0.2
19/03/17,05:28:10,-0.060,93.500,8.020,0.1012,0.0816,-1.0
19/03/17,06:28:11,0.797,93.700,7.594,0.1005,0.0816,-0.1
19/03/17,07:28:12,0.079,95.100,7.343,0.1005,0.0816,-0.6
19/03/17,08:28:13,5.154,96.600,7.116,0.1005,0.0831,4.7
19/03/17,09:28:14,17.819,92.300,7.695,0.1012,0.0838,16.6
19/03/17,10:28:15,24.484,55.200,9.213,0.1020,0.0845,14.9
19/03/17,11:28:16,24.726,50.100,11.029,0.1020,0.0853,13.7
19/03/17,12:28:17,26.426,51.900,12.968,0.1027,0.0860,15.8
19/03/17,13:28:18,27.702,50.900,14.936,0.1027,0.0853,16.6
19/03/17,14:28:19,27.949,49.000,16.820,0.1027,0.0845,16.3
19/03/17,15:28:20,27.210,49.000,18.319,0.1027,0.0838,15.6
19/03/17,16:28:21,26.646,50.800,19.579,0.1020,0.0831,15.6
19/03/17,17:28:22,24.098,54.300,20.412,0.1020,0.0824,14.3
19/03/17,18:28:23,20.793,61.000,20.436,0.1020,0.0816,13.0
19/03/17,19:28:24,14.840,75.700,18.319,0.1012,0.0809,10.6
19/03/17,20:28:25,12.098,84.700,16.320,0.1012,0.0802,9.6
19/03/17,21:28:26,8.990,87.400,14.912,0.1005,0.0795,7.0
19/03/17,22:28:27,11.565,93.700,13.954,0.1005,0.0795,10.6
19/03/17,23:28:28,11.637,92.800,13.954,0.1005,0.0795,10.5
20/03/17,00:28:29,12.098,95.000,13.570,0.1005,0.0795,11.3
20/03/17,01:28:30,13.185,97.700,13.377,0.1005,0.0802,12.8
20/03/17,02:28:31,12.558,98.100,13.377,0.1005,0.0802,12.3
20/03/17,03:28:32,13.954,99.300,13.353,0.1005,0.0802,13.9
20/03/17,04:28:33,14.433,98.000,13.546,0.1012,0.0809,14.1
20/03/17,05:28:34,14.050,98.100,13.690,0.1012,0.0809,13.8
20/03/17,06:28:35,14.122,99.000,13.714,0.1012,0.0809,14.0
20/03/17,07:28:36,14.361,99.700,13.738,0.1012,0.0816,14.3
20/03/17,08:28:37,14.529,99.900,13.834,0.1020,0.0838,14.5
20/03/17,09:28:38,15.390,100.000,14.026,0.1020,0.0838,15.4
20/03/17,10:28:39,15.915,99.600,14.505,0.1027,0.0845,15.9
20/03/17,11:28:40,17.748,99.300,15.008,0.1020,0.0845,17.7
20/03/17,12:28:41,20.079,94.300,15.748,0.1027,0.0853,19.2
20/03/17,13:28:42,21.509,83.000,16.606,0.1034,0.0853,18.5
20/03/17,14:28:43,24.774,71.800,17.772,0.1034,0.0860,19.4
20/03/17,15:28:44,23.328,67.400,18.818,0.1034,0.0853,17.0
20/03/17,16:28:45,21.939,69.200,18.985,0.1034,0.0845,16.1
20/03/17,17:28:46,17.701,83.100,18.723,0.1034,0.0838,14.8
20/03/17,18:28:47,15.151,93.600,17.629,0.2008,0.1310,14.1
20/03/17,19:28:48,14.170,99.600,16.010,0.2422,0.1441,14.1
20/03/17,20:28:49,13.690,100.000,15.485,0.2327,0.1412,13.7
20/03/17,21:28:50,13.522,100.000,15.294,0.2254,0.1390,13.5
20/03/17,22:28:51,13.401,100.000,15.079,0.2211,0.1376,13.4
20/03/17,23:28:52,12.920,100.000,14.888,0.2189,0.1412,12.9
21/03/17,00:28:53,12.920,100.000,14.649,0.2371,0.1521,12.9
21/03/17,01:28:54,12.727,100.000,14.481,0.2349,0.1521,12.7
21/03/17,02:28:55,12.703,100.000,14.290,0.2385,0.1543,12.7
21/03/17,03:28:56,12.630,100.000,14.146,0.2356,0.1528,12.6
21/03/17,04:28:57,12.678,100.000,14.002,0.2320,0.1514,12.7
21/03/17,05:28:58,12.703,100.000,13.906,0.2298,0.1506,12.7
21/03/17,06:28:59,12.292,100.000,13.810,0.2291,0.1514,12.3
21/03/17,07:29:00,12.171,100.000,13.666,0.2276,0.1506,12.2
21/03/17,08:29:01,15.199,100.000,13.546,0.2262,0.1499,15.2
21/03/17,09:29:02,14.002,100.000,14.026,0.2254,0.1535,14.0
21/03/17,10:29:03,13.377,100.000,14.122,0.2763,0.1746,13.4
21/03/17,11:29:04,15.223,100.000,14.290,0.2581,0.1702,15.2
21/03/17,12:29:05,13.305,100.000,14.721,0.2676,0.1753,13.3
21/03/17,13:29:06,15.247,100.000,14.792,0.2567,0.1702,15.3
21/03/17,14:29:07,17.391,100.000,15.318,0.2516,0.1681,17.4
21/03/17,15:29:08,16.582,98.400,15.772,0.2480,0.1666,16.3
21/03/17,16:29:09,15.294,94.800,16.082,0.2451,0.1659,14.5
21/03/17,17:29:10,14.553,98.000,15.843,0.2429,0.1644,14.3
21/03/17,18:29:11,14.098,99.800,15.485,0.2407,0.1637,14.1
21/03/17,19:29:12,13.377,99.900,15.151,0.2392,0.1630,13.4
21/03/17,20:29:13,13.305,100.000,14.816,0.2378,0.1623,13.3
21/03/17,21:29:14,13.161,100.000,14.577,0.2371,0.1623,13.2
21/03/17,22:29:15,13.088,100.000,14.361,0.2356,0.1630,13.1
21/03/17,23:29:16,13.040,100.000,14.242,0.2349,0.1623,13.1
22/03/17,00:29:17,12.751,100.000,14.122,0.2342,0.1623,12.8
22/03/17,01:29:18,12.340,100.000,13.930,0.2334,0.1623,12.4
22/03/17,02:29:19,11.613,100.000,13.666,0.2320,0.1615,11.6
22/03/17,03:29:20,11.321,100.000,13.353,0.2313,0.1615,11.3
22/03/17,04:29:21,11.200,100.000,13.112,0.2305,0.1615,11.2
22/03/17,05:29:22,11.078,100.000,12.944,0.2298,0.1615,11.1
22/03/17,06:29:23,11.419,100.000,12.799,0.2298,0.1615,11.4
22/03/17,07:29:24,11.565,100.000,12.799,0.2291,0.1623,11.6
22/03/17,08:29:25,12.122,100.000,12.847,0.2291,0.1623,12.1
22/03/17,09:29:26,13.161,100.000,12.992,0.2284,0.1623,13.2
22/03/17,10:29:27,14.960,100.000,13.401,0.2284,0.1630,15.0
22/03/17,11:29:28,15.843,99.600,14.074,0.2284,0.1637,15.8
22/03/17,12:29:29,17.653,96.000,14.792,0.2284,0.1644,17.0
22/03/17,13:29:30,18.010,89.900,15.676,0.2276,0.1652,16.3
22/03/17,14:29:31,14.385,93.000,15.963,0.2276,0.1652,13.3
22/03/17,15:29:32,14.218,99.500,15.247,0.2538,0.1877,14.2
22/03/17,16:29:33,14.936,100.000,15.103,0.2516,0.1840,15.0
22/03/17,17:29:34,13.209,99.800,15.270,0.2487,0.1819,13.2
22/03/17,18:29:35,12.534,100.000,14.984,0.2472,0.1819,12.5
22/03/17,19:29:36,10.858,100.000,14.505,0.2487,0.1848,10.9
22/03/17,20:29:37,10.051,100.000,13.882,0.2509,0.1870,10.1
22/03/17,21:29:38,9.583,100.000,13.377,0.2501,0.1855,9.6
22/03/17,22:29:39,9.460,100.000,12.968,0.2494,0.1855,9.5
22/03/17,23:29:40,9.139,100.000,12.654,0.2494,0.1862,9.1
23/03/17,00:29:41,9.040,100.000,12.413,0.2487,0.1862,9.0
23/03/17,01:29:42,8.990,100.000,12.195,0.2480,0.1862,9.0
23/03/17,02:29:43,8.941,100.000,12.074,0.2472,0.1862,9.0
23/03/17,03:29:44,8.866,100.000,11.929,0.2465,0.1855,8.9
23/03/17,04:29:45,8.965,100.000,11.832,0.2458,0.1862,9.0
23/03/17,05:29:46,8.693,100.000,11.734,0.2458,0.1870,8.7
23/03/17,06:29:47,8.668,100.000,11.613,0.2451,0.1870,8.7
23/03/17,07:29:48,8.717,100.000,11.516,0.2443,0.1877,8.7
23/03/17,08:29:49,9.015,100.000,11.443,0.2443,0.1877,9.0
23/03/17,09:29:50,9.558,100.000,11.565,0.2443,0.1877,9.6
23/03/17,10:29:51,10.247,100.000,11.734,0.2443,0.1891,10.3
23/03/17,11:29:52,11.565,100.000,12.025,0.2472,0.1935,11.6
23/03/17,12:29:53,12.243,100.000,12.582,0.2472,0.1935,12.3
23/03/17,13:29:54,11.151,100.000,13.040,0.2472,0.1935,11.2
23/03/17,14:29:55,10.222,100.000,12.944,0.2494,0.1978,10.2
23/03/17,15:29:56,11.394,100.000,12.775,0.2538,0.2015,11.4
23/03/17,16:29:57,12.437,100.000,13.112,0.2523,0.2008,12.5
23/03/17,17:29:58,11.370,100.000,13.497,0.2501,0.1993,11.4
23/03/17,18:29:59,10.345,100.000,13.305,0.2487,0.1978,10.4
23/03/17,19:30:00,9.361,100.000,12.847,0.2465,0.1971,9.4
23/03/17,20:30:01,9.238,100.000,12.364,0.2458,0.1971,9.2
23/03/17,21:30:02,8.965,100.000,12.050,0.2451,0.1971,9.0
23/03/17,22:30:03,8.916,100.000,11.783,0.2451,0.1971,8.9
23/03/17,23:30:04,8.841,100.000,11.613,0.2451,0.1986,8.9
24/03/17,00:30:05,8.543,100.000,11.467,0.2451,0.1993,8.6
24/03/17,01:30:06,8.394,100.000,11.297,0.2458,0.2008,8.4
24/03/17,02:30:07,8.369,100.000,11.175,0.2472,0.2029,8.4
24/03/17,03:30:08,8.095,100.000,11.029,0.2472,0.2029,8.1
24/03/17,04:30:09,8.095,100.000,10.883,0.2472,0.2029,8.1
24/03/17,05:30:10,7.895,100.000,10.785,0.2465,0.2029,7.9
24/03/17,06:30:11,7.343,100.000,10.712,0.2458,0.2029,7.3
24/03/17,07:30:12,4.428,99.600,10.222,0.2451,0.2015,4.4
24/03/17,08:30:13,8.618,99.800,9.608,0.2443,0.2022,8.6
24/03/17,09:30:14,15.509,100.000,9.706,0.2443,0.2029,15.5
24/03/17,10:30:15,17.344,90.300,10.418,0.2436,0.2044,15.8
24/03/17,11:30:16,20.889,79.900,11.394,0.2436,0.2058,17.3
24/03/17,12:30:17,22.154,73.500,12.775,0.2436,0.2066,17.2
24/03/17,13:30:18,21.175,71.100,14.314,0.2429,0.2073,15.8
24/03/17,14:30:19,18.961,77.500,15.557,0.2429,0.2066,15.0
24/03/17,15:30:20,20.793,72.100,16.177,0.2414,0.2066,15.6
24/03/17,16:30:21,16.249,77.300,17.486,0.2407,0.2058,12.3
24/03/17,17:30:22,14.673,87.200,17.153,0.2400,0.2044,12.6
24/03/17,18:30:23,13.209,89.200,16.344,0.2392,0.2037,11.5
24/03/17,19:30:24,11.297,92.800,15.270,0.2385,0.2029,10.2
24/03/17,20:30:25,9.780,95.600,14.266,0.2378,0.2022,9.1
24/03/17,21:30:26,8.643,96.200,13.473,0.2371,0.2015,8.1
24/03/17,22:30:27,9.534,98.400,12.847,0.2363,0.2008,9.3
24/03/17,23:30:28,9.509,98.100,12.461,0.2356,0.2008,9.2
25/03/17,00:30:29,9.040,98.200,12.147,0.2356,0.2008,8.8
25/03/17,01:30:30,10.001,99.600,11.880,0.2349,0.2008,10.0
25/03/17,02:30:31,9.262,100.000,11.807,0.2342,0.2008,9.3
25/03/17,03:30:32,8.990,99.700,11.565,0.2342,0.2008,9.0
25/03/17,04:30:33,8.941,98.300,11.346,0.2334,0.2008,8.7
25/03/17,05:30:34,9.829,99.600,11.273,0.2334,0.2008,9.8
25/03/17,06:30:35,10.001,100.000,11.321,0.2327,0.2008,10.0
25/03/17,07:30:36,10.541,100.000,11.370,0.2327,0.2008,10.6
25/03/17,08:30:37,10.516,100.000,11.467,0.2327,0.2008,10.5
25/03/17,09:30:38,10.687,100.000,11.589,0.2327,0.2022,10.7
25/03/17,10:30:39,10.663,100.000,11.637,0.2334,0.2066,10.7
25/03/17,11:30:40,11.953,100.000,11.710,0.2385,0.2160,12.0
25/03/17,12:30:41,12.025,100.000,12.122,0.2458,0.2196,12.0
25/03/17,13:30:42,14.218,100.000,12.558,0.2530,0.2233,14.2
25/03/17,14:30:43,15.963,99.800,13.281,0.2523,0.2218,16.0
25/03/17,15:30:44,16.153,96.000,14.266,0.2509,0.2218,15.5
25/03/17,16:30:45,16.773,88.600,15.151,0.2487,0.2211,14.9
25/03/17,17:30:46,15.700,84.300,15.963,0.2472,0.2196,13.1
25/03/17,18:30:47,13.112,87.700,16.010,0.2458,0.2182,11.1
25/03/17,19:30:48,9.509,94.000,14.768,0.2451,0.2167,8.6
25/03/17,20:30:49,8.543,96.200,13.497,0.2429,0.2160,8.0
25/03/17,21:30:50,7.720,97.600,12.703,0.2422,0.2153,7.4
25/03/17,22:30:51,9.903,99.200,12.268,0.2414,0.2153,9.8
25/03/17,23:30:52,10.222,99.900,12.268,0.2414,0.2146,10.2
26/03/17,00:30:53,9.706,99.500,12.195,0.2407,0.2146,9.6
26/03/17,01:30:54,8.941,97.200,12.025,0.2400,0.2146,8.5
26/03/17,02:30:55,8.767,97.700,11.686,0.2392,0.2138,8.4
26/03/17,03:30:56,7.142,97.600,11.273,0.2385,0.2131,6.8
26/03/17,04:30:57,6.128,98.500,10.883,0.2385,0.2131,5.9
26/03/17,05:30:58,5.257,97.900,10.369,0.2378,0.2124,5.0
26/03/17,06:30:59,5.076,98.300,9.952,0.2371,0.2116,4.8
26/03/17,07:31:00,4.272,98.200,9.608,0.2363,0.2116,4.0
26/03/17,08:31:01,9.336,99.000,9.361,0.2356,0.2116,9.2
26/03/17,09:31:02,12.847,100.000,9.805,0.2363,0.2124,12.9
26/03/17,10:31:03,16.225,95.300,10.834,0.2363,0.2138,15.5
26/03/17,11:31:04,16.463,88.500,11.637,0.2363,0.2138,14.6
26/03/17,12:31:05,20.746,78.800,12.485,0.2363,0.2146,17.0
26/03/17,13:31:06,21.676,69.400,13.954,0.2356,0.2146,15.9
26/03/17,14:31:07,19.127,73.300,15.031,0.2356,0.2153,14.3
26/03/17,15:31:08,21.223,70.800,15.772,0.2342,0.2146,15.7
26/03/17,16:31:09,18.557,72.300,16.558,0.2342,0.2138,13.5
26/03/17,17:31:10,15.390,80.300,16.534,0.2334,0.2131,12.0
26/03/17,18:31:11,14.361,90.200,15.939,0.2327,0.2124,12.8
26/03/17,19:31:12,12.630,96.500,15.031,0.2327,0.2116,12.1
26/03/17,20:31:13,11.565,98.800,14.266,0.2320,0.2109,11.4
26/03/17,21:31:14,11.224,99.700,13.666,0.2313,0.2102,11.2
26/03/17,22:31:15,11.492,99.900,13.233,0.2313,0.2102,11.5
26/03/17,23:31:16,10.834,99.500,12.920,0.2313,0.2102,10.8
27/03/17,00:31:17,11.394,99.900,12.654,0.2313,0.2095,11.4
27/03/17,01:31:18,11.662,99.700,12.509,0.2305,0.2095,11.6
27/03/17,02:31:19,11.734,99.600,12.413,0.2305,0.2102,11.7
27/03/17,03:31:20,11.734,98.600,12.340,0.2298,0.2095,11.5
27/03/17,04:31:21,11.759,97.300,12.268,0.2298,0.2095,11.4
27/03/17,05:31:22,11.759,96.700,12.171,0.2298,0.2095,11.3
27/03/17,06:31:23,11.565,96.500,12.098,0.2298,0.2095,11.0
27/03/17,07:31:24,11.734,95.400,12.001,0.2291,0.2095,11.0
27/03/17,08:31:25,12.316,93.700,11.977,0.2291,0.2087,11.3
27/03/17,09:31:26,13.064,93.200,11.977,0.2291,0.2095,12.0
27/03/17,10:31:27,16.725,86.200,12.268,0.2291,0.2095,14.4
27/03/17,11:31:28,18.390,80.000,12.896,0.2284,0.2102,14.9
27/03/17,12:31:29,19.627,77.400,13.666,0.2276,0.2102,15.6
27/03/17,13:31:30,21.724,75.100,14.673,0.2276,0.2109,17.1
27/03/17,14:31:31,21.891,72.400,15.796,0.2269,0.2102,16.7
27/03/17,15:31:32,20.150,76.200,16.630,0.2262,0.2095,15.8
27/03/17,16:31:33,16.368,88.100,16.392,0.2254,0.2095,14.4
27/03/17,17:31:34,14.888,97.900,15.581,0.2741,0.2371,14.6
27/03/17,18:31:35,13.449,100.000,15.127,0.2698,0.2371,13.5
27/03/17,19:31:36,12.292,100.000,14.625,0.2639,0.2349,12.3
27/03/17,20:31:37,10.320,99.900,14.098,0.2596,0.2327,10.3
27/03/17,21:31:38,6.179,98.200,13.425,0.2560,0.2298,5.9
27/03/17,22:31:39,6.357,98.100,12.389,0.2530,0.2284,6.1
27/03/17,23:31:40,4.298,98.200,11.540,0.2516,0.2269,4.0
28/03/17,00:31:41,5.076,98.000,10.785,0.2501,0.2254,4.8
28/03/17,01:31:42,4.714,98.100,10.418,0.2494,0.2247,4.4
28/03/17,02:31:43,2.236,97.900,9.903,0.2480,0.2247,1.9
28/03/17,03:31:44,2.557,97.500,9.336,0.2472,0.2240,2.2
28/03/17,04:31:45,1.071,97.800,8.817,0.2458,0.2225,0.8
28/03/17,05:31:46,2.930,98.000,8.444,0.2451,0.2225,2.6
28/03/17,06:31:47,3.643,98.400,8.394,0.2443,0.2218,3.4
28/03/17,07:31:48,2.983,98.900,8.295,0.2436,0.2218,2.8
28/03/17,08:31:49,4.324,98.800,8.120,0.2429,0.2218,4.2
28/03/17,09:31:50,9.756,87.300,8.145,0.2429,0.2225,7.8
28/03/17,10:31:51,13.882,59.300,8.568,0.2422,0.2233,6.1
28/03/17,11:31:52,16.820,52.200,9.262,0.2422,0.2233,7.0
28/03/17,12:31:53,18.842,56.800,10.418,0.2414,0.2240,10.1
28/03/17,13:31:54,20.103,50.700,11.759,0.2414,0.2240,9.6
28/03/17,14:31:55,19.294,45.400,12.944,0.2407,0.2233,7.2
28/03/17,15:31:56,19.127,48.500,13.954,0.2392,0.2225,8.0
28/03/17,16:31:57,17.938,51.800,14.888,0.2385,0.2211,7.9
28/03/17,17:31:58,15.700,60.800,15.438,0.2378,0.2204,8.2
28/03/17,18:31:59,11.492,74.600,15.223,0.2378,0.2196,7.1
28/03/17,19:32:00,7.995,89.600,13.690,0.2371,0.2189,6.4
28/03/17,20:32:01,6.813,89.000,12.461,0.2363,0.2175,5.1
28/03/17,21:32:02,4.792,92.200,11.516,0.2363,0.2167,3.6
28/03/17,22:32:03,3.380,93.400,10.590,0.2356,0.2160,2.4
28/03/17,23:32:04,4.037,95.100,9.928,0.2356,0.2153,3.3
29/03/17,00:32:05,5.102,83.100,9.608,0.2349,0.2153,2.5
29/03/17,01:32:06,5.334,62.000,9.262,0.2342,0.2153,-1.4
29/03/17,02:32:07,5.821,44.200,8.866,0.2342,0.2146,-5.4
29/03/17,03:32:08,6.433,37.200,8.444,0.2342,0.2146,-7.1
29/03/17,04:32:09,7.670,30.300,8.170,0.2334,0.2138,-8.7
29/03/17,05:32:10,7.444,32.900,8.045,0.2334,0.2138,-7.8
29/03/17,06:32:11,8.419,29.300,7.945,0.2334,0.2138,-8.4
29/03/17,07:32:12,7.519,31.500,7.820,0.2327,0.2131,-8.3
29/03/17,08:32:13,8.319,35.000,7.720,0.2320,0.2131,-6.2
29/03/17,09:32:14,13.016,36.900,7.820,0.2313,0.2131,-1.4
29/03/17,10:32:15,16.392,36.800,8.344,0.2305,0.2138,1.6
29/03/17,11:32:16,17.629,42.200,9.163,0.2298,0.2138,4.6
29/03/17,12:32:17,15.843,52.200,10.051,0.2298,0.2131,6.1
29/03/17,13:32:18,16.534,60.000,10.980,0.2291,0.2138,8.8
29/03/17,14:32:19,16.344,62.800,11.977,0.2284,0.2138,9.3
29/03/17,15:32:20,15.748,64.400,12.775,0.2284,0.2124,9.1
29/03/17,16:32:21,13.618,67.100,13.257,0.2276,0.2116,7.6
29/03/17,17:32:22,11.880,69.300,13.233,0.2269,0.2109,6.5
29/03/17,18:32:23,9.509,77.400,12.678,0.2269,0.2095,5.8
29/03/17,19:32:24,8.519,86.300,11.565,0.2262,0.2095,6.4
29/03/17,20:32:25,8.742,82.400,10.785,0.2262,0.2087,5.9
29/03/17,21:32:26,8.444,81.700,10.320,0.2262,0.2080,5.5
29/03/17,22:32:27,8.245,82.400,10.051,0.2262,0.2080,5.4
29/03/17,23:32:28,8.145,84.300,9.829,0.2262,0.2080,5.7
30/03/17,00:32:29,8.195,84.300,9.657,0.2262,0.2073,5.7
30/03/17,01:32:30,7.217,84.000,9.534,0.2262,0.2073,4.7
30/03/17,02:32:31,6.763,89.100,9.336,0.2254,0.2073,5.1
30/03/17,03:32:32,6.712,92.800,9.163,0.2262,0.2066,5.6
30/03/17,04:32:33,7.519,90.100,9.163,0.2262,0.2066,6.0
30/03/17,05:32:34,7.343,91.400,9.213,0.2262,0.2066,6.0
30/03/17,06:32:35,7.041,93.900,9.213,0.2254,0.2066,6.1
30/03/17,07:32:36,6.560,94.200,9.213,0.2254,0.2066,5.7
30/03/17,08:32:37,5.745,97.500,9.188,0.2254,0.2066,5.4
30/03/17,09:32:38,6.636,97.700,9.262,0.2262,0.2066,6.3
30/03/17,10:32:39,7.318,97.300,9.485,0.2262,0.2066,6.9
30/03/17,11:32:40,7.895,96.100,9.780,0.2254,0.2066,7.3
30/03/17,12:32:41,8.767,93.300,10.001,0.2254,0.2066,7.8
30/03/17,13:32:42,9.928,89.300,10.443,0.2254,0.2066,8.3
30/03/17,14:32:43,11.783,78.500,10.834,0.2254,0.2058,8.2
30/03/17,15:32:44,10.687,71.100,11.734,0.2247,0.2058,5.7
30/03/17,16:32:45,8.120,78.900,12.243,0.2247,0.2051,4.7
30/03/17,17:32:46,7.670,77.400,12.340,0.2240,0.2051,4.0
30/03/17,18:32:47,4.141,89.500,11.540,0.2240,0.2044,2.6
30/03/17,19:32:48,3.617,93.100,10.124,0.2233,0.2037,2.6
30/03/17,20:32:49,3.168,95.700,9.312,0.2233,0.2029,2.5
30/03/17,21:32:50,2.610,96.000,8.767,0.2233,0.2029,2.0
30/03/17,22:32:51,2.930,96.600,8.295,0.2225,0.2029,2.4
30/03/17,23:32:52,2.182,96.300,7.995,0.2225,0.2029,1.7
31/03/17,00:32:53,1.832,95.900,7.645,0.2225,0.2022,1.2
31/03/17,01:32:54,2.101,96.100,7.318,0.2225,0.2022,1.5
31/03/17,02:32:55,1.751,95.600,7.142,0.2225,0.2015,1.1
31/03/17,03:32:56,1.859,96.200,6.914,0.2225,0.2022,1.3
31/03/17,04:32:57,1.588,96.700,6.788,0.2225,0.2015,1.1
31/03/17,05:32:58,1.398,96.800,6.636,0.2225,0.2015,0.9
31/03/17,06:32:59,0.632,96.300,6.509,0.2225,0.2015,0.1
31/03/17,07:33:00,-1.756,94.800,6.153,0.2218,0.2000,-2.5
31/03/17,08:33:01,1.751,95.000,5.488,0.2211,0.1993,1.0
31/03/17,09:33:02,7.970,83.600,5.462,0.2218,0.2015,5.4
31/03/17,10:33:03,14.745,65.100,6.077,0.2225,0.2022,8.3
31/03/17,11:33:04,17.582,55.500,7.066,0.2225,0.2029,8.6
31/03/17,12:33:05,19.579,54.100,8.344,0.2225,0.2029,10.1
31/03/17,13:33:06,19.341,51.100,9.805,0.2218,0.2029,9.0
31/03/17,14:33:07,18.485,52.500,11.273,0.2211,0.2029,8.6
31/03/17,15:33:08,17.986,54.900,12.654,0.2204,0.2022,8.8
31/03/17,16:33:09,17.843,57.800,13.786,0.2196,0.2015,9.4
31/03/17,17:33:10,13.353,57.800,14.601,0.2196,0.2015,5.2
31/03/17,18:33:11,9.040,68.100,13.906,0.2189,0.2000,3.5
31/03/17,19:33:12,2.877,83.500,11.953,0.2189,0.1986,0.4
31/03/17,20:33:13,1.480,89.800,10.296,0.2182,0.1978,-0.0
31/03/17,21:33:14,1.371,91.800,9.163,0.2182,0.1978,0.2
31/03/17,22:33:15,-0.116,92.700,8.369,0.2175,0.1964,-1.2
31/03/17,23:33:16,0.770,93.400,7.569,0.2175,0.1957,-0.2
01/04/17,00:33:17,1.615,95.700,7.242,0.2175,0.1957,1.0
01/04/17,01:33:18,1.398,92.400,7.015,0.2167,0.1964,0.3
01/04/17,02:33:19,1.534,89.000,6.839,0.2175,0.1957,-0.1
01/04/17,03:33:20,1.235,87.000,6.611,0.2167,0.1957,-0.7
01/04/17,04:33:21,2.101,83.000,6.408,0.2167,0.1957,-0.5
01/04/17,05:33:22,1.588,82.100,6.230,0.2160,0.1957,-1.1
01/04/17,06:33:23,0.273,85.700,6.026,0.2167,0.1957,-1.8
01/04/17,07:33:24,0.797,89.300,5.821,0.2160,0.1957,-0.8
01/04/17,08:33:25,3.591,87.700,5.693,0.2160,0.1957,1.7
01/04/17,09:33:26,8.643,75.900,5.898,0.2160,0.1964,4.6
01/04/17,10:33:27,12.461,64.500,6.560,0.2160,0.1971,6.0
01/04/17,11:33:28,15.270,52.400,7.419,0.2160,0.1978,5.6
01/04/17,12:33:29,17.653,47.800,8.444,0.2153,0.1978,6.5
01/04/17,13:33:30,20.436,49.600,9.780,0.2146,0.1978,9.6
01/04/17,14:33:31,17.130,54.700,11.492,0.2138,0.1978,8.0
01/04/17,15:33:32,16.010,64.100,12.630,0.2131,0.1964,9.2
01/04/17,16:33:33,11.053,64.600,13.497,0.2131,0.1957,4.6
01/04/17,17:33:34,12.437,74.300,13.137,0.2124,0.1949,8.0
01/04/17,18:33:35,8.170,82.600,12.727,0.2124,0.1942,5.4
01/04/17,19:33:36,7.015,90.700,11.565,0.2116,0.1935,5.6
01/04/17,20:33:37,6.408,92.700,10.810,0.2116,0.1935,5.3
01/04/17,21:33:38,6.026,93.000,10.247,0.2124,0.1935,5.0
01/04/17,22:33:39,5.205,93.500,9.829,0.2116,0.1928,4.2
01/04/17,23:33:40,4.792,94.300,9.485,0.2116,0.1928,4.0
02/04/17,00:33:41,4.869,94.600,9.163,0.2116,0.1920,4.1
02/04/17,01:33:42,4.220,93.600,8.817,0.2116,0.1920,3.3
02/04/17,02:33:43,3.643,94.200,8.519,0.2116,0.1920,2.8
02/04/17,03:33:44,3.801,94.900,8.245,0.2109,0.1913,3.1
02/04/17,04:33:45,4.168,94.000,8.070,0.2109,0.1920,3.3
02/04/17,05:33:46,3.036,95.200,7.920,0.2109,0.1913,2.3
02/04/17,06:33:47,3.168,95.900,7.770,0.2109,0.1913,2.6
02/04/17,07:33:48,3.380,96.900,7.619,0.2109,0.1913,2.9
02/04/17,08:33:49,4.037,96.900,7.544,0.2109,0.1913,3.6
02/04/17,09:33:50,6.788,95.200,7.820,0.2116,0.1920,6.1
02/04/17,10:33:51,7.745,87.500,8.369,0.2116,0.1920,5.8
02/04/17,11:33:52,10.565,82.200,8.990,0.2116,0.1920,7.7
02/04/17,12:33:53,12.122,76.500,9.854,0.2116,0.1928,8.1
02/04/17,13:33:54,12.944,70.800,10.736,0.2109,0.1920,7.8
02/04/17,14:33:55,12.558,73.600,11.346,0.2109,0.1913,8.0
02/04/17,15:33:56,10.345,72.800,12.074,0.2109,0.1913,5.7
02/04/17,16:33:57,9.756,75.900,12.413,0.2102,0.1906,5.7
02/04/17,17:33:58,8.220,78.900,12.630,0.2102,0.1906,4.8
02/04/17,18:33:59,5.642,86.000,11.710,0.2102,0.1899,3.5
02/04/17,19:34:00,5.231,91.000,10.614,0.2102,0.1899,3.9
02/04/17,20:34:01,4.558,93.800,9.928,0.2095,0.1891,3.6
02/04/17,21:34:02,4.194,96.100,9.435,0.2102,0.1891,3.6
02/04/17,22:34:03,3.827,97.000,9.064,0.2095,0.1891,3.4
02/04/17,23:34:04,3.591,97.100,8.767,0.2095,0.1884,3.2
03/04/17,00:34:05,3.116,97.200,8.494,0.2095,0.1891,2.7
03/04/17,01:34:06,3.195,97.000,8.220,0.2095,0.1891,2.8
03/04/17,02:34:07,2.690,97.200,8.020,0.2095,0.1884,2.3
03/04/17,03:34:08,1.453,96.700,7.770,0.2095,0.1884,1.0
03/04/17,04:34:09,1.805,97.500,7.393,0.2095,0.1877,1.4
03/04/17,05:34:10,1.235,97.100,6.965,0.2095,0.1877,0.8
03/04/17,06:34:11,0.770,97.900,6.712,0.2095,0.1877,0.5
03/04/17,07:34:12,0.495,98.300,6.458,0.2087,0.1877,0.3
03/04/17,08:34:13,4.350,99.000,6.255,0.2087,0.1877,4.2
03/04/17,09:34:14,11.029,89.700,6.433,0.2095,0.1891,9.4
03/04/17,10:34:15,14.960,75.100,7.091,0.2095,0.1891,10.6
03/04/17,11:34:16,17.796,66.500,7.970,0.2095,0.1899,11.5
03/04/17,12:34:17,19.008,65.400,9.089,0.2087,0.1899,12.4
03/04/17,13:34:18,19.199,61.000,10.516,0.2080,0.1891,11.5
03/04/17,14:34:19,16.106,63.000,11.904,0.2073,0.1884,9.1
03/04/17,15:34:20,11.175,63.300,12.871,0.2073,0.1877,4.5
03/04/17,16:34:21,13.810,64.500,13.353,0.2066,0.1870,7.2
03/04/17,17:34:22,10.149,72.400,13.882,0.2058,0.1862,5.4
03/04/17,18:34:23,9.015,81.400,13.233,0.2058,0.1855,6.0
03/04/17,19:34:24,5.949,88.500,11.832,0.2058,0.1855,4.2
03/04/17,20:34:25,6.737,94.300,10.736,0.2058,0.1855,5.9
03/04/17,21:34:26,6.179,96.100,10.296,0.2058,0.1855,5.6
03/04/17,22:34:27,5.642,97.500,9.928,0.2058,0.1848,5.3
03/04/17,23:34:28,5.257,97.600,9.583,0.2058,0.1848,4.9
04/04/17,00:34:29,5.154,97.900,9.287,0.2058,0.1848,4.9
04/04/17,01:34:30,4.921,97.800,9.064,0.2051,0.1840,4.6
04/04/17,02:34:31,2.423,97.200,8.742,0.2058,0.1840,2.0
04/04/17,03:34:32,0.107,95.600,7.895,0.2051,0.1833,-0.5
04/04/17,04:34:33,-1.470,94.900,7.066,0.2051,0.1826,-2.2
04/04/17,05:34:34,-2.888,94.800,6.382,0.2051,0.1826,-3.6
04/04/17,06:34:35,-1.958,95.700,5.924,0.2044,0.1819,-2.6
04/04/17,07:34:36,-3.242,94.500,5.488,0.2044,0.1819,-4.0
04/04/17,08:34:37,1.697,95.700,5.205,0.2037,0.1826,1.1
04/04/17,09:34:38,10.663,96.100,5.411,0.2051,0.1840,10.1
04/04/17,10:34:39,16.368,77.700,6.255,0.2044,0.1848,12.5
04/04/17,11:34:40,18.699,62.600,7.343,0.2044,0.1848,11.4
04/04/17,12:34:41,19.888,58.400,8.643,0.2051,0.1848,11.5
04/04/17,13:34:42,19.555,55.200,10.075,0.2037,0.1848,10.3
04/04/17,14:34:43,19.127,55.100,11.613,0.2029,0.1840,9.9
04/04/17,15:34:44,14.673,57.000,13.088,0.2022,0.1833,6.3
04/04/17,16:34:45,10.222,63.500,13.810,0.2015,0.1819,3.6
04/04/17,17:34:46,9.928,70.600,13.329,0.2015,0.1811,4.8
04/04/17,18:34:47,6.661,77.500,12.534,0.2015,0.1804,3.0
04/04/17,19:34:48,3.380,85.600,10.883,0.2015,0.1797,1.2
04/04/17,20:34:49,1.153,89.900,9.583,0.2008,0.1790,-0.3
04/04/17,21:34:50,-0.143,92.500,8.519,0.2008,0.1782,-1.2
04/04/17,22:34:51,-1.814,93.000,7.645,0.2000,0.1782,-2.8
04/04/17,23:34:52,-2.625,93.300,6.889,0.2000,0.1775,-3.6
05/04/17,00:34:53,-2.305,93.700,6.281,0.2000,0.1775,-3.2
05/04/17,01:34:54,-2.625,93.800,5.847,0.2000,0.1775,-3.5
05/04/17,02:34:55,-3.419,92.900,5.411,0.2000,0.1768,-4.4
05/04/17,03:34:56,-3.657,93.000,4.973,0.1993,0.1768,-4.6
05/04/17,04:34:57,-0.789,93.900,4.740,0.1993,0.1768,-1.7
05/04/17,05:34:58,0.246,96.400,4.869,0.1993,0.1775,-0.3
05/04/17,06:34:59,-2.247,94.500,4.844,0.1993,0.1768,-3.0
05/04/17,07:35:00,-3.271,93.600,4.506,0.1993,0.1768,-4.2
05/04/17,08:35:01,0.825,95.000,4.220,0.1993,0.1775,0.1
05/04/17,09:35:02,8.841,98.400,4.532,0.2000,0.1790,8.6
05/04/17,10:35:03,13.161,86.200,5.668,0.2000,0.1804,10.9
05/04/17,11:35:04,17.034,68.000,7.091,0.2008,0.1804,11.1
05/04/17,12:35:05,12.413,63.300,8.444,0.2000,0.1804,5.6
05/04/17,13:35:06,16.987,60.000,9.213,0.2000,0.1811,9.2
05/04/17,14:35:07,12.799,65.500,10.001,0.2000,0.1804,6.5
05/04/17,15:35:08,13.305,67.600,10.271,0.2000,0.1797,7.5
05/04/17,16:35:09,13.377,67.300,10.687,0.2000,0.1790,7.5
05/04/17,17:35:10,9.213,68.800,11.102,0.2000,0.1782,3.8
05/04/17,18:35:11,6.179,77.000,10.614,0.1986,0.1775,2.5
05/04/17,19:35:12,2.503,84.500,9.410,0.1993,0.1768,0.2
05/04/17,20:35:13,1.453,88.700,8.195,0.1986,0.1761,-0.2
05/04/17,21:35:14,-0.591,91.700,7.293,0.1986,0.1753,-1.8
05/04/17,22:35:15,-1.384,93.400,6.509,0.1978,0.1753,-2.3
05/04/17,23:35:16,-2.044,93.700,5.949,0.1978,0.1746,-2.9
06/04/17,00:35:17,-2.189,93.800,5.437,0.1978,0.1746,-3.1
06/04/17,01:35:18,-1.270,94.000,5.076,0.1978,0.1746,-2.1
06/04/17,02:35:19,-0.227,95.300,4.973,0.1978,0.1746,-0.9
06/04/17,03:35:20,0.024,95.300,4.973,0.1978,0.1746,-0.6
06/04/17,04:35:21,-0.199,96.200,4.973,0.1971,0.1746,-0.7
06/04/17,05:35:22,-2.566,94.500,4.688,0.1971,0.1746,-3.3
06/04/17,06:35:23,-3.360,94.300,4.272,0.1971,0.1739,-4.2
06/04/17,07:35:24,-3.807,94.000,3.880,0.1971,0.1746,-4.6
06/04/17,08:35:25,0.246,95.600,3.617,0.1964,0.1739,-0.4
06/04/17,09:35:26,8.494,95.700,4.011,0.1978,0.1761,7.9
06/04/17,10:35:27,13.978,72.700,5.050,0.1978,0.1768,9.2
06/04/17,11:35:28,8.717,64.700,6.026,0.1978,0.1768,2.4
06/04/17,12:35:29,9.682,73.300,6.509,0.1978,0.1775,5.1
06/04/17,13:35:30,11.516,68.300,7.167,0.1978,0.1768,5.9
06/04/17,14:35:31,13.088,60.400,8.245,0.1978,0.1768,5.6
06/04/17,15:35:32,19.056,58.500,9.534,0.1971,0.1768,10.7
06/04/17,16:35:33,11.248,60.500,10.785,0.1971,0.1768,3.9
06/04/17,17:35:34,8.568,75.700,10.075,0.1971,0.1761,4.5
06/04/17,18:35:35,6.535,81.700,9.509,0.1971,0.1746,3.6
06/04/17,19:35:36,2.155,87.200,8.469,0.1971,0.1739,0.2
06/04/17,20:35:37,1.859,92.100,7.419,0.1964,0.1732,0.7
06/04/17,21:35:38,1.751,93.900,6.813,0.1964,0.1739,0.9
06/04/17,22:35:39,3.168,96.200,6.636,0.1964,0.1732,2.6
06/04/17,23:35:40,3.274,96.000,6.560,0.1964,0.1732,2.7
07/04/17,00:35:41,1.859,95.600,6.306,0.1964,0.1732,1.2
07/04/17,01:35:42,1.751,96.000,5.924,0.1964,0.1732,1.2
07/04/17,02:35:43,-0.004,95.300,5.616,0.1964,0.1724,-0.7
07/04/17,03:35:44,-1.785,94.400,5.179,0.1957,0.1724,-2.6
07/04/17,04:35:45,-2.537,94.800,4.714,0.1957,0.1717,-3.3
07/04/17,05:35:46,1.398,96.900,4.402,0.1949,0.1717,1.0
07/04/17,06:35:47,1.967,99.600,4.584,0.1957,0.1724,1.9
07/04/17,07:35:48,1.289,99.100,4.714,0.1957,0.1724,1.2
07/04/17,08:35:49,4.558,99.800,4.766,0.1949,0.1724,4.5
07/04/17,09:35:50,8.965,89.900,5.179,0.1957,0.1739,7.4
07/04/17,10:35:51,12.485,70.100,5.796,0.1964,0.1739,7.2
07/04/17,11:35:52,15.079,61.000,6.585,0.1957,0.1739,7.6
07/04/17,12:35:53,15.676,58.400,7.544,0.1957,0.1746,7.6
07/04/17,13:35:54,17.106,56.400,8.568,0.1949,0.1746,8.4
07/04/17,14:35:55,16.844,55.000,9.706,0.1949,0.1739,7.8
07/04/17,15:35:56,16.010,56.000,10.761,0.1942,0.1732,7.3
07/04/17,16:35:57,14.050,59.100,11.540,0.1942,0.1724,6.2
07/04/17,17:35:58,10.418,65.700,11.686,0.1935,0.1717,4.3
07/04/17,18:35:59,6.889,78.300,10.858,0.1935,0.1702,3.4
07/04/17,19:36:00,4.194,87.000,9.583,0.1935,0.1695,2.2
07/04/17,20:36:01,3.591,92.500,8.618,0.1935,0.1695,2.5
07/04/17,21:36:02,4.688,96.200,8.045,0.1935,0.1695,4.1
07/04/17,22:36:03,5.719,93.100,7.720,0.1935,0.1695,4.7
07/04/17,23:36:04,5.514,90.600,7.519,0.1935,0.1695,4.1
08/04/17,00:36:05,5.308,90.100,7.368,0.1928,0.1688,3.8
08/04/17,01:36:06,6.509,88.700,7.268,0.1928,0.1695,4.8
08/04/17,02:36:07,6.560,85.300,7.318,0.1928,0.1688,4.3
08/04/17,03:36:08,5.924,86.100,7.268,0.1935,0.1688,3.8
08/04/17,04:36:09,5.591,88.100,7.142,0.1928,0.1688,3.8
08/04/17,05:36:10,5.898,90.300,7.015,0.1928,0.1688,4.4
08/04/17,06:36:11,6.128,91.600,7.015,0.1935,0.1695,4.9
08/04/17,07:36:12,6.585,91.300,7.041,0.1935,0.1688,5.3
08/04/17,08:36:13,6.357,91.000,7.091,0.1935,0.1688,5.0
08/04/17,09:36:14,6.687,92.100,7.142,0.1928,0.1688,5.5
08/04/17,10:36:15,9.534,88.000,7.318,0.1928,0.1688,7.7
08/04/17,11:36:16,10.761,82.400,7.845,0.1935,0.1695,7.9
08/04/17,12:36:17,10.541,81.500,8.419,0.1935,0.1695,7.5
08/04/17,13:36:18,7.494,95.900,8.717,0.1942,0.1710,6.9
08/04/17,14:36:19,7.970,99.600,8.519,0.2008,0.1899,7.9
08/04/17,15:36:20,7.343,100.000,8.444,0.2472,0.2080,7.3
08/04/17,16:36:21,7.393,100.000,8.344,0.2545,0.2109,7.4
08/04/17,17:36:22,8.245,100.000,8.369,0.2494,0.2087,8.3
08/04/17,18:36:23,7.167,100.000,8.469,0.2458,0.2073,7.2
08/04/17,19:36:24,7.116,100.000,8.195,0.2429,0.2058,7.1
08/04/17,20:36:25,7.116,100.000,8.045,0.2414,0.2051,7.1
08/04/17,21:36:26,7.242,100.000,7.995,0.2392,0.2051,7.2
08/04/17,22:36:27,7.242,100.000,7.970,0.2385,0.2044,7.2
08/04/17,23:36:28,7.242,99.500,7.945,0.2378,0.2044,7.2
09/04/17,00:36:29,7.318,98.900,7.920,0.2371,0.2044,7.2
09/04/17,01:36:30,6.408,99.500,7.845,0.2618,0.2189,6.3
09/04/17,02:36:31,6.357,100.000,7.670,0.2618,0.2211,6.4
09/04/17,03:36:32,6.281,100.000,7.343,0.2661,0.2211,6.3
09/04/17,04:36:33,6.153,100.000,7.318,0.2581,0.2189,6.2
09/04/17,05:36:34,6.230,100.000,7.318,0.2545,0.2182,6.2
09/04/17,06:36:35,6.382,100.000,7.318,0.2516,0.2175,6.4
09/04/17,07:36:36,6.204,100.000,7.318,0.2538,0.2211,6.2
09/04/17,08:36:37,6.382,100.000,7.192,0.2610,0.2262,6.4
09/04/17,09:36:38,6.585,100.000,7.242,0.2574,0.2247,6.6
09/04/17,10:36:39,6.535,100.000,7.318,0.2552,0.2240,6.5
09/04/17,11:36:40,6.408,100.000,7.318,0.2538,0.2240,6.4
09/04/17,12:36:41,6.102,100.000,7.192,0.2799,0.2356,6.1
09/04/17,13:36:42,3.327,100.000,6.965,0.2690,0.2334,3.3
09/04/17,14:36:43,3.591,100.000,6.484,0.2734,0.2363,3.6
09/04/17,15:36:44,0.934,100.000,5.796,0.2668,0.2327,0.9
09/04/17,16:36:45,1.208,100.000,5.437,0.2625,0.2313,1.2
09/04/17,17:36:46,0.329,100.000,5.050,0.2596,0.2298,0.3
09/04/17,18:36:47,0.190,100.000,4.480,0.2574,0.2291,0.2
09/04/17,19:36:48,0.273,100.000,4.350,0.2560,0.2291,0.3
09/04/17,20:36:49,0.273,100.000,4.324,0.2545,0.2284,0.3
09/04/17,21:36:50,1.371,100.000,4.428,0.2530,0.2276,1.4
09/04/17,22:36:51,1.670,100.000,4.480,0.2516,0.2269,1.7
09/04/17,23:36:52,1.805,100.000,4.532,0.2509,0.2269,1.8
10/04/17,00:36:53,1.859,100.000,4.558,0.2501,0.2262,1.9
10/04/17,01:36:54,2.074,100.000,4.584,0.2494,0.2262,2.1
10/04/17,02:36:55,2.155,100.000,4.610,0.2487,0.2262,2.2
10/04/17,03:36:56,2.128,100.000,4.636,0.2487,0.2254,2.1
10/04/17,04:36:57,1.967,100.000,4.662,0.2480,0.2254,2.0
10/04/17,05:36:58,2.074,100.000,4.662,0.2472,0.2262,2.1
10/04/17,06:36:59,1.967,100.000,4.662,0.2472,0.2254,2.0
10/04/17,07:37:00,2.047,100.000,4.662,0.2465,0.2254,2.0
10/04/17,08:37:01,1.480,100.000,4.636,0.2465,0.2254,1.5
10/04/17,09:37:02,1.588,100.000,4.610,0.2465,0.2254,1.6
10/04/17,10:37:03,1.832,100.000,4.350,0.2901,0.2451,1.8
10/04/17,11:37:04,1.480,100.000,3.485,0.2995,0.2509,1.5
10/04/17,12:37:05,1.425,100.000,3.142,0.2901,0.2487,1.4
10/04/17,13:37:06,2.370,100.000,3.063,0.2806,0.2472,2.4
10/04/17,14:37:07,2.637,100.000,3.036,0.2792,0.2472,2.6
10/04/17,15:37:08,3.643,100.000,2.903,0.2748,0.2465,3.6
10/04/17,16:37:09,4.011,100.000,2.930,0.2734,0.2465,4.0
10/04/17,17:37:10,3.932,100.000,3.116,0.2698,0.2443,3.9
10/04/17,18:37:11,3.985,100.000,3.327,0.2676,0.2436,4.0
10/04/17,19:37:12,3.801,100.000,3.538,0.2654,0.2422,3.8
10/04/17,20:37:13,3.696,100.000,3.670,0.2625,0.2407,3.7
10/04/17,21:37:14,3.722,100.000,3.801,0.2603,0.2392,3.7
10/04/17,22:37:15,3.722,100.000,3.906,0.2589,0.2385,3.7
10/04/17,23:37:16,3.643,100.000,4.011,0.2567,0.2371,3.6
11/04/17,00:37:17,3.591,100.000,4.115,0.2560,0.2363,3.6
11/04/17,01:37:18,3.722,100.000,4.194,0.2545,0.2356,3.7
11/04/17,02:37:19,3.485,100.000,4.246,0.2538,0.2356,3.5
11/04/17,03:37:20,3.168,100.000,4.272,0.2530,0.2342,3.2
11/04/17,04:37:21,3.063,100.000,4.272,0.2523,0.2342,3.1
11/04/17,05:37:22,2.717,100.000,4.272,0.2516,0.2334,2.7
11/04/17,06:37:23,2.584,100.000,4.246,0.2509,0.2327,2.6
11/04/17,07:37:24,2.664,100.000,4.168,0.2501,0.2327,2.7
11/04/17,08:37:25,2.850,100.000,4.168,0.2494,0.2320,2.8
11/04/17,09:37:26,3.538,100.000,4.272,0.2494,0.2320,3.5
11/04/17,10:37:27,4.454,100.000,4.558,0.2487,0.2320,4.5
11/04/17,11:37:28,6.535,100.000,5.076,0.2480,0.2320,6.5
11/04/17,12:37:29,8.394,100.000,5.847,0.2480,0.2327,8.4
11/04/17,13:37:30,9.780,99.300,6.864,0.2487,0.2334,9.7
11/04/17,14:37:31,10.418,96.100,7.845,0.2480,0.2327,9.8
11/04/17,15:37:32,9.361,93.000,8.693,0.2480,0.2327,8.3
11/04/17,16:37:33,8.444,92.500,9.213,0.2465,0.2320,7.3
11/04/17,17:37:34,6.408,94.100,8.965,0.2458,0.2313,5.5
11/04/17,18:37:35,4.584,95.800,8.120,0.2458,0.2298,4.0
11/04/17,19:37:36,2.903,98.200,7.217,0.2451,0.2291,2.6
11/04/17,20:37:37,3.327,99.900,6.433,0.2443,0.2284,3.3
11/04/17,21:37:38,3.854,100.000,6.051,0.2436,0.2284,3.9
11/04/17,22:37:39,3.564,100.000,5.872,0.2436,0.2276,3.6
11/04/17,23:37:40,3.801,100.000,5.770,0.2436,0.2276,3.8
12/04/17,00:37:41,3.827,100.000,5.693,0.2429,0.2276,3.8
12/04/17,01:37:42,3.958,100.000,5.642,0.2429,0.2276,4.0
12/04/17,02:37:43,3.433,100.000,5.591,0.2422,0.2269,3.4
12/04/17,03:37:44,3.301,100.000,5.514,0.2422,0.2269,3.3
12/04/17,04:37:45,3.380,100.000,5.411,0.2414,0.2269,3.4
12/04/17,05:37:46,1.425,100.000,5.308,0.2414,0.2269,1.4
12/04/17,06:37:47,-0.060,99.400,4.792,0.2407,0.2254,-0.1
12/04/17,07:37:48,0.742,100.000,4.402,0.2407,0.2254,0.7
12/04/17,08:37:49,4.037,100.000,4.220,0.2400,0.2247,4.0
12/04/17,09:37:50,10.492,99.000,4.324,0.2400,0.2262,10.4
12/04/17,10:37:51,12.799,87.900,4.921,0.2407,0.2269,10.9
12/04/17,11:37:52,15.223,76.400,5.796,0.2400,0.2269,11.1
12/04/17,12:37:53,18.985,64.300,6.737,0.2400,0.2284,12.1
12/04/17,13:37:54,13.233,70.400,7.995,0.2400,0.2276,8.0
12/04/17,14:37:55,10.932,80.700,8.469,0.2400,0.2276,7.8
12/04/17,15:37:56,11.443,80.200,8.767,0.2400,0.2269,8.2
12/04/17,16:37:57,9.558,86.200,9.114,0.2392,0.2269,7.4
12/04/17,17:37:58,8.717,91.900,8.891,0.2392,0.2262,7.5
12/04/17,18:37:59,6.585,93.800,8.593,0.2392,0.2262,5.7
12/04/17,19:38:00,6.763,97.600,8.045,0.2392,0.2254,6.4
12/04/17,20:38:01,6.230,99.200,7.745,0.2385,0.2247,6.1
12/04/17,21:38:02,6.230,99.900,7.544,0.2385,0.2247,6.2
12/04/17,22:38:03,5.462,99.800,7.393,0.2378,0.2240,5.4
12/04/17,23:38:04,2.823,98.100,6.990,0.2378,0.2233,2.6
13/04/17,00:38:05,3.880,98.800,6.484,0.2378,0.2233,3.7
13/04/17,01:38:06,4.089,99.600,6.331,0.2371,0.2233,4.0
13/04/17,02:38:07,2.797,99.300,6.179,0.2363,0.2225,2.7
13/04/17,03:38:08,0.218,97.800,5.719,0.2363,0.2211,-0.1
13/04/17,04:38:09,-0.704,96.600,5.076,0.2363,0.2204,-1.2
13/04/17,05:38:10,-0.507,95.800,4.558,0.2356,0.2204,-1.1
13/04/17,06:38:11,-1.242,95.800,4.194,0.2356,0.2196,-1.8
13/04/17,07:38:12,-1.384,95.700,3.880,0.2349,0.2196,-2.0
13/04/17,08:38:13,0.522,96.500,3.643,0.2342,0.2196,0.0
13/04/17,09:38:14,7.995,99.900,3.643,0.2342,0.2211,8.0
13/04/17,10:38:15,11.248,91.000,4.246,0.2349,0.2218,9.8
13/04/17,11:38:16,13.040,71.200,5.257,0.2349,0.2225,8.0
13/04/17,12:38:17,14.074,59.100,6.306,0.2349,0.2225,6.2
13/04/17,13:38:18,14.697,56.900,7.343,0.2349,0.2225,6.3
13/04/17,14:38:19,14.960,56.300,8.543,0.2342,0.2233,6.3
13/04/17,15:38:20,14.050,54.500,9.805,0.2334,0.2225,5.0
13/04/17,16:38:21,12.171,61.000,10.736,0.2334,0.2211,4.9
13/04/17,17:38:22,9.977,64.700,11.175,0.2334,0.2204,3.6
13/04/17,18:38:23,6.281,74.300,10.369,0.2327,0.2196,2.1
13/04/17,19:38:24,2.744,86.500,8.767,0.2320,0.2189,0.7
13/04/17,20:38:25,1.044,91.100,7.419,0.2320,0.2175,-0.2
13/04/17,21:38:26,0.107,93.300,6.535,0.2320,0.2167,-0.8
13/04/17,22:38:27,2.450,95.800,5.847,0.2313,0.2167,1.8
13/04/17,23:38:28,2.664,96.600,5.642,0.2313,0.2167,2.2
14/04/17,00:38:29,1.967,94.400,5.462,0.2313,0.2160,1.2
14/04/17,01:38:30,-0.171,94.200,5.076,0.2313,0.2153,-1.0
14/04/17,02:38:31,-1.242,94.900,4.636,0.2305,0.2153,-2.0
14/04/17,03:38:32,-0.479,95.600,4.246,0.2305,0.2153,-1.1
14/04/17,04:38:33,-1.641,95.800,3.958,0.2305,0.2153,-2.2
14/04/17,05:38:34,-2.015,95.200,3.617,0.2298,0.2146,-2.7
14/04/17,06:38:35,-2.683,95.000,3.380,0.2298,0.2146,-3.4
14/04/17,07:38:36,-2.800,94.100,3.116,0.2298,0.2138,-3.6
14/04/17,08:38:37,-0.004,95.300,2.956,0.2291,0.2138,-0.7
14/04/17,09:38:38,8.195,91.500,3.168,0.2291,0.2146,6.9
14/04/17,10:38:39,12.968,61.800,3.932,0.2291,0.2160,5.8
14/04/17,11:38:40,14.601,53.200,4.947,0.2291,0.2160,5.2
14/04/17,12:38:41,15.772,47.700,5.975,0.2291,0.2167,4.7
14/04/17,13:38:42,16.249,45.500,7.015,0.2291,0.2167,4.5
14/04/17,14:38:43,16.225,49.600,8.170,0.2284,0.2167,5.7
14/04/17,15:38:44,14.002,57.100,9.336,0.2284,0.2160,5.7
14/04/17,16:38:45,13.858,62.400,10.149,0.2284,0.2160,6.8
14/04/17,17:38:46,11.151,67.200,10.565,0.2284,0.2153,5.3
14/04/17,18:38:47,6.255,79.300,10.001,0.2284,0.2146,2.9
14/04/17,19:38:48,2.930,88.200,8.643,0.2276,0.2138,1.2
14/04/17,20:38:49,0.880,90.400,7.444,0.2276,0.2124,-0.5
14/04/17,21:38:50,-0.255,92.300,6.408,0.2276,0.2116,-1.4
14/04/17,22:38:51,1.751,94.800,5.719,0.2276,0.2116,1.0
14/04/17,23:38:52,3.696,97.900,5.693,0.2269,0.2116,3.4
15/04/17,00:38:53,3.749,98.400,5.847,0.2269,0.2124,3.5
15/04/17,01:38:54,2.557,98.100,5.821,0.2269,0.2124,2.3
15/04/17,02:38:55,-1.043,95.400,5.360,0.2269,0.2109,-1.7
15/04/17,03:38:56,-0.283,96.900,4.844,0.2269,0.2102,-0.7
15/04/17,04:38:57,-2.771,94.300,4.298,0.2262,0.2095,-3.6
15/04/17,05:38:58,-1.527,95.300,3.906,0.2262,0.2095,-2.2
15/04/17,06:38:59,-3.153,93.500,3.617,0.2262,0.2087,-4.1
15/04/17,07:39:00,-3.094,92.600,3.221,0.2262,0.2087,-4.1
15/04/17,08:39:01,-1.441,93.100,2.930,0.2262,0.2087,-2.4
15/04/17,09:39:02,7.720,98.800,2.930,0.2254,0.2095,7.6
15/04/17,10:39:03,12.122,83.300,3.485,0.2262,0.2109,9.4
15/04/17,11:39:04,16.534,54.500,4.480,0.2262,0.2116,7.3
15/04/17,12:39:05,17.391,44.300,5.642,0.2254,0.2124,5.1
15/04/17,13:39:06,17.249,50.400,6.965,0.2254,0.2124,6.9
15/04/17,14:39:07,16.820,56.200,8.319,0.2254,0.2124,8.1
15/04/17,15:39:08,15.485,60.800,9.509,0.2247,0.2116,8.0
15/04/17,16:39:09,12.437,67.800,10.369,0.2247,0.2102,6.7
15/04/17,17:39:10,9.608,74.900,10.614,0.2247,0.2102,5.4
15/04/17,18:39:11,4.792,86.300,9.854,0.2247,0.2095,2.7
15/04/17,19:39:12,4.376,95.500,8.469,0.2247,0.2087,3.7
15/04/17,20:39:13,3.354,96.800,7.720,0.2247,0.2080,2.9
15/04/17,21:39:14,3.009,98.100,7.091,0.2247,0.2080,2.7
15/04/17,22:39:15,2.610,99.000,6.560,0.2240,0.2080,2.5
15/04/17,23:39:16,2.074,99.200,6.128,0.2240,0.2073,2.0
16/04/17,00:39:17,1.670,99.600,5.770,0.2240,0.2066,1.6
16/04/17,01:39:18,1.425,99.900,5.462,0.2240,0.2066,1.4
16/04/17,02:39:19,0.934,99.800,5.128,0.2233,0.2066,0.9
16/04/17,03:39:20,0.825,99.200,4.869,0.2240,0.2058,0.7
16/04/17,04:39:21,2.610,99.900,4.792,0.2233,0.2066,2.6
16/04/17,05:39:22,2.823,100.000,4.921,0.2240,0.2066,2.8
16/04/17,06:39:23,3.248,100.000,4.973,0.2233,0.2066,3.2
16/04/17,07:39:24,4.168,100.000,5.102,0.2233,0.2066,4.2
16/04/17,08:39:25,4.921,100.000,5.334,0.2240,0.2066,4.9
16/04/17,09:39:26,5.282,100.000,5.591,0.2233,0.2073,5.3
16/04/17,10:39:27,5.847,99.600,5.821,0.2240,0.2073,5.8
16/04/17,11:39:28,9.558,97.400,6.128,0.2240,0.2080,9.2
16/04/17,12:39:29,11.492,84.000,6.889,0.2240,0.2087,8.9
16/04/17,13:39:30,12.437,79.400,7.569,0.2240,0.2087,9.0
16/04/17,14:39:31,9.435,78.200,8.120,0.2240,0.2087,5.8
16/04/17,15:39:32,12.630,78.700,8.369,0.2240,0.2080,9.0
16/04/17,16:39:33,9.139,78.300,8.767,0.2240,0.2080,5.6
16/04/17,17:39:34,8.767,80.100,8.817,0.2233,0.2073,5.5
16/04/17,18:39:35,4.895,85.600,8.568,0.2233,0.2066,2.7
16/04/17,19:39:36,0.770,90.100,7.469,0.2233,0.2058,-0.7
16/04/17,20:39:37,0.024,93.500,6.433,0.2233,0.2044,-0.9
16/04/17,21:39:38,2.209,96.100,5.821,0.2233,0.2051,1.7
16/04/17,22:39:39,3.538,99.300,5.668,0.2225,0.2051,3.4
16/04/17,23:39:40,3.459,99.000,5.642,0.2225,0.2051,3.3
17/04/17,00:39:41,3.775,98.600,5.565,0.2225,0.2051,3.6
17/04/17,01:39:42,3.617,97.300,5.539,0.2225,0.2051,3.2
17/04/17,02:39:43,2.877,97.700,5.437,0.2218,0.2044,2.5
17/04/17,03:39:44,3.617,99.100,5.334,0.2225,0.2044,3.5
17/04/17,04:39:45,2.930,98.700,5.257,0.2218,0.2044,2.7
17/04/17,05:39:46,2.877,98.900,5.076,0.2225,0.2044,2.7
17/04/17,06:39:47,3.089,99.900,4.999,0.2218,0.2044,3.1
17/04/17,07:39:48,1.615,99.100,4.895,0.2218,0.2044,1.5
17/04/17,08:39:49,4.947,100.000,4.740,0.2218,0.2044,4.9
17/04/17,09:39:50,9.805,92.100,5.050,0.2218,0.2051,8.6
17/04/17,10:39:51,13.016,76.200,5.642,0.2225,0.2051,8.9
17/04/17,11:39:52,15.247,67.800,6.382,0.2225,0.2058,9.4
17/04/17,12:39:53,15.867,62.600,7.242,0.2218,0.2066,8.8
17/04/17,13:39:54,15.390,60.400,8.220,0.2218,0.2058,7.8
17/04/17,14:39:55,16.153,60.300,9.015,0.2211,0.2058,8.5
17/04/17,15:39:56,14.553,61.500,9.854,0.2211,0.2051,7.3
17/04/17,16:39:57,11.759,66.500,10.394,0.2204,0.2037,5.7
17/04/17,17:39:58,9.386,76.900,10.247,0.2204,0.2037,5.6
17/04/17,18:39:59,6.813,85.800,9.485,0.2196,0.2029,4.6
17/04/17,19:40:00,4.558,90.400,8.568,0.2196,0.2022,3.1
17/04/17,20:40:01,5.128,96.200,7.920,0.2196,0.2022,4.6
17/04/17,21:40:02,6.255,96.500,7.569,0.2196,0.2022,5.7
17/04/17,22:40:03,6.306,93.200,7.419,0.2196,0.2022,5.3
17/04/17,23:40:04,6.458,94.000,7.268,0.2196,0.2015,5.6
18/04/17,00:40:05,6.839,93.100,7.192,0.2196,0.2022,5.8
18/04/17,01:40:06,7.343,91.200,7.192,0.2196,0.2022,6.0
18/04/17,02:40:07,7.845,86.400,7.192,0.2196,0.2015,5.7
18/04/17,03:40:08,7.945,78.200,7.192,0.2196,0.2015,4.4
18/04/17,04:40:09,6.306,82.600,7.091,0.2196,0.2015,3.6
18/04/17,05:40:10,6.585,85.800,6.889,0.2196,0.2015,4.4
18/04/17,06:40:11,4.636,87.700,6.737,0.2196,0.2008,2.8
18/04/17,07:40:12,4.037,93.600,6.458,0.2196,0.2008,3.1
18/04/17,08:40:13,6.585,93.600,6.255,0.2196,0.2008,5.6
18/04/17,09:40:14,12.292,75.300,6.357,0.2196,0.2015,8.1
18/04/17,10:40:15,15.175,61.300,6.839,0.2189,0.2015,7.8
18/04/17,11:40:16,17.130,55.000,7.494,0.2182,0.2022,8.0
18/04/17,12:40:17,18.319,49.500,8.245,0.2182,0.2015,7.6
18/04/17,13:40:18,18.889,48.600,9.089,0.2182,0.2008,7.8
18/04/17,14:40:19,18.652,51.300,10.075,0.2175,0.2008,8.4
18/04/17,15:40:20,17.724,56.300,11.102,0.2167,0.2000,8.9
18/04/17,16:40:21,15.509,58.900,11.832,0.2160,0.1986,7.5
18/04/17,17:40:22,12.847,63.700,12.171,0.2160,0.1986,6.2
18/04/17,18:40:23,6.965,76.300,11.370,0.2160,0.1971,3.1
18/04/17,19:40:24,4.844,89.000,9.879,0.2160,0.1971,3.2
18/04/17,20:40:25,7.469,97.200,9.064,0.2153,0.1964,7.1
18/04/17,21:40:26,6.889,98.100,8.767,0.2153,0.1964,6.6
18/04/17,22:40:27,5.231,98.100,8.543,0.2153,0.1964,5.0
18/04/17,23:40:28,2.316,95.100,7.945,0.2146,0.1957,1.6
19/04/17,00:40:29,1.886,95.800,7.192,0.2153,0.1949,1.3
19/04/17,01:40:30,1.480,95.900,6.611,0.2146,0.1942,0.9
19/04/17,02:40:31,1.588,96.500,6.281,0.2146,0.1949,1.1
19/04/17,03:40:32,1.344,96.500,6.051,0.2146,0.1942,0.8
19/04/17,04:40:33,1.615,96.700,5.796,0.2146,0.1942,1.1
19/04/17,05:40:34,0.135,96.100,5.514,0.2146,0.1935,-0.4
19/04/17,06:40:35,0.770,96.300,5.179,0.2138,0.1935,0.2
19/04/17,07:40:36,4.220,99.800,5.179,0.2146,0.1942,4.2
19/04/17,08:40:37,6.687,100.000,5.462,0.2146,0.1949,6.7
19/04/17,09:40:38,10.932,98.300,5.924,0.2153,0.1957,10.7
19/04/17,10:40:39,14.649,84.500,6.661,0.2153,0.1964,12.1
19/04/17,11:40:40,17.558,70.900,7.519,0.2153,0.1964,12.2
19/04/17,12:40:41,18.509,64.600,8.444,0.2153,0.1964,11.7
19/04/17,13:40:42,19.246,62.300,9.361,0.2146,0.1964,11.9
19/04/17,14:40:43,16.296,59.200,10.345,0.2146,0.1964,8.3
19/04/17,15:40:44,16.749,65.000,10.883,0.2138,0.1964,10.2
19/04/17,16:40:45,17.415,60.600,11.589,0.2138,0.1957,9.7
19/04/17,17:40:46,15.390,66.800,12.195,0.2138,0.1949,9.3
19/04/17,18:40:47,6.914,76.800,11.662,0.2131,0.1935,3.1
19/04/17,19:40:48,3.301,88.000,9.977,0.2131,0.1920,1.5
19/04/17,20:40:49,2.744,92.400,8.742,0.2124,0.1913,1.6
19/04/17,21:40:50,3.142,94.600,7.995,0.2124,0.1913,2.4
19/04/17,22:40:51,3.985,96.200,7.695,0.2124,0.1913,3.4
19/04/17,23:40:52,4.246,97.000,7.519,0.2124,0.1913,3.8
20/04/17,00:40:53,5.179,97.700,7.293,0.2124,0.1913,4.8
20/04/17,01:40:54,5.821,99.700,7.242,0.2116,0.1913,5.8
20/04/17,02:40:55,3.089,99.200,7.268,0.2124,0.1906,3.0
20/04/17,03:40:56,3.906,97.900,6.763,0.2116,0.1906,3.6
20/04/17,04:40:57,4.973,100.000,6.611,0.2116,0.1906,5.0
20/04/17,05:40:58,4.895,100.000,6.661,0.2124,0.1906,4.9
20/04/17,06:40:59,3.775,99.800,6.611,0.2124,0.1906,3.7
20/04/17,07:41:00,4.844,99.900,6.458,0.2116,0.1906,4.8
20/04/17,08:41:01,6.153,100.000,6.408,0.2116,0.1906,6.2
20/04/17,09:41:02,9.903,99.400,6.636,0.2124,0.1913,9.8
20/04/17,10:41:03,13.088,91.600,7.167,0.2124,0.1920,11.8
20/04/17,11:41:04,16.153,76.300,7.820,0.2124,0.1913,12.0
20/04/17,12:41:05,18.652,66.000,8.593,0.2116,0.1920,12.2
20/04/17,13:41:06,19.056,60.100,9.485,0.2116,0.1920,11.2
20/04/17,14:41:07,18.200,55.800,10.369,0.2116,0.1913,9.2
20/04/17,15:41:08,14.194,58.000,11.078,0.2109,0.1913,6.1
20/04/17,16:41:09,15.031,72.100,11.200,0.2102,0.1906,10.1
20/04/17,17:41:10,10.736,79.900,11.224,0.2109,0.1899,7.4
20/04/17,18:41:11,7.217,91.200,10.492,0.2102,0.1884,5.9
20/04/17,19:41:12,5.924,95.300,9.682,0.2102,0.1884,5.2
20/04/17,20:41:13,2.956,93.300,8.792,0.2095,0.1877,2.0
20/04/17,21:41:14,6.535,98.600,8.245,0.2095,0.1877,6.3
20/04/17,22:41:15,6.102,96.400,8.170,0.2095,0.1877,5.6
20/04/17,23:41:16,5.898,96.800,8.020,0.2102,0.1877,5.4
21/04/17,00:41:17,6.687,97.200,7.895,0.2095,0.1877,6.3
21/04/17,01:41:18,6.864,95.700,7.820,0.2095,0.1870,6.2
21/04/17,02:41:19,7.293,96.000,7.745,0.2095,0.1870,6.7
21/04/17,03:41:20,7.695,94.700,7.745,0.2095,0.1870,6.9
21/04/17,04:41:21,7.695,93.800,7.795,0.2095,0.1877,6.8
21/04/17,05:41:22,7.619,93.900,7.820,0.2102,0.1870,6.7
21/04/17,06:41:23,7.594,94.000,7.795,0.2095,0.1870,6.7
21/04/17,07:41:24,7.116,95.000,7.795,0.2095,0.1870,6.4
21/04/17,08:41:25,6.687,99.300,7.770,0.2109,0.1884,6.6
21/04/17,09:41:26,7.015,100.000,7.720,0.2131,0.1891,7.0
21/04/17,10:41:27,7.519,100.000,7.820,0.2124,0.1891,7.5
21/04/17,11:41:28,8.045,100.000,7.970,0.2131,0.1891,8.1
21/04/17,12:41:29,8.643,100.000,8.145,0.2138,0.1899,8.7
21/04/17,13:41:30,7.494,100.000,8.344,0.2138,0.1899,7.5
21/04/17,14:41:31,7.293,100.000,8.195,0.2138,0.1899,7.3
21/04/17,15:41:32,7.393,100.000,8.145,0.2138,0.1899,7.4
21/04/17,16:41:33,7.015,100.000,8.095,0.2138,0.1899,7.0
21/04/17,17:41:34,6.712,100.000,7.970,0.2138,0.1899,6.7
21/04/17,18:41:35,6.611,100.000,7.820,0.2146,0.1928,6.6
21/04/17,19:41:36,6.484,100.000,7.695,0.2189,0.2116,6.5
21/04/17,20:41:37,6.763,100.000,7.619,0.2247,0.2153,6.8
21/04/17,21:41:38,6.889,100.000,7.619,0.2342,0.2196,6.9
21/04/17,22:41:39,6.864,100.000,7.619,0.2429,0.2225,6.9
21/04/17,23:41:40,6.737,100.000,7.594,0.2501,0.2240,6.7
22/04/17,00:41:41,6.636,100.000,7.544,0.2509,0.2247,6.6
22/04/17,01:41:42,6.965,100.000,7.519,0.2530,0.2276,7.0
22/04/17,02:41:43,6.940,100.000,7.519,0.2552,0.2298,6.9
22/04/17,03:41:44,6.813,100.000,7.519,0.2538,0.2298,6.8
22/04/17,04:41:45,6.940,100.000,7.494,0.2581,0.2349,6.9
22/04/17,05:41:46,6.788,100.000,7.519,0.2596,0.2363,6.8
22/04/17,06:41:47,6.965,100.000,7.494,0.2610,0.2385,7.0
22/04/17,07:41:48,6.965,100.000,7.494,0.2589,0.2371,7.0
22/04/17,08:41:49,7.242,100.000,7.519,0.2567,0.2371,7.2
22/04/17,09:41:50,7.670,100.000,7.619,0.2560,0.2363,7.7
22/04/17,10:41:51,8.494,100.000,7.820,0.2545,0.2363,8.5
22/04/17,11:41:52,8.394,100.000,8.070,0.2530,0.2363,8.4
22/04/17,12:41:53,10.614,100.000,8.369,0.2523,0.2363,10.6
22/04/17,13:41:54,9.485,100.000,8.866,0.2516,0.2371,9.5
22/04/17,14:41:55,10.638,100.000,9.040,0.2516,0.2371,10.7
22/04/17,15:41:56,10.858,100.000,9.361,0.2509,0.2371,10.9
22/04/17,16:41:57,9.238,100.000,9.583,0.2501,0.2363,9.2
22/04/17,17:41:58,8.568,100.000,9.485,0.2494,0.2356,8.6
22/04/17,18:41:59,7.318,99.900,9.213,0.2487,0.2349,7.3
22/04/17,19:42:00,6.051,99.900,8.817,0.2487,0.2342,6.0
22/04/17,20:42:01,3.591,99.500,8.245,0.2472,0.2327,3.5
22/04/17,21:42:02,3.301,99.200,7.619,0.2465,0.2320,3.2
22/04/17,22:42:03,2.664,99.000,7.116,0.2451,0.2305,2.5
22/04/17,23:42:04,1.859,98.900,6.611,0.2451,0.2305,1.7
23/04/17,00:42:05,1.317,98.900,6.204,0.2443,0.2298,1.2
23/04/17,01:42:06,1.371,99.000,5.847,0.2443,0.2291,1.2
23/04/17,02:42:07,0.605,99.200,5.539,0.2429,0.2284,0.5
23/04/17,03:42:08,1.044,99.000,5.257,0.2429,0.2284,0.9
23/04/17,04:42:09,0.852,98.900,5.102,0.2422,0.2276,0.7
23/04/17,05:42:10,-0.171,99.200,4.844,0.2422,0.2276,-0.3
23/04/17,06:42:11,-0.227,99.000,4.610,0.2414,0.2269,-0.4
23/04/17,07:42:12,-0.451,99.000,4.454,0.2407,0.2262,-0.6
23/04/17,08:42:13,0.412,98.900,4.272,0.2400,0.2262,0.3
23/04/17,09:42:14,7.293,100.000,4.324,0.2407,0.2269,7.3
23/04/17,10:42:15,13.954,100.000,4.869,0.2400,0.2284,14.0
23/04/17,11:42:16,10.051,96.100,6.102,0.2407,0.2298,9.5
23/04/17,12:42:17,10.785,94.900,7.015,0.2407,0.2298,10.0
23/04/17,13:42:18,10.712,92.700,7.670,0.2407,0.2298,9.6
23/04/17,14:42:19,9.903,92.500,8.170,0.2407,0.2298,8.8
23/04/17,15:42:20,10.124,91.700,8.344,0.2407,0.2298,8.8
23/04/17,16:42:21,9.262,94.400,8.394,0.2407,0.2291,8.4
23/04/17,17:42:22,8.419,97.900,8.270,0.2400,0.2291,8.1
23/04/17,18:42:23,7.720,98.700,8.120,0.2400,0.2284,7.5
23/04/17,19:42:24,7.268,99.400,7.945,0.2400,0.2284,7.2
23/04/17,20:42:25,6.889,99.900,7.770,0.2392,0.2276,6.9
23/04/17,21:42:26,6.611,100.000,7.619,0.2392,0.2276,6.6
23/04/17,22:42:27,6.000,100.000,7.469,0.2385,0.2276,6.0
23/04/17,23:42:28,2.717,99.300,7.116,0.2385,0.2262,2.6
24/04/17,00:42:29,1.778,98.200,6.458,0.2378,0.2254,1.5
24/04/17,01:42:30,1.697,98.400,5.924,0.2378,0.2247,1.5
24/04/17,02:42:31,1.153,98.600,5.591,0.2371,0.2247,1.0
24/04/17,03:42:32,0.273,98.100,5.231,0.2371,0.2240,0.0
24/04/17,04:42:33,-0.227,98.100,4.921,0.2363,0.2240,-0.5
24/04/17,05:42:34,1.832,98.900,4.688,0.2363,0.2233,1.7
24/04/17,06:42:35,3.248,100.000,4.740,0.2356,0.2240,3.2
24/04/17,07:42:36,2.584,100.000,4.818,0.2363,0.2240,2.6
24/04/17,08:42:37,3.880,100.000,4.792,0.2356,0.2240,3.9
24/04/17,09:42:38,9.089,100.000,5.050,0.2356,0.2240,9.1
24/04/17,10:42:39,11.175,99.300,5.796,0.2356,0.2254,11.1
24/04/17,11:42:40,9.534,92.500,6.535,0.2356,0.2262,8.4
24/04/17,12:42:41,11.053,84.400,7.167,0.2363,0.2262,8.5
24/04/17,13:42:42,11.200,82.100,7.820,0.2363,0.2262,8.3
24/04/17,14:42:43,11.686,83.500,8.319,0.2363,0.2262,9.0
24/04/17,15:42:44,9.163,86.400,8.693,0.2356,0.2262,7.0
24/04/17,16:42:45,8.792,94.100,8.469,0.2356,0.2254,7.9
24/04/17,17:42:46,8.120,92.400,8.394,0.2356,0.2254,7.0
24/04/17,18:42:47,6.535,97.600,8.145,0.2356,0.2247,6.2
24/04/17,19:42:48,7.217,99.800,7.745,0.2349,0.2240,7.2
24/04/17,20:42:49,6.535,100.000,7.569,0.2349,0.2240,6.5
24/04/17,21:42:50,7.469,100.000,7.419,0.2349,0.2240,7.5
24/04/17,22:42:51,7.945,100.000,7.519,0.2342,0.2240,8.0
24/04/17,23:42:52,8.145,100.000,7.619,0.2342,0.2240,8.2
25/04/17,00:42:53,8.145,100.000,7.720,0.2342,0.2240,8.2
25/04/17,01:42:54,8.070,100.000,7.770,0.2342,0.2240,8.1
25/04/17,02:42:55,7.895,100.000,7.795,0.2342,0.2240,7.9
25/04/17,03:42:56,7.995,100.000,7.795,0.2349,0.2240,8.0
25/04/17,04:42:57,8.120,100.000,7.845,0.2698,0.2465,8.1
25/04/17,05:42:58,8.419,100.000,7.945,0.2668,0.2458,8.4
25/04/17,06:42:59,8.469,100.000,8.045,0.2639,0.2451,8.5
25/04/17,07:43:00,8.045,100.000,8.120,0.2792,0.2545,8.1
25/04/17,08:43:01,7.795,100.000,8.095,0.2879,0.2603,7.8
25/04/17,09:43:02,7.594,100.000,7.995,0.2814,0.2589,7.6
25/04/17,10:43:03,7.569,100.000,7.945,0.2785,0.2589,7.6
25/04/17,11:43:04,7.444,100.000,7.920,0.2777,0.2589,7.5
25/04/17,12:43:05,7.393,100.000,7.945,0.2748,0.2581,7.4
25/04/17,13:43:06,8.319,100.000,8.220,0.2705,0.2545,8.3
25/04/17,14:43:07,8.095,100.000,8.394,0.2661,0.2516,8.1
25/04/17,15:43:08,7.870,100.000,8.394,0.2632,0.2501,7.9
25/04/17,16:43:09,7.167,100.000,8.319,0.2661,0.2552,7.2
25/04/17,17:43:10,6.509,100.000,8.145,0.2654,0.2538,6.5
25/04/17,18:43:11,5.975,100.000,7.895,0.2625,0.2509,6.0
25/04/17,19:43:12,5.462,100.000,7.670,0.2610,0.2487,5.5
25/04/17,20:43:13,5.719,100.000,7.494,0.2589,0.2472,5.7
25/04/17,21:43:14,5.128,100.000,7.318,0.2581,0.2465,5.1
25/04/17,22:43:15,5.257,100.000,7.142,0.2574,0.2458,5.3
25/04/17,23:43:16,4.688,100.000,7.015,0.2560,0.2451,4.7
26/04/17,00:43:17,4.220,100.000,6.813,0.2552,0.2443,4.2
26/04/17,01:43:18,3.801,100.000,6.560,0.2538,0.2436,3.8
26/04/17,02:43:19,4.246,100.000,6.357,0.2538,0.2429,4.2
26/04/17,03:43:20,3.801,100.000,6.204,0.2538,0.2451,3.8
26/04/17,04:43:21,3.301,100.000,5.975,0.2560,0.2480,3.3
26/04/17,05:43:22,2.797,100.000,5.693,0.2581,0.2494,2.8
26/04/17,06:43:23,2.823,100.000,5.488,0.2574,0.2480,2.8
26/04/17,07:43:24,2.396,100.000,5.360,0.2581,0.2530,2.4
26/04/17,08:43:25,2.637,100.000,4.999,0.2676,0.2574,2.6
26/04/17,09:43:26,1.289,100.000,4.636,0.2676,0.2545,1.3
26/04/17,10:43:27,1.751,100.000,4.558,0.2647,0.2530,1.7
26/04/17,11:43:28,2.021,100.000,4.480,0.2632,0.2523,2.0
26/04/17,12:43:29,2.236,100.000,4.454,0.2661,0.2574,2.2
26/04/17,13:43:30,4.428,100.000,4.558,0.2741,0.2610,4.4
26/04/17,14:43:31,4.921,99.800,5.154,0.2683,0.2567,4.9
26/04/17,15:43:32,2.423,99.700,5.847,0.2654,0.2538,2.4
26/04/17,16:43:33,2.074,99.500,5.898,0.2625,0.2516,2.0
26/04/17,17:43:34,0.770,99.400,5.668,0.2603,0.2494,0.7
26/04/17,18:43:35,-0.143,98.600,5.024,0.2581,0.2480,-0.3
26/04/17,19:43:36,-0.704,98.200,4.480,0.2567,0.2458,-1.0
26/04/17,20:43:37,-1.814,97.800,4.063,0.2560,0.2451,-2.1
26/04/17,21:43:38,-1.958,96.800,3.643,0.2545,0.2436,-2.4
26/04/17,22:43:39,-2.771,97.200,3.274,0.2538,0.2436,-3.2
26/04/17,23:43:40,-2.450,97.600,3.009,0.2530,0.2422,-2.8
27/04/17,00:43:41,-2.102,98.000,2.770,0.2516,0.2414,-2.4
27/04/17,01:43:42,-1.727,98.300,2.584,0.2509,0.2407,-2.0
27/04/17,02:43:43,-1.958,98.600,2.503,0.2501,0.2407,-2.2
27/04/17,03:43:44,-1.699,99.000,2.370,0.2501,0.2400,-1.8
27/04/17,04:43:45,-1.699,99.100,2.316,0.2494,0.2392,-1.8
27/04/17,05:43:46,-1.242,99.400,2.262,0.2487,0.2385,-1.3
27/04/17,06:43:47,-0.873,99.700,2.262,0.2480,0.2385,-0.9
27/04/17,07:43:48,-0.676,99.900,2.262,0.2472,0.2371,-0.7
27/04/17,08:43:49,-0.423,100.000,2.262,0.2472,0.2378,-0.4
27/04/17,09:43:50,0.163,100.000,2.262,0.2472,0.2371,0.2
27/04/17,10:43:51,0.550,100.000,2.343,0.2465,0.2371,0.5
27/04/17,11:43:52,0.715,100.000,2.477,0.2465,0.2371,0.7
27/04/17,12:43:53,1.044,100.000,2.557,0.2465,0.2371,1.0
27/04/17,13:43:54,1.317,100.000,2.690,0.2465,0.2371,1.3
27/04/17,14:43:55,1.967,99.700,2.903,0.2465,0.2378,1.9
27/04/17,15:43:56,2.209,99.300,3.354,0.2501,0.2487,2.1
27/04/17,16:43:57,2.236,99.000,4.141,0.2581,0.2530,2.1
27/04/17,17:43:58,1.208,98.700,4.688,0.2581,0.2509,1.0
27/04/17,18:43:59,0.467,98.600,4.246,0.2560,0.2487,0.3
27/04/17,19:44:00,0.273,99.300,3.643,0.2552,0.2472,0.2
27/04/17,20:44:01,0.246,99.200,3.354,0.2538,0.2458,0.1
27/04/17,21:44:02,0.273,99.600,3.195,0.2530,0.2443,0.2
27/04/17,22:44:03,0.051,99.700,3.089,0.2523,0.2436,0.0
27/04/17,23:44:04,0.107,100.000,2.983,0.2516,0.2429,0.1
28/04/17,00:44:05,0.218,100.000,2.903,0.2509,0.2429,0.2
28/04/17,01:44:06,0.356,100.000,2.877,0.2501,0.2422,0.4
28/04/17,02:44:07,0.301,100.000,2.850,0.2494,0.2414,0.3
28/04/17,03:44:08,0.467,100.000,2.823,0.2487,0.2407,0.5
28/04/17,04:44:09,0.329,100.000,2.797,0.2487,0.2400,0.3
28/04/17,05:44:10,-0.395,99.900,2.717,0.2480,0.2392,-0.4
28/04/17,06:44:11,-0.732,99.200,2.584,0.2472,0.2392,-0.8
28/04/17,07:44:12,-0.789,99.300,2.450,0.2472,0.2385,-0.9
28/04/17,08:44:13,-0.004,100.000,2.396,0.2465,0.2378,-0.0
28/04/17,09:44:14,4.895,100.000,2.450,0.2465,0.2385,4.9
28/04/17,10:44:15,6.839,97.800,2.717,0.2465,0.2400,6.5
28/04/17,11:44:16,7.895,92.000,3.327,0.2465,0.2414,6.7
28/04/17,12:44:17,9.854,78.200,4.168,0.2472,0.2414,6.2
28/04/17,13:44:18,10.687,60.300,5.102,0.2472,0.2414,3.3
28/04/17,14:44:19,11.175,53.300,6.051,0.2472,0.2414,2.0
28/04/17,15:44:20,12.558,63.700,7.066,0.2472,0.2414,5.9
28/04/17,16:44:21,9.534,62.400,7.945,0.2465,0.2407,2.7
28/04/17,17:44:22,7.544,77.900,8.245,0.2465,0.2400,3.9
28/04/17,18:44:23,2.074,86.100,7.494,0.2458,0.2378,-0.0
28/04/17,19:44:24,-0.479,91.800,6.051,0.2451,0.2363,-1.7
28/04/17,20:44:25,-1.327,92.500,5.024,0.2443,0.2356,-2.4
28/04/17,21:44:26,-1.900,93.600,4.298,0.2436,0.2349,-2.8
28/04/17,22:44:27,-2.508,93.500,3.775,0.2436,0.2342,-3.4
28/04/17,23:44:28,-2.859,92.700,3.327,0.2429,0.2334,-3.9
29/04/17,00:44:29,-3.926,91.900,2.956,0.2422,0.2327,-5.1
29/04/17,01:44:30,-3.777,90.600,2.664,0.2422,0.2320,-5.1
29/04/17,02:44:31,-4.106,91.300,2.396,0.2422,0.2313,-5.3
29/04/17,03:44:32,-3.479,91.800,2.209,0.2414,0.2313,-4.6
29/04/17,04:44:33,-2.625,93.700,2.074,0.2414,0.2305,-3.5
29/04/17,05:44:34,-0.958,96.200,1.994,0.2407,0.2298,-1.5
29/04/17,06:44:35,-1.441,97.900,1.967,0.2407,0.2298,-1.7
29/04/17,07:44:36,0.770,99.600,1.967,0.2400,0.2291,0.7
29/04/17,08:44:37,0.742,100.000,2.074,0.2400,0.2291,0.7
29/04/17,09:44:38,5.565,100.000,2.262,0.2400,0.2298,5.6
29/04/17,10:44:39,8.891,91.700,2.797,0.2400,0.2313,7.6
29/04/17,11:44:40,11.783,68.800,3.617,0.2400,0.2327,6.3
29/04/17,12:44:41,12.340,64.300,4.558,0.2400,0.2334,5.8
29/04/17,13:44:42,13.858,57.200,5.462,0.2407,0.2334,5.5
29/04/17,14:44:43,13.161,58.800,6.484,0.2400,0.2342,5.3
29/04/17,15:44:44,12.001,67.700,7.645,0.2400,0.2334,6.2
29/04/17,16:44:45,10.467,74.700,8.618,0.2400,0.2327,6.2
29/04/17,17:44:46,7.745,85.200,8.965,0.2400,0.2327,5.4
29/04/17,18:44:47,6.458,92.800,8.344,0.2392,0.2320,5.4
29/04/17,19:44:48,6.128,96.500,7.444,0.2392,0.2313,5.6
29/04/17,20:44:49,4.844,97.700,6.864,0.2392,0.2313,4.5
29/04/17,21:44:50,4.141,97.800,6.306,0.2385,0.2305,3.8
29/04/17,22:44:51,4.063,99.100,5.975,0.2385,0.2305,3.9
29/04/17,23:44:52,3.696,99.100,5.719,0.2385,0.2298,3.6
30/04/17,00:44:53,3.274,99.400,5.488,0.2385,0.2291,3.2
30/04/17,01:44:54,-0.704,96.200,5.076,0.2378,0.2284,-1.2
30/04/17,02:44:55,-2.888,93.300,4.246,0.2378,0.2269,-3.8
30/04/17,03:44:56,-3.747,92.500,3.591,0.2371,0.2262,-4.8
30/04/17,04:44:57,-4.378,92.100,3.089,0.2371,0.2247,-5.5
30/04/17,05:44:58,-4.712,91.300,2.717,0.2363,0.2247,-5.9
30/04/17,06:44:59,-5.264,91.200,2.396,0.2363,0.2247,-6.5
30/04/17,07:45:00,-5.667,90.100,2.155,0.2356,0.2240,-7.0
30/04/17,08:45:01,-4.651,90.700,1.967,0.2349,0.2233,-5.9
30/04/17,09:45:02,3.459,97.800,1.886,0.2349,0.2240,3.1
30/04/17,10:45:03,11.492,91.800,1.886,0.2349,0.2233,10.2
30/04/17,11:45:04,13.257,70.400,2.477,0.2349,0.2247,8.0
30/04/17,12:45:05,13.377,72.100,3.722,0.2356,0.2262,8.5
30/04/17,13:45:06,13.570,71.900,4.947,0.2356,0.2269,8.6
30/04/17,14:45:07,14.098,69.000,6.102,0.2356,0.2284,8.5
30/04/17,15:45:08,11.419,70.900,7.242,0.2363,0.2269,6.3
30/04/17,16:45:09,9.558,78.700,7.945,0.2356,0.2269,6.1
30/04/17,17:45:10,5.949,85.100,8.145,0.2356,0.2269,3.6
30/04/17,18:45:11,3.168,93.300,7.368,0.2356,0.2262,2.2
30/04/17,19:45:12,-0.199,91.700,6.179,0.2349,0.2247,-1.4
30/04/17,20:45:13,-0.171,94.700,5.231,0.2349,0.2240,-0.9
30/04/17,21:45:14,2.450,98.900,4.740,0.2349,0.2240,2.3
30/04/17,22:45:15,3.801,100.000,4.688,0.2342,0.2247,3.8
30/04/17,23:45:16,3.195,100.000,4.818,0.2342,0.2247,3.2
01/05/17,00:45:17,3.116,100.000,4.740,0.2342,0.2240,3.1
01/05/17,01:45:18,3.406,100.000,4.688,0.2342,0.2240,3.4
01/05/17,02:45:19,3.433,100.000,4.662,0.2342,0.2240,3.4
01/05/17,03:45:20,3.827,100.000,4.688,0.2342,0.2240,3.8
01/05/17,04:45:21,3.696,100.000,4.714,0.2342,0.2240,3.7
01/05/17,05:45:22,3.591,100.000,4.688,0.2342,0.2240,3.6
01/05/17,06:45:23,3.958,100.000,4.714,0.2342,0.2240,4.0
01/05/17,07:45:24,3.775,100.000,4.740,0.2342,0.2240,3.8
01/05/17,08:45:25,3.406,100.000,4.714,0.2334,0.2240,3.4
01/05/17,09:45:26,3.722,100.000,4.714,0.2342,0.2240,3.7
01/05/17,10:45:27,4.869,100.000,4.869,0.2334,0.2240,4.9
01/05/17,11:45:28,5.616,99.000,5.128,0.2334,0.2240,5.5
01/05/17,12:45:29,6.128,93.300,5.539,0.2342,0.2240,5.1
01/05/17,13:45:30,6.990,91.000,5.770,0.2342,0.2233,5.6
01/05/17,14:45:31,6.560,88.400,6.026,0.2334,0.2240,4.8
01/05/17,15:45:32,6.230,87.000,6.281,0.2342,0.2240,4.2
01/05/17,16:45:33,4.973,91.200,6.255,0.2334,0.2233,3.7
01/05/17,17:45:34,4.168,96.000,5.949,0.2334,0.2233,3.6
01/05/17,18:45:35,3.906,98.500,5.616,0.2334,0.2225,3.7
01/05/17,19:45:36,3.538,97.700,5.385,0.2327,0.2218,3.2
01/05/17,20:45:37,3.722,97.400,5.154,0.2327,0.2211,3.3
01/05/17,21:45:38,3.195,96.200,5.050,0.2327,0.2211,2.6
01/05/17,22:45:39,3.512,96.800,4.895,0.2327,0.2211,3.1
01/05/17,23:45:40,3.801,98.500,4.869,0.2327,0.2204,3.6
02/05/17,00:45:41,3.459,100.000,4.869,0.2327,0.2204,3.5
02/05/17,01:45:42,3.327,100.000,4.818,0.2327,0.2204,3.3
02/05/17,02:45:43,3.512,100.000,4.766,0.2320,0.2204,3.5
02/05/17,03:45:44,3.459,100.000,4.766,0.2327,0.2204,3.5
02/05/17,04:45:45,3.643,100.000,4.740,0.2327,0.2196,3.6
02/05/17,05:45:46,3.722,100.000,4.740,0.2327,0.2204,3.7
02/05/17,06:45:47,3.801,100.000,4.766,0.2327,0.2204,3.8
02/05/17,07:45:48,3.564,100.000,4.766,0.2327,0.2204,3.6
02/05/17,08:45:49,3.538,100.000,4.740,0.2327,0.2211,3.5
02/05/17,09:45:50,3.564,100.000,4.740,0.2327,0.2218,3.6
02/05/17,10:45:51,5.924,99.800,4.818,0.2320,0.2218,5.9
02/05/17,11:45:52,3.827,97.100,4.999,0.2327,0.2225,3.4
02/05/17,12:45:53,9.509,89.400,5.257,0.2327,0.2233,7.9
02/05/17,13:45:54,10.785,79.500,5.924,0.2327,0.2233,7.4
02/05/17,14:45:55,7.895,72.300,6.712,0.2327,0.2240,3.2
02/05/17,15:45:56,5.360,76.100,6.940,0.2327,0.2233,1.5
02/05/17,16:45:57,4.947,78.200,6.914,0.2327,0.2233,1.5
02/05/17,17:45:58,3.749,80.200,6.813,0.2327,0.2233,0.7
02/05/17,18:45:59,1.778,82.800,6.357,0.2327,0.2233,-0.8
02/05/17,19:46:00,1.615,88.800,5.668,0.2327,0.2225,-0.0
02/05/17,20:46:01,0.907,92.600,5.076,0.2327,0.2218,-0.2
02/05/17,21:46:02,0.880,95.500,4.714,0.2320,0.2218,0.2
02/05/17,22:46:03,0.632,96.200,4.454,0.2320,0.2218,0.1
02/05/17,23:46:04,0.163,96.500,4.246,0.2320,0.2211,-0.3
03/05/17,00:46:05,-1.441,95.300,3.985,0.2320,0.2211,-2.1
03/05/17,01:46:06,-0.873,96.800,3.617,0.2313,0.2211,-1.3
03/05/17,02:46:07,-2.305,96.400,3.380,0.2313,0.2204,-2.8
03/05/17,03:46:08,-2.450,95.700,3.089,0.2313,0.2196,-3.0
03/05/17,04:46:09,-2.800,94.900,2.797,0.2313,0.2196,-3.5
03/05/17,05:46:10,-3.094,95.400,2.557,0.2313,0.2196,-3.7
03/05/17,06:46:11,-3.687,94.600,2.370,0.2305,0.2189,-4.4
03/05/17,07:46:12,-4.318,93.400,2.182,0.2313,0.2189,-5.2
03/05/17,08:46:13,-2.830,94.600,2.021,0.2305,0.2189,-3.6
03/05/17,09:46:14,0.522,97.600,1.967,0.2305,0.2189,0.2
03/05/17,10:46:15,5.693,94.800,2.047,0.2305,0.2196,4.9
03/05/17,11:46:16,8.817,88.100,2.396,0.2305,0.2204,7.0
03/05/17,12:46:17,10.051,80.500,2.956,0.2305,0.2196,6.9
03/05/17,13:46:18,10.418,72.000,3.827,0.2313,0.2211,5.6
03/05/17,14:46:19,8.866,72.100,4.921,0.2313,0.2218,4.1
03/05/17,15:46:20,6.636,73.900,6.051,0.2313,0.2218,2.3
03/05/17,16:46:21,4.506,77.100,6.763,0.2313,0.2218,0.8
03/05/17,17:46:22,1.480,87.000,6.535,0.2313,0.2211,-0.4
03/05/17,18:46:23,-0.648,90.800,5.565,0.2305,0.2204,-2.0
03/05/17,19:46:24,-1.670,93.200,4.610,0.2305,0.2196,-2.6
03/05/17,20:46:25,-3.449,93.400,3.827,0.2305,0.2189,-4.4
03/05/17,21:46:26,-4.076,92.200,3.195,0.2305,0.2189,-5.2
03/05/17,22:46:27,-4.378,92.200,2.744,0.2298,0.2182,-5.5
03/05/17,23:46:28,-4.378,91.200,2.423,0.2298,0.2175,-5.6
04/05/17,00:46:29,-4.257,91.000,2.155,0.2298,0.2175,-5.5
04/05/17,01:46:30,-5.264,91.100,1.967,0.2291,0.2167,-6.5
04/05/17,02:46:31,-3.479,91.800,1.832,0.2291,0.2160,-4.6
04/05/17,03:46:32,-1.842,96.600,1.724,0.2291,0.2160,-2.3
04/05/17,04:46:33,-1.900,97.800,1.697,0.2291,0.2167,-2.2
04/05/17,05:46:34,-1.756,98.100,1.643,0.2291,0.2167,-2.0
04/05/17,06:46:35,-1.299,98.600,1.615,0.2291,0.2160,-1.5
04/05/17,07:46:36,-1.641,98.200,1.615,0.2291,0.2160,-1.9
04/05/17,08:46:37,-0.367,98.800,1.588,0.2291,0.2160,-0.5
04/05/17,09:46:38,3.195,99.700,1.615,0.2284,0.2160,3.2
04/05/17,10:46:39,7.066,91.600,1.940,0.2291,0.2167,5.8
04/05/17,11:46:40,9.435,79.100,2.477,0.2291,0.2175,6.0
04/05/17,12:46:41,11.102,71.000,3.195,0.2291,0.2182,6.1
04/05/17,13:46:42,12.147,68.000,3.985,0.2298,0.2189,6.4
04/05/17,14:46:43,11.710,65.400,4.973,0.2298,0.2189,5.5
04/05/17,15:46:44,10.443,70.400,5.924,0.2298,0.2196,5.3
04/05/17,16:46:45,8.742,72.300,6.661,0.2291,0.2189,4.0
04/05/17,17:46:46,6.788,79.300,7.015,0.2298,0.2196,3.5
04/05/17,18:46:47,0.907,84.300,6.433,0.2291,0.2182,-1.4
04/05/17,19:46:48,-1.699,90.300,5.154,0.2291,0.2167,-3.1
04/05/17,20:46:49,-2.537,92.100,4.194,0.2291,0.2167,-3.6
04/05/17,21:46:50,-2.015,93.100,3.538,0.2284,0.2160,-3.0
04/05/17,22:46:51,-3.568,92.500,3.142,0.2284,0.2160,-4.6
04/05/17,23:46:52,-3.807,91.300,2.690,0.2284,0.2153,-5.0
05/05/17,00:46:53,-0.817,96.200,2.423,0.2276,0.2153,-1.4
05/05/17,01:46:54,1.262,100.000,2.423,0.2276,0.2153,1.3
05/05/17,02:46:55,0.742,100.000,2.557,0.2284,0.2153,0.7
05/05/17,03:46:56,0.495,100.000,2.557,0.2276,0.2153,0.5
05/05/17,04:46:57,0.632,100.000,2.557,0.2276,0.2153,0.6
05/05/17,05:46:58,0.687,100.000,2.530,0.2284,0.2160,0.7
05/05/17,06:46:59,0.439,100.000,2.503,0.2276,0.2153,0.4
05/05/17,07:47:00,0.051,100.000,2.450,0.2276,0.2153,0.0
05/05/17,08:47:01,2.182,100.000,2.450,0.2276,0.2160,2.2
05/05/17,09:47:02,3.459,100.000,2.744,0.2276,0.2167,3.5
05/05/17,10:47:03,7.645,96.800,3.089,0.2284,0.2167,7.2
05/05/17,11:47:04,9.731,87.600,3.617,0.2284,0.2175,7.8
05/05/17,12:47:05,8.941,78.900,4.168,0.2284,0.2182,5.5
05/05/17,13:47:06,8.568,80.200,4.792,0.2284,0.2175,5.4
05/05/17,14:47:07,9.015,79.500,5.385,0.2284,0.2175,5.7
05/05/17,15:47:08,8.866,80.200,5.949,0.2291,0.2182,5.7
05/05/17,16:47:09,6.204,85.400,6.230,0.2284,0.2175,3.9
05/05/17,17:47:10,4.558,93.300,5.898,0.2284,0.2167,3.6
05/05/17,18:47:11,4.376,96.900,5.462,0.2284,0.2167,3.9
05/05/17,19:47:12,3.643,98.000,5.205,0.2284,0.2167,3.4
05/05/17,20:47:13,4.402,99.600,4.999,0.2284,0.2167,4.3
05/05/17,21:47:14,4.714,100.000,4.921,0.2284,0.2160,4.7
05/05/17,22:47:15,4.376,100.000,4.895,0.2284,0.2160,4.4
05/05/17,23:47:16,4.610,99.900,4.792,0.2284,0.2160,4.6
06/05/17,00:47:17,4.947,100.000,4.844,0.2284,0.2167,4.9
06/05/17,01:47:18,4.818,100.000,4.921,0.2284,0.2160,4.8
06/05/17,02:47:19,4.792,100.000,4.921,0.2284,0.2167,4.8
06/05/17,03:47:20,5.154,100.000,4.973,0.2284,0.2160,5.2
06/05/17,04:47:21,5.360,100.000,5.050,0.2276,0.2160,5.4
06/05/17,05:47:22,4.869,100.000,5.128,0.2284,0.2167,4.9
06/05/17,06:47:23,4.402,100.000,5.076,0.2284,0.2160,4.4
06/05/17,07:47:24,3.617,100.000,4.973,0.2284,0.2160,3.6
06/05/17,08:47:25,3.354,100.000,4.792,0.2284,0.2160,3.4
06/05/17,09:47:26,4.115,99.300,4.662,0.2276,0.2153,4.0
06/05/17,10:47:27,6.102,93.200,4.662,0.2276,0.2153,5.1
06/05/17,11:47:28,7.544,87.900,4.869,0.2276,0.2153,5.7
06/05/17,12:47:29,6.331,82.600,5.050,0.2276,0.2160,3.6
06/05/17,13:47:30,5.514,83.400,5.179,0.2276,0.2153,2.9
06/05/17,14:47:31,8.394,78.400,5.334,0.2276,0.2153,4.9
06/05/17,15:47:32,6.864,70.600,5.770,0.2269,0.2153,1.9
06/05/17,16:47:33,5.642,74.500,6.051,0.2269,0.2146,1.5
06/05/17,17:47:34,4.115,86.400,5.821,0.2269,0.2146,2.1
06/05/17,18:47:35,3.880,93.400,5.360,0.2269,0.2138,2.9
06/05/17,19:47:36,3.958,90.900,5.076,0.2262,0.2138,2.6
06/05/17,20:47:37,2.930,93.600,4.895,0.2269,0.2138,2.0
06/05/17,21:47:38,2.477,99.700,4.662,0.2276,0.2138,2.4
06/05/17,22:47:39,2.797,100.000,4.428,0.2269,0.2146,2.8
06/05/17,23:47:40,1.615,100.000,4.324,0.2269,0.2153,1.6
07/05/17,00:47:41,-0.199,99.800,4.089,0.2269,0.2167,-0.2
07/05/17,01:47:42,-2.131,97.900,3.643,0.2269,0.2167,-2.4
07/05/17,02:47:43,-2.742,95.600,3.168,0.2269,0.2175,-3.4
07/05/17,03:47:44,-2.859,96.000,2.797,0.2276,0.2175,-3.4
07/05/17,04:47:45,-3.183,95.600,2.530,0.2276,0.2175,-3.8
07/05/17,05:47:46,-2.712,96.500,2.316,0.2276,0.2182,-3.2
07/05/17,06:47:47,-2.421,96.800,2.155,0.2276,0.2175,-2.9
07/05/17,07:47:48,-2.421,97.500,2.021,0.2276,0.2175,-2.8
07/05/17,08:47:49,-2.596,96.800,1.886,0.2276,0.2175,-3.0
07/05/17,09:47:50,-0.620,97.000,1.805,0.2276,0.2182,-1.0
07/05/17,10:47:51,1.262,92.900,1.805,0.2276,0.2182,0.2
07/05/17,11:47:52,4.350,89.500,1.940,0.2276,0.2189,2.8
07/05/17,12:47:53,5.282,79.200,2.370,0.2284,0.2204,2.0
07/05/17,13:47:54,5.024,67.500,2.850,0.2284,0.2211,-0.5
07/05/17,14:47:55,6.687,61.400,3.459,0.2284,0.2211,-0.2
07/05/17,15:47:56,4.220,63.000,4.194,0.2284,0.2211,-2.2
