"Date","Time, GMT+11:00","Temp, °C (LGR S/N: 2426030, SEN S/N: 2426030)","Temp, °C (LGR S/N: 2426030, SEN S/N: 2426030)","Temp, °C (LGR S/N: 2426030, SEN S/N: 2426030)","Temp, °C (LGR S/N: 2426030, SEN S/N: 2426030)"
23/02/19,11:48:08,271.157,12.775,10.541,-94.792
23/02/19,12:48:08,304.306,14.218,11.297,-94.792
23/02/19,13:48:08,316.524,16.058,12.025,-94.792
23/02/19,14:48:08,316.524,16.320,12.582,-94.792
23/02/19,15:48:08,331.683,16.844,13.040,-94.792
23/02/19,16:48:08,331.683,16.558,13.305,-94.792
23/02/19,17:48:08,331.683,15.843,13.473,-94.792
23/02/19,18:48:08,316.524,14.553,13.546,-94.792
23/02/19,19:48:08,316.524,13.425,13.425,-94.792
23/02/19,20:48:08,316.524,12.461,13.161,-94.792
23/02/19,21:48:08,316.524,11.662,12.823,-94.792
23/02/19,22:48:08,4.350,11.005,12.461,-94.792
23/02/19,23:48:08,1.615,10.296,12.122,-94.792
24/02/19,00:48:08,-0.004,9.558,11.759,-94.792
24/02/19,01:48:08,0.246,8.891,11.394,-94.792
24/02/19,02:48:08,0.852,8.444,11.005,-94.792
24/02/19,03:48:08,0.797,8.070,10.687,-94.792
24/02/19,04:48:08,-0.676,7.820,10.418,-94.792
24/02/19,05:48:08,-1.299,7.469,10.149,-94.792
24/02/19,06:48:08,-1.699,7.167,9.903,-94.792
24/02/19,07:48:08,0.495,6.864,9.682,-94.792
24/02/19,08:48:08,3.801,7.015,9.485,-94.792
24/02/19,09:48:08,424.791,8.270,9.485,-94.792
24/02/19,10:48:08,537.327,10.467,9.829,-94.792
24/02/19,11:48:08,537.327,12.944,10.443,-94.792
24/02/19,12:48:08,537.327,15.199,11.200,-94.792
24/02/19,13:48:08,537.327,17.344,11.953,-94.792
24/02/19,14:48:08,537.327,18.319,12.654,-94.792
24/02/19,15:48:08,537.327,18.818,13.233,-94.792
24/02/19,16:48:08,537.327,18.366,13.642,-94.792
24/02/19,17:48:08,537.327,17.225,13.858,-94.792
24/02/19,18:48:08,537.327,15.843,13.954,-94.792
24/02/19,19:48:08,424.791,14.529,13.906,-94.792
24/02/19,20:48:08,424.791,13.233,13.666,-94.792
24/02/19,21:48:08,4.844,11.904,13.257,-94.792
24/02/19,22:48:08,4.740,10.834,12.775,-94.792
24/02/19,23:48:08,3.380,10.026,12.268,-94.792
25/02/19,00:48:08,3.827,9.386,11.807,-94.792
25/02/19,01:48:08,6.433,8.866,11.419,-94.792
25/02/19,02:48:08,6.535,8.469,11.029,-94.792
25/02/19,03:48:08,6.763,8.145,10.712,-94.792
25/02/19,04:48:08,6.000,7.870,10.443,-94.792
25/02/19,05:48:08,2.316,7.594,10.173,-94.792
25/02/19,06:48:08,0.934,7.343,9.928,-94.792
25/02/19,07:48:08,2.690,7.167,9.706,-94.792
25/02/19,08:48:08,304.306,7.519,9.509,-94.792
25/02/19,09:48:08,424.791,8.792,9.509,-94.792
25/02/19,10:48:08,537.327,10.565,9.903,-94.792
25/02/19,11:48:08,537.327,12.582,10.565,-94.792
25/02/19,12:48:08,537.327,15.055,11.346,-94.792
25/02/19,13:48:08,537.327,18.010,12.195,-94.792
25/02/19,14:48:08,537.327,19.222,12.992,-94.792
25/02/19,15:48:08,537.327,19.793,13.618,-94.792
25/02/19,16:48:08,537.327,19.627,14.074,-94.792
25/02/19,17:48:08,537.327,18.652,14.433,-94.792
25/02/19,18:48:08,537.327,17.249,14.625,-94.792
25/02/19,19:48:08,537.327,15.724,14.577,-94.792
25/02/19,20:48:08,424.791,14.361,14.290,-94.792
25/02/19,21:48:08,424.791,13.233,13.906,-94.792
25/02/19,22:48:08,424.791,12.147,13.473,-94.792
25/02/19,23:48:08,424.791,11.248,12.992,-94.792
26/02/19,00:48:08,424.791,10.590,12.509,-94.792
26/02/19,01:48:08,424.791,10.051,12.122,-94.792
26/02/19,02:48:08,424.791,9.583,11.734,-94.792
26/02/19,03:48:08,2.717,9.139,11.394,-94.792
26/02/19,04:48:08,2.584,8.792,11.078,-94.792
26/02/19,05:48:08,2.770,8.494,10.810,-94.792
26/02/19,06:48:08,3.354,8.319,10.541,-94.792
26/02/19,07:48:08,424.791,8.369,10.345,-94.792
26/02/19,08:48:08,537.327,9.064,10.222,-94.792
26/02/19,09:48:08,537.327,10.320,10.320,-94.792
26/02/19,10:48:08,537.327,11.929,10.663,-94.792
26/02/19,11:48:08,537.327,13.762,11.321,-94.792
26/02/19,12:48:08,537.327,15.748,12.098,-94.792
26/02/19,13:48:08,537.327,17.153,12.944,-94.792
26/02/19,14:48:08,537.327,17.819,13.714,-94.792
26/02/19,15:48:08,537.327,18.343,14.242,-94.792
26/02/19,16:48:08,537.327,18.414,14.601,-94.792
26/02/19,17:48:08,537.327,17.153,14.864,-94.792
26/02/19,18:48:08,537.327,15.819,14.840,-94.792
26/02/19,19:48:08,537.327,15.055,14.625,-94.792
26/02/19,20:48:08,424.791,14.074,14.314,-94.792
26/02/19,21:48:08,424.791,13.257,13.954,-94.792
26/02/19,22:48:08,424.791,12.461,13.570,-94.792
26/02/19,23:48:08,424.791,11.589,13.185,-94.792
27/02/19,00:48:08,424.791,10.907,12.775,-94.792
27/02/19,01:48:08,3.985,10.271,12.364,-94.792
27/02/19,02:48:08,3.696,9.829,11.977,-94.792
27/02/19,03:48:08,3.301,9.435,11.662,-94.792
27/02/19,04:48:08,2.983,9.089,11.346,-94.792
27/02/19,05:48:08,2.823,8.817,11.078,-94.792
27/02/19,06:48:08,2.664,8.543,10.810,-94.792
27/02/19,07:48:08,4.168,8.369,10.565,-94.792
27/02/19,08:48:08,537.327,8.965,10.394,-94.792
27/02/19,09:48:08,537.327,10.124,10.418,-94.792
27/02/19,10:48:08,537.327,12.025,10.810,-94.792
27/02/19,11:48:08,537.327,14.361,11.492,-94.792
27/02/19,12:48:08,537.327,16.582,12.364,-94.792
27/02/19,13:48:08,537.327,18.414,13.257,-94.792
27/02/19,14:48:08,537.327,18.771,14.050,-94.792
27/02/19,15:48:08,537.327,18.842,14.625,-94.792
27/02/19,16:48:08,537.327,18.366,15.031,-94.792
27/02/19,17:48:08,537.327,17.772,15.247,-94.792
27/02/19,18:48:08,537.327,17.082,15.318,-94.792
27/02/19,19:48:08,537.327,16.010,15.270,-94.792
27/02/19,20:48:08,537.327,14.864,15.031,-94.792
27/02/19,21:48:08,537.327,13.810,14.673,-94.792
27/02/19,22:48:08,537.327,12.727,14.194,-94.792
27/02/19,23:48:08,424.791,12.050,13.738,-94.792
28/02/19,00:48:08,424.791,11.321,13.281,-94.792
28/02/19,01:48:08,424.791,10.687,12.847,-94.792
28/02/19,02:48:08,424.791,10.173,12.437,-94.792
28/02/19,03:48:08,424.791,10.001,12.074,-94.792
28/02/19,04:48:08,424.791,9.780,11.783,-94.792
28/02/19,05:48:08,424.791,9.583,11.540,-94.792
28/02/19,06:48:08,424.791,9.583,11.321,-94.792
28/02/19,07:48:08,537.327,9.879,11.151,-94.792
28/02/19,08:48:08,537.327,10.345,11.102,-94.792
28/02/19,09:48:08,537.327,11.224,11.175,-94.792
28/02/19,10:48:08,537.327,13.040,11.540,-94.792
28/02/19,11:48:08,537.327,15.270,12.219,-94.792
28/02/19,12:48:08,537.327,17.463,13.088,-94.792
28/02/19,13:48:08,537.327,19.008,13.930,-94.792
28/02/19,14:48:08,537.327,20.079,14.649,-94.792
28/02/19,15:48:08,537.327,20.484,15.223,-94.792
28/02/19,16:48:08,537.327,19.579,15.629,-94.792
28/02/19,17:48:08,537.327,18.033,15.748,-94.792
28/02/19,18:48:08,537.327,17.106,15.629,-94.792
28/02/19,19:48:08,537.327,16.177,15.414,-94.792
28/02/19,20:48:08,537.327,15.342,15.151,-94.792
28/02/19,21:48:08,537.327,14.457,14.816,-94.792
28/02/19,22:48:08,424.791,13.978,14.481,-94.792
28/02/19,23:48:08,537.327,13.618,14.170,-94.792
01/03/19,00:48:08,537.327,13.257,13.906,-94.792
01/03/19,01:48:08,537.327,12.823,13.666,-94.792
01/03/19,02:48:08,537.327,12.340,13.425,-94.792
01/03/19,03:48:08,537.327,11.904,13.161,-94.792
01/03/19,04:48:08,537.327,11.419,12.896,-94.792
01/03/19,05:48:08,537.327,11.029,12.630,-94.792
01/03/19,06:48:08,537.327,10.761,12.364,-94.792
01/03/19,07:48:08,537.327,10.516,12.147,-94.792
01/03/19,08:48:08,537.327,10.858,11.953,-94.792
01/03/19,09:48:08,537.327,12.025,11.929,-94.792
01/03/19,10:48:08,537.327,14.050,12.243,-94.792
01/03/19,11:48:08,537.327,16.272,12.847,-94.792
01/03/19,12:48:08,537.327,18.271,13.546,-94.792
01/03/19,13:48:08,537.327,19.508,14.218,-94.792
01/03/19,14:48:08,537.327,20.103,14.745,-94.792
01/03/19,15:48:08,537.327,20.079,15.151,-94.792
01/03/19,16:48:08,537.327,19.460,15.390,-94.792
01/03/19,17:48:08,537.327,18.295,15.509,-94.792
01/03/19,18:48:08,537.327,17.201,15.533,-94.792
01/03/19,19:48:08,537.327,16.272,15.461,-94.792
01/03/19,20:48:08,424.791,14.888,15.223,-94.792
01/03/19,21:48:08,537.327,13.786,14.816,-94.792
01/03/19,22:48:08,537.327,13.040,14.385,-94.792
01/03/19,23:48:08,537.327,12.413,13.978,-94.792
02/03/19,00:48:08,537.327,12.098,13.594,-94.792
02/03/19,01:48:08,537.327,11.856,13.281,-94.792
02/03/19,02:48:08,537.327,11.637,13.040,-94.792
02/03/19,03:48:08,537.327,11.419,12.799,-94.792
02/03/19,04:48:08,537.327,11.175,12.582,-94.792
02/03/19,05:48:08,537.327,10.956,12.364,-94.792
02/03/19,06:48:08,537.327,10.834,12.195,-94.792
02/03/19,07:48:08,537.327,10.810,12.025,-94.792
02/03/19,08:48:08,537.327,10.980,11.904,-94.792
02/03/19,09:48:08,537.327,11.637,11.904,-94.792
02/03/19,10:48:08,537.327,13.425,12.195,-94.792
02/03/19,11:48:08,537.327,15.652,12.799,-94.792
02/03/19,12:48:08,537.327,17.962,13.618,-94.792
02/03/19,13:48:08,537.327,19.888,14.457,-94.792
02/03/19,14:48:08,537.327,20.388,15.199,-94.792
02/03/19,15:48:08,537.327,20.722,15.724,-94.792
02/03/19,16:48:08,537.327,20.388,16.082,-94.792
02/03/19,17:48:08,537.327,19.175,16.249,-94.792
02/03/19,18:48:08,537.327,17.819,16.249,-94.792
02/03/19,19:48:08,537.327,16.558,16.106,-94.792
02/03/19,20:48:08,537.327,15.366,15.772,-94.792
02/03/19,21:48:08,537.327,14.170,15.342,-94.792
02/03/19,22:48:08,537.327,13.497,14.864,-94.792
02/03/19,23:48:08,537.327,12.944,14.409,-94.792
03/03/19,00:48:08,537.327,12.703,14.050,-94.792
03/03/19,01:48:08,537.327,12.268,13.738,-94.792
03/03/19,02:48:08,537.327,11.880,13.425,-94.792
03/03/19,03:48:08,537.327,11.467,13.137,-94.792
03/03/19,04:48:08,537.327,11.297,12.847,-94.792
03/03/19,05:48:08,537.327,11.053,12.606,-94.792
03/03/19,06:48:08,537.327,10.810,12.389,-94.792
03/03/19,07:48:08,537.327,10.663,12.171,-94.792
03/03/19,08:48:08,537.327,10.932,12.025,-94.792
03/03/19,09:48:08,537.327,11.832,12.001,-94.792
03/03/19,10:48:08,537.327,13.642,12.316,-94.792
03/03/19,11:48:08,537.327,15.629,12.944,-94.792
03/03/19,12:48:08,537.327,17.534,13.714,-94.792
03/03/19,13:48:08,537.327,19.080,14.505,-94.792
03/03/19,14:48:08,537.327,19.841,15.175,-94.792
03/03/19,15:48:08,537.327,19.770,15.676,-94.792
03/03/19,16:48:08,537.327,19.341,15.986,-94.792
03/03/19,17:48:08,537.327,18.509,16.129,-94.792
03/03/19,18:48:08,537.327,17.391,16.106,-94.792
03/03/19,19:48:08,537.327,16.082,15.963,-94.792
03/03/19,20:48:08,537.327,14.792,15.605,-94.792
03/03/19,21:48:08,537.327,13.834,15.175,-94.792
03/03/19,22:48:08,537.327,13.016,14.697,-94.792
03/03/19,23:48:08,537.327,12.509,14.266,-94.792
04/03/19,00:48:08,537.327,12.243,13.858,-94.792
04/03/19,01:48:08,537.327,12.268,13.570,-94.792
04/03/19,02:48:08,537.327,12.364,13.353,-94.792
04/03/19,03:48:08,537.327,12.413,13.209,-94.792
04/03/19,04:48:08,537.327,12.461,13.112,-94.792
04/03/19,05:48:08,537.327,12.485,13.040,-94.792
04/03/19,06:48:08,537.327,12.461,12.992,-94.792
04/03/19,07:48:08,537.327,12.485,12.920,-94.792
04/03/19,08:48:08,537.327,12.606,12.896,-94.792
04/03/19,09:48:08,537.327,12.944,12.871,-94.792
04/03/19,10:48:08,537.327,14.122,13.064,-94.792
04/03/19,11:48:08,537.327,15.700,13.522,-94.792
04/03/19,12:48:08,537.327,17.463,14.122,-94.792
04/03/19,13:48:08,537.327,19.103,14.816,-94.792
04/03/19,14:48:08,537.327,19.508,15.485,-94.792
04/03/19,15:48:08,537.327,19.508,15.843,-94.792
04/03/19,16:48:08,537.327,18.580,16.058,-94.792
04/03/19,17:48:08,537.327,17.701,16.082,-94.792
04/03/19,18:48:08,537.327,16.796,15.963,-94.792
04/03/19,19:48:08,537.327,15.843,15.772,-94.792
04/03/19,20:48:08,537.327,15.127,15.485,-94.792
04/03/19,21:48:08,537.327,14.601,15.175,-94.792
04/03/19,22:48:08,537.327,14.146,14.888,-94.792
04/03/19,23:48:08,537.327,13.834,14.601,-94.792
05/03/19,00:48:08,537.327,13.497,14.361,-94.792
05/03/19,01:48:08,537.327,12.944,14.098,-94.792
05/03/19,02:48:08,537.327,12.582,13.834,-94.792
05/03/19,03:48:08,537.327,12.485,13.594,-94.792
05/03/19,04:48:08,537.327,12.413,13.401,-94.792
05/03/19,05:48:08,537.327,12.292,13.257,-94.792
05/03/19,06:48:08,537.327,12.171,13.088,-94.792
05/03/19,07:48:08,537.327,12.171,12.968,-94.792
05/03/19,08:48:08,537.327,12.292,12.896,-94.792
05/03/19,09:48:08,537.327,12.364,12.847,-94.792
05/03/19,10:48:08,537.327,13.209,12.823,-94.792
05/03/19,11:48:08,537.327,14.529,13.040,-94.792
05/03/19,12:48:08,537.327,15.629,13.425,-94.792
05/03/19,13:48:08,537.327,17.344,13.954,-94.792
05/03/19,14:48:08,537.327,17.534,14.505,-94.792
05/03/19,15:48:08,537.327,15.175,14.864,-94.792
05/03/19,16:48:08,537.327,15.509,14.673,-94.792
05/03/19,17:48:08,537.327,14.529,14.625,-94.792
05/03/19,18:48:08,537.327,13.738,14.385,-94.792
05/03/19,19:48:08,537.327,13.425,14.122,-94.792
05/03/19,20:48:08,537.327,13.137,13.906,-94.792
05/03/19,21:48:08,537.327,12.920,13.690,-94.792
05/03/19,22:48:08,537.327,12.823,13.546,-94.792
05/03/19,23:48:08,537.327,12.751,13.401,-94.792
06/03/19,00:48:08,537.327,12.654,13.281,-94.792
06/03/19,01:48:08,537.327,12.534,13.185,-94.792
06/03/19,02:48:08,537.327,12.122,13.064,-94.792
06/03/19,03:48:08,537.327,11.759,12.896,-94.792
06/03/19,04:48:08,537.327,11.443,12.678,-94.792
06/03/19,05:48:08,537.327,11.175,12.485,-94.792
06/03/19,06:48:08,537.327,11.005,12.292,-94.792
06/03/19,07:48:08,537.327,10.956,12.147,-94.792
06/03/19,08:48:08,537.327,11.102,12.025,-94.792
06/03/19,09:48:08,537.327,11.248,11.977,-94.792
06/03/19,10:48:08,537.327,11.637,11.977,-94.792
06/03/19,11:48:08,537.327,11.880,12.050,-94.792
06/03/19,12:48:08,537.327,13.064,12.243,-94.792
06/03/19,13:48:08,537.327,14.673,12.654,-94.792
06/03/19,14:48:08,537.327,15.247,13.257,-94.792
06/03/19,15:48:08,537.327,14.745,13.642,-94.792
06/03/19,16:48:08,537.327,14.194,13.810,-94.792
06/03/19,17:48:08,537.327,13.425,13.834,-94.792
06/03/19,18:48:08,537.327,12.582,13.738,-94.792
06/03/19,19:48:08,424.791,11.394,13.473,-94.792
06/03/19,20:48:08,1.913,10.443,13.064,-94.792
06/03/19,21:48:08,1.643,9.780,12.582,-94.792
06/03/19,22:48:08,1.126,9.262,12.122,-94.792
06/03/19,23:48:08,-2.800,8.742,11.686,-94.792
07/03/19,00:48:08,-5.110,7.945,11.273,-94.792
07/03/19,01:48:08,-4.318,7.293,10.834,-94.792
07/03/19,02:48:08,-1.871,6.940,10.418,-94.792
07/03/19,03:48:08,-1.413,6.737,10.051,-94.792
07/03/19,04:48:08,-0.591,6.611,9.756,-94.792
07/03/19,05:48:08,1.071,6.509,9.460,-94.792
07/03/19,06:48:08,0.550,6.484,9.238,-94.792
07/03/19,07:48:08,-2.276,6.382,9.064,-94.792
07/03/19,08:48:08,0.356,6.204,8.866,-94.792
07/03/19,09:48:08,3.354,6.560,8.742,-94.792
07/03/19,10:48:08,537.327,8.444,8.916,-94.792
07/03/19,11:48:08,537.327,11.127,9.485,-94.792
07/03/19,12:48:08,537.327,13.762,10.271,-94.792
07/03/19,13:48:08,537.327,15.819,11.127,-94.792
07/03/19,14:48:08,537.327,16.487,11.977,-94.792
07/03/19,15:48:08,537.327,17.058,12.630,-94.792
07/03/19,16:48:08,537.327,16.963,13.137,-94.792
07/03/19,17:48:08,537.327,15.915,13.401,-94.792
07/03/19,18:48:08,537.327,14.840,13.497,-94.792
07/03/19,19:48:08,424.791,13.618,13.425,-94.792
07/03/19,20:48:08,424.791,12.050,13.137,-94.792
07/03/19,21:48:08,424.791,11.053,12.678,-94.792
07/03/19,22:48:08,3.722,10.222,12.243,-94.792
07/03/19,23:48:08,4.610,9.583,11.832,-94.792
08/03/19,00:48:08,4.402,9.163,11.467,-94.792
08/03/19,01:48:08,4.688,8.891,11.151,-94.792
08/03/19,02:48:08,379.278,8.668,10.883,-94.792
08/03/19,03:48:08,424.791,8.469,10.638,-94.792
08/03/19,04:48:08,424.791,8.344,10.418,-94.792
08/03/19,05:48:08,424.791,8.319,10.247,-94.792
08/03/19,06:48:08,537.327,8.319,10.124,-94.792
08/03/19,07:48:08,424.791,8.469,10.001,-94.792
08/03/19,08:48:08,537.327,8.792,9.952,-94.792
08/03/19,09:48:08,537.327,9.262,9.977,-94.792
08/03/19,10:48:08,537.327,9.509,10.075,-94.792
08/03/19,11:48:08,537.327,9.731,10.149,-94.792
08/03/19,12:48:08,537.327,10.418,10.247,-94.792
08/03/19,13:48:08,537.327,11.443,10.467,-94.792
08/03/19,14:48:08,537.327,13.329,10.883,-94.792
08/03/19,15:48:08,537.327,13.954,11.467,-94.792
08/03/19,16:48:08,537.327,13.473,11.880,-94.792
08/03/19,17:48:08,537.327,13.473,12.074,-94.792
08/03/19,18:48:08,537.327,13.040,12.195,-94.792
08/03/19,19:48:08,537.327,12.389,12.195,-94.792
08/03/19,20:48:08,537.327,11.880,12.098,-94.792
08/03/19,21:48:08,537.327,11.467,11.953,-94.792
08/03/19,22:48:08,537.327,10.956,11.807,-94.792
08/03/19,23:48:08,424.791,10.467,11.613,-94.792
09/03/19,00:48:08,6.560,10.149,11.419,-94.792
09/03/19,01:48:08,537.327,9.952,11.224,-94.792
09/03/19,02:48:08,424.791,9.632,11.029,-94.792
09/03/19,03:48:08,424.791,9.336,10.858,-94.792
09/03/19,04:48:08,537.327,9.139,10.687,-94.792
09/03/19,05:48:08,424.791,9.040,10.516,-94.792
09/03/19,06:48:08,537.327,8.742,10.369,-94.792
09/03/19,07:48:08,3.301,8.369,10.198,-94.792
09/03/19,08:48:08,537.327,8.295,10.001,-94.792
09/03/19,09:48:08,537.327,9.188,9.928,-94.792
09/03/19,10:48:08,537.327,10.443,10.100,-94.792
09/03/19,11:48:08,537.327,12.243,10.516,-94.792
09/03/19,12:48:08,537.327,14.457,11.224,-94.792
09/03/19,13:48:08,537.327,15.605,11.929,-94.792
09/03/19,14:48:08,537.327,17.011,12.606,-94.792
09/03/19,15:48:08,537.327,17.463,13.257,-94.792
09/03/19,16:48:08,537.327,16.892,13.666,-94.792
09/03/19,17:48:08,537.327,16.034,13.858,-94.792
09/03/19,18:48:08,537.327,14.792,13.906,-94.792
09/03/19,19:48:08,537.327,13.570,13.762,-94.792
09/03/19,20:48:08,20.722,12.219,13.449,-94.792
09/03/19,21:48:08,537.327,11.151,12.992,-94.792
09/03/19,22:48:08,3.433,10.345,12.509,-94.792
09/03/19,23:48:08,10.687,9.608,12.050,-94.792
10/03/19,00:48:08,2.316,9.040,11.613,-94.792
10/03/19,01:48:08,5.437,8.891,11.200,-94.792
10/03/19,02:48:08,424.791,9.064,10.932,-94.792
10/03/19,03:48:08,537.327,9.139,10.736,-94.792
10/03/19,04:48:08,537.327,9.163,10.614,-94.792
10/03/19,05:48:08,537.327,9.163,10.516,-94.792
10/03/19,06:48:08,537.327,9.139,10.418,-94.792
10/03/19,07:48:08,537.327,9.114,10.320,-94.792
10/03/19,08:48:08,537.327,9.361,10.271,-94.792
10/03/19,09:48:08,537.327,9.952,10.296,-94.792
10/03/19,10:48:08,537.327,11.662,10.590,-94.792
10/03/19,11:48:08,537.327,12.968,11.151,-94.792
10/03/19,12:48:08,537.327,12.944,11.589,-94.792
10/03/19,13:48:08,537.327,13.161,11.807,-94.792
10/03/19,14:48:08,537.327,13.112,11.977,-94.792
10/03/19,15:48:08,537.327,13.546,12.098,-94.792
10/03/19,16:48:08,537.327,13.112,12.243,-94.792
10/03/19,17:48:08,537.327,12.413,12.292,-94.792
10/03/19,18:48:08,537.327,12.098,12.195,-94.792
10/03/19,19:48:08,537.327,11.710,12.074,-94.792
10/03/19,20:48:08,537.327,11.151,11.904,-94.792
10/03/19,21:48:08,537.327,10.663,11.710,-94.792
10/03/19,22:48:08,537.327,10.369,11.492,-94.792
10/03/19,23:48:08,424.791,10.051,11.321,-94.792
11/03/19,00:48:08,4.272,9.509,11.127,-94.792
11/03/19,01:48:08,3.142,8.990,10.883,-94.792
11/03/19,02:48:08,3.009,8.519,10.614,-94.792
11/03/19,03:48:08,7.268,8.145,10.345,-94.792
11/03/19,04:48:08,2.770,7.820,10.075,-94.792
11/03/19,05:48:08,2.717,7.569,9.829,-94.792
11/03/19,06:48:08,5.847,7.393,9.608,-94.792
11/03/19,07:48:08,5.770,7.670,9.435,-94.792
11/03/19,08:48:08,124.373,7.945,9.361,-94.792
11/03/19,09:48:08,537.327,8.394,9.361,-94.792
11/03/19,10:48:08,537.327,9.780,9.558,-94.792
11/03/19,11:48:08,537.327,12.268,10.100,-94.792
11/03/19,12:48:08,537.327,14.553,10.956,-94.792
11/03/19,13:48:08,537.327,15.414,11.783,-94.792
11/03/19,14:48:08,537.327,15.581,12.364,-94.792
11/03/19,15:48:08,537.327,15.103,12.703,-94.792
11/03/19,16:48:08,537.327,14.888,12.896,-94.792
11/03/19,17:48:08,537.327,14.146,12.944,-94.792
11/03/19,18:48:08,537.327,13.642,12.920,-94.792
11/03/19,19:48:08,537.327,12.678,12.799,-94.792
11/03/19,20:48:08,537.327,12.025,12.534,-94.792
11/03/19,21:48:08,537.327,11.516,12.292,-94.792
11/03/19,22:48:08,537.327,11.151,12.050,-94.792
11/03/19,23:48:08,424.791,10.810,11.832,-94.792
12/03/19,00:48:08,537.327,10.565,11.613,-94.792
12/03/19,01:48:08,537.327,10.418,11.443,-94.792
12/03/19,02:48:08,537.327,10.345,11.273,-94.792
12/03/19,03:48:08,537.327,10.247,11.151,-94.792
12/03/19,04:48:08,424.791,10.124,11.053,-94.792
12/03/19,05:48:08,537.327,9.879,10.956,-94.792
12/03/19,06:48:08,537.327,9.410,10.810,-94.792
12/03/19,07:48:08,537.327,8.990,10.614,-94.792
12/03/19,08:48:08,537.327,8.916,10.418,-94.792
12/03/19,09:48:08,537.327,9.262,10.320,-94.792
12/03/19,10:48:08,537.327,10.198,10.443,-94.792
12/03/19,11:48:08,537.327,11.832,10.810,-94.792
12/03/19,12:48:08,537.327,13.497,11.370,-94.792
12/03/19,13:48:08,537.327,14.673,11.977,-94.792
12/03/19,14:48:08,537.327,15.485,12.534,-94.792
12/03/19,15:48:08,537.327,14.577,12.968,-94.792
12/03/19,16:48:08,537.327,14.385,13.112,-94.792
12/03/19,17:48:08,537.327,13.954,13.161,-94.792
12/03/19,18:48:08,537.327,13.185,13.112,-94.792
12/03/19,19:48:08,537.327,12.316,12.920,-94.792
12/03/19,20:48:08,424.791,11.224,12.630,-94.792
12/03/19,21:48:08,537.327,10.614,12.219,-94.792
12/03/19,22:48:08,537.327,10.345,11.904,-94.792
12/03/19,23:48:08,537.327,10.026,11.613,-94.792
13/03/19,00:48:08,537.327,9.682,11.346,-94.792
13/03/19,01:48:08,537.327,9.361,11.102,-94.792
13/03/19,02:48:08,424.791,9.064,10.858,-94.792
13/03/19,03:48:08,537.327,8.767,10.614,-94.792
13/03/19,04:48:08,537.327,8.543,10.394,-94.792
13/03/19,05:48:08,537.327,8.394,10.198,-94.792
13/03/19,06:48:08,537.327,8.270,10.026,-94.792
13/03/19,07:48:08,183.204,8.045,9.879,-94.792
13/03/19,08:48:08,537.327,8.095,9.706,-94.792
13/03/19,09:48:08,537.327,8.593,9.657,-94.792
13/03/19,10:48:08,537.327,9.706,9.756,-94.792
13/03/19,11:48:08,537.327,11.540,10.173,-94.792
13/03/19,12:48:08,537.327,13.666,10.858,-94.792
13/03/19,13:48:08,537.327,15.294,11.637,-94.792
13/03/19,14:48:08,537.327,16.249,12.316,-94.792
13/03/19,15:48:08,537.327,15.963,12.799,-94.792
13/03/19,16:48:08,537.327,15.079,13.040,-94.792
13/03/19,17:48:08,537.327,14.361,13.088,-94.792
13/03/19,18:48:08,537.327,13.401,13.040,-94.792
13/03/19,19:48:08,424.791,12.171,12.823,-94.792
13/03/19,20:48:08,537.327,11.175,12.461,-94.792
13/03/19,21:48:08,424.791,10.541,12.098,-94.792
13/03/19,22:48:08,537.327,10.247,11.734,-94.792
13/03/19,23:48:08,379.278,10.001,11.443,-94.792
14/03/19,00:48:08,424.791,9.460,11.200,-94.792
14/03/19,01:48:08,424.791,8.941,10.907,-94.792
14/03/19,02:48:08,424.791,8.444,10.614,-94.792
14/03/19,03:48:08,424.791,8.195,10.320,-94.792
14/03/19,04:48:08,424.791,7.945,10.075,-94.792
14/03/19,05:48:08,424.791,7.770,9.854,-94.792
14/03/19,06:48:08,537.327,7.795,9.682,-94.792
14/03/19,07:48:08,537.327,7.945,9.534,-94.792
14/03/19,08:48:08,537.327,8.270,9.460,-94.792
14/03/19,09:48:08,537.327,9.040,9.485,-94.792
14/03/19,10:48:08,537.327,10.492,9.756,-94.792
14/03/19,11:48:08,537.327,12.413,10.247,-94.792
14/03/19,12:48:08,537.327,14.481,10.956,-94.792
14/03/19,13:48:08,537.327,15.772,11.710,-94.792
14/03/19,14:48:08,537.327,17.034,12.461,-94.792
14/03/19,15:48:08,537.327,15.796,12.896,-94.792
14/03/19,16:48:08,537.327,14.745,12.968,-94.792
14/03/19,17:48:08,537.327,14.122,12.896,-94.792
14/03/19,18:48:08,537.327,13.497,12.823,-94.792
14/03/19,19:48:08,537.327,12.509,12.630,-94.792
14/03/19,20:48:08,537.327,11.370,12.340,-94.792
14/03/19,21:48:08,537.327,10.638,11.953,-94.792
14/03/19,22:48:08,537.327,10.492,11.637,-94.792
14/03/19,23:48:08,424.791,10.051,11.394,-94.792
15/03/19,00:48:08,0.962,9.238,11.102,-94.792
15/03/19,01:48:08,0.273,8.568,10.761,-94.792
15/03/19,02:48:08,0.356,8.045,10.443,-94.792
15/03/19,03:48:08,-0.873,7.670,10.100,-94.792
15/03/19,04:48:08,-0.060,7.318,9.805,-94.792
15/03/19,05:48:08,-0.789,7.066,9.534,-94.792
15/03/19,06:48:08,-1.185,6.813,9.312,-94.792
15/03/19,07:48:08,0.825,6.585,9.089,-94.792
15/03/19,08:48:08,424.791,6.560,8.891,-94.792
15/03/19,09:48:08,537.327,7.469,8.817,-94.792
15/03/19,10:48:08,537.327,9.287,9.040,-94.792
15/03/19,11:48:08,537.327,11.613,9.534,-94.792
15/03/19,12:48:08,537.327,14.050,10.222,-94.792
15/03/19,13:48:08,537.327,16.082,10.956,-94.792
15/03/19,14:48:08,537.327,17.177,11.613,-94.792
15/03/19,15:48:08,537.327,17.344,12.122,-94.792
15/03/19,16:48:08,537.327,16.749,12.461,-94.792
15/03/19,17:48:08,537.327,15.581,12.678,-94.792
15/03/19,18:48:08,537.327,14.266,12.775,-94.792
15/03/19,19:48:08,537.327,12.920,12.630,-94.792
15/03/19,20:48:08,537.327,11.807,12.364,-94.792
15/03/19,21:48:08,424.791,10.907,12.001,-94.792
15/03/19,22:48:08,537.327,10.320,11.637,-94.792
15/03/19,23:48:08,424.791,9.706,11.297,-94.792
16/03/19,00:48:08,424.791,9.188,10.956,-94.792
16/03/19,01:48:08,424.791,8.866,10.663,-94.792
16/03/19,02:48:08,379.278,8.668,10.394,-94.792
16/03/19,03:48:08,537.327,8.568,10.173,-94.792
16/03/19,04:48:08,424.791,8.494,10.001,-94.792
16/03/19,05:48:08,351.436,8.543,9.854,-94.792
16/03/19,06:48:08,537.327,8.817,9.780,-94.792
16/03/19,07:48:08,537.327,8.916,9.756,-94.792
16/03/19,08:48:08,537.327,9.238,9.756,-94.792
16/03/19,09:48:08,537.327,9.879,9.829,-94.792
16/03/19,10:48:08,537.327,10.883,10.001,-94.792
16/03/19,11:48:08,537.327,11.929,10.296,-94.792
16/03/19,12:48:08,537.327,14.697,10.736,-94.792
16/03/19,13:48:08,537.327,16.749,11.492,-94.792
16/03/19,14:48:08,537.327,18.105,12.243,-94.792
16/03/19,15:48:08,537.327,18.271,12.847,-94.792
16/03/19,16:48:08,537.327,17.724,13.233,-94.792
16/03/19,17:48:08,537.327,16.677,13.449,-94.792
16/03/19,18:48:08,537.327,15.342,13.570,-94.792
16/03/19,19:48:08,537.327,14.122,13.473,-94.792
16/03/19,20:48:08,537.327,13.257,13.209,-94.792
16/03/19,21:48:08,537.327,12.799,12.944,-94.792
16/03/19,22:48:08,537.327,12.437,12.703,-94.792
16/03/19,23:48:08,537.327,12.122,12.485,-94.792
17/03/19,00:48:08,537.327,11.977,12.268,-94.792
17/03/19,01:48:08,537.327,11.637,12.098,-94.792
17/03/19,02:48:08,537.327,11.492,11.953,-94.792
17/03/19,03:48:08,424.791,10.810,11.783,-94.792
17/03/19,04:48:08,424.791,9.977,11.516,-94.792
17/03/19,05:48:08,537.327,9.485,11.200,-94.792
17/03/19,06:48:08,537.327,8.941,10.883,-94.792
17/03/19,07:48:08,537.327,8.543,10.590,-94.792
17/03/19,08:48:08,537.327,8.519,10.320,-94.792
17/03/19,09:48:08,537.327,9.287,10.198,-94.792
17/03/19,10:48:08,537.327,10.296,10.369,-94.792
17/03/19,11:48:08,537.327,11.565,10.712,-94.792
17/03/19,12:48:08,537.327,13.497,11.248,-94.792
17/03/19,13:48:08,537.327,13.185,11.686,-94.792
17/03/19,14:48:08,537.327,13.377,11.880,-94.792
17/03/19,15:48:08,537.327,13.930,12.098,-94.792
17/03/19,16:48:08,537.327,13.666,12.316,-94.792
17/03/19,17:48:08,537.327,13.449,12.413,-94.792
17/03/19,18:48:08,537.327,12.968,12.437,-94.792
17/03/19,19:48:08,537.327,12.364,12.340,-94.792
17/03/19,20:48:08,537.327,11.977,12.195,-94.792
17/03/19,21:48:08,537.327,11.832,12.025,-94.792
17/03/19,22:48:08,537.327,11.613,11.904,-94.792
17/03/19,23:48:08,537.327,11.443,11.783,-94.792
18/03/19,00:48:08,537.327,10.883,11.662,-94.792
18/03/19,01:48:08,424.791,10.369,11.443,-94.792
18/03/19,02:48:08,537.327,9.903,11.224,-94.792
18/03/19,03:48:08,537.327,9.534,10.980,-94.792
18/03/19,04:48:08,424.791,9.213,10.761,-94.792
18/03/19,05:48:08,537.327,9.485,10.565,-94.792
18/03/19,06:48:08,537.327,9.903,10.516,-94.792
18/03/19,07:48:08,537.327,10.149,10.516,-94.792
18/03/19,08:48:08,537.327,10.345,10.541,-94.792
18/03/19,09:48:08,537.327,10.565,10.590,-94.792
18/03/19,10:48:08,537.327,10.834,10.663,-94.792
18/03/19,11:48:08,537.327,11.102,10.761,-94.792
18/03/19,12:48:08,537.327,11.613,10.907,-94.792
18/03/19,13:48:08,537.327,12.195,11.127,-94.792
18/03/19,14:48:08,537.327,12.268,11.321,-94.792
18/03/19,15:48:08,537.327,12.340,11.467,-94.792
18/03/19,16:48:08,537.327,12.364,11.589,-94.792
18/03/19,17:48:08,537.327,12.316,11.662,-94.792
18/03/19,18:48:08,537.327,12.509,11.734,-94.792
18/03/19,19:48:08,537.327,12.364,11.832,-94.792
18/03/19,20:48:08,537.327,12.122,11.832,-94.792
18/03/19,21:48:08,537.327,11.953,11.783,-94.792
18/03/19,22:48:08,537.327,11.807,11.734,-94.792
18/03/19,23:48:08,537.327,11.662,11.686,-94.792
19/03/19,00:48:08,537.327,11.516,11.613,-94.792
19/03/19,01:48:08,537.327,11.419,11.540,-94.792
19/03/19,02:48:08,537.327,11.297,11.492,-94.792
19/03/19,03:48:08,537.327,11.151,11.419,-94.792
19/03/19,04:48:08,537.327,11.102,11.346,-94.792
19/03/19,05:48:08,537.327,11.029,11.297,-94.792
19/03/19,06:48:08,537.327,10.907,11.224,-94.792
19/03/19,07:48:08,537.327,10.810,11.151,-94.792
19/03/19,08:48:08,537.327,10.956,11.102,-94.792
19/03/19,09:48:08,537.327,11.710,11.151,-94.792
19/03/19,10:48:08,537.327,13.161,11.370,-94.792
19/03/19,11:48:08,537.327,15.008,11.880,-94.792
19/03/19,12:48:08,537.327,16.153,12.534,-94.792
19/03/19,13:48:08,537.327,17.510,13.185,-94.792
19/03/19,14:48:08,537.327,16.796,13.618,-94.792
19/03/19,15:48:08,537.327,16.487,13.738,-94.792
19/03/19,16:48:08,537.327,16.892,13.858,-94.792
19/03/19,17:48:08,537.327,16.701,14.026,-94.792
19/03/19,18:48:08,537.327,16.010,14.098,-94.792
19/03/19,19:48:08,537.327,15.055,14.050,-94.792
19/03/19,20:48:08,537.327,14.409,13.906,-94.792
19/03/19,21:48:08,537.327,13.978,13.738,-94.792
19/03/19,22:48:08,537.327,13.666,13.570,-94.792
19/03/19,23:48:08,537.327,13.449,13.401,-94.792
20/03/19,00:48:08,537.327,13.281,13.281,-94.792
20/03/19,01:48:08,537.327,13.137,13.161,-94.792
20/03/19,02:48:08,537.327,12.896,13.064,-94.792
20/03/19,03:48:08,537.327,12.147,12.920,-94.792
20/03/19,04:48:08,424.791,11.540,12.654,-94.792
20/03/19,05:48:08,537.327,11.127,12.389,-94.792
20/03/19,06:48:08,537.327,10.736,12.122,-94.792
20/03/19,07:48:08,537.327,10.296,11.880,-94.792
20/03/19,08:48:08,537.327,10.394,11.637,-94.792
20/03/19,09:48:08,537.327,11.053,11.565,-94.792
20/03/19,10:48:08,537.327,12.098,11.734,-94.792
20/03/19,11:48:08,537.327,13.425,12.098,-94.792
20/03/19,12:48:08,537.327,14.218,12.534,-94.792
20/03/19,13:48:08,537.327,14.960,12.944,-94.792
20/03/19,14:48:08,537.327,15.079,13.281,-94.792
20/03/19,15:48:08,537.327,15.199,13.473,-94.792
20/03/19,16:48:08,537.327,14.912,13.570,-94.792
20/03/19,17:48:08,537.327,14.481,13.594,-94.792
20/03/19,18:48:08,537.327,14.002,13.522,-94.792
20/03/19,19:48:08,537.327,13.714,13.425,-94.792
20/03/19,20:48:08,537.327,13.449,13.329,-94.792
20/03/19,21:48:08,537.327,13.281,13.233,-94.792
20/03/19,22:48:08,537.327,13.137,13.137,-94.792
20/03/19,23:48:08,537.327,13.016,13.064,-94.792
21/03/19,00:48:08,537.327,12.871,12.968,-94.792
21/03/19,01:48:08,537.327,12.268,12.871,-94.792
21/03/19,02:48:08,537.327,11.492,12.654,-94.792
21/03/19,03:48:08,424.791,10.980,12.364,-94.792
21/03/19,04:48:08,424.791,10.418,12.098,-94.792
21/03/19,05:48:08,537.327,9.903,11.807,-94.792
21/03/19,06:48:08,424.791,9.509,11.516,-94.792
21/03/19,07:48:08,424.791,9.114,11.224,-94.792
21/03/19,08:48:08,537.327,9.188,10.980,-94.792
21/03/19,09:48:08,537.327,10.320,10.883,-94.792
21/03/19,10:48:08,537.327,12.268,11.175,-94.792
21/03/19,11:48:08,537.327,14.146,11.734,-94.792
21/03/19,12:48:08,537.327,15.533,12.389,-94.792
21/03/19,13:48:08,537.327,17.106,13.088,-94.792
21/03/19,14:48:08,537.327,18.438,13.738,-94.792
21/03/19,15:48:08,537.327,17.320,14.314,-94.792
21/03/19,16:48:08,537.327,16.582,14.433,-94.792
21/03/19,17:48:08,537.327,16.511,14.409,-94.792
21/03/19,18:48:08,537.327,15.581,14.409,-94.792
21/03/19,19:48:08,537.327,14.745,14.266,-94.792
21/03/19,20:48:08,537.327,13.834,14.050,-94.792
21/03/19,21:48:08,537.327,13.088,13.762,-94.792
21/03/19,22:48:08,537.327,12.703,13.473,-94.792
21/03/19,23:48:08,537.327,12.437,13.233,-94.792
22/03/19,00:48:08,537.327,12.074,12.992,-94.792
22/03/19,01:48:08,537.327,11.734,12.799,-94.792
22/03/19,02:48:08,537.327,11.540,12.558,-94.792
22/03/19,03:48:08,537.327,11.273,12.389,-94.792
22/03/19,04:48:08,537.327,11.005,12.195,-94.792
22/03/19,05:48:08,537.327,10.810,12.001,-94.792
22/03/19,06:48:08,424.791,10.345,11.783,-94.792
22/03/19,07:48:08,537.327,8.916,11.346,-94.792
22/03/19,08:48:08,537.327,8.519,10.858,-94.792
22/03/19,09:48:08,537.327,8.643,10.271,-94.792
22/03/19,10:48:08,537.327,9.114,10.026,-94.792
22/03/19,11:48:08,537.327,9.879,10.100,-94.792
22/03/19,12:48:08,537.327,10.761,10.296,-94.792
22/03/19,13:48:08,537.327,12.074,10.565,-94.792
22/03/19,14:48:08,537.327,14.170,11.029,-94.792
22/03/19,15:48:08,537.327,14.409,11.589,-94.792
22/03/19,16:48:08,537.327,14.888,12.001,-94.792
22/03/19,17:48:08,537.327,14.745,12.316,-94.792
22/03/19,18:48:08,537.327,14.122,12.485,-94.792
22/03/19,19:48:08,537.327,13.185,12.509,-94.792
22/03/19,20:48:08,537.327,12.243,12.364,-94.792
22/03/19,21:48:08,537.327,11.540,12.122,-94.792
22/03/19,22:48:08,537.327,11.127,11.904,-94.792
22/03/19,23:48:08,424.791,10.492,11.686,-94.792
23/03/19,00:48:08,537.327,9.829,11.394,-94.792
23/03/19,01:48:08,424.791,9.361,11.102,-94.792
23/03/19,02:48:08,424.791,8.941,10.834,-94.792
23/03/19,03:48:08,424.791,8.568,10.565,-94.792
23/03/19,04:48:08,537.327,8.319,10.320,-94.792
23/03/19,05:48:08,537.327,8.170,10.124,-94.792
23/03/19,06:48:08,537.327,8.170,9.952,-94.792
23/03/19,07:48:08,537.327,8.319,9.829,-94.792
23/03/19,08:48:08,537.327,8.693,9.756,-94.792
23/03/19,09:48:08,537.327,9.386,9.780,-94.792
23/03/19,10:48:08,537.327,9.854,9.903,-94.792
23/03/19,11:48:08,537.327,10.198,10.051,-94.792
23/03/19,12:48:08,537.327,10.907,10.222,-94.792
23/03/19,13:48:08,537.327,11.686,10.467,-94.792
23/03/19,14:48:08,537.327,12.678,10.785,-94.792
23/03/19,15:48:08,537.327,13.425,11.200,-94.792
23/03/19,16:48:08,537.327,13.233,11.540,-94.792
23/03/19,17:48:08,537.327,12.992,11.734,-94.792
23/03/19,18:48:08,537.327,12.437,11.807,-94.792
23/03/19,19:48:08,537.327,11.880,11.759,-94.792
23/03/19,20:48:08,537.327,11.492,11.662,-94.792
23/03/19,21:48:08,537.327,11.224,11.540,-94.792
23/03/19,22:48:08,537.327,11.102,11.419,-94.792
23/03/19,23:48:08,537.327,10.980,11.321,-94.792
24/03/19,00:48:08,537.327,10.932,11.248,-94.792
24/03/19,01:48:08,537.327,10.956,11.200,-94.792
24/03/19,02:48:08,537.327,10.907,11.151,-94.792
24/03/19,03:48:08,537.327,10.883,11.102,-94.792
24/03/19,04:48:08,537.327,10.834,11.078,-94.792
24/03/19,05:48:08,537.327,10.761,11.053,-94.792
24/03/19,06:48:08,537.327,10.614,11.005,-94.792
24/03/19,07:48:08,537.327,10.492,10.932,-94.792
24/03/19,08:48:08,537.327,10.443,10.883,-94.792
24/03/19,09:48:08,537.327,10.467,10.834,-94.792
24/03/19,10:48:08,537.327,10.810,10.834,-94.792
24/03/19,11:48:08,537.327,11.419,10.907,-94.792
24/03/19,12:48:08,537.327,12.122,11.102,-94.792
24/03/19,13:48:08,537.327,13.281,11.370,-94.792
24/03/19,14:48:08,537.327,13.954,11.759,-94.792
24/03/19,15:48:08,537.327,13.497,12.074,-94.792
24/03/19,16:48:08,537.327,12.992,12.171,-94.792
24/03/19,17:48:08,537.327,12.630,12.171,-94.792
24/03/19,18:48:08,537.327,12.364,12.098,-94.792
24/03/19,19:48:08,537.327,12.171,12.025,-94.792
24/03/19,20:48:08,537.327,11.880,11.953,-94.792
24/03/19,21:48:08,537.327,11.759,11.856,-94.792
24/03/19,22:48:08,537.327,11.662,11.759,-94.792
24/03/19,23:48:08,537.327,11.637,11.710,-94.792
25/03/19,00:48:08,537.327,11.565,11.686,-94.792
25/03/19,01:48:08,537.327,11.492,11.613,-94.792
25/03/19,02:48:08,537.327,11.394,11.540,-94.792
25/03/19,03:48:08,537.327,11.370,11.516,-94.792
25/03/19,04:48:08,537.327,11.297,11.492,-94.792
25/03/19,05:48:08,537.327,11.200,11.443,-94.792
25/03/19,06:48:08,537.327,11.102,11.419,-94.792
25/03/19,07:48:08,537.327,10.761,11.297,-94.792
25/03/19,08:48:08,537.327,10.736,11.151,-94.792
25/03/19,09:48:08,537.327,10.638,11.078,-94.792
25/03/19,10:48:08,424.791,10.492,11.029,-94.792
25/03/19,11:48:08,537.327,10.222,10.956,-94.792
25/03/19,12:48:08,537.327,9.854,10.858,-94.792
25/03/19,13:48:08,537.327,9.460,10.736,-94.792
25/03/19,14:48:08,424.791,9.163,10.565,-94.792
25/03/19,15:48:08,537.327,8.965,10.394,-94.792
25/03/19,16:48:08,537.327,8.841,10.247,-94.792
25/03/19,17:48:08,537.327,8.717,10.100,-94.792
25/03/19,18:48:08,424.791,8.469,9.977,-94.792
25/03/19,19:48:08,424.791,8.070,9.854,-94.792
25/03/19,20:48:08,537.327,7.670,9.657,-94.792
25/03/19,21:48:08,424.791,7.293,9.460,-94.792
25/03/19,22:48:08,424.791,6.965,9.262,-94.792
25/03/19,23:48:08,424.791,6.636,9.040,-94.792
26/03/19,00:48:08,424.791,6.433,8.841,-94.792
26/03/19,01:48:08,379.278,6.255,8.643,-94.792
26/03/19,02:48:08,424.791,6.128,8.469,-94.792
26/03/19,03:48:08,238.785,5.898,8.319,-94.792
26/03/19,04:48:08,331.683,5.693,8.145,-94.792
26/03/19,05:48:08,424.791,5.488,7.970,-94.792
26/03/19,06:48:08,277.847,5.308,7.795,-94.792
26/03/19,07:48:08,304.306,5.154,7.645,-94.792
26/03/19,08:48:08,424.791,5.076,7.494,-94.792
26/03/19,09:48:08,424.791,5.128,7.393,-94.792
26/03/19,10:48:08,424.791,5.488,7.368,-94.792
26/03/19,11:48:08,537.327,6.763,7.544,-94.792
26/03/19,12:48:08,537.327,8.717,8.070,-94.792
26/03/19,13:48:08,537.327,10.222,8.742,-94.792
26/03/19,14:48:08,537.327,11.297,9.361,-94.792
26/03/19,15:48:08,537.327,11.516,9.879,-94.792
26/03/19,16:48:08,537.327,11.419,10.173,-94.792
26/03/19,17:48:08,537.327,11.151,10.320,-94.792
26/03/19,18:48:08,424.791,10.492,10.369,-94.792
26/03/19,19:48:08,424.791,9.460,10.247,-94.792
26/03/19,20:48:08,351.436,8.394,9.977,-94.792
26/03/19,21:48:08,304.306,7.519,9.608,-94.792
26/03/19,22:48:08,379.278,6.839,9.238,-94.792
26/03/19,23:48:08,294.121,6.281,8.866,-94.792
27/03/19,00:48:08,316.524,5.821,8.519,-94.792
27/03/19,01:48:08,316.524,5.462,8.220,-94.792
27/03/19,02:48:08,351.436,5.179,7.920,-94.792
27/03/19,03:48:08,379.278,4.947,7.670,-94.792
27/03/19,04:48:08,351.436,4.766,7.444,-94.792
27/03/19,05:48:08,379.278,4.584,7.242,-94.792
27/03/19,06:48:08,70.514,4.376,7.066,-94.792
27/03/19,07:48:08,-2.392,4.220,6.889,-94.792
27/03/19,08:48:08,-0.620,4.141,6.712,-94.792
27/03/19,09:48:08,424.791,4.324,6.611,-94.792
27/03/19,10:48:08,537.327,5.642,6.712,-94.792
27/03/19,11:48:08,537.327,7.970,7.167,-94.792
27/03/19,12:48:08,537.327,10.590,7.895,-94.792
27/03/19,13:48:08,537.327,12.630,8.717,-94.792
27/03/19,14:48:08,537.327,13.594,9.485,-94.792
27/03/19,15:48:08,537.327,14.050,10.100,-94.792
27/03/19,16:48:08,537.327,13.906,10.492,-94.792
27/03/19,17:48:08,537.327,13.185,10.736,-94.792
27/03/19,18:48:08,537.327,12.171,10.810,-94.792
27/03/19,19:48:08,537.327,10.736,10.712,-94.792
27/03/19,20:48:08,424.791,9.460,10.394,-94.792
27/03/19,21:48:08,424.791,8.543,10.001,-94.792
27/03/19,22:48:08,424.791,7.945,9.632,-94.792
27/03/19,23:48:08,424.791,7.594,9.287,-94.792
28/03/19,00:48:08,424.791,7.318,9.015,-94.792
28/03/19,01:48:08,424.791,7.091,8.792,-94.792
28/03/19,02:48:08,424.791,6.965,8.618,-94.792
28/03/19,03:48:08,424.791,6.864,8.469,-94.792
28/03/19,04:48:08,537.327,6.687,8.319,-94.792
28/03/19,05:48:08,424.791,6.535,8.195,-94.792
28/03/19,06:48:08,424.791,6.611,8.070,-94.792
28/03/19,07:48:08,424.791,6.813,7.995,-94.792
28/03/19,08:48:08,537.327,7.041,7.995,-94.792
28/03/19,09:48:08,537.327,7.444,8.020,-94.792
28/03/19,10:48:08,537.327,8.494,8.145,-94.792
28/03/19,11:48:08,537.327,9.706,8.494,-94.792
28/03/19,12:48:08,537.327,11.053,8.965,-94.792
28/03/19,13:48:08,537.327,12.727,9.534,-94.792
28/03/19,14:48:08,537.327,13.570,10.149,-94.792
28/03/19,15:48:08,537.327,13.329,10.638,-94.792
28/03/19,16:48:08,537.327,12.799,10.858,-94.792
28/03/19,17:48:08,537.327,12.485,10.956,-94.792
28/03/19,18:48:08,537.327,11.734,11.005,-94.792
28/03/19,19:48:08,537.327,11.005,10.883,-94.792
28/03/19,20:48:08,537.327,10.394,10.712,-94.792
28/03/19,21:48:08,537.327,9.952,10.516,-94.792
28/03/19,22:48:08,537.327,9.583,10.320,-94.792
28/03/19,23:48:08,537.327,9.361,10.124,-94.792
29/03/19,00:48:08,537.327,9.163,9.977,-94.792
29/03/19,01:48:08,537.327,9.040,9.829,-94.792
29/03/19,02:48:08,537.327,9.015,9.731,-94.792
29/03/19,03:48:08,537.327,9.089,9.632,-94.792
29/03/19,04:48:08,537.327,9.312,9.608,-94.792
29/03/19,05:48:08,537.327,9.435,9.608,-94.792
29/03/19,06:48:08,537.327,9.509,9.632,-94.792
29/03/19,07:48:08,537.327,9.583,9.657,-94.792
29/03/19,08:48:08,537.327,9.706,9.657,-94.792
29/03/19,09:48:08,537.327,9.879,9.706,-94.792
29/03/19,10:48:08,537.327,10.026,9.756,-94.792
29/03/19,11:48:08,537.327,10.173,9.829,-94.792
29/03/19,12:48:08,537.327,10.345,9.903,-94.792
29/03/19,13:48:08,537.327,10.443,9.977,-94.792
29/03/19,14:48:08,537.327,9.903,10.026,-94.792
29/03/19,15:48:08,537.327,9.731,9.928,-94.792
29/03/19,16:48:08,537.327,9.632,9.879,-94.792
29/03/19,17:48:08,537.327,9.336,9.780,-94.792
29/03/19,18:48:08,537.327,9.262,9.706,-94.792
29/03/19,19:48:08,537.327,9.188,9.657,-94.792
29/03/19,20:48:08,537.327,9.139,9.608,-94.792
29/03/19,21:48:08,537.327,9.089,9.558,-94.792
29/03/19,22:48:08,537.327,9.114,9.534,-94.792
29/03/19,23:48:08,537.327,9.114,9.509,-94.792
30/03/19,00:48:08,537.327,9.114,9.485,-94.792
30/03/19,01:48:08,537.327,9.089,9.485,-94.792
30/03/19,02:48:08,537.327,9.040,9.460,-94.792
30/03/19,03:48:08,537.327,8.866,9.435,-94.792
30/03/19,04:48:08,537.327,8.693,9.361,-94.792
30/03/19,05:48:08,537.327,8.045,9.238,-94.792
30/03/19,06:48:08,424.791,7.041,8.866,-94.792
30/03/19,07:48:08,424.791,6.661,8.543,-94.792
30/03/19,08:48:08,424.791,6.306,8.319,-94.792
30/03/19,09:48:08,537.327,6.408,8.120,-94.792
30/03/19,10:48:08,537.327,6.484,8.045,-94.792
30/03/19,11:48:08,424.791,6.357,7.945,-94.792
30/03/19,12:48:08,424.791,6.408,7.920,-94.792
30/03/19,13:48:08,424.791,6.204,7.895,-94.792
30/03/19,14:48:08,537.327,6.051,7.845,-94.792
30/03/19,15:48:08,537.327,6.051,7.745,-94.792
30/03/19,16:48:08,537.327,6.128,7.720,-94.792
30/03/19,17:48:08,424.791,6.128,7.745,-94.792
30/03/19,18:48:08,424.791,5.975,7.745,-94.792
30/03/19,19:48:08,424.791,5.719,7.645,-94.792
30/03/19,20:48:08,537.327,5.591,7.494,-94.792
30/03/19,21:48:08,424.791,5.488,7.368,-94.792
30/03/19,22:48:08,537.327,5.411,7.217,-94.792
30/03/19,23:48:08,424.791,5.282,7.091,-94.792
31/03/19,00:48:08,424.791,5.102,6.990,-94.792
31/03/19,01:48:08,424.791,4.947,6.864,-94.792
31/03/19,02:48:08,424.791,4.792,6.737,-94.792
31/03/19,03:48:08,424.791,4.688,6.636,-94.792
31/03/19,04:48:08,424.791,4.610,6.535,-94.792
31/03/19,05:48:08,424.791,4.584,6.458,-94.792
31/03/19,06:48:08,537.327,4.558,6.382,-94.792
31/03/19,07:48:08,424.791,4.558,6.331,-94.792
31/03/19,08:48:08,0.384,4.558,6.306,-94.792
31/03/19,09:48:08,0.797,4.610,6.281,-94.792
31/03/19,10:48:08,537.327,5.024,6.306,-94.792
31/03/19,11:48:08,537.327,6.077,6.611,-94.792
31/03/19,12:48:08,537.327,7.192,7.091,-94.792
31/03/19,13:48:08,537.327,8.494,7.594,-94.792
31/03/19,14:48:08,537.327,8.866,8.070,-94.792
31/03/19,15:48:08,537.327,8.965,8.319,-94.792
31/03/19,16:48:08,537.327,8.916,8.469,-94.792
31/03/19,17:48:08,537.327,8.593,8.568,-94.792
31/03/19,18:48:08,537.327,8.245,8.568,-94.792
31/03/19,19:48:08,537.327,7.745,8.469,-94.792
31/03/19,20:48:08,424.791,7.368,8.344,-94.792
31/03/19,21:48:08,1.398,6.965,8.170,-94.792
31/03/19,22:48:08,1.453,6.535,7.995,-94.792
31/03/19,23:48:08,1.208,6.255,7.795,-94.792
01/04/19,00:48:08,4.584,6.026,7.619,-94.792
01/04/19,01:48:08,1.071,5.821,7.444,-94.792
01/04/19,02:48:08,1.126,5.642,7.293,-94.792
01/04/19,03:48:08,537.327,5.411,7.142,-94.792
01/04/19,04:48:08,424.791,5.257,6.990,-94.792
01/04/19,05:48:08,424.791,4.999,6.839,-94.792
01/04/19,06:48:08,424.791,4.714,6.687,-94.792
01/04/19,07:48:08,-2.247,4.376,6.509,-94.792
01/04/19,08:48:08,-1.527,4.168,6.331,-94.792
01/04/19,09:48:08,424.791,4.141,6.179,-94.792
01/04/19,10:48:08,537.327,4.947,6.230,-94.792
01/04/19,11:48:08,537.327,7.343,6.636,-94.792
01/04/19,12:48:08,537.327,9.632,7.318,-94.792
01/04/19,13:48:08,537.327,11.467,8.045,-94.792
01/04/19,14:48:08,537.327,12.751,8.742,-94.792
01/04/19,15:48:08,537.327,13.305,9.312,-94.792
01/04/19,16:48:08,537.327,13.161,9.756,-94.792
01/04/19,17:48:08,537.327,12.654,10.026,-94.792
01/04/19,18:48:08,537.327,11.734,10.149,-94.792
01/04/19,19:48:08,537.327,10.687,10.075,-94.792
01/04/19,20:48:08,537.327,10.026,9.879,-94.792
01/04/19,21:48:08,1.017,9.064,9.657,-94.792
01/04/19,22:48:08,424.791,8.095,9.312,-94.792
01/04/19,23:48:08,424.791,7.343,8.941,-94.792
02/04/19,00:48:08,424.791,6.712,8.568,-94.792
02/04/19,01:48:08,0.495,6.331,8.220,-94.792
02/04/19,02:48:08,1.507,6.179,7.945,-94.792
02/04/19,03:48:08,424.791,6.077,7.745,-94.792
02/04/19,04:48:08,424.791,6.051,7.594,-94.792
02/04/19,05:48:08,424.791,6.000,7.469,-94.792
02/04/19,06:48:08,537.327,5.949,7.368,-94.792
02/04/19,07:48:08,424.791,5.924,7.268,-94.792
02/04/19,08:48:08,537.327,6.000,7.192,-94.792
02/04/19,09:48:08,537.327,6.484,7.192,-94.792
02/04/19,10:48:08,537.327,7.519,7.368,-94.792
02/04/19,11:48:08,537.327,9.114,7.770,-94.792
02/04/19,12:48:08,537.327,10.271,8.270,-94.792
02/04/19,13:48:08,537.327,11.662,8.817,-94.792
02/04/19,14:48:08,537.327,12.340,9.361,-94.792
02/04/19,15:48:08,537.327,12.485,9.780,-94.792
02/04/19,16:48:08,537.327,11.977,10.026,-94.792
02/04/19,17:48:08,537.327,11.053,10.100,-94.792
02/04/19,18:48:08,537.327,10.418,10.026,-94.792
02/04/19,19:48:08,537.327,9.706,9.879,-94.792
02/04/19,20:48:08,424.791,9.015,9.682,-94.792
02/04/19,21:48:08,537.327,8.519,9.435,-94.792
02/04/19,22:48:08,537.327,8.195,9.188,-94.792
02/04/19,23:48:08,424.791,8.020,8.990,-94.792
03/04/19,00:48:08,537.327,7.920,8.841,-94.792
03/04/19,01:48:08,537.327,7.845,8.693,-94.792
03/04/19,02:48:08,537.327,7.820,8.593,-94.792
03/04/19,03:48:08,537.327,7.770,8.519,-94.792
03/04/19,04:48:08,424.791,7.720,8.444,-94.792
03/04/19,05:48:08,537.327,7.670,8.369,-94.792
03/04/19,06:48:08,537.327,7.569,8.295,-94.792
03/04/19,07:48:08,537.327,7.544,8.245,-94.792
03/04/19,08:48:08,537.327,7.619,8.195,-94.792
03/04/19,09:48:08,537.327,7.820,8.195,-94.792
03/04/19,10:48:08,537.327,8.543,8.245,-94.792
03/04/19,11:48:08,537.327,10.296,8.568,-94.792
03/04/19,12:48:08,537.327,11.297,9.114,-94.792
03/04/19,13:48:08,537.327,11.297,9.558,-94.792
03/04/19,14:48:08,537.327,11.248,9.756,-94.792
03/04/19,15:48:08,537.327,11.929,9.903,-94.792
03/04/19,16:48:08,537.327,11.492,10.100,-94.792
03/04/19,17:48:08,537.327,11.321,10.149,-94.792
03/04/19,18:48:08,537.327,11.029,10.173,-94.792
03/04/19,19:48:08,537.327,10.516,10.149,-94.792
03/04/19,20:48:08,537.327,10.075,10.026,-94.792
03/04/19,21:48:08,537.327,9.731,9.879,-94.792
03/04/19,22:48:08,537.327,9.460,9.756,-94.792
03/04/19,23:48:08,537.327,9.213,9.608,-94.792
04/04/19,00:48:08,537.327,9.040,9.485,-94.792
04/04/19,01:48:08,537.327,8.965,9.361,-94.792
04/04/19,02:48:08,537.327,8.866,9.287,-94.792
04/04/19,03:48:08,537.327,8.742,9.213,-94.792
04/04/19,04:48:08,537.327,8.593,9.114,-94.792
04/04/19,05:48:08,537.327,8.494,9.040,-94.792
04/04/19,06:48:08,537.327,8.494,8.965,-94.792
04/04/19,07:48:08,537.327,8.469,8.916,-94.792
04/04/19,08:48:08,537.327,8.469,8.866,-94.792
04/04/19,09:48:08,537.327,8.593,8.841,-94.792
04/04/19,10:48:08,537.327,8.941,8.866,-94.792
04/04/19,11:48:08,537.327,9.386,8.941,-94.792
04/04/19,12:48:08,537.327,9.682,9.064,-94.792
04/04/19,13:48:08,537.327,10.001,9.213,-94.792
04/04/19,14:48:08,537.327,10.026,9.336,-94.792
04/04/19,15:48:08,537.327,10.173,9.435,-94.792
04/04/19,16:48:08,537.327,10.075,9.509,-94.792
04/04/19,17:48:08,537.327,9.928,9.534,-94.792
04/04/19,18:48:08,537.327,9.632,9.534,-94.792
04/04/19,19:48:08,537.327,9.361,9.485,-94.792
04/04/19,20:48:08,537.327,9.114,9.410,-94.792
04/04/19,21:48:08,537.327,8.891,9.312,-94.792
04/04/19,22:48:08,537.327,8.519,9.238,-94.792
04/04/19,23:48:08,424.791,8.195,9.089,-94.792
05/04/19,00:48:08,537.327,7.845,8.941,-94.792
05/04/19,01:48:08,424.791,7.444,8.767,-94.792
05/04/19,02:48:08,424.791,7.167,8.568,-94.792
05/04/19,03:48:08,424.791,6.914,8.394,-94.792
05/04/19,04:48:08,537.327,6.636,8.195,-94.792
05/04/19,05:48:08,424.791,6.458,8.020,-94.792
05/04/19,06:48:08,424.791,6.433,7.870,-94.792
05/04/19,07:48:08,424.791,6.585,7.770,-94.792
05/04/19,08:48:08,537.327,6.813,7.745,-94.792
05/04/19,09:48:08,424.791,7.419,7.770,-94.792
05/04/19,10:48:08,537.327,8.494,7.995,-94.792
05/04/19,11:48:08,537.327,9.879,8.419,-94.792
05/04/19,12:48:08,537.327,11.370,8.941,-94.792
05/04/19,13:48:08,537.327,12.534,9.509,-94.792
05/04/19,14:48:08,537.327,12.630,10.001,-94.792
05/04/19,15:48:08,537.327,12.316,10.296,-94.792
05/04/19,16:48:08,537.327,11.929,10.418,-94.792
05/04/19,17:48:08,537.327,11.492,10.443,-94.792
05/04/19,18:48:08,537.327,11.029,10.418,-94.792
05/04/19,19:48:08,424.791,10.541,10.320,-94.792
05/04/19,20:48:08,537.327,10.198,10.222,-94.792
05/04/19,21:48:08,537.327,9.977,10.075,-94.792
05/04/19,22:48:08,537.327,9.756,9.952,-94.792
05/04/19,23:48:08,537.327,9.657,9.854,-94.792
06/04/19,00:48:08,537.327,9.534,9.756,-94.792
06/04/19,01:48:08,537.327,9.435,9.682,-94.792
06/04/19,02:48:08,537.327,9.361,9.608,-94.792
06/04/19,03:48:08,537.327,9.312,9.534,-94.792
06/04/19,04:48:08,537.327,9.287,9.485,-94.792
06/04/19,05:48:08,537.327,9.238,9.460,-94.792
06/04/19,06:48:08,537.327,9.213,9.410,-94.792
06/04/19,07:48:08,537.327,9.139,9.386,-94.792
06/04/19,08:48:08,537.327,9.139,9.336,-94.792
06/04/19,09:48:08,537.327,9.188,9.336,-94.792
06/04/19,10:48:08,537.327,9.386,9.336,-94.792
06/04/19,11:48:08,537.327,9.657,9.361,-94.792
06/04/19,12:48:08,537.327,9.952,9.460,-94.792
06/04/19,13:48:08,537.327,10.271,9.583,-94.792
06/04/19,14:48:08,537.327,11.078,9.731,-94.792
06/04/19,15:48:08,537.327,11.856,10.001,-94.792
06/04/19,16:48:08,537.327,12.098,10.271,-94.792
06/04/19,17:48:08,537.327,11.832,10.467,-94.792
06/04/19,18:48:08,537.327,11.273,10.516,-94.792
06/04/19,19:48:08,424.791,10.394,10.443,-94.792
06/04/19,20:48:08,424.791,9.485,10.247,-94.792
06/04/19,21:48:08,537.327,8.593,9.928,-94.792
06/04/19,22:48:08,424.791,8.020,9.608,-94.792
06/04/19,23:48:08,43.193,7.519,9.262,-94.792
07/04/19,00:48:08,0.660,7.167,8.965,-94.792
07/04/19,01:48:08,424.791,6.965,8.717,-94.792
07/04/19,02:48:08,424.791,6.864,8.519,-94.792
07/04/19,03:48:08,424.791,6.712,8.344,-94.792
07/04/19,04:48:08,424.791,6.535,8.195,-94.792
07/04/19,05:48:08,424.791,6.331,8.045,-94.792
07/04/19,06:48:08,537.327,6.051,7.870,-94.792
07/04/19,07:48:08,424.791,6.051,7.745,-94.792
07/04/19,08:48:08,537.327,6.204,7.645,-94.792
07/04/19,09:48:08,537.327,6.661,7.594,-94.792
07/04/19,10:48:08,537.327,7.544,7.745,-94.792
07/04/19,11:48:08,537.327,8.916,8.095,-94.792
07/04/19,12:48:08,537.327,10.271,8.593,-94.792
07/04/19,13:48:08,537.327,11.443,9.114,-94.792
07/04/19,14:48:08,537.327,12.001,9.583,-94.792
07/04/19,15:48:08,537.327,12.074,9.928,-94.792
07/04/19,16:48:08,537.327,11.589,10.100,-94.792
07/04/19,17:48:08,537.327,10.761,10.124,-94.792
07/04/19,18:48:08,537.327,9.903,10.026,-94.792
07/04/19,19:48:08,537.327,9.213,9.829,-94.792
07/04/19,20:48:08,424.791,8.668,9.583,-94.792
07/04/19,21:48:08,537.327,8.319,9.361,-94.792
07/04/19,22:48:08,537.327,8.070,9.139,-94.792
07/04/19,23:48:08,537.327,7.870,8.965,-94.792
08/04/19,00:48:08,424.791,7.720,8.792,-94.792
08/04/19,01:48:08,537.327,7.645,8.668,-94.792
08/04/19,02:48:08,537.327,7.544,8.543,-94.792
08/04/19,03:48:08,537.327,7.469,8.444,-94.792
08/04/19,04:48:08,424.791,7.393,8.369,-94.792
08/04/19,05:48:08,424.791,7.293,8.270,-94.792
08/04/19,06:48:08,537.327,7.192,8.195,-94.792
08/04/19,07:48:08,424.791,7.041,8.120,-94.792
08/04/19,08:48:08,424.791,6.914,8.020,-94.792
08/04/19,09:48:08,537.327,7.217,7.970,-94.792
08/04/19,10:48:08,537.327,7.945,8.070,-94.792
08/04/19,11:48:08,537.327,9.089,8.344,-94.792
08/04/19,12:48:08,537.327,10.149,8.742,-94.792
08/04/19,13:48:08,537.327,11.200,9.188,-94.792
08/04/19,14:48:08,537.327,11.540,9.558,-94.792
08/04/19,15:48:08,537.327,11.127,9.829,-94.792
08/04/19,16:48:08,537.327,10.638,9.879,-94.792
08/04/19,17:48:08,537.327,10.100,9.829,-94.792
08/04/19,18:48:08,537.327,9.386,9.731,-94.792
08/04/19,19:48:08,537.327,8.941,9.534,-94.792
08/04/19,20:48:08,537.327,8.469,9.361,-94.792
08/04/19,21:48:08,537.327,8.145,9.163,-94.792
08/04/19,22:48:08,537.327,7.895,8.965,-94.792
08/04/19,23:48:08,537.327,7.745,8.792,-94.792
09/04/19,00:48:08,537.327,7.569,8.668,-94.792
09/04/19,01:48:08,537.327,7.519,8.519,-94.792
09/04/19,02:48:08,537.327,7.544,8.444,-94.792
09/04/19,03:48:08,537.327,7.519,8.369,-94.792
09/04/19,04:48:08,537.327,7.494,8.295,-94.792
09/04/19,05:48:08,537.327,7.368,8.245,-94.792
09/04/19,06:48:08,537.327,7.142,8.170,-94.792
09/04/19,07:48:08,537.327,7.015,8.070,-94.792
09/04/19,08:48:08,537.327,7.015,7.970,-94.792
09/04/19,09:48:08,537.327,7.167,7.920,-94.792
09/04/19,10:48:08,537.327,7.770,8.020,-94.792
09/04/19,11:48:08,537.327,8.444,8.270,-94.792
09/04/19,12:48:08,537.327,8.866,8.469,-94.792
09/04/19,13:48:08,537.327,9.534,8.668,-94.792
09/04/19,14:48:08,537.327,10.222,8.941,-94.792
09/04/19,15:48:08,537.327,9.903,9.139,-94.792
09/04/19,16:48:08,537.327,9.213,9.188,-94.792
09/04/19,17:48:08,537.327,8.717,9.114,-94.792
09/04/19,18:48:08,424.791,8.145,8.965,-94.792
09/04/19,19:48:08,2.584,7.444,8.792,-94.792
09/04/19,20:48:08,424.791,6.990,8.543,-94.792
09/04/19,21:48:08,424.791,6.636,8.295,-94.792
09/04/19,22:48:08,424.791,6.281,8.045,-94.792
09/04/19,23:48:08,0.107,5.898,7.820,-94.792
10/04/19,00:48:08,1.453,5.719,7.594,-94.792
10/04/19,01:48:08,0.660,5.539,7.419,-94.792
10/04/19,02:48:08,0.934,5.360,7.268,-94.792
10/04/19,03:48:08,0.687,5.231,7.116,-94.792
10/04/19,04:48:08,1.371,5.076,6.965,-94.792
10/04/19,05:48:08,1.480,4.999,6.839,-94.792
10/04/19,06:48:08,0.079,4.792,6.712,-94.792
10/04/19,07:48:08,-0.507,4.610,6.585,-94.792
10/04/19,08:48:08,2.610,4.532,6.484,-94.792
10/04/19,09:48:08,424.791,4.740,6.408,-94.792
10/04/19,10:48:08,537.327,5.539,6.433,-94.792
10/04/19,11:48:08,537.327,7.142,6.687,-94.792
10/04/19,12:48:08,537.327,9.188,7.091,-94.792
10/04/19,13:48:08,537.327,10.810,7.594,-94.792
10/04/19,14:48:08,537.327,11.977,8.070,-94.792
10/04/19,15:48:08,537.327,12.316,8.419,-94.792
10/04/19,16:48:08,537.327,11.565,8.643,-94.792
10/04/19,17:48:08,537.327,10.638,8.717,-94.792
10/04/19,18:48:08,424.791,9.485,8.668,-94.792
10/04/19,19:48:08,424.791,8.270,8.494,-94.792
10/04/19,20:48:08,424.791,7.167,8.220,-94.792
10/04/19,21:48:08,379.278,6.179,7.870,-94.792
10/04/19,22:48:08,198.447,5.385,7.519,-94.792
10/04/19,23:48:08,-5.667,4.766,7.167,-94.792
11/04/19,00:48:08,-5.172,4.298,6.839,-94.792
11/04/19,01:48:08,-6.042,3.985,6.535,-94.792
11/04/19,02:48:08,-6.010,3.696,6.281,-94.792
11/04/19,03:48:08,-5.885,3.406,6.026,-94.792
11/04/19,04:48:08,-6.770,3.195,5.796,-94.792
11/04/19,05:48:08,-3.568,3.063,5.616,-94.792
11/04/19,06:48:08,-4.378,3.009,5.411,-94.792
11/04/19,07:48:08,-4.378,2.930,5.282,-94.792
11/04/19,08:48:08,177.188,2.877,5.128,-94.792
11/04/19,09:48:08,424.791,2.956,5.024,-94.792
11/04/19,10:48:08,537.327,4.089,4.999,-94.792
11/04/19,11:48:08,537.327,6.230,5.360,-94.792
11/04/19,12:48:08,537.327,7.945,6.000,-94.792
11/04/19,13:48:08,537.327,9.928,6.687,-94.792
11/04/19,14:48:08,537.327,11.419,7.343,-94.792
11/04/19,15:48:08,537.327,12.171,7.820,-94.792
11/04/19,16:48:08,537.327,11.904,8.170,-94.792
11/04/19,17:48:08,537.327,10.810,8.344,-94.792
11/04/19,18:48:08,537.327,9.558,8.394,-94.792
11/04/19,19:48:08,424.791,8.394,8.270,-94.792
11/04/19,20:48:08,424.791,7.343,8.045,-94.792
11/04/19,21:48:08,-2.537,6.458,7.745,-94.792
11/04/19,22:48:08,-2.976,5.642,7.419,-94.792
11/04/19,23:48:08,-2.392,5.102,7.091,-94.792
12/04/19,00:48:08,-3.479,4.740,6.788,-94.792
12/04/19,01:48:08,-4.987,4.324,6.535,-94.792
12/04/19,02:48:08,-4.987,3.906,6.281,-94.792
12/04/19,03:48:08,379.278,3.801,6.026,-94.792
12/04/19,04:48:08,424.791,3.906,5.847,-94.792
12/04/19,05:48:08,424.791,4.011,5.693,-94.792
12/04/19,06:48:08,424.791,4.037,5.616,-94.792
12/04/19,07:48:08,424.791,4.037,5.565,-94.792
12/04/19,08:48:08,424.791,4.037,5.514,-94.792
12/04/19,09:48:08,2.930,4.454,5.488,-94.792
12/04/19,10:48:08,537.327,5.770,5.693,-94.792
12/04/19,11:48:08,537.327,7.469,6.153,-94.792
12/04/19,12:48:08,537.327,9.287,6.763,-94.792
12/04/19,13:48:08,537.327,10.834,7.393,-94.792
12/04/19,14:48:08,537.327,11.565,7.970,-94.792
12/04/19,15:48:08,537.327,11.637,8.394,-94.792
12/04/19,16:48:08,537.327,11.224,8.643,-94.792
12/04/19,17:48:08,537.327,10.320,8.717,-94.792
12/04/19,18:48:08,537.327,9.188,8.668,-94.792
12/04/19,19:48:08,537.327,8.220,8.469,-94.792
12/04/19,20:48:08,2.717,7.494,8.245,-94.792
12/04/19,21:48:08,2.450,6.990,7.970,-94.792
12/04/19,22:48:08,537.327,6.560,7.745,-94.792
12/04/19,23:48:08,424.791,6.179,7.519,-94.792
13/04/19,00:48:08,537.327,5.872,7.293,-94.792
13/04/19,01:48:08,424.791,5.668,7.116,-94.792
13/04/19,02:48:08,424.791,5.411,6.940,-94.792
13/04/19,03:48:08,424.791,5.231,6.788,-94.792
13/04/19,04:48:08,424.791,5.050,6.636,-94.792
13/04/19,05:48:08,424.791,4.973,6.509,-94.792
13/04/19,06:48:08,424.791,4.869,6.382,-94.792
13/04/19,07:48:08,424.791,4.688,6.281,-94.792
13/04/19,08:48:08,424.791,4.662,6.179,-94.792
13/04/19,09:48:08,537.327,5.179,6.128,-94.792
13/04/19,10:48:08,537.327,6.204,6.255,-94.792
13/04/19,11:48:08,537.327,7.268,6.585,-94.792
13/04/19,12:48:08,537.327,8.270,7.015,-94.792
13/04/19,13:48:08,537.327,9.410,7.419,-94.792
13/04/19,14:48:08,537.327,9.756,7.745,-94.792
13/04/19,15:48:08,537.327,9.558,7.945,-94.792
13/04/19,16:48:08,537.327,9.312,8.070,-94.792
13/04/19,17:48:08,537.327,9.015,8.120,-94.792
13/04/19,18:48:08,537.327,8.543,8.120,-94.792
13/04/19,19:48:08,3.142,7.920,8.045,-94.792
13/04/19,20:48:08,537.327,7.192,7.895,-94.792
13/04/19,21:48:08,537.327,6.788,7.695,-94.792
13/04/19,22:48:08,424.791,6.661,7.544,-94.792
13/04/19,23:48:08,424.791,6.281,7.393,-94.792
14/04/19,00:48:08,-0.591,5.898,7.242,-94.792
14/04/19,01:48:08,-0.873,5.488,7.066,-94.792
14/04/19,02:48:08,-1.498,5.205,6.889,-94.792
14/04/19,03:48:08,316.524,4.973,6.712,-94.792
14/04/19,04:48:08,1.453,4.558,6.535,-94.792
14/04/19,05:48:08,-3.657,4.115,6.331,-94.792
14/04/19,06:48:08,271.157,3.749,6.128,-94.792
14/04/19,07:48:08,-3.777,3.433,5.924,-94.792
14/04/19,08:48:08,-1.584,3.327,5.719,-94.792
14/04/19,09:48:08,424.791,3.880,5.565,-94.792
14/04/19,10:48:08,537.327,5.642,5.668,-94.792
14/04/19,11:48:08,537.327,7.720,6.077,-94.792
14/04/19,12:48:08,537.327,9.238,6.636,-94.792
14/04/19,13:48:08,537.327,9.977,7.192,-94.792
14/04/19,14:48:08,537.327,9.682,7.569,-94.792
14/04/19,15:48:08,537.327,9.460,7.745,-94.792
14/04/19,16:48:08,537.327,9.312,7.845,-94.792
14/04/19,17:48:08,537.327,9.015,7.945,-94.792
14/04/19,18:48:08,424.791,8.344,7.945,-94.792
14/04/19,19:48:08,424.791,7.519,7.845,-94.792
14/04/19,20:48:08,1.859,7.015,7.695,-94.792
14/04/19,21:48:08,9.287,6.636,7.519,-94.792
14/04/19,22:48:08,10.173,6.382,7.368,-94.792
14/04/19,23:48:08,424.791,6.153,7.242,-94.792
15/04/19,00:48:08,12.727,6.051,7.091,-94.792
15/04/19,01:48:08,537.327,5.872,6.990,-94.792
15/04/19,02:48:08,424.791,5.616,6.864,-94.792
15/04/19,03:48:08,38.254,5.231,6.737,-94.792
15/04/19,04:48:08,-1.727,4.792,6.560,-94.792
15/04/19,05:48:08,-2.189,4.402,6.357,-94.792
15/04/19,06:48:08,424.791,4.115,6.179,-94.792
15/04/19,07:48:08,424.791,3.906,6.000,-94.792
15/04/19,08:48:08,424.791,3.801,5.821,-94.792
15/04/19,09:48:08,537.327,4.454,5.719,-94.792
15/04/19,10:48:08,537.327,5.975,5.821,-94.792
15/04/19,11:48:08,537.327,7.142,6.153,-94.792
15/04/19,12:48:08,537.327,8.095,6.560,-94.792
15/04/19,13:48:08,537.327,8.841,6.965,-94.792
15/04/19,14:48:08,537.327,10.173,7.368,-94.792
15/04/19,15:48:08,537.327,10.834,7.795,-94.792
15/04/19,16:48:08,537.327,10.761,8.145,-94.792
15/04/19,17:48:08,537.327,10.051,8.344,-94.792
15/04/19,18:48:08,537.327,9.163,8.394,-94.792
15/04/19,19:48:08,537.327,8.344,8.319,-94.792
15/04/19,20:48:08,2.744,7.419,8.120,-94.792
15/04/19,21:48:08,2.182,6.914,7.870,-94.792
15/04/19,22:48:08,537.327,6.737,7.645,-94.792
15/04/19,23:48:08,2.477,6.357,7.494,-94.792
16/04/19,00:48:08,537.327,6.331,7.318,-94.792
16/04/19,01:48:08,537.327,6.585,7.217,-94.792
16/04/19,02:48:08,537.327,6.687,7.167,-94.792
16/04/19,03:48:08,537.327,6.712,7.142,-94.792
16/04/19,04:48:08,537.327,6.737,7.142,-94.792
16/04/19,05:48:08,537.327,6.737,7.116,-94.792
16/04/19,06:48:08,537.327,6.636,7.116,-94.792
16/04/19,07:48:08,537.327,6.611,7.066,-94.792
16/04/19,08:48:08,537.327,6.813,7.066,-94.792
16/04/19,09:48:08,537.327,7.318,7.116,-94.792
16/04/19,10:48:08,537.327,7.870,7.242,-94.792
16/04/19,11:48:08,537.327,8.394,7.419,-94.792
16/04/19,12:48:08,537.327,8.891,7.645,-94.792
16/04/19,13:48:08,537.327,9.879,7.870,-94.792
16/04/19,14:48:08,537.327,10.980,8.245,-94.792
16/04/19,15:48:08,537.327,11.904,8.643,-94.792
16/04/19,16:48:08,537.327,11.904,8.990,-94.792
16/04/19,17:48:08,537.327,11.224,9.188,-94.792
16/04/19,18:48:08,537.327,10.198,9.213,-94.792
16/04/19,19:48:08,424.791,8.990,9.089,-94.792
16/04/19,20:48:08,424.791,7.995,8.841,-94.792
16/04/19,21:48:08,379.278,7.217,8.519,-94.792
16/04/19,22:48:08,537.327,6.661,8.195,-94.792
16/04/19,23:48:08,424.791,6.306,7.895,-94.792
17/04/19,00:48:08,424.791,6.102,7.645,-94.792
17/04/19,01:48:08,537.327,6.306,7.444,-94.792
17/04/19,02:48:08,537.327,6.535,7.343,-94.792
17/04/19,03:48:08,537.327,6.712,7.318,-94.792
17/04/19,04:48:08,537.327,6.965,7.318,-94.792
17/04/19,05:48:08,537.327,7.142,7.343,-94.792
17/04/19,06:48:08,424.791,7.116,7.368,-94.792
17/04/19,07:48:08,537.327,7.015,7.368,-94.792
17/04/19,08:48:08,537.327,7.167,7.368,-94.792
17/04/19,09:48:08,537.327,7.594,7.419,-94.792
17/04/19,10:48:08,537.327,8.295,7.519,-94.792
17/04/19,11:48:08,537.327,9.903,7.845,-94.792
17/04/19,12:48:08,537.327,11.321,8.369,-94.792
17/04/19,13:48:08,537.327,12.364,8.916,-94.792
17/04/19,14:48:08,537.327,12.871,9.361,-94.792
17/04/19,15:48:08,537.327,12.944,9.682,-94.792
17/04/19,16:48:08,537.327,12.437,9.879,-94.792
17/04/19,17:48:08,537.327,11.516,9.903,-94.792
17/04/19,18:48:08,537.327,10.663,9.829,-94.792
17/04/19,19:48:08,537.327,9.977,9.706,-94.792
17/04/19,20:48:08,537.327,9.509,9.509,-94.792
17/04/19,21:48:08,537.327,9.163,9.336,-94.792
17/04/19,22:48:08,537.327,8.866,9.163,-94.792
17/04/19,23:48:08,537.327,8.643,9.015,-94.792
18/04/19,00:48:08,537.327,8.469,8.866,-94.792
18/04/19,01:48:08,537.327,8.319,8.742,-94.792
18/04/19,02:48:08,537.327,8.170,8.643,-94.792
18/04/19,03:48:08,537.327,8.020,8.519,-94.792
18/04/19,04:48:08,537.327,7.970,8.444,-94.792
18/04/19,05:48:08,424.791,7.795,8.344,-94.792
18/04/19,06:48:08,537.327,7.670,8.270,-94.792
18/04/19,07:48:08,537.327,7.544,8.195,-94.792
18/04/19,08:48:08,537.327,7.519,8.095,-94.792
18/04/19,09:48:08,537.327,7.820,8.070,-94.792
18/04/19,10:48:08,537.327,8.693,8.145,-94.792
18/04/19,11:48:08,537.327,9.854,8.394,-94.792
18/04/19,12:48:08,537.327,11.005,8.792,-94.792
18/04/19,13:48:08,537.327,11.929,9.213,-94.792
18/04/19,14:48:08,537.327,12.558,9.583,-94.792
18/04/19,15:48:08,537.327,12.703,9.879,-94.792
18/04/19,16:48:08,537.327,12.437,10.026,-94.792
18/04/19,17:48:08,537.327,11.710,10.100,-94.792
18/04/19,18:48:08,537.327,10.834,10.075,-94.792
18/04/19,19:48:08,537.327,10.173,9.928,-94.792
18/04/19,20:48:08,537.327,9.657,9.756,-94.792
18/04/19,21:48:08,424.791,9.287,9.583,-94.792
18/04/19,22:48:08,537.327,9.040,9.386,-94.792
18/04/19,23:48:08,537.327,8.866,9.238,-94.792
19/04/19,00:48:08,537.327,8.668,9.114,-94.792
19/04/19,01:48:08,537.327,8.469,8.990,-94.792
19/04/19,02:48:08,424.791,8.369,8.866,-94.792
19/04/19,03:48:08,424.791,8.270,8.792,-94.792
19/04/19,04:48:08,424.791,7.995,8.693,-94.792
19/04/19,05:48:08,537.327,7.720,8.568,-94.792
19/04/19,06:48:08,537.327,7.594,8.444,-94.792
19/04/19,07:48:08,537.327,7.569,8.319,-94.792
19/04/19,08:48:08,424.791,7.569,8.245,-94.792
19/04/19,09:48:08,537.327,7.870,8.195,-94.792
19/04/19,10:48:08,537.327,8.593,8.270,-94.792
19/04/19,11:48:08,537.327,9.805,8.543,-94.792
19/04/19,12:48:08,537.327,11.273,8.941,-94.792
19/04/19,13:48:08,537.327,12.292,9.386,-94.792
19/04/19,14:48:08,537.327,12.195,9.756,-94.792
19/04/19,15:48:08,537.327,12.558,9.952,-94.792
19/04/19,16:48:08,537.327,12.364,10.075,-94.792
19/04/19,17:48:08,537.327,11.540,10.100,-94.792
19/04/19,18:48:08,537.327,10.590,10.026,-94.792
19/04/19,19:48:08,424.791,9.706,9.854,-94.792
19/04/19,20:48:08,537.327,8.841,9.583,-94.792
19/04/19,21:48:08,424.791,8.394,9.312,-94.792
19/04/19,22:48:08,424.791,7.970,9.064,-94.792
19/04/19,23:48:08,424.791,7.670,8.817,-94.792
20/04/19,00:48:08,424.791,7.393,8.618,-94.792
20/04/19,01:48:08,424.791,7.217,8.419,-94.792
20/04/19,02:48:08,424.791,6.990,8.245,-94.792
20/04/19,03:48:08,424.791,6.914,8.095,-94.792
20/04/19,04:48:08,537.327,6.788,7.945,-94.792
20/04/19,05:48:08,537.327,6.484,7.820,-94.792
20/04/19,06:48:08,424.791,6.179,7.670,-94.792
20/04/19,07:48:08,537.327,6.179,7.494,-94.792
20/04/19,08:48:08,424.791,6.281,7.419,-94.792
20/04/19,09:48:08,537.327,7.015,7.393,-94.792
20/04/19,10:48:08,537.327,8.469,7.569,-94.792
20/04/19,11:48:08,537.327,10.075,8.020,-94.792
20/04/19,12:48:08,537.327,11.516,8.568,-94.792
20/04/19,13:48:08,537.327,12.703,9.114,-94.792
20/04/19,14:48:08,537.327,13.570,9.583,-94.792
20/04/19,15:48:08,537.327,13.714,9.952,-94.792
20/04/19,16:48:08,537.327,13.281,10.149,-94.792
20/04/19,17:48:08,537.327,12.195,10.222,-94.792
20/04/19,18:48:08,424.791,11.005,10.149,-94.792
20/04/19,19:48:08,424.791,9.829,9.952,-94.792
20/04/19,20:48:08,424.791,8.693,9.632,-94.792
20/04/19,21:48:08,537.327,7.895,9.287,-94.792
20/04/19,22:48:08,424.791,7.318,8.916,-94.792
20/04/19,23:48:08,424.791,7.091,8.593,-94.792
21/04/19,00:48:08,537.327,7.242,8.369,-94.792
21/04/19,01:48:08,537.327,7.444,8.245,-94.792
21/04/19,02:48:08,537.327,7.619,8.170,-94.792
21/04/19,03:48:08,537.327,7.645,8.145,-94.792
21/04/19,04:48:08,537.327,7.619,8.120,-94.792
21/04/19,05:48:08,537.327,7.594,8.070,-94.792
21/04/19,06:48:08,537.327,7.569,8.045,-94.792
21/04/19,07:48:08,537.327,7.594,7.995,-94.792
21/04/19,08:48:08,537.327,7.745,7.995,-94.792
21/04/19,09:48:08,537.327,8.245,8.045,-94.792
21/04/19,10:48:08,537.327,8.866,8.145,-94.792
21/04/19,11:48:08,537.327,9.485,8.369,-94.792
21/04/19,12:48:08,537.327,10.173,8.618,-94.792
21/04/19,13:48:08,537.327,10.883,8.891,-94.792
21/04/19,14:48:08,537.327,11.929,9.238,-94.792
21/04/19,15:48:08,537.327,11.953,9.558,-94.792
21/04/19,16:48:08,537.327,11.662,9.780,-94.792
21/04/19,17:48:08,537.327,11.273,9.903,-94.792
21/04/19,18:48:08,537.327,10.712,9.928,-94.792
21/04/19,19:48:08,537.327,10.001,9.829,-94.792
21/04/19,20:48:08,537.327,9.287,9.682,-94.792
21/04/19,21:48:08,537.327,9.064,9.460,-94.792
21/04/19,22:48:08,537.327,9.015,9.312,-94.792
21/04/19,23:48:08,537.327,8.941,9.188,-94.792
22/04/19,00:48:08,537.327,8.817,9.089,-94.792
22/04/19,01:48:08,537.327,8.742,9.015,-94.792
22/04/19,02:48:08,537.327,8.668,8.965,-94.792
22/04/19,03:48:08,537.327,8.618,8.891,-94.792
22/04/19,04:48:08,537.327,8.593,8.866,-94.792
22/04/19,05:48:08,537.327,8.593,8.817,-94.792
22/04/19,06:48:08,537.327,8.519,8.792,-94.792
22/04/19,07:48:08,537.327,8.419,8.742,-94.792
22/04/19,08:48:08,537.327,8.344,8.693,-94.792
22/04/19,09:48:08,537.327,8.593,8.643,-94.792
22/04/19,10:48:08,537.327,9.213,8.693,-94.792
22/04/19,11:48:08,537.327,10.149,8.866,-94.792
22/04/19,12:48:08,537.327,11.297,9.213,-94.792
22/04/19,13:48:08,537.327,12.509,9.608,-94.792
22/04/19,14:48:08,537.327,12.630,10.026,-94.792
22/04/19,15:48:08,537.327,12.775,10.320,-94.792
22/04/19,16:48:08,537.327,12.171,10.492,-94.792
22/04/19,17:48:08,537.327,11.710,10.467,-94.792
22/04/19,18:48:08,537.327,11.248,10.418,-94.792
22/04/19,19:48:08,537.327,10.785,10.320,-94.792
22/04/19,20:48:08,537.327,10.443,10.173,-94.792
22/04/19,21:48:08,537.327,9.928,10.051,-94.792
22/04/19,22:48:08,537.327,9.435,9.854,-94.792
22/04/19,23:48:08,537.327,8.965,9.657,-94.792
23/04/19,00:48:08,537.327,8.519,9.460,-94.792
23/04/19,01:48:08,537.327,8.245,9.238,-94.792
23/04/19,02:48:08,537.327,8.145,9.040,-94.792
23/04/19,03:48:08,537.327,8.319,8.916,-94.792
23/04/19,04:48:08,537.327,8.394,8.841,-94.792
23/04/19,05:48:08,537.327,8.394,8.792,-94.792
23/04/19,06:48:08,537.327,8.568,8.767,-94.792
23/04/19,07:48:08,424.791,8.742,8.767,-94.792
23/04/19,08:48:08,537.327,8.941,8.792,-94.792
23/04/19,09:48:08,537.327,9.485,8.866,-94.792
23/04/19,10:48:08,537.327,10.075,9.040,-94.792
23/04/19,11:48:08,537.327,10.590,9.287,-94.792
23/04/19,12:48:08,537.327,11.443,9.509,-94.792
23/04/19,13:48:08,537.327,12.195,9.854,-94.792
23/04/19,14:48:08,537.327,12.775,10.198,-94.792
23/04/19,15:48:08,537.327,12.920,10.467,-94.792
23/04/19,16:48:08,537.327,12.751,10.638,-94.792
23/04/19,17:48:08,537.327,12.413,10.736,-94.792
23/04/19,18:48:08,537.327,11.492,10.712,-94.792
23/04/19,19:48:08,537.327,10.345,10.516,-94.792
23/04/19,20:48:08,537.327,9.485,10.222,-94.792
23/04/19,21:48:08,537.327,9.312,9.928,-94.792
23/04/19,22:48:08,537.327,9.336,9.731,-94.792
23/04/19,23:48:08,537.327,9.114,9.608,-94.792
24/04/19,00:48:08,537.327,8.792,9.460,-94.792
24/04/19,01:48:08,424.791,8.469,9.312,-94.792
24/04/19,02:48:08,424.791,7.945,9.139,-94.792
24/04/19,03:48:08,537.327,7.645,8.916,-94.792
24/04/19,04:48:08,537.327,7.469,8.717,-94.792
24/04/19,05:48:08,537.327,7.469,8.543,-94.792
24/04/19,06:48:08,537.327,7.745,8.444,-94.792
24/04/19,07:48:08,537.327,7.945,8.419,-94.792
24/04/19,08:48:08,537.327,8.220,8.444,-94.792
24/04/19,09:48:08,537.327,8.543,8.494,-94.792
24/04/19,10:48:08,537.327,8.941,8.568,-94.792
24/04/19,11:48:08,537.327,9.632,8.717,-94.792
24/04/19,12:48:08,537.327,10.638,9.015,-94.792
24/04/19,13:48:08,537.327,10.541,9.312,-94.792
24/04/19,14:48:08,537.327,10.907,9.509,-94.792
24/04/19,15:48:08,537.327,11.200,9.682,-94.792
24/04/19,16:48:08,537.327,10.980,9.854,-94.792
24/04/19,17:48:08,537.327,10.712,9.903,-94.792
24/04/19,18:48:08,537.327,10.394,9.903,-94.792
24/04/19,19:48:08,537.327,10.100,9.829,-94.792
24/04/19,20:48:08,537.327,9.928,9.780,-94.792
24/04/19,21:48:08,537.327,9.805,9.706,-94.792
24/04/19,22:48:08,537.327,9.682,9.657,-94.792
24/04/19,23:48:08,537.327,9.583,9.583,-94.792
25/04/19,00:48:08,537.327,9.509,9.534,-94.792
25/04/19,01:48:08,537.327,9.460,9.485,-94.792
25/04/19,02:48:08,537.327,9.386,9.460,-94.792
25/04/19,03:48:08,537.327,9.188,9.410,-94.792
25/04/19,04:48:08,537.327,8.916,9.312,-94.792
25/04/19,05:48:08,537.327,8.742,9.238,-94.792
25/04/19,06:48:08,537.327,8.643,9.139,-94.792
25/04/19,07:48:08,537.327,8.519,9.040,-94.792
25/04/19,08:48:08,537.327,8.494,8.965,-94.792
25/04/19,09:48:08,537.327,8.568,8.916,-94.792
25/04/19,10:48:08,537.327,8.891,8.916,-94.792
25/04/19,11:48:08,537.327,9.682,9.040,-94.792
25/04/19,12:48:08,537.327,10.638,9.287,-94.792
25/04/19,13:48:08,537.327,11.394,9.632,-94.792
25/04/19,14:48:08,537.327,11.710,9.903,-94.792
25/04/19,15:48:08,537.327,11.589,10.075,-94.792
25/04/19,16:48:08,537.327,11.029,10.100,-94.792
25/04/19,17:48:08,537.327,10.001,10.001,-94.792
25/04/19,18:48:08,537.327,8.990,9.780,-94.792
25/04/19,19:48:08,424.791,8.295,9.534,-94.792
25/04/19,20:48:08,537.327,7.695,9.238,-94.792
25/04/19,21:48:08,537.327,7.343,8.990,-94.792
25/04/19,22:48:08,537.327,7.091,8.742,-94.792
25/04/19,23:48:08,424.791,6.839,8.519,-94.792
26/04/19,00:48:08,537.327,6.712,8.319,-94.792
26/04/19,01:48:08,424.791,6.687,8.145,-94.792
26/04/19,02:48:08,537.327,6.763,8.020,-94.792
26/04/19,03:48:08,537.327,6.763,7.945,-94.792
26/04/19,04:48:08,537.327,6.712,7.870,-94.792
26/04/19,05:48:08,537.327,6.636,7.795,-94.792
26/04/19,06:48:08,537.327,6.484,7.720,-94.792
26/04/19,07:48:08,424.791,6.255,7.645,-94.792
26/04/19,08:48:08,424.791,6.102,7.519,-94.792
26/04/19,09:48:08,537.327,6.255,7.444,-94.792
26/04/19,10:48:08,537.327,6.535,7.419,-94.792
26/04/19,11:48:08,537.327,6.889,7.444,-94.792
26/04/19,12:48:08,537.327,7.041,7.544,-94.792
26/04/19,13:48:08,537.327,7.091,7.594,-94.792
26/04/19,14:48:08,424.791,7.318,7.645,-94.792
26/04/19,15:48:08,537.327,7.444,7.695,-94.792
26/04/19,16:48:08,424.791,7.393,7.745,-94.792
26/04/19,17:48:08,537.327,6.990,7.745,-94.792
26/04/19,18:48:08,424.791,6.484,7.645,-94.792
26/04/19,19:48:08,424.791,6.026,7.494,-94.792
26/04/19,20:48:08,424.791,5.642,7.318,-94.792
26/04/19,21:48:08,424.791,5.282,7.116,-94.792
26/04/19,22:48:08,424.791,4.999,6.940,-94.792
26/04/19,23:48:08,537.327,4.714,6.763,-94.792
27/04/19,00:48:08,424.791,4.558,6.636,-94.792
27/04/19,01:48:08,424.791,4.454,6.484,-94.792
27/04/19,02:48:08,424.791,4.272,6.331,-94.792
27/04/19,03:48:08,424.791,3.958,6.179,-94.792
27/04/19,04:48:08,424.791,3.696,6.026,-94.792
27/04/19,05:48:08,424.791,3.512,5.847,-94.792
27/04/19,06:48:08,424.791,3.354,5.693,-94.792
27/04/19,07:48:08,424.791,3.248,5.565,-94.792
27/04/19,08:48:08,424.791,3.168,5.437,-94.792
27/04/19,09:48:08,424.791,3.195,5.334,-94.792
27/04/19,10:48:08,537.327,3.459,5.282,-94.792
27/04/19,11:48:08,537.327,4.272,5.385,-94.792
27/04/19,12:48:08,537.327,6.255,5.719,-94.792
27/04/19,13:48:08,537.327,7.619,6.204,-94.792
27/04/19,14:48:08,537.327,8.469,6.661,-94.792
27/04/19,15:48:08,537.327,8.965,7.015,-94.792
27/04/19,16:48:08,537.327,8.792,7.217,-94.792
27/04/19,17:48:08,424.791,7.920,7.293,-94.792
27/04/19,18:48:08,537.327,6.965,7.242,-94.792
27/04/19,19:48:08,424.791,6.179,7.091,-94.792
27/04/19,20:48:08,424.791,5.693,6.914,-94.792
27/04/19,21:48:08,424.791,5.257,6.737,-94.792
27/04/19,22:48:08,424.791,4.869,6.535,-94.792
27/04/19,23:48:08,424.791,4.532,6.357,-94.792
28/04/19,00:48:08,424.791,4.272,6.179,-94.792
28/04/19,01:48:08,-1.242,4.037,6.026,-94.792
28/04/19,02:48:08,-1.527,3.958,5.872,-94.792
28/04/19,03:48:08,-2.218,3.801,5.719,-94.792
28/04/19,04:48:08,-1.699,3.643,5.591,-94.792
28/04/19,05:48:08,-1.327,3.564,5.462,-94.792
28/04/19,06:48:08,-1.213,3.485,5.360,-94.792
28/04/19,07:48:08,-1.043,3.406,5.257,-94.792
28/04/19,08:48:08,2.930,3.354,5.179,-94.792
28/04/19,09:48:08,424.791,3.538,5.102,-94.792
28/04/19,10:48:08,537.327,4.141,5.154,-94.792
28/04/19,11:48:08,537.327,5.154,5.411,-94.792
28/04/19,12:48:08,537.327,6.255,5.847,-94.792
28/04/19,13:48:08,537.327,7.091,6.281,-94.792
28/04/19,14:48:08,537.327,7.820,6.687,-94.792
28/04/19,15:48:08,537.327,8.070,6.965,-94.792
28/04/19,16:48:08,537.327,8.170,7.142,-94.792
28/04/19,17:48:08,424.791,7.695,7.192,-94.792
28/04/19,18:48:08,424.791,6.965,7.167,-94.792
28/04/19,19:48:08,424.791,6.179,7.015,-94.792
28/04/19,20:48:08,424.791,5.565,6.788,-94.792
28/04/19,21:48:08,424.791,4.999,6.560,-94.792
28/04/19,22:48:08,424.791,4.506,6.331,-94.792
28/04/19,23:48:08,424.791,4.063,6.077,-94.792
29/04/19,00:48:08,424.791,3.775,5.872,-94.792
29/04/19,01:48:08,424.791,3.485,5.668,-94.792
29/04/19,02:48:08,424.791,3.274,5.462,-94.792
29/04/19,03:48:08,424.791,3.089,5.308,-94.792
29/04/19,04:48:08,424.791,2.956,5.154,-94.792
29/04/19,05:48:08,424.791,2.850,5.024,-94.792
29/04/19,06:48:08,424.791,2.770,4.895,-94.792
29/04/19,07:48:08,424.791,2.664,4.792,-94.792
29/04/19,08:48:08,424.791,2.610,4.662,-94.792
29/04/19,09:48:08,537.327,2.850,4.584,-94.792
29/04/19,10:48:08,537.327,4.272,4.558,-94.792
29/04/19,11:48:08,537.327,6.230,4.895,-94.792
29/04/19,12:48:08,537.327,8.220,5.488,-94.792
29/04/19,13:48:08,537.327,9.608,6.128,-94.792
29/04/19,14:48:08,537.327,10.492,6.712,-94.792
29/04/19,15:48:08,537.327,10.638,7.116,-94.792
29/04/19,16:48:08,537.327,10.345,7.368,-94.792
29/04/19,17:48:08,537.327,9.460,7.494,-94.792
29/04/19,18:48:08,424.791,8.170,7.469,-94.792
29/04/19,19:48:08,537.327,6.864,7.293,-94.792
29/04/19,20:48:08,-2.131,5.898,6.990,-94.792
29/04/19,21:48:08,424.791,5.154,6.687,-94.792
29/04/19,22:48:08,424.791,4.610,6.357,-94.792
29/04/19,23:48:08,424.791,4.454,6.077,-94.792
30/04/19,00:48:08,1.208,4.376,5.898,-94.792
30/04/19,01:48:08,1.071,4.428,5.745,-94.792
30/04/19,02:48:08,-0.283,4.376,5.642,-94.792
30/04/19,03:48:08,1.751,4.246,5.565,-94.792
30/04/19,04:48:08,0.989,4.298,5.488,-94.792
30/04/19,05:48:08,1.398,4.298,5.437,-94.792
30/04/19,06:48:08,0.107,4.246,5.411,-94.792
30/04/19,07:48:08,0.051,4.037,5.360,-94.792
30/04/19,08:48:08,6.331,3.880,5.282,-94.792
30/04/19,09:48:08,537.327,4.376,5.231,-94.792
30/04/19,10:48:08,537.327,5.488,5.334,-94.792
30/04/19,11:48:08,537.327,6.763,5.642,-94.792
30/04/19,12:48:08,537.327,7.770,6.077,-94.792
30/04/19,13:48:08,537.327,8.344,6.484,-94.792
30/04/19,14:48:08,537.327,9.089,6.839,-94.792
30/04/19,15:48:08,537.327,9.312,7.142,-94.792
30/04/19,16:48:08,537.327,9.015,7.318,-94.792
30/04/19,17:48:08,537.327,8.344,7.393,-94.792
30/04/19,18:48:08,537.327,7.670,7.368,-94.792
30/04/19,19:48:08,537.327,7.091,7.293,-94.792
30/04/19,20:48:08,424.791,6.661,7.142,-94.792
30/04/19,21:48:08,537.327,6.382,7.015,-94.792
30/04/19,22:48:08,537.327,6.255,6.914,-94.792
30/04/19,23:48:08,537.327,6.179,6.813,-94.792
01/05/19,00:48:08,537.327,6.230,6.737,-94.792
01/05/19,01:48:08,424.791,6.255,6.687,-94.792
01/05/19,02:48:08,537.327,6.306,6.661,-94.792
01/05/19,03:48:08,537.327,6.509,6.636,-94.792
01/05/19,04:48:08,537.327,6.687,6.661,-94.792
01/05/19,05:48:08,537.327,6.864,6.712,-94.792
01/05/19,06:48:08,537.327,6.990,6.788,-94.792
01/05/19,07:48:08,537.327,7.091,6.839,-94.792
01/05/19,08:48:08,537.327,7.192,6.914,-94.792
01/05/19,09:48:08,537.327,7.368,6.965,-94.792
01/05/19,10:48:08,537.327,7.519,7.041,-94.792
01/05/19,11:48:08,537.327,7.619,7.116,-94.792
01/05/19,12:48:08,537.327,7.645,7.242,-94.792
01/05/19,13:48:08,537.327,7.720,7.318,-94.792
01/05/19,14:48:08,537.327,7.795,7.393,-94.792
01/05/19,15:48:08,537.327,7.920,7.469,-94.792
01/05/19,16:48:08,537.327,7.795,7.519,-94.792
01/05/19,17:48:08,537.327,7.695,7.544,-94.792
01/05/19,18:48:08,537.327,7.670,7.519,-94.792
01/05/19,19:48:08,424.791,7.720,7.519,-94.792
01/05/19,20:48:08,537.327,7.820,7.544,-94.792
01/05/19,21:48:08,537.327,7.920,7.569,-94.792
01/05/19,22:48:08,537.327,8.020,7.594,-94.792
01/05/19,23:48:08,424.791,8.170,7.645,-94.792
02/05/19,00:48:08,537.327,8.344,7.720,-94.792
02/05/19,01:48:08,537.327,8.494,7.895,-94.792
02/05/19,02:48:08,537.327,8.543,8.020,-94.792
02/05/19,03:48:08,537.327,8.693,8.045,-94.792
02/05/19,04:48:08,537.327,8.742,8.095,-94.792
02/05/19,05:48:08,537.327,8.792,8.145,-94.792
02/05/19,06:48:08,537.327,8.841,8.195,-94.792
02/05/19,07:48:08,537.327,8.891,8.220,-94.792
02/05/19,08:48:08,537.327,8.941,8.270,-94.792
02/05/19,09:48:08,537.327,9.015,8.295,-94.792
02/05/19,10:48:08,537.327,9.386,8.419,-94.792
02/05/19,11:48:08,537.327,9.435,8.643,-94.792
02/05/19,12:48:08,537.327,9.632,8.742,-94.792
02/05/19,13:48:08,537.327,9.780,8.891,-94.792
02/05/19,14:48:08,537.327,9.756,8.965,-94.792
02/05/19,15:48:08,537.327,9.731,8.990,-94.792
02/05/19,16:48:08,537.327,9.805,9.015,-94.792
02/05/19,17:48:08,537.327,9.829,9.089,-94.792
02/05/19,18:48:08,537.327,9.657,9.262,-94.792
02/05/19,19:48:08,537.327,9.064,9.238,-94.792
02/05/19,20:48:08,537.327,9.163,9.089,-94.792
02/05/19,21:48:08,537.327,9.287,9.114,-94.792
02/05/19,22:48:08,537.327,9.188,9.139,-94.792
02/05/19,23:48:08,537.327,9.163,9.114,-94.792
03/05/19,00:48:08,537.327,8.916,9.089,-94.792
03/05/19,01:48:08,537.327,8.841,9.015,-94.792
03/05/19,02:48:08,537.327,8.693,8.941,-94.792
03/05/19,03:48:08,537.327,8.618,8.866,-94.792
03/05/19,04:48:08,537.327,8.469,8.792,-94.792
03/05/19,05:48:08,537.327,8.295,8.717,-94.792
03/05/19,06:48:08,537.327,8.145,8.618,-94.792
03/05/19,07:48:08,537.327,7.920,8.543,-94.792
03/05/19,08:48:08,424.791,7.645,8.444,-94.792
03/05/19,09:48:08,537.327,7.645,8.319,-94.792
03/05/19,10:48:08,537.327,8.095,8.295,-94.792
03/05/19,11:48:08,537.327,8.792,8.419,-94.792
03/05/19,12:48:08,537.327,9.485,8.643,-94.792
03/05/19,13:48:08,537.327,9.829,8.841,-94.792
03/05/19,14:48:08,537.327,10.320,9.015,-94.792
03/05/19,15:48:08,537.327,10.075,9.114,-94.792
03/05/19,16:48:08,424.791,9.485,9.064,-94.792
03/05/19,17:48:08,424.791,8.643,8.916,-94.792
03/05/19,18:48:08,537.327,7.895,8.693,-94.792
03/05/19,19:48:08,537.327,7.368,8.444,-94.792
03/05/19,20:48:08,424.791,7.041,8.195,-94.792
03/05/19,21:48:08,537.327,6.813,7.970,-94.792
03/05/19,22:48:08,424.791,6.712,7.795,-94.792
03/05/19,23:48:08,424.791,6.458,7.645,-94.792
04/05/19,00:48:08,424.791,6.255,7.494,-94.792
04/05/19,01:48:08,424.791,6.179,7.368,-94.792
04/05/19,02:48:08,424.791,6.077,7.268,-94.792
04/05/19,03:48:08,424.791,6.000,7.142,-94.792
04/05/19,04:48:08,537.327,5.949,7.066,-94.792
04/05/19,05:48:08,424.791,5.949,6.990,-94.792
04/05/19,06:48:08,424.791,5.924,6.914,-94.792
04/05/19,07:48:08,424.791,5.898,6.864,-94.792
04/05/19,08:48:08,537.327,5.872,6.813,-94.792
04/05/19,09:48:08,537.327,5.949,6.763,-94.792
04/05/19,10:48:08,537.327,6.382,6.788,-94.792
04/05/19,11:48:08,537.327,6.788,6.914,-94.792
04/05/19,12:48:08,537.327,6.889,7.091,-94.792
04/05/19,13:48:08,537.327,7.192,7.242,-94.792
04/05/19,14:48:08,537.327,7.795,7.444,-94.792
04/05/19,15:48:08,537.327,7.870,7.670,-94.792
04/05/19,16:48:08,537.327,7.393,7.770,-94.792
04/05/19,17:48:08,537.327,6.940,7.745,-94.792
04/05/19,18:48:08,424.791,6.737,7.645,-94.792
04/05/19,19:48:08,537.327,6.484,7.519,-94.792
04/05/19,20:48:08,537.327,6.102,7.393,-94.792
04/05/19,21:48:08,537.327,5.796,7.242,-94.792
04/05/19,22:48:08,424.791,5.462,7.066,-94.792
04/05/19,23:48:08,537.327,5.308,6.914,-94.792
05/05/19,00:48:08,537.327,5.205,6.763,-94.792
05/05/19,01:48:08,537.327,5.154,6.661,-94.792
05/05/19,02:48:08,537.327,5.102,6.535,-94.792
05/05/19,03:48:08,537.327,5.050,6.433,-94.792
05/05/19,04:48:08,424.791,4.973,6.357,-94.792
05/05/19,05:48:08,424.791,4.895,6.255,-94.792
05/05/19,06:48:08,424.791,4.869,6.179,-94.792
05/05/19,07:48:08,537.327,4.740,6.128,-94.792
05/05/19,08:48:08,537.327,4.662,6.051,-94.792
05/05/19,09:48:08,424.791,4.636,6.000,-94.792
05/05/19,10:48:08,424.791,4.688,5.949,-94.792
05/05/19,11:48:08,537.327,4.921,5.949,-94.792
05/05/19,12:48:08,424.791,5.179,5.975,-94.792
05/05/19,13:48:08,537.327,5.514,6.051,-94.792
05/05/19,14:48:08,424.791,5.745,6.153,-94.792
05/05/19,15:48:08,537.327,5.821,6.255,-94.792
05/05/19,16:48:08,424.791,5.796,6.331,-94.792
05/05/19,17:48:08,424.791,5.668,6.357,-94.792
05/05/19,18:48:08,537.327,5.462,6.331,-94.792
05/05/19,19:48:08,424.791,5.282,6.281,-94.792
05/05/19,20:48:08,424.791,5.102,6.179,-94.792
05/05/19,21:48:08,424.791,4.921,6.077,-94.792
05/05/19,22:48:08,424.791,4.740,5.975,-94.792
05/05/19,23:48:08,424.791,4.610,5.872,-94.792
06/05/19,00:48:08,537.327,4.480,5.796,-94.792
06/05/19,01:48:08,424.791,4.428,5.693,-94.792
06/05/19,02:48:08,424.791,4.376,5.616,-94.792
06/05/19,03:48:08,537.327,4.376,5.539,-94.792
06/05/19,04:48:08,424.791,4.376,5.488,-94.792
06/05/19,05:48:08,537.327,4.402,5.437,-94.792
06/05/19,06:48:08,424.791,4.402,5.411,-94.792
06/05/19,07:48:08,537.327,4.376,5.385,-94.792
06/05/19,08:48:08,424.791,4.350,5.334,-94.792
06/05/19,09:48:08,537.327,4.506,5.334,-94.792
06/05/19,10:48:08,424.791,4.947,5.360,-94.792
06/05/19,11:48:08,537.327,5.668,5.514,-94.792
06/05/19,12:48:08,537.327,6.687,5.821,-94.792
06/05/19,13:48:08,537.327,7.670,6.179,-94.792
06/05/19,14:48:08,537.327,8.593,6.509,-94.792
06/05/19,15:48:08,537.327,9.262,6.737,-94.792
06/05/19,16:48:08,537.327,9.312,6.940,-94.792
06/05/19,17:48:08,537.327,8.568,7.041,-94.792
06/05/19,18:48:08,537.327,7.870,7.041,-94.792
06/05/19,19:48:08,424.791,6.940,6.965,-94.792
06/05/19,20:48:08,424.791,6.051,6.737,-94.792
06/05/19,21:48:08,424.791,5.385,6.484,-94.792
06/05/19,22:48:08,424.791,4.869,6.204,-94.792
06/05/19,23:48:08,-2.947,4.402,5.949,-94.792
07/05/19,00:48:08,424.791,4.037,5.719,-94.792
07/05/19,01:48:08,424.791,3.722,5.488,-94.792
07/05/19,02:48:08,424.791,3.433,5.282,-94.792
07/05/19,03:48:08,424.791,3.221,5.102,-94.792
07/05/19,04:48:08,424.791,3.036,4.921,-94.792
07/05/19,05:48:08,424.791,2.903,4.766,-94.792
07/05/19,06:48:08,424.791,2.770,4.636,-94.792
07/05/19,07:48:08,424.791,2.690,4.506,-94.792
07/05/19,08:48:08,424.791,2.637,4.402,-94.792
07/05/19,09:48:08,424.791,2.610,4.298,-94.792
07/05/19,10:48:08,537.327,2.770,4.246,-94.792
07/05/19,11:48:08,537.327,3.775,4.272,-94.792
07/05/19,12:48:08,537.327,5.360,4.558,-94.792
07/05/19,13:48:08,537.327,6.585,4.999,-94.792
07/05/19,14:48:08,537.327,7.318,5.411,-94.792
07/05/19,15:48:08,537.327,7.293,5.719,-94.792
07/05/19,16:48:08,537.327,6.763,5.872,-94.792
07/05/19,17:48:08,424.791,6.051,5.924,-94.792
07/05/19,18:48:08,424.791,5.411,5.847,-94.792
07/05/19,19:48:08,424.791,4.999,5.745,-94.792
07/05/19,20:48:08,537.327,4.766,5.616,-94.792
07/05/19,21:48:08,537.327,4.636,5.514,-94.792
07/05/19,22:48:08,424.791,4.584,5.437,-94.792
07/05/19,23:48:08,424.791,4.532,5.360,-94.792
08/05/19,00:48:08,537.327,4.506,5.334,-94.792
08/05/19,01:48:08,424.791,4.037,5.257,-94.792
08/05/19,02:48:08,424.791,3.406,4.947,-94.792
08/05/19,03:48:08,424.791,3.168,4.636,-94.792
08/05/19,04:48:08,0.190,3.116,4.454,-94.792
08/05/19,05:48:08,0.273,3.116,4.376,-94.792
08/05/19,06:48:08,0.301,3.089,4.324,-94.792
08/05/19,07:48:08,0.218,3.142,4.272,-94.792
08/05/19,08:48:08,0.384,3.168,4.220,-94.792
08/05/19,09:48:08,0.605,3.195,4.220,-94.792
08/05/19,10:48:08,1.099,3.248,4.194,-94.792
08/05/19,11:48:08,537.327,3.327,4.194,-94.792
08/05/19,12:48:08,424.791,3.617,4.194,-94.792
08/05/19,13:48:08,537.327,4.324,4.298,-94.792
08/05/19,14:48:08,537.327,4.947,4.506,-94.792
08/05/19,15:48:08,537.327,5.385,4.740,-94.792
08/05/19,16:48:08,537.327,5.385,4.947,-94.792
08/05/19,17:48:08,424.791,5.179,5.076,-94.792
08/05/19,18:48:08,537.327,4.869,5.128,-94.792
08/05/19,19:48:08,424.791,4.662,5.102,-94.792
08/05/19,20:48:08,537.327,4.480,5.050,-94.792
08/05/19,21:48:08,537.327,4.324,4.999,-94.792
08/05/19,22:48:08,424.791,4.194,4.947,-94.792
08/05/19,23:48:08,424.791,4.089,4.921,-94.792
09/05/19,00:48:08,424.791,3.958,4.844,-94.792
09/05/19,01:48:08,424.791,3.880,4.792,-94.792
09/05/19,02:48:08,0.079,3.749,4.740,-94.792
09/05/19,03:48:08,0.301,3.617,4.688,-94.792
09/05/19,04:48:08,1.044,3.538,4.636,-94.792
09/05/19,05:48:08,0.577,3.512,4.584,-94.792
09/05/19,06:48:08,0.495,3.406,4.532,-94.792
09/05/19,07:48:08,0.329,3.354,4.480,-94.792
09/05/19,08:48:08,0.329,3.248,4.428,-94.792
09/05/19,09:48:08,0.989,3.142,4.402,-94.792
09/05/19,10:48:08,2.316,3.195,4.350,-94.792
09/05/19,11:48:08,424.791,3.433,4.376,-94.792
09/05/19,12:48:08,424.791,3.538,4.376,-94.792
09/05/19,13:48:08,537.327,3.643,4.428,-94.792
09/05/19,14:48:08,537.327,3.749,4.454,-94.792
09/05/19,15:48:08,424.791,3.801,4.506,-94.792
09/05/19,16:48:08,537.327,3.775,4.532,-94.792
09/05/19,17:48:08,424.791,3.643,4.532,-94.792
09/05/19,18:48:08,0.797,3.485,4.532,-94.792
09/05/19,19:48:08,1.208,3.327,4.480,-94.792
09/05/19,20:48:08,1.208,3.274,4.428,-94.792
09/05/19,21:48:08,1.289,3.248,4.376,-94.792
09/05/19,22:48:08,1.778,3.221,4.324,-94.792
09/05/19,23:48:08,2.770,3.274,4.298,-94.792
10/05/19,00:48:08,1.615,3.327,4.298,-94.792
10/05/19,01:48:08,1.615,3.327,4.298,-94.792
10/05/19,02:48:08,1.262,3.274,4.272,-94.792
10/05/19,03:48:08,0.907,3.248,4.246,-94.792
10/05/19,04:48:08,1.208,3.195,4.220,-94.792
10/05/19,05:48:08,1.615,3.195,4.194,-94.792
10/05/19,06:48:08,0.742,3.168,4.168,-94.792
10/05/19,07:48:08,1.017,3.036,4.168,-94.792
10/05/19,08:48:08,0.989,2.956,4.089,-94.792
10/05/19,09:48:08,1.371,2.956,4.037,-94.792
10/05/19,10:48:08,1.588,2.956,4.011,-94.792
10/05/19,11:48:08,1.724,2.983,3.985,-94.792
10/05/19,12:48:08,1.994,3.036,3.958,-94.792
10/05/19,13:48:08,2.584,3.063,3.958,-94.792
10/05/19,14:48:08,424.791,3.089,3.958,-94.792
10/05/19,15:48:08,424.791,3.168,3.985,-94.792
10/05/19,16:48:08,424.791,3.195,3.985,-94.792
10/05/19,17:48:08,537.327,3.274,3.985,-94.792
10/05/19,18:48:08,1.615,3.221,3.985,-94.792
10/05/19,19:48:08,1.344,3.142,3.985,-94.792
10/05/19,20:48:08,1.262,2.983,3.958,-94.792
10/05/19,21:48:08,1.344,2.877,3.958,-94.792
10/05/19,22:48:08,1.425,2.850,3.932,-94.792
10/05/19,23:48:08,1.425,2.850,3.906,-94.792
11/05/19,00:48:08,1.317,2.823,3.880,-94.792
11/05/19,01:48:08,1.262,2.770,3.854,-94.792
11/05/19,02:48:08,1.208,2.744,3.827,-94.792
11/05/19,03:48:08,1.289,2.744,3.801,-94.792
11/05/19,04:48:08,1.344,2.744,3.775,-94.792
11/05/19,05:48:08,1.615,2.797,3.749,-94.792
11/05/19,06:48:08,1.886,2.797,3.749,-94.792
11/05/19,07:48:08,424.791,2.797,3.749,-94.792
11/05/19,08:48:08,424.791,2.744,3.722,-94.792
11/05/19,09:48:08,424.791,2.610,3.696,-94.792
11/05/19,10:48:08,424.791,2.450,3.670,-94.792
11/05/19,11:48:08,537.327,2.396,3.670,-94.792
11/05/19,12:48:08,537.327,2.477,3.722,-94.792
11/05/19,13:48:08,537.327,3.221,3.827,-94.792
11/05/19,14:48:08,537.327,3.932,3.985,-94.792
11/05/19,15:48:08,537.327,4.350,4.168,-94.792
11/05/19,16:48:08,537.327,4.506,4.298,-94.792
11/05/19,17:48:08,537.327,4.558,4.428,-94.792
11/05/19,18:48:08,537.327,4.272,4.480,-94.792
11/05/19,19:48:08,0.715,3.880,4.428,-94.792
11/05/19,20:48:08,1.099,3.643,4.350,-94.792
11/05/19,21:48:08,0.962,3.512,4.272,-94.792
11/05/19,22:48:08,1.453,3.433,4.194,-94.792
11/05/19,23:48:08,424.791,3.433,4.141,-94.792
12/05/19,00:48:08,537.327,3.485,4.115,-94.792
12/05/19,01:48:08,0.852,3.459,4.115,-94.792
12/05/19,02:48:08,0.797,3.327,4.089,-94.792
12/05/19,03:48:08,4.220,3.248,4.037,-94.792
12/05/19,04:48:08,424.791,3.116,3.985,-94.792
12/05/19,05:48:08,424.791,2.983,3.906,-94.792
12/05/19,06:48:08,424.791,2.850,3.827,-94.792
12/05/19,07:48:08,424.791,2.717,3.749,-94.792
12/05/19,08:48:08,424.791,2.584,3.696,-94.792
12/05/19,09:48:08,424.791,2.557,3.617,-94.792
12/05/19,10:48:08,424.791,2.690,3.564,-94.792
12/05/19,11:48:08,537.327,3.670,3.696,-94.792
12/05/19,12:48:08,537.327,5.076,4.037,-94.792
12/05/19,13:48:08,537.327,6.357,4.428,-94.792
12/05/19,14:48:08,537.327,7.192,4.818,-94.792
12/05/19,15:48:08,537.327,7.192,5.102,-94.792
12/05/19,16:48:08,537.327,7.066,5.231,-94.792
12/05/19,17:48:08,537.327,6.382,5.257,-94.792
12/05/19,18:48:08,537.327,5.539,5.205,-94.792
12/05/19,19:48:08,424.791,4.895,5.076,-94.792
12/05/19,20:48:08,424.791,4.324,4.921,-94.792
12/05/19,21:48:08,537.327,3.854,4.714,-94.792
12/05/19,22:48:08,424.791,3.512,4.532,-94.792
12/05/19,23:48:08,424.791,3.221,4.350,-94.792
13/05/19,00:48:08,424.791,3.036,4.220,-94.792
13/05/19,01:48:08,424.791,2.903,4.063,-94.792
13/05/19,02:48:08,424.791,2.770,3.958,-94.792
13/05/19,03:48:08,424.791,2.637,3.854,-94.792
13/05/19,04:48:08,424.791,2.477,3.749,-94.792
13/05/19,05:48:08,424.791,2.343,3.643,-94.792
13/05/19,06:48:08,424.791,2.236,3.564,-94.792
13/05/19,07:48:08,424.791,2.128,3.485,-94.792
13/05/19,08:48:08,-1.270,2.047,3.406,-94.792
13/05/19,09:48:08,424.791,2.047,3.327,-94.792
13/05/19,10:48:08,537.327,2.289,3.301,-94.792
13/05/19,11:48:08,537.327,3.274,3.406,-94.792
13/05/19,12:48:08,537.327,4.636,3.722,-94.792
13/05/19,13:48:08,537.327,5.719,4.141,-94.792
13/05/19,14:48:08,537.327,6.560,4.532,-94.792
13/05/19,15:48:08,537.327,6.889,4.818,-94.792
13/05/19,16:48:08,537.327,6.687,4.973,-94.792
13/05/19,17:48:08,424.791,5.924,4.999,-94.792
13/05/19,18:48:08,537.327,5.102,4.947,-94.792
13/05/19,19:48:08,424.791,4.428,4.818,-94.792
13/05/19,20:48:08,537.327,3.880,4.662,-94.792
13/05/19,21:48:08,424.791,3.485,4.480,-94.792
13/05/19,22:48:08,424.791,3.168,4.298,-94.792
13/05/19,23:48:08,424.791,2.930,4.141,-94.792
14/05/19,00:48:08,424.791,2.744,4.011,-94.792
14/05/19,01:48:08,424.791,2.610,3.880,-94.792
14/05/19,02:48:08,424.791,2.450,3.775,-94.792
14/05/19,03:48:08,424.791,2.316,3.670,-94.792
14/05/19,04:48:08,424.791,2.209,3.564,-94.792
14/05/19,05:48:08,424.791,2.128,3.485,-94.792
14/05/19,06:48:08,424.791,2.047,3.406,-94.792
14/05/19,07:48:08,424.791,1.967,3.354,-94.792
14/05/19,08:48:08,424.791,1.940,3.274,-94.792
14/05/19,09:48:08,424.791,1.940,3.221,-94.792
14/05/19,10:48:08,537.327,2.236,3.195,-94.792
14/05/19,11:48:08,537.327,3.168,3.327,-94.792
14/05/19,12:48:08,537.327,4.402,3.643,-94.792
14/05/19,13:48:08,537.327,5.539,4.037,-94.792
14/05/19,14:48:08,537.327,6.179,4.402,-94.792
14/05/19,15:48:08,537.327,6.585,4.662,-94.792
14/05/19,16:48:08,537.327,6.458,4.792,-94.792
14/05/19,17:48:08,424.791,5.745,4.844,-94.792
14/05/19,18:48:08,424.791,4.818,4.792,-94.792
14/05/19,19:48:08,424.791,3.932,4.610,-94.792
14/05/19,20:48:08,424.791,3.301,4.376,-94.792
14/05/19,21:48:08,424.791,2.877,4.168,-94.792
14/05/19,22:48:08,424.791,2.557,3.985,-94.792
14/05/19,23:48:08,424.791,2.316,3.801,-94.792
15/05/19,00:48:08,424.791,2.128,3.643,-94.792
15/05/19,01:48:08,424.791,1.967,3.512,-94.792
15/05/19,02:48:08,424.791,1.832,3.380,-94.792
15/05/19,03:48:08,424.791,1.724,3.248,-94.792
15/05/19,04:48:08,424.791,1.615,3.142,-94.792
15/05/19,05:48:08,424.791,1.507,3.036,-94.792
15/05/19,06:48:08,424.791,1.425,2.930,-94.792
15/05/19,07:48:08,424.791,1.344,2.850,-94.792
15/05/19,08:48:08,424.791,1.262,2.770,-94.792
15/05/19,09:48:08,537.327,1.235,2.690,-94.792
15/05/19,10:48:08,537.327,1.208,2.637,-94.792
15/05/19,11:48:08,537.327,1.235,2.584,-94.792
15/05/19,12:48:08,537.327,1.913,2.584,-94.792
15/05/19,13:48:08,537.327,3.854,2.823,-94.792
15/05/19,14:48:08,537.327,5.154,3.168,-94.792
15/05/19,15:48:08,537.327,5.693,3.485,-94.792
15/05/19,16:48:08,424.791,5.796,3.670,-94.792
15/05/19,17:48:08,424.791,5.205,3.801,-94.792
15/05/19,18:48:08,424.791,4.324,3.827,-94.792
15/05/19,19:48:08,424.791,3.459,3.722,-94.792
15/05/19,20:48:08,424.791,2.850,3.591,-94.792
15/05/19,21:48:08,424.791,2.450,3.459,-94.792
15/05/19,22:48:08,-5.357,2.155,3.327,-94.792
15/05/19,23:48:08,-5.948,1.940,3.195,-94.792
16/05/19,00:48:08,-5.079,1.778,3.089,-94.792
16/05/19,01:48:08,-5.326,1.643,2.983,-94.792
16/05/19,02:48:08,-6.105,1.534,2.903,-94.792
16/05/19,03:48:08,-6.168,1.398,2.797,-94.792
16/05/19,04:48:08,-6.199,1.289,2.717,-94.792
16/05/19,05:48:08,-5.449,1.208,2.637,-94.792
16/05/19,06:48:08,-6.262,1.126,2.557,-94.792
16/05/19,07:48:08,-6.294,1.044,2.477,-94.792
16/05/19,08:48:08,-5.110,0.962,2.396,-94.792
16/05/19,09:48:08,-0.423,0.907,2.316,-94.792
16/05/19,10:48:08,424.791,0.934,2.262,-94.792
16/05/19,11:48:08,537.327,0.962,2.236,-94.792
16/05/19,12:48:08,537.327,1.126,2.209,-94.792
16/05/19,13:48:08,537.327,3.089,2.343,-94.792
16/05/19,14:48:08,537.327,4.662,2.637,-94.792
16/05/19,15:48:08,537.327,5.385,2.930,-94.792
16/05/19,16:48:08,537.327,5.231,3.116,-94.792
16/05/19,17:48:08,537.327,4.454,3.221,-94.792
16/05/19,18:48:08,424.791,3.591,3.221,-94.792
16/05/19,19:48:08,-4.926,2.770,3.116,-94.792
16/05/19,20:48:08,0.907,2.316,3.009,-94.792
16/05/19,21:48:08,250.367,2.047,2.903,-94.792
16/05/19,22:48:08,-3.538,1.859,2.797,-94.792
16/05/19,23:48:08,-5.141,1.724,2.744,-94.792
17/05/19,00:48:08,-2.947,1.615,2.690,-94.792
17/05/19,01:48:08,-3.035,1.507,2.610,-94.792
17/05/19,02:48:08,-2.918,1.453,2.557,-94.792
17/05/19,03:48:08,-2.976,1.398,2.503,-94.792
17/05/19,04:48:08,-3.124,1.344,2.477,-94.792
17/05/19,05:48:08,-3.360,1.289,2.423,-94.792
17/05/19,06:48:08,-3.124,1.235,2.396,-94.792
17/05/19,07:48:08,-4.439,1.208,2.343,-94.792
17/05/19,08:48:08,-3.777,1.153,2.316,-94.792
17/05/19,09:48:08,0.797,1.153,2.289,-94.792
17/05/19,10:48:08,537.327,1.180,2.262,-94.792
17/05/19,11:48:08,537.327,1.724,2.262,-94.792
17/05/19,12:48:08,537.327,3.301,2.423,-94.792
17/05/19,13:48:08,537.327,4.714,2.770,-94.792
17/05/19,14:48:08,537.327,5.565,3.168,-94.792
17/05/19,15:48:08,537.327,6.000,3.459,-94.792
17/05/19,16:48:08,537.327,5.872,3.617,-94.792
17/05/19,17:48:08,424.791,5.076,3.696,-94.792
17/05/19,18:48:08,424.791,4.037,3.670,-94.792
17/05/19,19:48:08,-4.287,3.089,3.512,-94.792
17/05/19,20:48:08,-5.357,2.477,3.354,-94.792
17/05/19,21:48:08,-4.987,2.128,3.195,-94.792
17/05/19,22:48:08,-5.202,1.886,3.036,-94.792
17/05/19,23:48:08,351.436,1.724,2.903,-94.792
18/05/19,00:48:08,424.791,1.561,2.797,-94.792
18/05/19,01:48:08,424.791,1.425,2.690,-94.792
18/05/19,02:48:08,424.791,1.289,2.610,-94.792
18/05/19,03:48:08,424.791,1.208,2.503,-94.792
18/05/19,04:48:08,424.791,1.099,2.423,-94.792
18/05/19,05:48:08,379.278,1.017,2.343,-94.792
18/05/19,06:48:08,379.278,0.934,2.262,-94.792
18/05/19,07:48:08,379.278,0.852,2.182,-94.792
18/05/19,08:48:08,424.791,0.797,2.101,-94.792
18/05/19,09:48:08,424.791,0.770,2.047,-94.792
18/05/19,10:48:08,537.327,0.770,1.994,-94.792
18/05/19,11:48:08,537.327,0.770,1.967,-94.792
18/05/19,12:48:08,537.327,0.880,1.940,-94.792
