"Date","Time, GMT+11:00","Temp, °C (LGR S/N: 2426028, SEN S/N: 2426028)","Temp, °C (LGR S/N: 2426028, SEN S/N: 2426028)","Temp, °C (LGR S/N: 2426028, SEN S/N: 2426028)","Temp, °C (LGR S/N: 2426028, SEN S/N: 2426028)"
23/02/19,12:00:00,10.932,12.582,379.278,9.213
23/02/19,13:00:00,14.864,18.033,379.278,9.706
23/02/19,14:00:00,16.034,20.174,379.278,9.903
23/02/19,15:00:00,16.439,21.151,379.278,10.075
23/02/19,16:00:00,16.296,21.079,379.278,10.320
23/02/19,17:00:00,15.939,20.460,379.278,10.467
23/02/19,18:00:00,14.146,17.962,379.278,10.663
23/02/19,19:00:00,12.074,14.745,424.791,10.761
23/02/19,20:00:00,10.810,12.871,424.791,10.907
23/02/19,21:00:00,9.805,11.589,424.791,10.956
23/02/19,22:00:00,8.965,10.687,424.791,10.932
23/02/19,23:00:00,7.920,9.386,424.791,10.932
24/02/19,00:00:00,7.142,8.643,424.791,10.883
24/02/19,01:00:00,6.331,7.770,424.791,10.883
24/02/19,02:00:00,5.668,7.368,424.791,10.810
24/02/19,03:00:00,5.257,7.293,424.791,10.736
24/02/19,04:00:00,4.973,7.015,424.791,10.638
24/02/19,05:00:00,4.584,6.484,424.791,10.565
24/02/19,06:00:00,4.168,6.153,424.791,10.467
24/02/19,07:00:00,3.854,5.847,424.791,10.394
24/02/19,08:00:00,3.827,6.026,424.791,10.271
24/02/19,09:00:00,4.272,6.914,424.791,10.075
24/02/19,10:00:00,5.231,7.945,424.791,9.903
24/02/19,11:00:00,7.845,9.312,424.791,9.780
24/02/19,12:00:00,12.268,12.558,379.278,9.706
24/02/19,13:00:00,15.748,18.057,424.791,9.608
24/02/19,14:00:00,17.534,21.175,379.278,9.632
24/02/19,15:00:00,18.010,22.465,379.278,10.026
24/02/19,16:00:00,18.652,23.040,379.278,10.369
24/02/19,17:00:00,18.533,22.321,424.791,10.638
24/02/19,18:00:00,17.177,19.793,424.791,10.810
24/02/19,19:00:00,14.649,15.963,424.791,10.907
24/02/19,20:00:00,12.437,13.112,424.791,11.053
24/02/19,21:00:00,10.516,11.346,424.791,11.029
24/02/19,22:00:00,8.965,10.026,537.327,10.980
24/02/19,23:00:00,7.945,9.262,424.791,10.932
25/02/19,00:00:00,7.192,8.593,424.791,10.883
25/02/19,01:00:00,6.611,8.095,424.791,10.810
25/02/19,02:00:00,6.128,7.745,424.791,10.736
25/02/19,03:00:00,5.745,7.444,424.791,10.638
25/02/19,04:00:00,5.437,7.192,424.791,10.541
25/02/19,05:00:00,5.128,6.839,424.791,10.467
25/02/19,06:00:00,4.844,6.585,537.327,10.394
25/02/19,07:00:00,4.688,6.408,424.791,10.320
25/02/19,08:00:00,4.662,6.864,424.791,10.198
25/02/19,09:00:00,5.693,8.319,424.791,9.928
25/02/19,10:00:00,7.015,9.262,424.791,9.756
25/02/19,11:00:00,9.460,10.541,424.791,9.682
25/02/19,12:00:00,12.920,13.954,424.791,9.583
25/02/19,13:00:00,16.415,19.318,424.791,9.583
25/02/19,14:00:00,18.699,22.250,424.791,9.731
25/02/19,15:00:00,19.532,23.569,424.791,10.198
25/02/19,16:00:00,19.770,23.064,424.791,10.663
25/02/19,17:00:00,19.294,21.437,424.791,10.883
25/02/19,18:00:00,18.224,19.746,424.791,11.029
25/02/19,19:00:00,15.414,16.558,424.791,11.175
25/02/19,20:00:00,13.401,14.194,424.791,11.346
25/02/19,21:00:00,11.662,12.582,424.791,11.346
25/02/19,22:00:00,10.124,11.200,424.791,11.297
25/02/19,23:00:00,9.238,10.345,424.791,11.248
26/02/19,00:00:00,8.419,9.682,424.791,11.224
26/02/19,01:00:00,7.870,9.213,424.791,11.151
26/02/19,02:00:00,7.343,8.742,537.327,11.078
26/02/19,03:00:00,6.864,8.319,537.327,11.029
26/02/19,04:00:00,6.458,7.970,537.327,10.956
26/02/19,05:00:00,6.153,7.745,424.791,10.858
26/02/19,06:00:00,5.924,7.594,537.327,10.761
26/02/19,07:00:00,5.821,7.619,424.791,10.663
26/02/19,08:00:00,6.230,8.444,424.791,10.516
26/02/19,09:00:00,7.519,10.026,424.791,10.247
26/02/19,10:00:00,8.891,11.102,424.791,10.124
26/02/19,11:00:00,9.829,11.783,424.791,10.026
26/02/19,12:00:00,11.880,13.016,424.791,9.977
26/02/19,13:00:00,14.768,15.939,424.791,9.952
26/02/19,14:00:00,16.534,17.986,424.791,10.026
26/02/19,15:00:00,16.987,18.842,424.791,10.247
26/02/19,16:00:00,17.320,19.318,424.791,10.541
26/02/19,17:00:00,17.320,18.438,424.791,10.883
26/02/19,18:00:00,14.816,15.581,424.791,11.078
26/02/19,19:00:00,13.882,14.912,424.791,11.078
26/02/19,20:00:00,12.582,13.618,424.791,11.053
26/02/19,21:00:00,11.224,12.243,424.791,11.151
26/02/19,22:00:00,10.124,11.248,424.791,11.175
26/02/19,23:00:00,9.139,10.296,537.327,11.200
27/02/19,00:00:00,8.394,9.682,424.791,11.175
27/02/19,01:00:00,7.820,9.089,424.791,11.127
27/02/19,02:00:00,7.368,8.767,424.791,11.078
27/02/19,03:00:00,6.940,8.394,424.791,11.029
27/02/19,04:00:00,6.636,8.070,424.791,10.956
27/02/19,05:00:00,6.331,7.770,424.791,10.883
27/02/19,06:00:00,6.051,7.519,537.327,10.810
27/02/19,07:00:00,5.770,7.444,424.791,10.712
27/02/19,08:00:00,5.847,8.095,424.791,10.565
27/02/19,09:00:00,7.066,9.509,424.791,10.369
27/02/19,10:00:00,7.995,10.418,424.791,10.198
27/02/19,11:00:00,9.040,11.200,424.791,10.124
27/02/19,12:00:00,12.243,12.823,424.791,10.075
27/02/19,13:00:00,15.796,16.177,424.791,10.026
27/02/19,14:00:00,17.415,18.105,379.278,10.001
27/02/19,15:00:00,16.939,18.580,379.278,10.222
27/02/19,16:00:00,17.106,18.842,424.791,10.565
27/02/19,17:00:00,16.915,18.628,424.791,11.005
27/02/19,18:00:00,16.725,18.033,424.791,11.151
27/02/19,19:00:00,15.629,15.986,424.791,11.321
27/02/19,20:00:00,14.050,14.529,424.791,11.297
27/02/19,21:00:00,12.001,12.582,424.791,11.370
27/02/19,22:00:00,10.516,11.346,424.791,11.394
27/02/19,23:00:00,9.583,10.761,424.791,11.346
28/02/19,00:00:00,8.817,10.051,424.791,11.346
28/02/19,01:00:00,8.170,9.460,537.327,11.297
28/02/19,02:00:00,7.645,8.990,424.791,11.248
28/02/19,03:00:00,7.343,8.866,537.327,11.175
28/02/19,04:00:00,7.041,8.668,424.791,11.078
28/02/19,05:00:00,6.914,8.568,424.791,10.980
28/02/19,06:00:00,6.712,8.668,424.791,10.907
28/02/19,07:00:00,7.041,9.410,424.791,10.761
28/02/19,08:00:00,7.645,10.026,537.327,10.638
28/02/19,09:00:00,8.344,10.785,424.791,10.516
28/02/19,10:00:00,9.064,11.492,424.791,10.394
28/02/19,11:00:00,9.952,12.195,424.791,10.345
28/02/19,12:00:00,13.233,13.978,424.791,10.296
28/02/19,13:00:00,16.344,17.153,424.791,10.271
28/02/19,14:00:00,18.057,18.818,424.791,10.271
28/02/19,15:00:00,18.675,20.150,379.278,10.516
28/02/19,16:00:00,18.866,20.341,424.791,10.932
28/02/19,17:00:00,17.391,17.772,424.791,11.297
28/02/19,18:00:00,16.106,16.487,424.791,11.394
28/02/19,19:00:00,14.912,15.605,424.791,11.370
28/02/19,20:00:00,13.666,14.673,424.791,11.394
28/02/19,21:00:00,11.929,13.666,424.791,11.419
28/02/19,22:00:00,11.419,13.305,424.791,11.394
28/02/19,23:00:00,11.127,13.064,424.791,11.370
01/03/19,00:00:00,10.883,12.871,424.791,11.346
01/03/19,01:00:00,10.565,12.461,424.791,11.321
01/03/19,02:00:00,10.001,11.832,424.791,11.297
01/03/19,03:00:00,9.509,11.273,424.791,11.273
01/03/19,04:00:00,9.015,10.638,424.791,11.248
01/03/19,05:00:00,8.543,10.222,424.791,11.224
01/03/19,06:00:00,8.245,10.075,424.791,11.175
01/03/19,07:00:00,7.970,9.682,424.791,11.127
01/03/19,08:00:00,7.820,9.854,424.791,11.029
01/03/19,09:00:00,8.220,10.687,424.791,10.858
01/03/19,10:00:00,8.916,11.565,424.791,10.712
01/03/19,11:00:00,11.127,12.871,424.791,10.614
01/03/19,12:00:00,15.247,16.320,424.791,10.565
01/03/19,13:00:00,17.653,20.793,379.278,10.565
01/03/19,14:00:00,19.318,23.304,379.278,10.638
01/03/19,15:00:00,19.912,24.895,379.278,11.102
01/03/19,16:00:00,19.841,23.785,379.278,11.662
01/03/19,17:00:00,19.341,23.545,424.791,11.880
01/03/19,18:00:00,17.772,21.175,424.791,12.050
01/03/19,19:00:00,16.320,18.604,424.791,12.098
01/03/19,20:00:00,14.697,15.533,424.791,12.171
01/03/19,21:00:00,12.727,13.570,537.327,12.122
01/03/19,22:00:00,11.394,12.678,424.791,12.050
01/03/19,23:00:00,10.492,11.953,424.791,11.929
02/03/19,00:00:00,9.829,11.734,424.791,11.807
02/03/19,01:00:00,9.460,11.710,424.791,11.686
02/03/19,02:00:00,9.089,11.589,424.791,11.589
02/03/19,03:00:00,8.817,11.467,424.791,11.492
02/03/19,04:00:00,8.618,11.151,424.791,11.443
02/03/19,05:00:00,8.270,10.761,424.791,11.394
02/03/19,06:00:00,8.170,10.663,424.791,11.346
02/03/19,07:00:00,8.220,10.712,424.791,11.273
02/03/19,08:00:00,8.295,10.858,424.791,11.200
02/03/19,09:00:00,8.643,11.346,424.791,11.078
02/03/19,10:00:00,8.941,11.734,424.791,10.980
02/03/19,11:00:00,10.124,12.437,424.791,10.883
02/03/19,12:00:00,13.666,14.505,424.791,10.834
02/03/19,13:00:00,16.868,18.747,424.791,10.810
02/03/19,14:00:00,18.200,19.389,379.278,10.810
02/03/19,15:00:00,18.366,20.150,379.278,11.053
02/03/19,16:00:00,18.485,21.246,379.278,11.346
02/03/19,17:00:00,17.867,20.770,379.278,11.734
02/03/19,18:00:00,16.773,19.127,424.791,12.050
02/03/19,19:00:00,15.318,16.701,424.791,12.147
02/03/19,20:00:00,14.122,15.199,424.791,12.122
02/03/19,21:00:00,12.389,13.401,424.791,12.171
02/03/19,22:00:00,11.053,12.364,424.791,12.122
02/03/19,23:00:00,10.418,12.025,424.791,12.025
03/03/19,00:00:00,10.124,12.219,424.791,11.904
03/03/19,01:00:00,9.534,11.346,424.791,11.832
03/03/19,02:00:00,9.163,11.053,424.791,11.783
03/03/19,03:00:00,8.593,10.467,424.791,11.759
03/03/19,04:00:00,8.369,10.638,424.791,11.662
03/03/19,05:00:00,8.245,10.516,424.791,11.565
03/03/19,06:00:00,7.820,10.026,424.791,11.516
03/03/19,07:00:00,7.770,10.075,424.791,11.467
03/03/19,08:00:00,7.770,10.198,424.791,11.370
03/03/19,09:00:00,8.494,11.151,424.791,11.200
03/03/19,10:00:00,9.163,11.856,424.791,11.078
03/03/19,11:00:00,10.198,12.582,424.791,11.005
03/03/19,12:00:00,13.233,14.122,424.791,10.932
03/03/19,13:00:00,16.296,16.987,379.278,10.907
03/03/19,14:00:00,17.724,18.295,379.278,10.883
03/03/19,15:00:00,17.962,18.937,379.278,11.053
03/03/19,16:00:00,17.748,19.127,379.278,11.394
03/03/19,17:00:00,17.130,18.937,379.278,11.686
03/03/19,18:00:00,16.129,17.701,424.791,11.880
03/03/19,19:00:00,14.816,15.891,424.791,12.025
03/03/19,20:00:00,13.281,14.098,424.791,12.147
03/03/19,21:00:00,11.904,12.944,424.791,12.171
03/03/19,22:00:00,10.663,12.001,424.791,12.122
03/03/19,23:00:00,9.952,11.565,424.791,12.050
04/03/19,00:00:00,9.509,11.419,424.791,11.953
04/03/19,01:00:00,9.410,11.565,424.791,11.856
04/03/19,02:00:00,9.509,11.856,424.791,11.734
04/03/19,03:00:00,9.632,12.050,424.791,11.637
04/03/19,04:00:00,9.608,12.195,424.791,11.516
04/03/19,05:00:00,9.657,12.268,424.791,11.443
04/03/19,06:00:00,9.706,12.243,424.791,11.394
04/03/19,07:00:00,9.706,12.268,424.791,11.346
04/03/19,08:00:00,9.854,12.413,424.791,11.297
04/03/19,09:00:00,9.952,12.364,424.791,11.248
04/03/19,10:00:00,10.320,12.823,424.791,11.151
04/03/19,11:00:00,11.127,13.329,379.278,11.102
04/03/19,12:00:00,13.882,14.649,379.278,11.029
04/03/19,13:00:00,16.796,16.844,379.278,11.005
04/03/19,14:00:00,18.747,18.961,379.278,11.102
04/03/19,15:00:00,17.463,17.891,379.278,11.516
04/03/19,16:00:00,17.653,18.723,379.278,11.686
04/03/19,17:00:00,16.558,17.368,379.278,11.953
04/03/19,18:00:00,15.509,16.534,424.791,11.977
04/03/19,19:00:00,14.218,15.485,424.791,12.001
04/03/19,20:00:00,12.847,14.481,424.791,12.050
04/03/19,21:00:00,12.292,14.050,424.791,12.098
04/03/19,22:00:00,11.807,13.522,424.791,12.074
04/03/19,23:00:00,11.394,13.305,424.791,12.025
05/03/19,00:00:00,11.029,13.112,424.791,11.953
05/03/19,01:00:00,10.516,12.340,424.791,11.929
05/03/19,02:00:00,9.928,11.832,424.791,11.904
05/03/19,03:00:00,9.657,11.807,424.791,11.832
05/03/19,04:00:00,9.558,12.001,424.791,11.734
05/03/19,05:00:00,9.460,11.953,424.791,11.662
05/03/19,06:00:00,9.287,11.759,424.791,11.613
05/03/19,07:00:00,9.188,11.832,424.791,11.540
05/03/19,08:00:00,9.287,11.904,424.791,11.467
05/03/19,09:00:00,9.485,12.122,424.791,11.394
05/03/19,10:00:00,9.731,12.098,424.791,11.394
05/03/19,11:00:00,11.029,13.449,424.791,11.248
05/03/19,12:00:00,12.268,14.146,424.791,11.175
05/03/19,13:00:00,14.218,15.414,424.791,11.175
05/03/19,14:00:00,14.577,16.272,379.278,11.127
05/03/19,15:00:00,13.786,15.461,379.278,11.224
05/03/19,16:00:00,12.122,13.738,424.791,11.467
05/03/19,17:00:00,12.678,15.175,424.791,11.370
05/03/19,18:00:00,11.297,12.823,424.791,11.492
05/03/19,19:00:00,10.736,12.775,424.791,11.467
05/03/19,20:00:00,10.394,12.582,424.791,11.443
05/03/19,21:00:00,10.124,12.437,424.791,11.419
05/03/19,22:00:00,9.879,12.316,424.791,11.394
05/03/19,23:00:00,9.829,12.340,424.791,11.346
06/03/19,00:00:00,9.731,12.219,424.791,11.321
06/03/19,01:00:00,9.608,12.122,424.791,11.273
06/03/19,02:00:00,9.213,11.759,424.791,11.273
06/03/19,03:00:00,8.668,11.297,424.791,11.248
06/03/19,04:00:00,8.295,10.956,424.791,11.224
06/03/19,05:00:00,7.995,10.687,424.791,11.200
06/03/19,06:00:00,7.795,10.467,424.791,11.127
06/03/19,07:00:00,7.720,10.369,424.791,11.078
06/03/19,08:00:00,7.895,10.541,424.791,10.980
06/03/19,09:00:00,8.170,10.663,424.791,10.907
06/03/19,10:00:00,8.220,10.590,424.791,10.858
06/03/19,11:00:00,8.195,10.394,424.791,10.810
06/03/19,12:00:00,8.693,10.834,424.791,10.712
06/03/19,13:00:00,10.492,12.147,424.791,10.638
06/03/19,14:00:00,11.710,13.497,424.791,10.541
06/03/19,15:00:00,11.589,13.522,379.278,10.516
06/03/19,16:00:00,10.883,13.425,424.791,10.516
06/03/19,17:00:00,10.100,12.823,379.278,10.565
06/03/19,18:00:00,9.632,12.001,379.278,10.590
06/03/19,19:00:00,7.995,10.198,424.791,10.761
06/03/19,20:00:00,7.242,9.064,379.278,10.834
06/03/19,21:00:00,6.382,8.070,424.791,10.834
06/03/19,22:00:00,5.847,7.670,424.791,10.736
06/03/19,23:00:00,5.385,7.192,424.791,10.638
07/03/19,00:00:00,4.688,6.382,379.278,10.590
07/03/19,01:00:00,3.985,5.719,-75.392,10.516
07/03/19,02:00:00,3.538,5.334,-78.053,10.418
07/03/19,03:00:00,3.274,5.179,-78.053,10.296
07/03/19,04:00:00,3.009,5.076,-78.053,10.173
07/03/19,05:00:00,2.877,4.999,-78.053,10.051
07/03/19,06:00:00,3.009,5.205,424.791,9.928
07/03/19,07:00:00,3.089,5.205,424.791,9.829
07/03/19,08:00:00,2.983,4.869,424.791,9.756
07/03/19,09:00:00,3.063,4.999,424.791,9.608
07/03/19,10:00:00,3.274,5.411,424.791,9.410
07/03/19,11:00:00,5.024,6.914,379.278,9.188
07/03/19,12:00:00,8.990,10.687,379.278,9.040
07/03/19,13:00:00,12.509,15.581,379.278,8.941
07/03/19,14:00:00,14.050,16.796,351.436,8.941
07/03/19,15:00:00,13.546,17.486,379.278,9.089
07/03/19,16:00:00,14.649,18.771,351.436,9.361
07/03/19,17:00:00,14.242,17.582,351.436,9.682
07/03/19,18:00:00,13.546,15.963,379.278,9.879
07/03/19,19:00:00,12.389,13.810,379.278,10.051
07/03/19,20:00:00,10.516,11.540,424.791,10.222
07/03/19,21:00:00,8.866,10.026,379.278,10.320
07/03/19,22:00:00,7.895,9.485,379.278,10.247
07/03/19,23:00:00,6.839,8.965,379.278,10.198
08/03/19,00:00:00,6.102,8.792,379.278,10.100
08/03/19,01:00:00,5.949,8.543,379.278,10.026
08/03/19,02:00:00,5.591,8.369,379.278,9.928
08/03/19,03:00:00,5.360,8.195,379.278,9.854
08/03/19,04:00:00,5.231,8.070,379.278,9.756
08/03/19,05:00:00,5.179,7.920,379.278,9.682
08/03/19,06:00:00,5.360,7.995,424.791,9.608
08/03/19,07:00:00,5.514,8.070,379.278,9.534
08/03/19,08:00:00,5.898,8.394,379.278,9.435
08/03/19,09:00:00,6.204,8.593,379.278,9.336
08/03/19,10:00:00,6.712,8.990,351.436,9.262
08/03/19,11:00:00,6.864,9.064,379.278,9.238
08/03/19,12:00:00,7.469,9.657,379.278,9.188
08/03/19,13:00:00,8.568,10.883,351.436,9.089
08/03/19,14:00:00,10.124,12.823,379.278,8.965
08/03/19,15:00:00,11.880,15.008,351.436,8.916
08/03/19,16:00:00,11.370,13.353,379.278,9.114
08/03/19,17:00:00,11.346,13.233,379.278,9.213
08/03/19,18:00:00,11.053,12.534,379.278,9.287
08/03/19,19:00:00,10.369,11.662,379.278,9.410
08/03/19,20:00:00,9.706,11.151,424.791,9.509
08/03/19,21:00:00,9.163,10.761,424.791,9.534
08/03/19,22:00:00,8.693,10.467,424.791,9.558
08/03/19,23:00:00,7.695,9.805,424.791,9.608
09/03/19,00:00:00,7.343,9.583,424.791,9.583
09/03/19,01:00:00,7.091,9.361,424.791,9.583
09/03/19,02:00:00,6.737,9.015,379.278,9.558
09/03/19,03:00:00,6.458,8.891,424.791,9.509
09/03/19,04:00:00,6.255,8.742,379.278,9.460
09/03/19,05:00:00,6.204,8.469,424.791,9.435
09/03/19,06:00:00,5.924,8.170,379.278,9.410
09/03/19,07:00:00,5.437,7.695,424.791,9.410
09/03/19,08:00:00,5.205,7.619,379.278,9.361
09/03/19,09:00:00,5.668,8.543,379.278,9.213
09/03/19,10:00:00,6.990,9.485,351.436,9.064
09/03/19,11:00:00,7.720,9.780,351.436,9.015
09/03/19,12:00:00,10.173,11.540,351.436,8.965
09/03/19,13:00:00,11.904,12.968,351.436,8.965
09/03/19,14:00:00,13.570,15.724,351.436,8.916
09/03/19,15:00:00,14.433,16.701,351.436,8.941
09/03/19,16:00:00,14.337,16.058,351.436,9.238
09/03/19,17:00:00,13.906,16.487,351.436,9.460
09/03/19,18:00:00,12.896,15.247,379.278,9.780
09/03/19,19:00:00,11.516,13.137,379.278,10.001
09/03/19,20:00:00,10.345,11.321,379.278,10.222
09/03/19,21:00:00,8.941,9.952,424.791,10.247
09/03/19,22:00:00,7.895,9.188,379.278,10.198
09/03/19,23:00:00,6.940,8.419,424.791,10.149
10/03/19,00:00:00,6.230,7.845,424.791,10.100
10/03/19,01:00:00,5.693,7.519,424.791,10.026
10/03/19,02:00:00,5.796,8.369,379.278,9.829
10/03/19,03:00:00,6.000,8.693,379.278,9.657
10/03/19,04:00:00,6.102,8.817,379.278,9.558
10/03/19,05:00:00,6.153,8.866,379.278,9.485
10/03/19,06:00:00,6.153,8.916,379.278,9.435
10/03/19,07:00:00,6.153,8.916,379.278,9.386
10/03/19,08:00:00,6.306,9.089,379.278,9.336
10/03/19,09:00:00,6.763,9.558,379.278,9.238
10/03/19,10:00:00,7.268,10.075,379.278,9.163
10/03/19,11:00:00,8.444,10.834,379.278,9.139
10/03/19,12:00:00,9.780,11.565,379.278,9.139
10/03/19,13:00:00,10.198,12.001,379.278,9.163
10/03/19,14:00:00,10.467,12.147,351.436,9.213
10/03/19,15:00:00,10.663,12.509,379.278,9.238
10/03/19,16:00:00,10.883,12.558,379.278,9.262
10/03/19,17:00:00,10.149,11.783,379.278,9.460
10/03/19,18:00:00,9.336,11.224,379.278,9.509
10/03/19,19:00:00,8.941,11.151,379.278,9.485
10/03/19,20:00:00,8.295,10.590,379.278,9.583
10/03/19,21:00:00,7.720,10.124,424.791,9.632
10/03/19,22:00:00,7.368,9.829,379.278,9.632
10/03/19,23:00:00,7.343,9.805,379.278,9.608
11/03/19,00:00:00,6.889,8.941,379.278,9.657
11/03/19,01:00:00,6.331,8.419,379.278,9.657
11/03/19,02:00:00,5.719,7.720,379.278,9.657
11/03/19,03:00:00,5.411,7.544,379.278,9.608
11/03/19,04:00:00,5.050,7.116,424.791,9.583
11/03/19,05:00:00,4.740,6.839,424.791,9.534
11/03/19,06:00:00,4.506,6.737,379.278,9.460
11/03/19,07:00:00,4.714,7.569,379.278,9.312
11/03/19,08:00:00,5.076,7.895,379.278,9.238
11/03/19,09:00:00,5.385,8.195,379.278,9.139
11/03/19,10:00:00,5.847,8.543,379.278,9.064
11/03/19,11:00:00,6.535,9.114,379.278,8.990
11/03/19,12:00:00,9.312,10.858,379.278,8.916
11/03/19,13:00:00,11.710,12.437,379.278,8.891
11/03/19,14:00:00,12.630,13.786,351.436,8.891
11/03/19,15:00:00,12.195,13.522,351.436,9.015
11/03/19,16:00:00,12.195,14.337,351.436,9.040
11/03/19,17:00:00,11.443,13.353,379.278,9.238
11/03/19,18:00:00,10.810,12.920,379.278,9.312
11/03/19,19:00:00,9.731,11.832,379.278,9.460
11/03/19,20:00:00,8.941,11.102,379.278,9.583
11/03/19,21:00:00,8.444,10.736,379.278,9.608
11/03/19,22:00:00,7.995,10.443,379.278,9.608
11/03/19,23:00:00,7.670,10.222,379.278,9.583
12/03/19,00:00:00,7.343,9.977,379.278,9.534
12/03/19,01:00:00,7.242,9.879,379.278,9.485
12/03/19,02:00:00,7.242,9.879,379.278,9.435
12/03/19,03:00:00,7.142,9.780,379.278,9.386
12/03/19,04:00:00,7.041,9.682,379.278,9.361
12/03/19,05:00:00,6.889,9.534,379.278,9.336
12/03/19,06:00:00,6.382,9.040,424.791,9.361
12/03/19,07:00:00,5.898,8.643,379.278,9.361
12/03/19,08:00:00,5.668,8.494,379.278,9.312
12/03/19,09:00:00,5.872,8.643,379.278,9.238
12/03/19,10:00:00,6.000,8.792,379.278,9.114
12/03/19,11:00:00,6.331,8.965,379.278,9.040
12/03/19,12:00:00,8.519,10.124,379.278,8.941
12/03/19,13:00:00,10.492,11.856,351.436,8.891
12/03/19,14:00:00,11.662,12.896,379.278,8.891
12/03/19,15:00:00,11.759,13.329,351.436,8.891
12/03/19,16:00:00,10.883,12.992,379.278,9.015
12/03/19,17:00:00,11.053,13.329,351.436,9.040
12/03/19,18:00:00,10.443,12.461,379.278,9.188
12/03/19,19:00:00,9.583,11.346,379.278,9.336
12/03/19,20:00:00,8.618,10.271,379.278,9.485
12/03/19,21:00:00,7.419,9.114,379.278,9.558
12/03/19,22:00:00,7.343,9.460,379.278,9.485
12/03/19,23:00:00,7.142,9.361,379.278,9.435
13/03/19,00:00:00,6.889,9.163,379.278,9.386
13/03/19,01:00:00,6.661,8.941,379.278,9.361
13/03/19,02:00:00,6.382,8.693,379.278,9.312
13/03/19,03:00:00,6.128,8.494,379.278,9.262
13/03/19,04:00:00,5.924,8.295,379.278,9.213
13/03/19,05:00:00,5.796,8.145,424.791,9.163
13/03/19,06:00:00,5.719,8.045,424.791,9.089
13/03/19,07:00:00,5.565,7.845,379.278,9.040
13/03/19,08:00:00,5.308,7.519,424.791,9.015
13/03/19,09:00:00,5.821,8.469,379.278,8.891
13/03/19,10:00:00,6.051,8.693,379.278,8.792
13/03/19,11:00:00,6.357,8.767,379.278,8.693
13/03/19,12:00:00,8.965,10.247,379.278,8.618
13/03/19,13:00:00,11.904,12.751,379.278,8.543
13/03/19,14:00:00,13.642,15.247,351.436,8.494
13/03/19,15:00:00,13.858,15.796,351.436,8.494
13/03/19,16:00:00,13.209,15.915,351.436,8.643
13/03/19,17:00:00,12.630,14.601,351.436,8.916
13/03/19,18:00:00,11.540,13.666,379.278,9.040
13/03/19,19:00:00,10.198,12.122,379.278,9.139
13/03/19,20:00:00,8.593,10.173,379.278,9.361
13/03/19,21:00:00,7.569,9.312,379.278,9.435
13/03/19,22:00:00,7.142,9.163,424.791,9.386
13/03/19,23:00:00,7.066,9.287,379.278,9.312
14/03/19,00:00:00,6.585,8.643,379.278,9.287
14/03/19,01:00:00,6.026,8.020,424.791,9.287
14/03/19,02:00:00,5.308,7.268,424.791,9.262
14/03/19,03:00:00,4.999,7.192,424.791,9.188
14/03/19,04:00:00,4.714,6.965,424.791,9.139
14/03/19,05:00:00,4.584,7.041,424.791,9.040
14/03/19,06:00:00,4.532,7.116,424.791,8.965
14/03/19,07:00:00,4.688,7.393,379.278,8.866
14/03/19,08:00:00,5.050,7.795,379.278,8.792
14/03/19,09:00:00,5.719,8.593,379.278,8.693
14/03/19,10:00:00,6.128,9.238,379.278,8.519
14/03/19,11:00:00,7.519,10.296,379.278,8.444
14/03/19,12:00:00,9.854,11.929,379.278,8.444
14/03/19,13:00:00,12.896,15.581,351.436,8.344
14/03/19,14:00:00,14.409,17.748,351.436,8.369
14/03/19,15:00:00,14.361,16.392,351.436,8.568
14/03/19,16:00:00,13.329,14.840,351.436,8.841
14/03/19,17:00:00,12.243,14.505,379.278,9.015
14/03/19,18:00:00,11.856,14.194,379.278,9.089
14/03/19,19:00:00,10.443,12.292,379.278,9.238
14/03/19,20:00:00,8.841,10.443,379.278,9.435
14/03/19,21:00:00,7.494,9.139,379.278,9.509
14/03/19,22:00:00,7.242,9.361,379.278,9.460
14/03/19,23:00:00,6.990,9.188,379.278,9.410
15/03/19,00:00:00,6.000,7.995,424.791,9.435
15/03/19,01:00:00,5.257,7.268,424.791,9.460
15/03/19,02:00:00,4.610,6.763,379.278,9.435
15/03/19,03:00:00,4.089,6.357,379.278,9.361
15/03/19,04:00:00,3.643,5.975,424.791,9.287
15/03/19,05:00:00,3.433,5.872,379.278,9.213
15/03/19,06:00:00,3.195,5.616,379.278,9.139
15/03/19,07:00:00,2.877,5.308,424.791,9.040
15/03/19,08:00:00,2.823,5.360,424.791,8.965
15/03/19,09:00:00,3.195,6.077,424.791,8.742
15/03/19,10:00:00,4.141,7.041,379.278,8.543
15/03/19,11:00:00,6.230,8.444,379.278,8.419
15/03/19,12:00:00,9.534,11.953,379.278,8.295
15/03/19,13:00:00,12.389,15.939,351.436,8.245
15/03/19,14:00:00,14.170,18.461,351.436,8.170
15/03/19,15:00:00,14.721,19.841,351.436,8.245
15/03/19,16:00:00,14.792,20.246,351.436,8.543
15/03/19,17:00:00,13.858,19.127,351.436,9.089
15/03/19,18:00:00,12.147,16.129,351.436,9.386
15/03/19,19:00:00,10.418,13.329,379.278,9.558
15/03/19,20:00:00,9.213,11.613,379.278,9.706
15/03/19,21:00:00,8.145,10.443,424.791,9.657
15/03/19,22:00:00,7.192,9.756,424.791,9.534
15/03/19,23:00:00,6.458,8.941,424.791,9.460
16/03/19,00:00:00,5.745,8.245,424.791,9.410
16/03/19,01:00:00,5.282,8.020,424.791,9.336
16/03/19,02:00:00,5.024,7.845,424.791,9.262
16/03/19,03:00:00,4.947,7.770,424.791,9.163
16/03/19,04:00:00,4.844,7.594,379.278,9.089
16/03/19,05:00:00,4.947,7.645,424.791,9.015
16/03/19,06:00:00,5.257,8.195,379.278,8.941
16/03/19,07:00:00,5.668,8.643,379.278,8.866
16/03/19,08:00:00,5.872,8.742,379.278,8.841
16/03/19,09:00:00,6.611,9.435,379.278,8.767
16/03/19,10:00:00,7.745,10.590,379.278,8.693
16/03/19,11:00:00,9.657,12.485,379.278,8.593
16/03/19,12:00:00,11.783,15.175,351.436,8.519
16/03/19,13:00:00,14.146,18.271,351.436,8.494
16/03/19,14:00:00,15.963,21.032,351.436,8.444
16/03/19,15:00:00,16.939,22.226,351.436,8.693
16/03/19,16:00:00,16.415,21.891,351.436,9.336
16/03/19,17:00:00,15.557,20.555,351.436,9.756
16/03/19,18:00:00,14.505,18.033,379.278,9.928
16/03/19,19:00:00,12.823,15.055,379.278,10.124
16/03/19,20:00:00,11.516,13.570,424.791,10.198
16/03/19,21:00:00,10.541,12.968,379.278,10.124
16/03/19,22:00:00,10.026,12.606,424.791,10.026
16/03/19,23:00:00,9.361,11.977,424.791,10.001
17/03/19,00:00:00,9.139,11.904,379.278,9.928
17/03/19,01:00:00,8.668,11.248,424.791,9.903
17/03/19,02:00:00,8.494,11.321,424.791,9.854
17/03/19,03:00:00,7.995,10.590,424.791,9.829
17/03/19,04:00:00,6.864,9.163,424.791,9.903
17/03/19,05:00:00,6.255,8.693,424.791,9.879
17/03/19,06:00:00,5.642,8.070,424.791,9.854
17/03/19,07:00:00,5.231,7.795,424.791,9.829
17/03/19,08:00:00,4.947,7.670,424.791,9.731
17/03/19,09:00:00,5.334,8.742,424.791,9.509
17/03/19,10:00:00,6.813,10.001,424.791,9.336
17/03/19,11:00:00,7.795,10.712,379.278,9.238
17/03/19,12:00:00,10.565,13.786,379.278,9.139
17/03/19,13:00:00,11.589,14.553,379.278,9.114
17/03/19,14:00:00,11.078,14.050,379.278,9.188
17/03/19,15:00:00,12.461,16.415,379.278,9.188
17/03/19,16:00:00,12.316,15.891,379.278,9.262
17/03/19,17:00:00,11.929,15.485,379.278,9.460
17/03/19,18:00:00,10.663,14.218,379.278,9.534
17/03/19,19:00:00,9.682,12.944,379.278,9.731
17/03/19,20:00:00,8.841,11.710,379.278,9.879
17/03/19,21:00:00,8.866,11.783,379.278,9.854
17/03/19,22:00:00,8.568,11.443,379.278,9.854
17/03/19,23:00:00,8.394,11.321,379.278,9.829
18/03/19,00:00:00,7.995,10.712,379.278,9.829
18/03/19,01:00:00,7.066,9.780,379.278,9.879
18/03/19,02:00:00,6.230,9.238,424.791,9.879
18/03/19,03:00:00,5.924,8.941,379.278,9.829
18/03/19,04:00:00,5.668,8.767,379.278,9.756
18/03/19,05:00:00,6.026,9.139,379.278,9.657
18/03/19,06:00:00,6.661,9.706,379.278,9.534
18/03/19,07:00:00,7.116,10.051,379.278,9.460
18/03/19,08:00:00,7.318,10.271,379.278,9.410
18/03/19,09:00:00,7.745,10.736,379.278,9.361
18/03/19,10:00:00,8.070,11.029,379.278,9.336
18/03/19,11:00:00,8.494,11.467,379.278,9.336
18/03/19,12:00:00,9.188,12.219,379.278,9.312
18/03/19,13:00:00,10.100,13.257,379.278,9.312
18/03/19,14:00:00,10.222,13.473,379.278,9.386
18/03/19,15:00:00,9.952,13.064,379.278,9.460
18/03/19,16:00:00,10.075,13.257,379.278,9.485
18/03/19,17:00:00,9.731,12.847,379.278,9.608
18/03/19,18:00:00,9.952,13.137,379.278,9.632
18/03/19,19:00:00,9.879,13.064,379.278,9.682
18/03/19,20:00:00,9.336,12.413,379.278,9.780
18/03/19,21:00:00,9.089,12.098,379.278,9.805
18/03/19,22:00:00,8.891,11.904,379.278,9.805
18/03/19,23:00:00,8.693,11.710,379.278,9.829
19/03/19,00:00:00,8.568,11.589,379.278,9.805
19/03/19,01:00:00,8.419,11.419,379.278,9.805
19/03/19,02:00:00,8.295,11.273,379.278,9.805
19/03/19,03:00:00,8.095,10.980,379.278,9.805
19/03/19,04:00:00,8.020,10.956,379.278,9.780
19/03/19,05:00:00,8.020,10.907,379.278,9.756
19/03/19,06:00:00,7.970,10.785,379.278,9.731
19/03/19,07:00:00,7.820,10.516,379.278,9.731
19/03/19,08:00:00,7.795,10.663,379.278,9.706
19/03/19,09:00:00,8.444,11.540,379.278,9.608
19/03/19,10:00:00,10.051,13.401,379.278,9.485
19/03/19,11:00:00,11.759,14.745,379.278,9.435
19/03/19,12:00:00,13.570,17.058,351.436,9.410
19/03/19,13:00:00,15.103,19.436,351.436,9.435
19/03/19,14:00:00,15.366,18.295,379.278,9.558
19/03/19,15:00:00,14.625,17.391,379.278,9.805
19/03/19,16:00:00,14.792,18.771,379.278,9.829
19/03/19,17:00:00,14.888,19.127,351.436,9.928
19/03/19,18:00:00,14.290,17.439,379.278,10.173
19/03/19,19:00:00,12.920,15.629,379.278,10.369
19/03/19,20:00:00,11.783,14.337,379.278,10.467
19/03/19,21:00:00,11.224,14.002,379.278,10.467
19/03/19,22:00:00,10.834,13.666,379.278,10.443
19/03/19,23:00:00,10.590,13.401,379.278,10.418
20/03/19,00:00:00,10.443,13.257,379.278,10.394
20/03/19,01:00:00,10.271,13.088,379.278,10.369
20/03/19,02:00:00,10.124,12.920,379.278,10.369
20/03/19,03:00:00,9.534,11.832,379.278,10.418
20/03/19,04:00:00,8.742,10.956,379.278,10.467
20/03/19,05:00:00,8.220,10.590,379.278,10.467
20/03/19,06:00:00,7.770,10.075,379.278,10.418
20/03/19,07:00:00,7.293,9.682,379.278,10.394
20/03/19,08:00:00,6.965,9.558,424.791,10.320
20/03/19,09:00:00,7.393,10.590,379.278,10.124
20/03/19,10:00:00,8.494,11.807,379.278,9.977
20/03/19,11:00:00,9.583,12.968,351.436,9.854
20/03/19,12:00:00,11.151,14.314,351.436,9.829
20/03/19,13:00:00,11.637,14.529,351.436,9.854
20/03/19,14:00:00,12.509,15.652,351.436,9.854
20/03/19,15:00:00,12.147,14.936,379.278,10.001
20/03/19,16:00:00,12.437,15.366,351.436,10.026
20/03/19,17:00:00,12.292,15.199,351.436,10.124
20/03/19,18:00:00,11.540,14.146,379.278,10.247
20/03/19,19:00:00,10.956,13.570,379.278,10.345
20/03/19,20:00:00,10.516,13.112,379.278,10.369
20/03/19,21:00:00,10.369,13.137,379.278,10.394
20/03/19,22:00:00,10.124,12.871,379.278,10.394
20/03/19,23:00:00,10.001,12.775,379.278,10.418
21/03/19,00:00:00,9.879,12.630,379.278,10.418
21/03/19,01:00:00,9.583,12.122,379.278,10.443
21/03/19,02:00:00,8.618,10.712,379.278,10.541
21/03/19,03:00:00,8.045,10.345,379.278,10.541
21/03/19,04:00:00,7.444,9.608,379.278,10.541
21/03/19,05:00:00,6.940,9.139,424.791,10.516
21/03/19,06:00:00,6.484,8.742,379.278,10.467
21/03/19,07:00:00,6.102,8.344,379.278,10.418
21/03/19,08:00:00,5.821,8.245,379.278,10.320
21/03/19,09:00:00,6.026,9.410,379.278,10.100
21/03/19,10:00:00,7.268,10.907,379.278,9.903
21/03/19,11:00:00,8.817,12.219,351.436,9.805
21/03/19,12:00:00,11.102,13.930,351.436,9.780
21/03/19,13:00:00,13.473,16.534,351.436,9.731
21/03/19,14:00:00,14.768,17.724,351.436,9.731
21/03/19,15:00:00,15.390,18.771,351.436,9.780
21/03/19,16:00:00,14.266,16.677,379.278,10.149
21/03/19,17:00:00,14.146,18.200,351.436,10.173
21/03/19,18:00:00,13.425,16.701,351.436,10.418
21/03/19,19:00:00,12.025,14.697,379.278,10.736
21/03/19,20:00:00,11.273,13.810,379.278,10.785
21/03/19,21:00:00,10.394,12.534,379.278,10.834
21/03/19,22:00:00,9.682,12.025,379.278,10.810
21/03/19,23:00:00,9.361,11.953,379.278,10.712
22/03/19,00:00:00,8.941,11.297,379.278,10.687
22/03/19,01:00:00,8.394,10.761,379.278,10.663
22/03/19,02:00:00,8.220,10.663,379.278,10.638
22/03/19,03:00:00,8.120,10.712,379.278,10.565
22/03/19,04:00:00,7.770,10.222,379.278,10.565
22/03/19,05:00:00,7.594,10.198,379.278,10.516
22/03/19,06:00:00,7.494,10.296,379.278,10.443
22/03/19,07:00:00,6.408,6.990,379.278,10.418
22/03/19,08:00:00,5.693,6.813,379.278,10.247
22/03/19,09:00:00,5.668,6.940,379.278,10.100
22/03/19,10:00:00,6.179,8.245,379.278,9.903
22/03/19,11:00:00,6.535,9.015,379.278,9.731
22/03/19,12:00:00,8.245,11.248,351.436,9.534
22/03/19,13:00:00,9.163,11.977,379.278,9.485
22/03/19,14:00:00,11.346,15.796,351.436,9.287
22/03/19,15:00:00,12.703,16.487,351.436,9.312
22/03/19,16:00:00,12.703,17.463,351.436,9.287
22/03/19,17:00:00,12.847,17.677,351.436,9.410
22/03/19,18:00:00,11.467,15.772,351.436,9.632
22/03/19,19:00:00,10.369,13.762,379.278,9.952
22/03/19,20:00:00,9.312,11.977,379.278,10.198
22/03/19,21:00:00,8.519,11.053,379.278,10.222
22/03/19,22:00:00,7.945,10.590,379.278,10.198
22/03/19,23:00:00,7.393,9.928,379.278,10.173
23/03/19,00:00:00,6.763,9.089,424.791,10.173
23/03/19,01:00:00,6.204,8.519,424.791,10.173
23/03/19,02:00:00,5.745,8.120,424.791,10.124
23/03/19,03:00:00,5.385,7.795,424.791,10.075
23/03/19,04:00:00,5.102,7.594,424.791,10.001
23/03/19,05:00:00,4.921,7.544,424.791,9.928
23/03/19,06:00:00,4.818,7.569,424.791,9.829
23/03/19,07:00:00,4.869,7.870,379.278,9.731
23/03/19,08:00:00,5.102,8.295,379.278,9.608
23/03/19,09:00:00,5.770,9.287,379.278,9.460
23/03/19,10:00:00,6.560,10.100,379.278,9.312
23/03/19,11:00:00,7.015,10.149,379.278,9.312
23/03/19,12:00:00,7.795,11.175,379.278,9.262
23/03/19,13:00:00,8.245,11.175,379.278,9.262
23/03/19,14:00:00,9.460,12.847,379.278,9.188
23/03/19,15:00:00,10.590,13.882,379.278,9.163
23/03/19,16:00:00,10.638,13.594,379.278,9.213
23/03/19,17:00:00,10.124,13.257,351.436,9.238
23/03/19,18:00:00,9.509,12.606,351.436,9.287
23/03/19,19:00:00,8.965,11.856,379.278,9.460
23/03/19,20:00:00,8.519,11.346,379.278,9.583
23/03/19,21:00:00,8.145,11.029,379.278,9.608
23/03/19,22:00:00,7.995,10.932,379.278,9.608
23/03/19,23:00:00,7.920,10.907,379.278,9.583
24/03/19,00:00:00,7.770,10.785,379.278,9.583
24/03/19,01:00:00,7.870,10.883,379.278,9.558
24/03/19,02:00:00,7.895,10.883,379.278,9.558
24/03/19,03:00:00,7.820,10.810,379.278,9.558
24/03/19,04:00:00,7.795,10.761,379.278,9.558
24/03/19,05:00:00,7.795,10.712,379.278,9.558
24/03/19,06:00:00,7.670,10.541,379.278,9.583
24/03/19,07:00:00,7.469,10.369,379.278,9.583
24/03/19,08:00:00,7.419,10.320,379.278,9.583
24/03/19,09:00:00,7.343,10.271,379.278,9.558
24/03/19,10:00:00,7.544,10.492,379.278,9.509
24/03/19,11:00:00,7.995,10.883,379.278,9.460
24/03/19,12:00:00,8.916,11.734,379.278,9.386
24/03/19,13:00:00,9.608,12.364,379.278,9.336
24/03/19,14:00:00,10.980,14.026,351.436,9.262
24/03/19,15:00:00,11.005,13.522,351.436,9.336
24/03/19,16:00:00,10.345,12.799,379.278,9.435
24/03/19,17:00:00,9.780,12.171,379.278,9.534
24/03/19,18:00:00,9.386,11.856,379.278,9.583
24/03/19,19:00:00,9.163,11.734,379.278,9.583
24/03/19,20:00:00,9.015,11.637,379.278,9.608
24/03/19,21:00:00,8.866,11.540,379.278,9.632
24/03/19,22:00:00,8.817,11.516,379.278,9.682
24/03/19,23:00:00,8.717,11.467,379.278,9.731
25/03/19,00:00:00,8.643,11.443,379.278,9.731
25/03/19,01:00:00,8.618,11.394,379.278,9.731
25/03/19,02:00:00,8.568,11.346,379.278,9.780
25/03/19,03:00:00,8.494,11.224,379.278,9.780
25/03/19,04:00:00,8.419,11.200,379.278,9.780
25/03/19,05:00:00,8.245,11.029,379.278,9.805
25/03/19,06:00:00,8.120,10.932,379.278,9.780
25/03/19,07:00:00,8.020,10.834,379.278,9.780
25/03/19,08:00:00,7.920,10.590,379.278,9.657
25/03/19,09:00:00,7.745,10.394,379.278,9.632
25/03/19,10:00:00,7.494,10.198,379.278,9.657
25/03/19,11:00:00,7.142,9.854,379.278,9.682
25/03/19,12:00:00,6.712,9.435,379.278,9.657
25/03/19,13:00:00,6.408,9.163,379.278,9.657
25/03/19,14:00:00,6.077,8.618,379.278,9.608
25/03/19,15:00:00,5.539,8.095,379.278,7.745
25/03/19,16:00:00,5.360,7.970,379.278,7.645
25/03/19,17:00:00,5.128,7.845,379.278,7.569
25/03/19,18:00:00,4.999,7.695,379.278,7.469
25/03/19,19:00:00,4.610,7.368,379.278,7.469
25/03/19,20:00:00,4.089,6.990,379.278,7.444
25/03/19,21:00:00,3.643,6.661,379.278,7.419
25/03/19,22:00:00,3.248,6.331,379.278,7.368
25/03/19,23:00:00,3.089,6.051,379.278,7.318
26/03/19,00:00:00,2.717,5.847,379.278,7.242
26/03/19,01:00:00,2.503,5.642,379.278,7.167
26/03/19,02:00:00,2.289,5.437,379.278,7.091
26/03/19,03:00:00,2.074,5.205,379.278,7.041
26/03/19,04:00:00,1.859,4.999,379.278,6.965
26/03/19,05:00:00,1.643,4.792,379.278,6.889
26/03/19,06:00:00,1.425,4.636,379.278,6.813
26/03/19,07:00:00,1.235,4.480,379.278,6.737
26/03/19,08:00:00,1.180,4.376,379.278,6.661
26/03/19,09:00:00,1.235,4.376,379.278,6.509
26/03/19,10:00:00,1.344,4.532,379.278,6.331
26/03/19,11:00:00,2.047,5.231,379.278,6.102
26/03/19,12:00:00,3.696,6.382,379.278,5.975
26/03/19,13:00:00,5.898,8.095,379.278,5.770
26/03/19,14:00:00,7.444,9.657,351.436,5.488
26/03/19,15:00:00,8.419,11.273,351.436,5.128
26/03/19,16:00:00,8.020,11.589,351.436,4.921
26/03/19,17:00:00,8.145,11.710,351.436,4.792
26/03/19,18:00:00,7.393,10.345,351.436,4.973
26/03/19,19:00:00,6.585,8.965,351.436,5.616
26/03/19,20:00:00,5.642,7.368,379.278,6.230
26/03/19,21:00:00,4.636,6.331,379.278,6.484
26/03/19,22:00:00,3.801,5.693,379.278,6.611
26/03/19,23:00:00,3.195,5.231,379.278,6.661
27/03/19,00:00:00,2.690,4.844,424.791,6.661
27/03/19,01:00:00,2.343,4.532,424.791,6.661
27/03/19,02:00:00,2.047,4.298,424.791,6.585
27/03/19,03:00:00,1.832,4.089,424.791,6.535
27/03/19,04:00:00,1.670,3.932,424.791,6.458
27/03/19,05:00:00,1.534,3.749,424.791,6.458
27/03/19,06:00:00,1.371,3.591,424.791,6.408
27/03/19,07:00:00,1.262,3.433,424.791,6.382
27/03/19,08:00:00,1.153,3.354,424.791,6.255
27/03/19,09:00:00,0.989,3.380,424.791,5.975
27/03/19,10:00:00,0.852,3.591,379.278,5.514
27/03/19,11:00:00,1.507,4.792,379.278,5.282
27/03/19,12:00:00,4.947,7.995,351.436,5.076
27/03/19,13:00:00,8.444,10.883,351.436,4.921
27/03/19,14:00:00,10.247,12.630,351.436,4.558
27/03/19,15:00:00,10.590,13.690,351.436,4.063
27/03/19,16:00:00,10.687,14.242,351.436,3.827
27/03/19,17:00:00,10.320,13.882,351.436,3.801
27/03/19,18:00:00,9.139,12.292,351.436,4.714
27/03/19,19:00:00,8.195,10.418,379.278,5.668
27/03/19,20:00:00,6.788,8.469,379.278,6.408
27/03/19,21:00:00,5.642,7.419,424.791,6.484
27/03/19,22:00:00,4.688,6.687,424.791,6.433
27/03/19,23:00:00,4.089,6.560,424.791,6.179
28/03/19,00:00:00,3.827,6.458,379.278,6.026
28/03/19,01:00:00,3.696,6.484,379.278,5.898
28/03/19,02:00:00,3.643,6.560,424.791,5.796
28/03/19,03:00:00,3.617,6.484,379.278,5.719
28/03/19,04:00:00,3.564,6.306,379.278,5.693
28/03/19,05:00:00,3.327,5.949,424.791,5.745
28/03/19,06:00:00,3.168,6.230,379.278,5.616
28/03/19,07:00:00,3.433,6.636,379.278,5.462
28/03/19,08:00:00,3.775,6.965,379.278,5.334
28/03/19,09:00:00,4.141,7.268,379.278,5.257
28/03/19,10:00:00,4.714,7.770,379.278,5.128
28/03/19,11:00:00,5.745,8.941,379.278,4.818
28/03/19,12:00:00,7.293,10.443,379.278,4.610
28/03/19,13:00:00,9.287,12.389,351.436,4.428
28/03/19,14:00:00,10.614,13.281,351.436,4.298
28/03/19,15:00:00,11.078,13.954,351.436,3.722
28/03/19,16:00:00,10.418,12.992,351.436,4.037
28/03/19,17:00:00,9.879,12.944,351.436,4.141
28/03/19,18:00:00,9.188,12.025,351.436,4.246
28/03/19,19:00:00,8.444,10.932,379.278,4.895
28/03/19,20:00:00,7.645,10.075,379.278,5.205
28/03/19,21:00:00,6.990,9.657,379.278,5.282
28/03/19,22:00:00,6.535,9.336,379.278,5.231
28/03/19,23:00:00,6.230,9.163,379.278,5.154
29/03/19,00:00:00,6.102,8.990,379.278,5.128
29/03/19,01:00:00,5.924,8.866,379.278,5.076
29/03/19,02:00:00,5.872,8.841,379.278,5.024
29/03/19,03:00:00,5.975,8.916,379.278,4.999
29/03/19,04:00:00,6.230,9.163,379.278,4.921
29/03/19,05:00:00,6.509,9.361,379.278,4.869
29/03/19,06:00:00,6.611,9.410,379.278,4.869
29/03/19,07:00:00,6.687,9.485,379.278,4.869
29/03/19,08:00:00,6.788,9.558,379.278,4.844
29/03/19,09:00:00,6.965,9.756,379.278,4.818
29/03/19,10:00:00,7.192,9.952,379.278,4.792
29/03/19,11:00:00,7.343,10.075,379.278,4.792
29/03/19,12:00:00,7.519,10.247,379.278,4.792
29/03/19,13:00:00,7.695,10.467,379.278,4.766
29/03/19,14:00:00,7.494,9.780,379.278,4.947
29/03/19,15:00:00,7.041,9.386,379.278,5.024
29/03/19,16:00:00,6.914,9.509,379.278,4.999
29/03/19,17:00:00,6.687,9.213,379.278,5.050
29/03/19,18:00:00,6.382,8.916,379.278,5.050
29/03/19,19:00:00,6.281,8.941,379.278,5.050
29/03/19,20:00:00,6.204,8.916,379.278,5.050
29/03/19,21:00:00,6.153,8.891,379.278,5.050
29/03/19,22:00:00,6.128,8.916,379.278,5.050
29/03/19,23:00:00,6.153,8.941,379.278,5.024
30/03/19,00:00:00,6.153,8.941,379.278,5.024
30/03/19,01:00:00,6.179,8.965,379.278,5.024
30/03/19,02:00:00,6.153,8.941,379.278,5.024
30/03/19,03:00:00,6.102,8.866,379.278,5.024
30/03/19,04:00:00,5.975,8.618,379.278,4.818
30/03/19,05:00:00,5.796,8.369,379.278,4.895
30/03/19,06:00:00,5.024,7.217,379.278,4.973
30/03/19,07:00:00,4.272,6.153,379.278,4.921
30/03/19,08:00:00,3.749,5.975,379.278,4.921
30/03/19,09:00:00,3.538,6.000,379.278,4.818
30/03/19,10:00:00,3.827,6.509,379.278,4.636
30/03/19,11:00:00,3.168,5.949,379.278,4.740
30/03/19,12:00:00,3.195,6.382,379.278,4.584
30/03/19,13:00:00,3.221,6.128,379.278,4.584
30/03/19,14:00:00,2.877,5.616,379.278,4.610
30/03/19,15:00:00,2.717,5.437,379.278,4.506
30/03/19,16:00:00,2.770,5.565,379.278,4.402
30/03/19,17:00:00,3.036,5.847,379.278,4.194
30/03/19,18:00:00,2.770,5.462,379.278,4.272
30/03/19,19:00:00,2.396,4.766,379.278,4.324
30/03/19,20:00:00,2.289,4.662,379.278,4.324
30/03/19,21:00:00,2.209,4.558,379.278,4.298
30/03/19,22:00:00,2.236,4.662,424.791,4.220
30/03/19,23:00:00,2.155,4.636,379.278,4.194
31/03/19,00:00:00,1.913,4.532,379.278,4.168
31/03/19,01:00:00,1.697,4.376,424.791,4.141
31/03/19,02:00:00,1.453,4.220,424.791,4.089
31/03/19,03:00:00,1.371,4.141,379.278,4.011
31/03/19,04:00:00,1.262,4.063,379.278,3.932
31/03/19,05:00:00,1.235,4.063,424.791,3.827
31/03/19,06:00:00,1.289,4.063,379.278,3.749
31/03/19,07:00:00,1.262,4.063,379.278,3.696
31/03/19,08:00:00,1.453,4.141,379.278,3.643
31/03/19,09:00:00,1.425,4.168,379.278,3.591
31/03/19,10:00:00,1.561,4.246,379.278,3.512
31/03/19,11:00:00,1.778,4.324,379.278,3.380
31/03/19,12:00:00,2.744,5.205,351.436,3.063
31/03/19,13:00:00,4.662,6.737,379.278,2.744
31/03/19,14:00:00,5.770,7.619,379.278,2.557
31/03/19,15:00:00,6.026,7.645,379.278,2.717
31/03/19,16:00:00,6.077,7.895,379.278,2.717
31/03/19,17:00:00,5.770,7.594,379.278,2.930
31/03/19,18:00:00,5.308,7.318,379.278,3.063
31/03/19,19:00:00,4.844,6.864,379.278,3.274
31/03/19,20:00:00,4.194,6.408,379.278,3.433
31/03/19,21:00:00,3.880,6.179,379.278,3.459
31/03/19,22:00:00,3.485,5.719,379.278,3.617
31/03/19,23:00:00,3.168,5.591,379.278,3.591
01/04/19,00:00:00,2.903,5.437,379.278,3.617
01/04/19,01:00:00,2.664,5.257,379.278,3.643
01/04/19,02:00:00,2.530,5.179,424.791,3.617
01/04/19,03:00:00,2.503,4.895,379.278,3.696
01/04/19,04:00:00,2.343,4.740,379.278,3.696
01/04/19,05:00:00,2.155,4.454,379.278,3.775
01/04/19,06:00:00,1.967,4.168,424.791,3.880
01/04/19,07:00:00,1.697,3.854,424.791,3.985
01/04/19,08:00:00,1.425,3.591,424.791,4.011
01/04/19,09:00:00,1.153,3.459,424.791,3.801
01/04/19,10:00:00,0.880,3.485,379.278,3.406
01/04/19,11:00:00,0.880,3.801,379.278,3.116
01/04/19,12:00:00,3.512,6.484,379.278,2.770
01/04/19,13:00:00,7.217,9.361,351.436,2.477
01/04/19,14:00:00,9.238,11.297,351.436,2.074
01/04/19,15:00:00,10.345,12.871,351.436,1.615
01/04/19,16:00:00,10.761,13.425,351.436,1.453
01/04/19,17:00:00,10.369,13.425,351.436,1.507
01/04/19,18:00:00,9.558,11.710,351.436,2.557
01/04/19,19:00:00,8.469,10.296,379.278,3.195
01/04/19,20:00:00,7.343,9.139,379.278,3.670
01/04/19,21:00:00,6.611,8.519,379.278,3.775
01/04/19,22:00:00,5.411,6.990,424.791,4.272
01/04/19,23:00:00,4.376,6.128,424.791,4.428
02/04/19,00:00:00,3.591,5.514,424.791,4.480
02/04/19,01:00:00,2.956,5.179,379.278,4.376
02/04/19,02:00:00,2.637,5.282,379.278,4.037
02/04/19,03:00:00,2.744,5.360,424.791,3.958
02/04/19,04:00:00,2.770,5.565,379.278,3.827
02/04/19,05:00:00,2.797,5.668,379.278,3.749
02/04/19,06:00:00,2.770,5.642,379.278,3.696
02/04/19,07:00:00,2.744,5.642,379.278,3.670
02/04/19,08:00:00,2.797,5.821,379.278,3.564
02/04/19,09:00:00,2.983,6.077,379.278,3.406
02/04/19,10:00:00,3.380,6.484,379.278,2.983
02/04/19,11:00:00,4.194,7.368,379.278,2.744
02/04/19,12:00:00,6.204,9.114,351.436,2.343
02/04/19,13:00:00,8.145,10.492,351.436,2.182
02/04/19,14:00:00,9.608,11.734,351.436,1.940
02/04/19,15:00:00,9.928,12.243,351.436,1.724
02/04/19,16:00:00,9.632,12.001,351.436,1.643
02/04/19,17:00:00,8.767,10.956,379.278,2.450
02/04/19,18:00:00,7.720,10.345,379.278,2.637
02/04/19,19:00:00,7.142,9.558,379.278,3.116
02/04/19,20:00:00,6.357,8.593,379.278,3.591
02/04/19,21:00:00,5.745,8.120,379.278,3.722
02/04/19,22:00:00,5.257,7.745,379.278,3.749
02/04/19,23:00:00,4.973,7.619,379.278,3.670
03/04/19,00:00:00,4.869,7.670,379.278,3.591
03/04/19,01:00:00,4.792,7.670,379.278,3.538
03/04/19,02:00:00,4.792,7.670,379.278,3.512
03/04/19,03:00:00,4.766,7.645,379.278,3.459
03/04/19,04:00:00,4.740,7.619,379.278,3.433
03/04/19,05:00:00,4.688,7.569,379.278,3.433
03/04/19,06:00:00,4.610,7.469,379.278,3.459
03/04/19,07:00:00,4.558,7.469,379.278,3.459
03/04/19,08:00:00,4.610,7.494,379.278,3.433
03/04/19,09:00:00,4.714,7.594,379.278,3.354
03/04/19,10:00:00,4.973,7.820,379.278,3.221
03/04/19,11:00:00,5.770,8.916,379.278,2.530
03/04/19,12:00:00,7.820,10.345,351.436,2.101
03/04/19,13:00:00,8.593,10.565,351.436,2.209
03/04/19,14:00:00,8.543,10.369,351.436,2.423
03/04/19,15:00:00,8.742,11.370,351.436,2.101
03/04/19,16:00:00,9.188,11.151,351.436,2.289
03/04/19,17:00:00,8.643,10.516,379.278,2.690
03/04/19,18:00:00,8.618,10.712,379.278,2.690
03/04/19,19:00:00,8.070,10.026,379.278,2.956
03/04/19,20:00:00,7.393,9.534,379.278,3.221
03/04/19,21:00:00,6.940,9.213,379.278,3.327
03/04/19,22:00:00,6.636,9.040,379.278,3.380
03/04/19,23:00:00,6.357,8.742,379.278,3.485
04/04/19,00:00:00,6.153,8.618,379.278,3.512
04/04/19,01:00:00,6.077,8.643,379.278,3.459
04/04/19,02:00:00,6.000,8.593,379.278,3.459
04/04/19,03:00:00,5.924,8.494,379.278,3.459
04/04/19,04:00:00,5.770,8.344,424.791,3.485
04/04/19,05:00:00,5.616,8.170,379.278,3.538
04/04/19,06:00:00,5.616,8.245,379.278,3.459
04/04/19,07:00:00,5.642,8.270,379.278,3.459
04/04/19,08:00:00,5.591,8.220,379.278,3.459
04/04/19,09:00:00,5.642,8.295,379.278,3.406
04/04/19,10:00:00,6.000,8.891,379.278,3.221
04/04/19,11:00:00,6.509,9.386,379.278,3.116
04/04/19,12:00:00,6.990,9.805,379.278,3.009
04/04/19,13:00:00,7.242,10.075,379.278,2.956
04/04/19,14:00:00,7.569,10.247,379.278,2.956
04/04/19,15:00:00,7.645,10.296,379.278,3.036
04/04/19,16:00:00,7.895,10.516,379.278,3.009
04/04/19,17:00:00,7.695,10.149,379.278,3.168
04/04/19,18:00:00,7.494,9.903,379.278,3.274
04/04/19,19:00:00,7.091,9.485,379.278,3.406
04/04/19,20:00:00,6.737,9.139,379.278,3.512
04/04/19,21:00:00,6.433,8.916,379.278,3.538
04/04/19,22:00:00,6.128,8.519,379.278,3.643
04/04/19,23:00:00,5.668,7.970,379.278,3.801
05/04/19,00:00:00,5.282,7.569,379.278,3.880
05/04/19,01:00:00,4.766,7.015,379.278,4.037
05/04/19,02:00:00,4.376,6.712,379.278,4.063
05/04/19,03:00:00,4.011,6.433,379.278,4.089
05/04/19,04:00:00,3.722,6.179,379.278,4.089
05/04/19,05:00:00,3.459,6.026,379.278,4.011
05/04/19,06:00:00,3.327,5.924,379.278,3.880
05/04/19,07:00:00,3.433,6.458,379.278,3.591
05/04/19,08:00:00,3.722,6.813,379.278,3.195
05/04/19,09:00:00,4.115,7.268,379.278,2.930
05/04/19,10:00:00,4.584,7.720,379.278,2.744
05/04/19,11:00:00,5.231,8.344,379.278,2.584
05/04/19,12:00:00,7.293,9.756,379.278,2.370
05/04/19,13:00:00,9.361,11.200,351.436,2.047
05/04/19,14:00:00,10.198,11.977,351.436,1.751
05/04/19,15:00:00,9.977,11.929,351.436,1.967
05/04/19,16:00:00,9.632,12.147,351.436,1.913
05/04/19,17:00:00,9.015,11.151,351.436,2.503
05/04/19,18:00:00,8.543,10.834,379.278,2.744
05/04/19,19:00:00,7.945,10.222,379.278,2.956
05/04/19,20:00:00,7.419,9.854,351.436,3.089
05/04/19,21:00:00,7.091,9.657,379.278,3.116
05/04/19,22:00:00,6.889,9.534,379.278,3.142
05/04/19,23:00:00,6.737,9.386,379.278,3.168
06/04/19,00:00:00,6.636,9.312,379.278,3.168
06/04/19,01:00:00,6.535,9.213,379.278,3.168
06/04/19,02:00:00,6.484,9.188,379.278,3.168
06/04/19,03:00:00,6.408,9.114,379.278,3.168
06/04/19,04:00:00,6.382,9.089,379.278,3.168
06/04/19,05:00:00,6.382,9.089,379.278,3.142
06/04/19,06:00:00,6.357,9.040,379.278,3.168
06/04/19,07:00:00,6.306,9.015,379.278,3.168
06/04/19,08:00:00,6.230,8.941,379.278,3.195
06/04/19,09:00:00,6.281,9.040,379.278,3.168
06/04/19,10:00:00,6.458,9.188,379.278,3.089
06/04/19,11:00:00,6.712,9.435,379.278,3.009
06/04/19,12:00:00,6.990,9.583,379.278,2.956
06/04/19,13:00:00,7.444,10.026,379.278,2.797
06/04/19,14:00:00,7.795,10.345,379.278,2.717
06/04/19,15:00:00,8.841,11.394,351.436,2.209
06/04/19,16:00:00,9.460,12.364,351.436,1.751
06/04/19,17:00:00,9.262,12.364,351.436,1.670
06/04/19,18:00:00,8.494,11.589,351.436,1.778
06/04/19,19:00:00,7.945,10.418,379.278,3.036
06/04/19,20:00:00,6.990,9.238,379.278,3.670
06/04/19,21:00:00,5.924,8.020,379.278,4.115
06/04/19,22:00:00,5.128,7.318,379.278,4.220
06/04/19,23:00:00,4.532,6.864,379.278,4.168
07/04/19,00:00:00,4.063,6.509,379.278,4.115
07/04/19,01:00:00,3.670,6.255,379.278,3.985
07/04/19,02:00:00,3.564,6.636,379.278,3.643
07/04/19,03:00:00,3.564,6.560,379.278,3.564
07/04/19,04:00:00,3.406,6.585,379.278,3.406
07/04/19,05:00:00,3.301,6.408,379.278,3.354
07/04/19,06:00:00,3.063,5.872,379.278,3.538
07/04/19,07:00:00,2.770,5.975,379.278,3.301
07/04/19,08:00:00,2.903,6.204,379.278,3.168
07/04/19,09:00:00,3.195,6.509,379.278,2.930
07/04/19,10:00:00,3.485,6.813,379.278,2.610
07/04/19,11:00:00,3.958,7.343,379.278,2.289
07/04/19,12:00:00,5.924,8.494,351.436,2.155
07/04/19,13:00:00,7.970,9.977,379.278,1.913
07/04/19,14:00:00,9.015,10.980,379.278,1.561
07/04/19,15:00:00,9.287,11.540,351.436,1.180
07/04/19,16:00:00,9.040,11.467,351.436,1.099
07/04/19,17:00:00,8.170,10.834,351.436,1.371
07/04/19,18:00:00,7.091,9.829,351.436,1.886
07/04/19,19:00:00,6.357,8.965,379.278,2.717
07/04/19,20:00:00,5.693,8.419,379.278,2.930
07/04/19,21:00:00,5.179,8.020,379.278,2.903
07/04/19,22:00:00,4.895,7.795,379.278,2.823
07/04/19,23:00:00,4.740,7.645,379.278,2.770
08/04/19,00:00:00,4.662,7.569,379.278,2.690
08/04/19,01:00:00,4.532,7.469,379.278,2.664
08/04/19,02:00:00,4.506,7.444,379.278,2.584
08/04/19,03:00:00,4.454,7.393,379.278,2.557
08/04/19,04:00:00,4.376,7.318,379.278,2.557
08/04/19,05:00:00,4.298,7.242,379.278,2.530
08/04/19,06:00:00,4.220,7.142,379.278,2.557
08/04/19,07:00:00,4.063,7.015,379.278,2.584
08/04/19,08:00:00,3.854,6.813,379.278,2.637
08/04/19,09:00:00,3.854,6.889,379.278,2.503
08/04/19,10:00:00,4.063,7.167,379.278,2.236
08/04/19,11:00:00,4.506,7.619,379.278,2.047
08/04/19,12:00:00,6.230,8.668,351.436,1.886
08/04/19,13:00:00,8.145,9.879,351.436,1.670
08/04/19,14:00:00,9.015,10.541,379.278,1.398
08/04/19,15:00:00,9.064,10.687,351.436,1.235
08/04/19,16:00:00,8.369,10.075,379.278,1.670
08/04/19,17:00:00,7.619,9.780,351.436,1.615
08/04/19,18:00:00,6.737,8.916,379.278,2.262
08/04/19,19:00:00,6.128,8.419,379.278,2.530
08/04/19,20:00:00,5.616,8.070,379.278,2.610
08/04/19,21:00:00,5.102,7.695,379.278,2.690
08/04/19,22:00:00,4.818,7.494,379.278,2.690
08/04/19,23:00:00,4.610,7.343,379.278,2.637
09/04/19,00:00:00,4.454,7.217,379.278,2.610
09/04/19,01:00:00,4.324,7.142,379.278,2.557
09/04/19,02:00:00,4.402,7.192,379.278,2.450
09/04/19,03:00:00,4.402,7.167,379.278,2.396
09/04/19,04:00:00,4.402,7.142,379.278,2.423
09/04/19,05:00:00,4.324,7.041,379.278,2.450
09/04/19,06:00:00,4.115,6.839,379.278,2.503
09/04/19,07:00:00,3.906,6.611,379.278,2.557
09/04/19,08:00:00,3.880,6.560,379.278,2.557
09/04/19,09:00:00,4.063,6.687,379.278,2.503
09/04/19,10:00:00,4.194,6.914,379.278,2.316
09/04/19,11:00:00,4.610,7.293,379.278,2.101
09/04/19,12:00:00,5.102,7.494,379.278,2.155
09/04/19,13:00:00,5.591,7.720,379.278,2.155
09/04/19,14:00:00,7.116,9.435,379.278,1.615
09/04/19,15:00:00,7.795,9.952,351.436,1.588
09/04/19,16:00:00,7.041,9.287,379.278,1.967
09/04/19,17:00:00,6.281,9.040,379.278,2.021
09/04/19,18:00:00,5.257,8.070,379.278,2.155
09/04/19,19:00:00,4.584,7.268,379.278,2.610
09/04/19,20:00:00,3.958,6.484,379.278,2.956
09/04/19,21:00:00,3.670,6.077,379.278,2.983
09/04/19,22:00:00,3.116,5.565,379.278,3.089
09/04/19,23:00:00,2.557,5.257,379.278,3.089
10/04/19,00:00:00,2.236,5.128,379.278,3.089
10/04/19,01:00:00,2.182,5.231,424.791,2.903
10/04/19,02:00:00,1.994,5.154,379.278,2.850
10/04/19,03:00:00,1.859,5.050,424.791,2.823
10/04/19,04:00:00,1.859,4.895,379.278,2.797
10/04/19,05:00:00,1.832,4.895,379.278,2.717
10/04/19,06:00:00,1.778,4.818,379.278,2.664
10/04/19,07:00:00,1.425,4.740,379.278,2.637
10/04/19,08:00:00,1.262,4.532,379.278,2.664
10/04/19,09:00:00,1.561,4.636,379.278,2.530
10/04/19,10:00:00,1.615,4.766,379.278,2.289
10/04/19,11:00:00,2.584,5.591,379.278,1.967
10/04/19,12:00:00,4.688,7.770,379.278,1.615
10/04/19,13:00:00,6.611,9.682,351.436,1.208
10/04/19,14:00:00,8.245,11.783,351.436,0.412
10/04/19,15:00:00,9.262,13.353,351.436,-0.451
10/04/19,16:00:00,9.361,13.522,331.683,-0.704
10/04/19,17:00:00,8.245,11.613,351.436,0.605
10/04/19,18:00:00,6.839,10.001,351.436,1.235
10/04/19,19:00:00,5.668,7.995,379.278,2.797
10/04/19,20:00:00,4.454,6.560,379.278,3.459
10/04/19,21:00:00,3.380,5.539,424.791,3.749
10/04/19,22:00:00,2.557,4.766,424.791,3.906
10/04/19,23:00:00,1.940,4.272,424.791,3.906
11/04/19,00:00:00,1.398,3.827,424.791,3.958
11/04/19,01:00:00,0.934,3.459,424.791,3.932
11/04/19,02:00:00,0.577,3.168,424.791,3.906
11/04/19,03:00:00,0.301,2.903,424.791,3.932
11/04/19,04:00:00,0.024,2.690,424.791,3.906
11/04/19,05:00:00,-0.199,2.477,424.791,3.827
11/04/19,06:00:00,-0.255,2.503,424.791,3.459
11/04/19,07:00:00,-0.227,2.450,424.791,3.406
11/04/19,08:00:00,-0.227,2.396,424.791,3.327
11/04/19,09:00:00,-0.199,2.396,424.791,3.089
11/04/19,10:00:00,-0.116,2.664,379.278,2.557
11/04/19,11:00:00,0.329,3.538,379.278,1.913
11/04/19,12:00:00,2.690,5.924,379.278,1.453
11/04/19,13:00:00,5.257,8.120,379.278,0.577
11/04/19,14:00:00,7.268,10.394,351.436,-0.004
11/04/19,15:00:00,8.568,12.703,351.436,-0.902
11/04/19,16:00:00,9.188,13.834,331.683,-0.958
11/04/19,17:00:00,8.543,12.001,351.436,1.480
11/04/19,18:00:00,7.142,10.222,379.278,2.530
11/04/19,19:00:00,6.077,8.419,379.278,3.591
11/04/19,20:00:00,4.766,6.914,379.278,3.985
11/04/19,21:00:00,3.643,5.847,379.278,4.141
11/04/19,22:00:00,2.690,4.999,379.278,4.194
11/04/19,23:00:00,2.021,4.350,424.791,4.246
12/04/19,00:00:00,1.670,4.037,424.791,3.958
12/04/19,01:00:00,1.180,3.643,424.791,3.854
12/04/19,02:00:00,0.770,3.274,424.791,3.827
12/04/19,03:00:00,0.412,3.009,424.791,3.775
12/04/19,04:00:00,0.467,3.380,379.278,3.142
12/04/19,05:00:00,0.715,3.643,259.781,2.877
12/04/19,06:00:00,0.770,3.827,265.178,2.717
12/04/19,07:00:00,0.742,3.827,379.278,2.637
12/04/19,08:00:00,0.687,3.906,379.278,2.557
12/04/19,09:00:00,0.770,4.011,379.278,2.396
12/04/19,10:00:00,1.071,4.584,379.278,1.994
12/04/19,11:00:00,1.805,5.385,379.278,1.670
12/04/19,12:00:00,4.454,7.242,379.278,0.907
12/04/19,13:00:00,7.343,9.015,379.278,0.577
12/04/19,14:00:00,8.891,10.173,379.278,0.135
12/04/19,15:00:00,9.064,10.736,351.436,-0.283
12/04/19,16:00:00,8.866,11.053,351.436,-0.507
12/04/19,17:00:00,8.095,10.492,351.436,0.273
12/04/19,18:00:00,6.839,9.114,379.278,1.534
12/04/19,19:00:00,5.821,7.845,379.278,2.610
12/04/19,20:00:00,4.792,7.066,379.278,3.009
12/04/19,21:00:00,4.089,6.737,379.278,3.009
12/04/19,22:00:00,3.643,6.408,379.278,2.930
12/04/19,23:00:00,3.221,5.949,424.791,2.930
13/04/19,00:00:00,2.877,5.770,424.791,2.850
13/04/19,01:00:00,2.610,5.616,379.278,2.744
13/04/19,02:00:00,2.423,5.334,424.791,2.717
13/04/19,03:00:00,2.209,5.257,379.278,2.610
13/04/19,04:00:00,2.021,5.050,424.791,2.584
13/04/19,05:00:00,1.859,5.024,424.791,2.503
13/04/19,06:00:00,1.778,4.973,379.278,2.423
13/04/19,07:00:00,1.697,4.766,379.278,2.450
13/04/19,08:00:00,1.534,4.610,424.791,2.450
13/04/19,09:00:00,1.643,4.947,379.278,2.155
13/04/19,10:00:00,2.423,5.847,379.278,1.615
13/04/19,11:00:00,3.643,6.763,351.436,0.797
13/04/19,12:00:00,5.024,8.120,351.436,0.412
13/04/19,13:00:00,6.535,9.756,351.436,0.135
13/04/19,14:00:00,7.920,10.932,351.436,-0.032
13/04/19,15:00:00,8.270,10.736,351.436,0.246
13/04/19,16:00:00,7.795,9.928,379.278,0.770
13/04/19,17:00:00,7.494,9.706,379.278,0.962
13/04/19,18:00:00,6.839,8.841,379.278,1.317
13/04/19,19:00:00,6.026,7.920,379.278,1.670
13/04/19,20:00:00,4.895,6.712,379.278,2.128
13/04/19,21:00:00,4.011,6.026,424.791,2.316
13/04/19,22:00:00,3.775,6.153,379.278,2.155
13/04/19,23:00:00,3.459,5.796,379.278,2.128
14/04/19,00:00:00,2.983,5.334,424.791,2.236
14/04/19,01:00:00,2.503,4.792,424.791,2.423
14/04/19,02:00:00,2.021,4.428,379.278,2.477
14/04/19,03:00:00,1.670,4.168,424.791,2.450
14/04/19,04:00:00,1.262,3.775,379.278,2.503
14/04/19,05:00:00,0.962,3.354,379.278,2.664
14/04/19,06:00:00,0.632,3.063,379.278,2.744
14/04/19,07:00:00,0.412,2.877,379.278,2.770
14/04/19,08:00:00,0.190,2.717,424.791,2.717
14/04/19,09:00:00,0.163,2.877,-94.792,2.343
14/04/19,10:00:00,0.412,3.538,104.718,1.643
14/04/19,11:00:00,1.859,5.231,123.395,1.044
14/04/19,12:00:00,5.179,8.593,351.436,0.273
14/04/19,13:00:00,7.469,10.418,351.436,-0.143
14/04/19,14:00:00,7.544,9.879,351.436,-0.004
14/04/19,15:00:00,7.368,9.608,351.436,0.301
14/04/19,16:00:00,7.167,9.262,379.278,0.495
14/04/19,17:00:00,7.066,9.312,379.278,0.577
14/04/19,18:00:00,6.230,8.866,351.436,0.356
14/04/19,19:00:00,5.128,7.015,379.278,1.480
14/04/19,20:00:00,4.220,6.179,379.278,1.886
14/04/19,21:00:00,3.512,5.668,379.278,2.021
14/04/19,22:00:00,3.036,5.308,379.278,2.047
14/04/19,23:00:00,2.797,5.257,379.278,1.994
15/04/19,00:00:00,2.584,5.024,424.791,2.047
15/04/19,01:00:00,2.530,5.050,379.278,1.913
15/04/19,02:00:00,2.396,4.895,379.278,1.994
15/04/19,03:00:00,2.047,4.402,379.278,2.155
15/04/19,04:00:00,1.615,3.985,379.278,2.289
15/04/19,05:00:00,1.262,3.670,379.278,2.343
15/04/19,06:00:00,0.962,3.406,379.278,2.370
15/04/19,07:00:00,0.742,3.248,379.278,2.343
15/04/19,08:00:00,0.577,3.116,379.278,2.316
15/04/19,09:00:00,0.577,3.380,379.278,2.047
15/04/19,10:00:00,1.344,4.610,331.683,1.262
15/04/19,11:00:00,3.221,6.509,331.683,0.632
15/04/19,12:00:00,4.688,7.594,331.683,0.329
15/04/19,13:00:00,5.898,8.295,331.683,0.329
15/04/19,14:00:00,6.914,9.213,316.524,0.163
15/04/19,15:00:00,8.045,11.151,331.683,-0.676
15/04/19,16:00:00,8.419,11.273,316.524,-0.339
15/04/19,17:00:00,7.795,10.687,304.306,0.660
15/04/19,18:00:00,6.788,9.410,316.524,1.994
15/04/19,19:00:00,6.000,8.319,316.524,2.850
15/04/19,20:00:00,4.895,7.066,294.121,3.301
15/04/19,21:00:00,4.141,6.509,294.121,3.168
15/04/19,22:00:00,3.722,6.255,304.306,3.089
15/04/19,23:00:00,3.670,6.331,304.306,2.797
16/04/19,00:00:00,3.274,5.770,294.121,2.877
16/04/19,01:00:00,3.564,6.458,285.420,2.423
16/04/19,02:00:00,3.854,6.712,285.420,2.236
16/04/19,03:00:00,3.958,6.788,271.157,2.155
16/04/19,04:00:00,3.985,6.839,265.178,2.101
16/04/19,05:00:00,4.063,6.914,210.450,2.021
16/04/19,06:00:00,3.985,6.788,304.306,2.047
16/04/19,07:00:00,3.932,6.763,316.524,2.047
16/04/19,08:00:00,3.958,6.839,316.524,1.994
16/04/19,09:00:00,4.428,7.393,294.121,1.697
16/04/19,10:00:00,5.102,8.045,277.847,1.453
16/04/19,11:00:00,5.668,8.444,277.847,1.344
16/04/19,12:00:00,6.230,8.891,271.157,1.235
16/04/19,13:00:00,6.965,9.682,265.178,1.099
16/04/19,14:00:00,8.220,10.834,254.869,0.797
16/04/19,15:00:00,9.312,11.880,246.216,0.522
16/04/19,16:00:00,9.780,12.509,238.785,0.356
16/04/19,17:00:00,9.089,11.977,238.785,1.507
16/04/19,18:00:00,8.045,10.736,254.869,2.664
16/04/19,19:00:00,6.788,8.891,259.781,3.722
16/04/19,20:00:00,5.462,7.494,254.869,4.141
16/04/19,21:00:00,4.532,6.636,285.420,4.220
16/04/19,22:00:00,3.880,6.077,316.524,4.168
16/04/19,23:00:00,3.380,5.719,331.683,3.801
17/04/19,00:00:00,3.036,5.668,331.683,3.538
17/04/19,01:00:00,3.063,5.975,331.683,3.116
17/04/19,02:00:00,3.485,6.484,304.306,2.717
17/04/19,03:00:00,3.696,6.636,304.306,2.503
17/04/19,04:00:00,4.011,6.965,304.306,2.262
17/04/19,05:00:00,4.324,7.242,304.306,2.074
17/04/19,06:00:00,4.428,7.217,294.121,2.074
17/04/19,07:00:00,4.350,7.091,304.306,2.155
17/04/19,08:00:00,4.298,7.116,331.683,2.128
17/04/19,09:00:00,4.688,7.619,316.524,1.913
17/04/19,10:00:00,5.308,8.270,304.306,1.697
17/04/19,11:00:00,6.128,8.965,316.524,1.344
17/04/19,12:00:00,8.070,10.001,304.306,1.344
17/04/19,13:00:00,10.075,11.127,304.306,1.235
17/04/19,14:00:00,11.005,11.759,265.178,0.989
17/04/19,15:00:00,11.224,12.437,238.785,0.742
17/04/19,16:00:00,10.810,12.654,232.289,0.770
17/04/19,17:00:00,9.756,11.783,242.368,1.588
17/04/19,18:00:00,8.593,10.785,206.695,2.584
17/04/19,19:00:00,7.594,9.879,226.533,3.195
17/04/19,20:00:00,6.914,9.386,254.869,3.221
17/04/19,21:00:00,6.433,9.064,259.781,3.195
17/04/19,22:00:00,6.128,8.817,316.524,3.089
17/04/19,23:00:00,5.924,8.444,277.847,3.116
18/04/19,00:00:00,5.693,8.444,285.420,2.903
18/04/19,01:00:00,5.514,8.270,285.420,2.877
18/04/19,02:00:00,5.385,8.145,259.781,2.850
18/04/19,03:00:00,5.205,7.970,238.785,2.823
18/04/19,04:00:00,5.128,7.920,304.306,2.744
18/04/19,05:00:00,5.024,7.845,304.306,2.690
18/04/19,06:00:00,4.818,7.695,294.121,2.690
18/04/19,07:00:00,4.662,7.569,331.683,2.637
18/04/19,08:00:00,4.584,7.494,351.436,2.610
18/04/19,09:00:00,4.662,7.569,351.436,2.530
18/04/19,10:00:00,5.050,8.045,351.436,2.182
18/04/19,11:00:00,5.821,8.593,351.436,1.967
18/04/19,12:00:00,7.695,9.534,316.524,1.832
18/04/19,13:00:00,9.558,10.541,285.420,1.643
18/04/19,14:00:00,10.443,11.200,271.157,1.398
18/04/19,15:00:00,10.810,11.929,246.216,1.017
18/04/19,16:00:00,10.394,12.001,250.367,1.262
18/04/19,17:00:00,9.854,11.929,265.178,1.697
18/04/19,18:00:00,8.742,10.761,265.178,2.744
18/04/19,19:00:00,7.795,9.829,285.420,3.301
18/04/19,20:00:00,7.142,9.312,285.420,3.406
18/04/19,21:00:00,6.636,8.767,304.306,3.512
18/04/19,22:00:00,6.306,8.618,304.306,3.433
18/04/19,23:00:00,6.102,8.494,271.157,3.248
19/04/19,00:00:00,5.898,8.369,316.524,3.168
19/04/19,01:00:00,5.668,8.245,316.524,3.089
19/04/19,02:00:00,5.488,8.170,294.121,2.956
19/04/19,03:00:00,5.437,8.195,271.157,2.850
19/04/19,04:00:00,5.231,7.920,294.121,2.930
19/04/19,05:00:00,4.792,7.619,265.178,2.983
19/04/19,06:00:00,4.558,7.444,294.121,2.956
19/04/19,07:00:00,4.610,7.519,277.847,2.877
19/04/19,08:00:00,4.584,7.469,271.157,2.823
19/04/19,09:00:00,4.662,7.594,294.121,2.690
19/04/19,10:00:00,4.714,7.720,271.157,2.396
19/04/19,11:00:00,5.102,8.120,351.436,1.778
19/04/19,12:00:00,7.444,9.435,331.683,1.534
19/04/19,13:00:00,9.879,10.858,331.683,1.235
19/04/19,14:00:00,10.443,11.297,304.306,1.044
19/04/19,15:00:00,10.296,11.540,285.420,0.907
19/04/19,16:00:00,10.418,12.389,316.524,0.467
19/04/19,17:00:00,9.534,11.759,304.306,1.180
19/04/19,18:00:00,8.419,10.638,316.524,2.503
19/04/19,19:00:00,7.444,9.509,316.524,3.354
19/04/19,20:00:00,6.306,8.344,316.524,3.775
19/04/19,21:00:00,5.411,7.795,331.683,3.775
19/04/19,22:00:00,4.818,7.293,351.436,3.670
19/04/19,23:00:00,4.402,6.990,351.436,3.643
20/04/19,00:00:00,4.246,6.990,351.436,3.459
20/04/19,01:00:00,3.985,6.813,351.436,3.380
20/04/19,02:00:00,3.854,6.560,379.278,3.406
20/04/19,03:00:00,3.775,6.535,379.278,3.327
20/04/19,04:00:00,3.722,6.433,379.278,3.248
20/04/19,05:00:00,3.433,5.975,379.278,3.354
20/04/19,06:00:00,2.956,5.565,379.278,3.459
20/04/19,07:00:00,2.610,5.539,379.278,3.221
20/04/19,08:00:00,2.983,6.179,351.436,2.450
20/04/19,09:00:00,3.063,6.255,351.436,2.370
20/04/19,10:00:00,3.854,7.217,351.436,1.940
20/04/19,11:00:00,5.128,8.220,351.436,1.615
20/04/19,12:00:00,7.895,9.756,331.683,1.371
20/04/19,13:00:00,10.051,11.224,331.683,1.099
20/04/19,14:00:00,11.248,12.509,316.524,0.660
20/04/19,15:00:00,11.540,13.401,331.683,0.218
20/04/19,16:00:00,11.175,13.449,331.683,0.412
20/04/19,17:00:00,10.124,12.703,331.683,1.534
20/04/19,18:00:00,8.817,11.200,351.436,3.195
20/04/19,19:00:00,7.619,9.583,379.278,4.115
20/04/19,20:00:00,6.128,8.070,379.278,4.662
20/04/19,21:00:00,5.128,7.167,379.278,4.610
20/04/19,22:00:00,4.272,6.509,379.278,4.584
20/04/19,23:00:00,3.591,6.051,379.278,4.428
21/04/19,00:00:00,3.775,6.687,379.278,3.827
21/04/19,01:00:00,4.194,7.066,379.278,3.485
21/04/19,02:00:00,4.558,7.469,379.278,3.221
21/04/19,03:00:00,4.740,7.645,379.278,3.063
21/04/19,04:00:00,4.792,7.695,379.278,2.956
21/04/19,05:00:00,4.740,7.645,379.278,2.903
21/04/19,06:00:00,4.766,7.720,379.278,2.797
21/04/19,07:00:00,4.740,7.670,379.278,2.370
21/04/19,08:00:00,4.818,7.720,379.278,2.316
21/04/19,09:00:00,5.308,8.220,379.278,2.074
21/04/19,10:00:00,5.924,8.693,379.278,1.913
21/04/19,11:00:00,6.788,9.361,379.278,1.670
21/04/19,12:00:00,7.544,10.100,351.436,1.507
21/04/19,13:00:00,8.369,10.785,351.436,1.262
21/04/19,14:00:00,9.682,11.807,351.436,0.934
21/04/19,15:00:00,10.124,12.268,351.436,0.852
21/04/19,16:00:00,9.731,11.783,351.436,1.289
21/04/19,17:00:00,9.312,11.467,379.278,1.588
21/04/19,18:00:00,8.668,10.712,379.278,1.967
21/04/19,19:00:00,7.845,9.854,379.278,2.370
21/04/19,20:00:00,6.813,8.792,379.278,2.770
21/04/19,21:00:00,6.102,8.220,379.278,2.930
21/04/19,22:00:00,6.077,8.543,379.278,2.610
21/04/19,23:00:00,6.128,8.717,379.278,2.530
22/04/19,00:00:00,6.102,8.593,379.278,2.503
22/04/19,01:00:00,6.026,8.519,379.278,2.450
22/04/19,02:00:00,5.949,8.519,379.278,2.450
22/04/19,03:00:00,5.924,8.494,379.278,2.396
22/04/19,04:00:00,5.898,8.494,379.278,2.343
22/04/19,05:00:00,5.872,8.494,379.278,2.343
22/04/19,06:00:00,5.821,8.419,379.278,2.343
22/04/19,07:00:00,5.693,8.245,379.278,2.396
22/04/19,08:00:00,5.591,8.195,379.278,2.396
22/04/19,09:00:00,5.539,8.095,379.278,2.423
22/04/19,10:00:00,6.128,9.089,379.278,1.994
22/04/19,11:00:00,7.041,10.100,379.278,1.670
22/04/19,12:00:00,8.618,11.443,351.436,1.425
22/04/19,13:00:00,9.854,12.219,351.436,1.289
22/04/19,14:00:00,10.907,13.016,351.436,0.989
22/04/19,15:00:00,10.907,13.401,351.436,0.962
22/04/19,16:00:00,10.247,12.292,351.436,1.643
22/04/19,17:00:00,9.435,11.492,379.278,2.128
22/04/19,18:00:00,9.064,11.248,379.278,2.262
22/04/19,19:00:00,8.444,10.614,379.278,2.477
22/04/19,20:00:00,7.945,10.198,379.278,2.584
22/04/19,21:00:00,7.594,9.829,379.278,2.637
22/04/19,22:00:00,6.864,8.941,379.278,2.930
22/04/19,23:00:00,6.382,8.568,379.278,2.983
23/04/19,00:00:00,5.924,7.995,379.278,3.089
23/04/19,01:00:00,5.539,7.619,379.278,3.116
23/04/19,02:00:00,5.334,7.544,379.278,2.983
23/04/19,03:00:00,5.360,7.820,379.278,2.690
23/04/19,04:00:00,5.488,8.020,379.278,2.557
23/04/19,05:00:00,5.565,8.120,379.278,2.503
23/04/19,06:00:00,5.591,8.295,379.278,2.370
23/04/19,07:00:00,5.898,8.668,379.278,2.182
23/04/19,08:00:00,6.077,8.841,379.278,2.128
23/04/19,09:00:00,6.535,9.312,379.278,1.967
23/04/19,10:00:00,7.167,9.829,379.278,1.805
23/04/19,11:00:00,7.845,10.687,379.278,1.534
23/04/19,12:00:00,8.369,11.102,351.436,1.507
23/04/19,13:00:00,9.558,11.904,351.436,1.317
23/04/19,14:00:00,10.345,12.582,351.436,1.180
23/04/19,15:00:00,10.810,13.161,351.436,0.962
23/04/19,16:00:00,10.541,12.992,351.436,1.153
23/04/19,17:00:00,10.173,12.461,379.278,1.724
23/04/19,18:00:00,9.361,11.662,379.278,1.994
23/04/19,19:00:00,7.870,9.780,379.278,3.009
23/04/19,20:00:00,6.839,8.668,379.278,3.459
23/04/19,21:00:00,6.382,8.568,379.278,3.301
23/04/19,22:00:00,6.408,8.841,379.278,2.930
23/04/19,23:00:00,6.382,8.767,379.278,2.877
24/04/19,00:00:00,6.000,8.245,379.278,3.063
24/04/19,01:00:00,5.898,8.245,379.278,2.903
24/04/19,02:00:00,5.179,7.268,379.278,3.327
24/04/19,03:00:00,4.662,6.864,424.791,3.380
24/04/19,04:00:00,4.428,6.889,379.278,3.142
24/04/19,05:00:00,4.246,6.889,379.278,2.956
24/04/19,06:00:00,4.584,7.494,379.278,2.610
24/04/19,07:00:00,5.024,7.895,379.278,2.423
24/04/19,08:00:00,5.257,8.095,379.278,2.370
24/04/19,09:00:00,5.719,8.519,379.278,2.182
24/04/19,10:00:00,6.128,8.841,379.278,2.101
24/04/19,11:00:00,6.763,9.386,379.278,1.967
24/04/19,12:00:00,7.895,10.443,379.278,1.615
24/04/19,13:00:00,8.295,10.516,351.436,1.588
24/04/19,14:00:00,8.568,10.834,379.278,1.561
24/04/19,15:00:00,8.717,11.053,351.436,1.480
24/04/19,16:00:00,8.717,10.932,379.278,1.615
24/04/19,17:00:00,8.270,10.369,379.278,2.021
24/04/19,18:00:00,7.870,10.075,379.278,2.182
24/04/19,19:00:00,7.469,9.805,379.278,2.262
24/04/19,20:00:00,7.217,9.632,379.278,2.316
24/04/19,21:00:00,7.066,9.534,379.278,2.316
24/04/19,22:00:00,6.940,9.460,379.278,2.343
24/04/19,23:00:00,6.813,9.361,379.278,2.370
25/04/19,00:00:00,6.763,9.336,379.278,2.343
25/04/19,01:00:00,6.737,9.312,379.278,2.316
25/04/19,02:00:00,6.687,9.287,379.278,2.316
25/04/19,03:00:00,6.509,9.089,379.278,2.396
25/04/19,04:00:00,6.179,8.841,379.278,2.503
25/04/19,05:00:00,5.924,8.618,379.278,2.557
25/04/19,06:00:00,5.821,8.568,379.278,2.530
25/04/19,07:00:00,5.719,8.469,379.278,2.530
25/04/19,08:00:00,5.668,8.394,379.278,2.530
25/04/19,09:00:00,5.770,8.519,379.278,2.450
25/04/19,10:00:00,5.872,8.568,379.278,2.396
25/04/19,11:00:00,5.924,8.543,379.278,2.423
25/04/19,12:00:00,7.192,9.213,379.278,2.236
25/04/19,13:00:00,8.866,10.001,379.278,1.967
25/04/19,14:00:00,9.460,10.394,379.278,1.751
25/04/19,15:00:00,9.435,10.810,351.436,1.317
25/04/19,16:00:00,8.593,10.492,351.436,1.208
25/04/19,17:00:00,7.494,9.805,351.436,1.534
25/04/19,18:00:00,6.331,8.792,379.278,2.370
25/04/19,19:00:00,5.462,8.045,379.278,2.797
25/04/19,20:00:00,4.766,7.544,379.278,2.903
25/04/19,21:00:00,4.246,7.142,379.278,2.903
25/04/19,22:00:00,4.037,6.914,379.278,2.903
25/04/19,23:00:00,3.827,6.712,379.278,2.930
26/04/19,00:00:00,3.617,6.560,379.278,2.877
26/04/19,01:00:00,3.538,6.484,379.278,2.770
26/04/19,02:00:00,3.591,6.509,379.278,2.610
26/04/19,03:00:00,3.643,6.535,379.278,2.450
26/04/19,04:00:00,3.591,6.458,379.278,2.396
26/04/19,05:00:00,3.459,6.331,379.278,2.370
26/04/19,06:00:00,3.406,6.255,379.278,2.343
26/04/19,07:00:00,3.063,5.949,379.278,2.423
26/04/19,08:00:00,2.797,5.693,379.278,2.477
26/04/19,09:00:00,2.930,5.745,379.278,2.316
26/04/19,10:00:00,3.221,5.924,379.278,2.155
26/04/19,11:00:00,3.538,6.102,379.278,1.994
26/04/19,12:00:00,3.932,6.331,379.278,1.859
26/04/19,13:00:00,4.089,6.357,379.278,1.913
26/04/19,14:00:00,4.220,6.433,379.278,1.913
26/04/19,15:00:00,4.402,6.560,379.278,1.859
26/04/19,16:00:00,4.402,6.535,379.278,1.859
26/04/19,17:00:00,3.932,6.255,379.278,1.778
26/04/19,18:00:00,3.354,5.693,379.278,2.182
26/04/19,19:00:00,2.797,5.205,379.278,2.343
26/04/19,20:00:00,2.343,4.869,379.278,2.423
26/04/19,21:00:00,1.940,4.584,379.278,2.530
26/04/19,22:00:00,1.832,4.402,379.278,2.503
26/04/19,23:00:00,1.371,4.246,424.791,2.423
27/04/19,00:00:00,1.071,4.063,424.791,2.423
27/04/19,01:00:00,1.208,3.958,379.278,2.423
27/04/19,02:00:00,0.907,3.775,379.278,2.477
27/04/19,03:00:00,0.687,3.538,379.278,2.610
27/04/19,04:00:00,0.356,3.301,379.278,2.637
27/04/19,05:00:00,0.135,3.168,379.278,2.530
27/04/19,06:00:00,-0.143,3.009,379.278,2.503
27/04/19,07:00:00,-0.143,2.930,424.791,2.423
27/04/19,08:00:00,-0.116,2.797,379.278,2.450
27/04/19,09:00:00,-0.088,2.717,379.278,2.316
27/04/19,10:00:00,0.024,2.797,379.278,1.967
27/04/19,11:00:00,0.190,2.930,379.278,1.534
27/04/19,12:00:00,1.425,3.696,379.278,1.099
27/04/19,13:00:00,3.985,5.565,351.436,0.660
27/04/19,14:00:00,5.154,6.813,351.436,0.107
27/04/19,15:00:00,5.847,7.870,351.436,-0.479
27/04/19,16:00:00,6.128,8.170,351.436,-0.648
27/04/19,17:00:00,5.616,7.695,351.436,-0.199
27/04/19,18:00:00,4.584,6.611,379.278,0.934
27/04/19,19:00:00,3.643,5.796,379.278,1.507
27/04/19,20:00:00,2.903,5.360,379.278,1.643
27/04/19,21:00:00,2.503,5.050,379.278,1.670
27/04/19,22:00:00,2.047,4.662,379.278,1.751
27/04/19,23:00:00,1.697,4.376,379.278,1.778
28/04/19,00:00:00,1.398,4.194,379.278,1.724
28/04/19,01:00:00,1.262,3.958,379.278,1.751
28/04/19,02:00:00,1.017,3.827,424.791,1.697
28/04/19,03:00:00,0.687,3.670,424.791,1.615
28/04/19,04:00:00,0.605,3.512,379.278,1.670
28/04/19,05:00:00,0.329,3.380,379.278,1.588
28/04/19,06:00:00,0.246,3.327,379.278,1.480
28/04/19,07:00:00,0.163,3.221,379.278,1.398
28/04/19,08:00:00,0.163,3.168,379.278,1.317
28/04/19,09:00:00,0.163,3.168,379.278,1.044
28/04/19,10:00:00,0.384,3.591,379.278,0.577
28/04/19,11:00:00,1.044,4.272,379.278,0.190
28/04/19,12:00:00,2.557,5.205,351.436,-0.060
28/04/19,13:00:00,3.985,6.128,379.278,-0.255
28/04/19,14:00:00,4.999,7.015,351.436,-0.479
28/04/19,15:00:00,5.282,7.695,351.436,-0.902
28/04/19,16:00:00,5.411,8.120,351.436,-0.930
28/04/19,17:00:00,4.895,7.845,351.436,-0.451
28/04/19,18:00:00,4.454,6.889,379.278,0.742
28/04/19,19:00:00,3.617,5.616,379.278,1.534
28/04/19,20:00:00,2.903,4.999,379.278,1.751
28/04/19,21:00:00,2.370,4.506,379.278,1.859
28/04/19,22:00:00,1.751,3.932,379.278,2.021
28/04/19,23:00:00,1.344,3.591,424.791,2.101
29/04/19,00:00:00,0.962,3.354,424.791,2.101
29/04/19,01:00:00,0.687,3.116,379.278,2.128
29/04/19,02:00:00,0.467,2.903,424.791,2.128
29/04/19,03:00:00,0.273,2.717,424.791,2.155
29/04/19,04:00:00,0.107,2.584,379.278,2.128
29/04/19,05:00:00,-0.004,2.450,379.278,2.101
29/04/19,06:00:00,-0.116,2.370,424.791,1.967
29/04/19,07:00:00,-0.255,2.262,424.791,1.967
29/04/19,08:00:00,-0.367,2.155,424.791,1.940
29/04/19,09:00:00,-0.311,2.209,379.278,1.643
29/04/19,10:00:00,-0.032,2.450,379.278,1.071
29/04/19,11:00:00,0.907,3.380,379.278,0.439
29/04/19,12:00:00,3.696,5.770,379.278,-0.004
29/04/19,13:00:00,6.077,7.569,379.278,-0.479
29/04/19,14:00:00,7.494,8.717,351.436,-0.930
29/04/19,15:00:00,8.045,9.952,331.683,-1.441
29/04/19,16:00:00,7.619,10.100,351.436,-1.242
29/04/19,17:00:00,6.813,9.731,351.436,-0.004
29/04/19,18:00:00,5.796,8.170,379.278,1.480
29/04/19,19:00:00,4.324,6.179,379.278,2.744
29/04/19,20:00:00,3.221,4.999,424.791,3.089
29/04/19,21:00:00,2.209,4.246,424.791,3.221
29/04/19,22:00:00,1.507,3.775,424.791,3.221
29/04/19,23:00:00,1.208,3.749,424.791,2.797
30/04/19,00:00:00,1.208,3.880,379.278,2.503
30/04/19,01:00:00,1.344,4.168,379.278,2.262
30/04/19,02:00:00,1.615,4.480,379.278,1.940
30/04/19,03:00:00,1.507,4.168,379.278,1.994
30/04/19,04:00:00,1.534,4.376,379.278,1.832
30/04/19,05:00:00,1.534,4.272,379.278,1.832
30/04/19,06:00:00,1.588,4.324,379.278,1.697
30/04/19,07:00:00,1.425,4.011,379.278,1.453
30/04/19,08:00:00,1.126,3.643,424.791,1.588
30/04/19,09:00:00,1.017,3.854,379.278,1.317
30/04/19,10:00:00,1.670,4.558,379.278,0.907
30/04/19,11:00:00,3.009,5.411,379.278,0.577
30/04/19,12:00:00,4.947,6.560,379.278,0.301
30/04/19,13:00:00,6.102,7.242,379.278,0.107
30/04/19,14:00:00,6.990,8.095,379.278,-0.199
30/04/19,15:00:00,7.594,9.015,351.436,-0.704
30/04/19,16:00:00,6.990,8.767,351.436,-0.311
30/04/19,17:00:00,6.306,8.469,379.278,-0.004
30/04/19,18:00:00,5.539,7.544,379.278,0.880
30/04/19,19:00:00,4.714,6.889,379.278,1.262
30/04/19,20:00:00,4.089,6.535,379.278,1.289
30/04/19,21:00:00,3.722,6.281,379.278,1.208
30/04/19,22:00:00,3.591,6.153,379.278,1.126
30/04/19,23:00:00,3.564,6.102,379.278,1.126
01/05/19,00:00:00,3.538,6.051,379.278,1.126
01/05/19,01:00:00,3.722,6.204,379.278,1.044
01/05/19,02:00:00,3.722,6.204,379.278,1.044
01/05/19,03:00:00,3.932,6.408,379.278,0.962
01/05/19,04:00:00,4.168,6.611,379.278,0.880
01/05/19,05:00:00,4.376,6.788,379.278,0.797
01/05/19,06:00:00,4.558,6.940,351.436,0.770
01/05/19,07:00:00,4.662,7.041,379.278,0.770
01/05/19,08:00:00,4.740,7.116,379.278,0.770
01/05/19,09:00:00,4.895,7.217,379.278,0.797
01/05/19,10:00:00,5.050,7.444,379.278,0.770
01/05/19,11:00:00,5.102,7.519,379.278,0.797
01/05/19,12:00:00,5.179,7.619,379.278,0.825
01/05/19,13:00:00,5.179,7.670,379.278,0.852
01/05/19,14:00:00,5.257,7.745,379.278,0.825
01/05/19,15:00:00,5.385,7.845,379.278,0.797
01/05/19,16:00:00,5.308,7.820,379.278,0.907
01/05/19,17:00:00,5.154,7.670,379.278,0.989
01/05/19,18:00:00,5.102,7.619,379.278,0.989
01/05/19,19:00:00,5.154,7.645,379.278,0.934
01/05/19,20:00:00,5.231,7.695,379.278,0.907
01/05/19,21:00:00,5.360,7.820,379.278,0.852
01/05/19,22:00:00,5.488,7.920,379.278,0.797
01/05/19,23:00:00,5.668,8.070,379.278,0.770
02/05/19,00:00:00,5.745,8.195,379.278,0.742
02/05/19,01:00:00,5.872,8.369,351.436,0.852
02/05/19,02:00:00,5.872,8.469,379.278,1.071
02/05/19,03:00:00,6.051,8.618,379.278,0.989
02/05/19,04:00:00,6.230,8.742,379.278,0.962
02/05/19,05:00:00,6.306,8.767,379.278,0.989
02/05/19,06:00:00,6.382,8.841,379.278,0.989
02/05/19,07:00:00,6.458,8.891,351.436,1.017
02/05/19,08:00:00,6.509,8.941,379.278,1.044
02/05/19,09:00:00,6.535,8.965,351.436,1.071
02/05/19,10:00:00,6.611,9.089,379.278,1.126
02/05/19,11:00:00,6.788,9.485,379.278,1.398
02/05/19,12:00:00,6.839,9.485,379.278,1.480
02/05/19,13:00:00,7.116,9.780,379.278,1.480
02/05/19,14:00:00,7.192,9.805,379.278,1.561
02/05/19,15:00:00,7.142,9.682,379.278,1.588
02/05/19,16:00:00,7.192,9.756,379.278,1.561
02/05/19,17:00:00,7.268,9.854,379.278,1.561
02/05/19,18:00:00,7.242,9.829,379.278,1.643
02/05/19,19:00:00,6.889,9.089,379.278,2.047
02/05/19,20:00:00,6.585,8.965,379.278,2.047
02/05/19,21:00:00,6.687,9.312,379.278,1.886
02/05/19,22:00:00,6.611,9.213,379.278,2.101
02/05/19,23:00:00,6.585,9.188,379.278,2.074
03/05/19,00:00:00,6.484,9.015,379.278,2.182
03/05/19,01:00:00,6.306,8.841,379.278,2.182
03/05/19,02:00:00,6.230,8.742,379.278,2.155
03/05/19,03:00:00,6.128,8.618,379.278,2.128
03/05/19,04:00:00,6.026,8.543,379.278,2.155
03/05/19,05:00:00,5.898,8.344,379.278,2.182
03/05/19,06:00:00,5.642,8.045,379.278,2.289
03/05/19,07:00:00,5.411,7.845,379.278,2.370
03/05/19,08:00:00,5.102,7.544,285.420,2.503
03/05/19,09:00:00,4.714,7.318,351.436,2.530
03/05/19,10:00:00,4.584,7.242,379.278,2.396
03/05/19,11:00:00,4.740,7.393,379.278,2.236
03/05/19,12:00:00,5.898,7.895,379.278,2.101
03/05/19,13:00:00,6.839,8.245,379.278,1.967
03/05/19,14:00:00,7.645,8.767,379.278,1.697
03/05/19,15:00:00,7.695,8.965,379.278,1.371
03/05/19,16:00:00,6.990,8.643,379.278,1.453
03/05/19,17:00:00,6.051,8.270,379.278,1.534
03/05/19,18:00:00,5.179,7.419,379.278,2.370
03/05/19,19:00:00,4.402,6.813,379.278,2.664
03/05/19,20:00:00,3.958,6.611,379.278,2.557
03/05/19,21:00:00,3.617,6.331,379.278,2.557
03/05/19,22:00:00,3.643,6.382,379.278,2.343
03/05/19,23:00:00,3.433,6.179,379.278,2.343
04/05/19,00:00:00,3.168,5.949,379.278,2.343
04/05/19,01:00:00,3.116,5.924,379.278,2.236
04/05/19,02:00:00,3.036,5.847,379.278,2.182
04/05/19,03:00:00,2.877,5.693,379.278,2.182
04/05/19,04:00:00,2.930,5.668,379.278,2.101
04/05/19,05:00:00,2.956,5.642,379.278,2.047
04/05/19,06:00:00,2.903,5.591,379.278,1.994
04/05/19,07:00:00,2.930,5.565,424.791,1.967
04/05/19,08:00:00,2.877,5.462,379.278,1.913
04/05/19,09:00:00,2.983,5.514,379.278,1.859
04/05/19,10:00:00,3.274,5.796,379.278,1.697
04/05/19,11:00:00,3.775,6.179,379.278,1.480
04/05/19,12:00:00,4.220,6.560,379.278,1.289
04/05/19,13:00:00,4.298,6.661,379.278,1.262
04/05/19,14:00:00,4.947,7.293,379.278,0.989
04/05/19,15:00:00,5.462,7.519,379.278,0.989
04/05/19,16:00:00,4.921,7.091,379.278,1.344
04/05/19,17:00:00,4.168,6.763,379.278,1.317
04/05/19,18:00:00,3.854,6.484,379.278,1.561
04/05/19,19:00:00,3.722,6.204,379.278,1.670
04/05/19,20:00:00,3.354,5.949,379.278,1.751
04/05/19,21:00:00,2.983,5.719,379.278,1.805
04/05/19,22:00:00,2.637,5.539,379.278,1.805
04/05/19,23:00:00,2.423,5.411,379.278,1.805
05/05/19,00:00:00,2.343,5.334,424.791,1.751
05/05/19,01:00:00,2.343,5.308,379.278,1.670
05/05/19,02:00:00,2.316,5.308,379.278,1.588
05/05/19,03:00:00,2.262,5.257,379.278,1.534
05/05/19,04:00:00,2.289,5.257,379.278,1.507
05/05/19,05:00:00,2.155,5.179,379.278,1.480
05/05/19,06:00:00,2.128,5.154,379.278,1.425
05/05/19,07:00:00,2.101,5.128,379.278,1.371
05/05/19,08:00:00,1.940,4.999,379.278,1.371
05/05/19,09:00:00,1.967,5.024,379.278,1.289
05/05/19,10:00:00,2.128,5.205,379.278,1.208
05/05/19,11:00:00,2.450,5.539,379.278,1.099
05/05/19,12:00:00,2.903,5.975,379.278,0.989
05/05/19,13:00:00,3.380,6.484,379.278,0.852
05/05/19,14:00:00,3.827,6.965,379.278,0.742
05/05/19,15:00:00,3.880,7.167,379.278,0.660
05/05/19,16:00:00,3.827,7.041,379.278,0.715
05/05/19,17:00:00,3.591,6.763,379.278,0.825
05/05/19,18:00:00,3.195,6.255,379.278,1.017
05/05/19,19:00:00,2.770,5.796,379.278,1.153
05/05/19,20:00:00,2.503,5.385,379.278,1.289
05/05/19,21:00:00,2.236,5.179,379.278,1.262
05/05/19,22:00:00,1.967,4.999,379.278,1.289
05/05/19,23:00:00,1.886,4.921,379.278,1.235
06/05/19,00:00:00,1.778,4.844,379.278,1.235
06/05/19,01:00:00,1.588,4.636,379.278,1.262
06/05/19,02:00:00,1.453,4.480,379.278,1.262
06/05/19,03:00:00,1.561,4.558,379.278,1.180
06/05/19,04:00:00,1.588,4.532,379.278,1.126
06/05/19,05:00:00,1.670,4.558,379.278,1.099
06/05/19,06:00:00,1.751,4.584,379.278,1.071
06/05/19,07:00:00,1.832,4.506,379.278,1.044
06/05/19,08:00:00,1.859,4.532,379.278,1.017
06/05/19,09:00:00,1.940,4.662,379.278,0.934
06/05/19,10:00:00,2.289,5.154,379.278,0.742
06/05/19,11:00:00,3.116,6.102,379.278,0.439
06/05/19,12:00:00,3.880,6.535,379.278,0.495
06/05/19,13:00:00,4.792,7.142,379.278,0.218
06/05/19,14:00:00,5.488,8.020,379.278,-0.311
06/05/19,15:00:00,6.433,9.460,351.436,-1.015
06/05/19,16:00:00,7.041,9.854,351.436,-1.185
06/05/19,17:00:00,6.357,9.040,351.436,-0.199
06/05/19,18:00:00,5.668,8.120,379.278,0.660
06/05/19,19:00:00,4.921,6.990,379.278,1.262
06/05/19,20:00:00,3.854,5.821,424.791,1.832
06/05/19,21:00:00,3.036,5.102,424.791,2.047
06/05/19,22:00:00,2.503,4.610,424.791,2.101
06/05/19,23:00:00,2.021,4.194,424.791,2.289
07/05/19,00:00:00,1.615,3.827,424.791,2.343
07/05/19,01:00:00,1.235,3.512,424.791,2.396
07/05/19,02:00:00,0.934,3.221,379.278,2.396
07/05/19,03:00:00,0.687,2.983,424.791,2.343
07/05/19,04:00:00,0.495,2.797,424.791,2.316
07/05/19,05:00:00,0.301,2.637,424.791,2.289
07/05/19,06:00:00,0.163,2.530,424.791,2.155
07/05/19,07:00:00,-0.004,2.423,424.791,2.074
07/05/19,08:00:00,-0.116,2.396,379.278,1.859
07/05/19,09:00:00,-0.143,2.343,424.791,1.778
07/05/19,10:00:00,-0.283,2.370,379.278,1.262
07/05/19,11:00:00,-0.311,2.423,379.278,0.605
07/05/19,12:00:00,0.852,3.063,379.278,0.329
07/05/19,13:00:00,3.643,4.636,379.278,0.079
07/05/19,14:00:00,5.076,5.719,379.278,-0.143
07/05/19,15:00:00,5.488,6.433,379.278,-0.704
07/05/19,16:00:00,4.792,6.204,379.278,-0.255
07/05/19,17:00:00,3.880,5.565,379.278,0.329
07/05/19,18:00:00,2.903,4.999,379.278,0.577
07/05/19,19:00:00,2.316,4.636,379.278,0.687
07/05/19,20:00:00,1.940,4.454,379.278,0.715
07/05/19,21:00:00,1.751,4.350,379.278,0.660
07/05/19,22:00:00,1.697,4.298,379.278,0.605
07/05/19,23:00:00,1.697,4.298,379.278,0.550
08/05/19,00:00:00,1.697,4.324,379.278,0.495
08/05/19,01:00:00,1.670,4.220,379.278,0.495
08/05/19,02:00:00,1.262,3.538,379.278,0.439
08/05/19,03:00:00,0.934,2.903,379.278,0.107
08/05/19,04:00:00,0.632,2.744,379.278,0.024
08/05/19,05:00:00,0.495,2.770,379.278,0.079
08/05/19,06:00:00,0.384,2.717,379.278,0.079
08/05/19,07:00:00,0.356,2.744,379.278,0.079
08/05/19,08:00:00,0.439,2.797,379.278,0.079
08/05/19,09:00:00,0.495,2.877,379.278,0.051
08/05/19,10:00:00,0.550,2.930,379.278,0.024
08/05/19,11:00:00,0.660,3.009,379.278,-0.032
08/05/19,12:00:00,0.770,3.116,379.278,-0.116
08/05/19,13:00:00,1.262,3.354,379.278,-0.311
08/05/19,14:00:00,2.074,3.932,379.278,-0.535
08/05/19,15:00:00,2.823,4.532,379.278,-0.704
08/05/19,16:00:00,3.168,4.792,379.278,-0.648
08/05/19,17:00:00,2.930,4.584,379.278,-0.479
08/05/19,18:00:00,2.450,4.272,379.278,-0.311
08/05/19,19:00:00,2.101,4.063,379.278,-0.227
08/05/19,20:00:00,1.886,3.932,379.278,-0.171
08/05/19,21:00:00,1.724,3.854,379.278,-0.171
08/05/19,22:00:00,1.561,3.775,379.278,-0.171
08/05/19,23:00:00,1.453,3.722,379.278,-0.116
09/05/19,00:00:00,1.344,3.617,379.278,-0.088
09/05/19,01:00:00,1.262,3.564,379.278,-0.116
09/05/19,02:00:00,1.099,3.512,379.278,-0.116
09/05/19,03:00:00,0.852,3.327,379.278,-0.060
09/05/19,04:00:00,0.797,3.274,379.278,-0.088
09/05/19,05:00:00,0.880,3.301,379.278,-0.116
09/05/19,06:00:00,0.797,3.248,379.278,-0.116
09/05/19,07:00:00,0.715,3.195,379.278,-0.116
09/05/19,08:00:00,0.660,3.116,424.791,-0.116
09/05/19,09:00:00,0.495,3.063,379.278,-0.143
09/05/19,10:00:00,0.467,3.089,379.278,-0.227
09/05/19,11:00:00,0.687,3.221,379.278,-0.339
09/05/19,12:00:00,0.907,3.301,379.278,-0.367
09/05/19,13:00:00,1.044,3.406,379.278,-0.451
09/05/19,14:00:00,1.099,3.459,379.278,-0.479
09/05/19,15:00:00,1.317,3.617,379.278,-0.563
09/05/19,16:00:00,1.262,3.564,379.278,-0.535
09/05/19,17:00:00,1.126,3.459,379.278,-0.507
09/05/19,18:00:00,0.962,3.354,379.278,-0.479
09/05/19,19:00:00,0.797,3.221,379.278,-0.395
09/05/19,20:00:00,0.687,3.195,379.278,-0.423
09/05/19,21:00:00,0.632,3.142,379.278,-0.479
09/05/19,22:00:00,0.605,3.142,379.278,-0.479
09/05/19,23:00:00,0.687,3.195,379.278,-0.535
10/05/19,00:00:00,0.770,3.274,379.278,-0.591
10/05/19,01:00:00,0.825,3.301,379.278,-0.591
10/05/19,02:00:00,0.852,3.301,379.278,-0.591
10/05/19,03:00:00,0.825,3.248,379.278,-0.563
10/05/19,04:00:00,0.797,3.195,379.278,-0.535
10/05/19,05:00:00,0.742,3.195,379.278,-0.535
10/05/19,06:00:00,0.770,3.248,379.278,-0.563
10/05/19,07:00:00,0.715,3.063,379.278,-0.535
10/05/19,08:00:00,0.660,2.983,379.278,-0.535
10/05/19,09:00:00,0.687,2.983,379.278,-0.535
10/05/19,10:00:00,0.770,3.036,379.278,-0.563
10/05/19,11:00:00,0.852,3.089,379.278,-0.620
10/05/19,12:00:00,0.907,3.142,379.278,-0.676
10/05/19,13:00:00,0.934,3.142,379.278,-0.732
10/05/19,14:00:00,0.962,3.168,379.278,-0.760
10/05/19,15:00:00,1.126,3.221,379.278,-0.873
10/05/19,16:00:00,1.289,3.380,379.278,-1.015
10/05/19,17:00:00,1.317,3.433,379.278,-0.930
10/05/19,18:00:00,1.126,3.354,379.278,-0.817
10/05/19,19:00:00,0.934,3.274,379.278,-0.704
10/05/19,20:00:00,0.715,3.248,379.278,-0.676
10/05/19,21:00:00,0.550,3.195,379.278,-0.648
10/05/19,22:00:00,0.495,3.168,379.278,-0.648
10/05/19,23:00:00,0.467,3.142,379.278,-0.676
11/05/19,00:00:00,0.384,3.089,379.278,-0.704
11/05/19,01:00:00,0.329,3.009,379.278,-0.676
11/05/19,02:00:00,0.273,2.956,379.278,-0.732
11/05/19,03:00:00,0.273,2.983,379.278,-0.760
11/05/19,04:00:00,0.329,3.009,379.278,-0.789
11/05/19,05:00:00,0.356,3.036,379.278,-0.789
11/05/19,06:00:00,0.439,3.036,379.278,-0.789
11/05/19,07:00:00,0.356,2.930,379.278,-0.676
11/05/19,08:00:00,0.356,2.823,424.791,-0.507
11/05/19,09:00:00,0.135,2.664,379.278,-0.451
11/05/19,10:00:00,-0.143,2.530,379.278,-0.479
11/05/19,11:00:00,-0.311,2.503,379.278,-0.648
11/05/19,12:00:00,-0.227,2.744,379.278,-0.873
11/05/19,13:00:00,0.190,3.512,379.278,-1.185
11/05/19,14:00:00,1.317,4.454,379.278,-1.613
11/05/19,15:00:00,2.128,5.257,351.436,-2.044
11/05/19,16:00:00,2.584,5.411,379.278,-1.785
11/05/19,17:00:00,2.423,5.179,379.278,-1.670
11/05/19,18:00:00,2.262,4.740,379.278,-1.213
11/05/19,19:00:00,1.913,4.011,379.278,-0.648
11/05/19,20:00:00,1.507,3.670,379.278,-0.620
11/05/19,21:00:00,1.317,3.643,379.278,-0.704
11/05/19,22:00:00,1.208,3.485,379.278,-0.620
11/05/19,23:00:00,1.099,3.591,379.278,-0.704
12/05/19,00:00:00,1.180,3.696,379.278,-0.760
12/05/19,01:00:00,1.208,3.670,379.278,-0.732
12/05/19,02:00:00,1.044,3.433,379.278,-0.620
12/05/19,03:00:00,0.852,3.248,379.278,-0.535
12/05/19,04:00:00,0.770,3.116,379.278,-0.507
12/05/19,05:00:00,0.660,2.930,379.278,-0.367
12/05/19,06:00:00,0.522,2.770,379.278,-0.283
12/05/19,07:00:00,0.384,2.637,379.278,-0.255
12/05/19,08:00:00,0.218,2.503,379.278,-0.227
12/05/19,09:00:00,0.051,2.477,424.791,-0.395
12/05/19,10:00:00,-0.004,2.477,379.278,-0.535
12/05/19,11:00:00,-0.060,2.610,379.278,-0.873
12/05/19,12:00:00,1.099,3.696,379.278,-1.157
12/05/19,13:00:00,3.168,4.818,379.278,-1.413
12/05/19,14:00:00,4.921,5.796,351.436,-1.756
12/05/19,15:00:00,4.921,6.408,351.436,-2.276
12/05/19,16:00:00,4.662,6.509,351.436,-2.247
12/05/19,17:00:00,4.428,6.382,351.436,-1.814
12/05/19,18:00:00,3.801,5.360,379.278,-0.620
12/05/19,19:00:00,2.850,4.506,379.278,-0.060
12/05/19,20:00:00,2.209,4.037,379.278,0.135
12/05/19,21:00:00,1.697,3.591,424.791,0.412
12/05/19,22:00:00,1.235,3.274,379.278,0.384
12/05/19,23:00:00,0.907,3.036,424.791,0.439
13/05/19,00:00:00,0.605,2.877,424.791,0.329
13/05/19,01:00:00,0.356,2.770,424.791,0.218
13/05/19,02:00:00,0.301,2.664,424.791,0.246
13/05/19,03:00:00,0.135,2.530,379.278,0.273
13/05/19,04:00:00,-0.004,2.423,379.278,0.218
13/05/19,05:00:00,-0.227,2.289,424.791,0.135
13/05/19,06:00:00,-0.479,2.209,379.278,-0.088
13/05/19,07:00:00,-0.620,2.155,379.278,-0.227
13/05/19,08:00:00,-0.760,2.128,379.278,-0.395
13/05/19,09:00:00,-0.760,2.101,379.278,-0.563
13/05/19,10:00:00,-0.732,2.128,379.278,-0.873
13/05/19,11:00:00,-0.591,2.316,351.436,-1.213
13/05/19,12:00:00,0.852,3.459,379.278,-1.527
13/05/19,13:00:00,3.116,4.506,379.278,-1.699
13/05/19,14:00:00,4.324,5.282,351.436,-1.929
13/05/19,15:00:00,5.128,6.051,351.436,-2.334
13/05/19,16:00:00,4.947,6.204,351.436,-2.218
13/05/19,17:00:00,4.168,5.924,351.436,-1.727
13/05/19,18:00:00,3.354,5.076,379.278,-0.591
13/05/19,19:00:00,2.370,4.298,379.278,-0.060
13/05/19,20:00:00,1.480,3.827,379.278,-0.032
13/05/19,21:00:00,0.907,3.459,379.278,-0.032
13/05/19,22:00:00,0.605,3.195,379.278,-0.004
13/05/19,23:00:00,0.356,2.956,379.278,-0.032
14/05/19,00:00:00,0.107,2.797,379.278,-0.060
14/05/19,01:00:00,-0.004,2.664,379.278,-0.032
14/05/19,02:00:00,-0.143,2.530,379.278,-0.004
14/05/19,03:00:00,-0.227,2.423,379.278,-0.004
14/05/19,04:00:00,-0.311,2.289,424.791,0.051
14/05/19,05:00:00,-0.507,2.209,379.278,-0.088
14/05/19,06:00:00,-0.620,2.182,379.278,-0.227
14/05/19,07:00:00,-0.676,2.101,379.278,-0.227
14/05/19,08:00:00,-0.732,2.047,379.278,-0.283
14/05/19,09:00:00,-0.732,1.994,379.278,-0.395
14/05/19,10:00:00,-0.760,2.047,379.278,-0.760
14/05/19,11:00:00,-0.648,2.370,379.278,-1.128
14/05/19,12:00:00,0.495,3.354,379.278,-1.441
14/05/19,13:00:00,2.557,4.350,379.278,-1.670
14/05/19,14:00:00,4.011,5.154,351.436,-1.929
14/05/19,15:00:00,4.089,5.719,351.436,-2.334
14/05/19,16:00:00,4.402,6.179,351.436,-2.392
14/05/19,17:00:00,3.643,5.847,351.436,-1.727
14/05/19,18:00:00,2.983,4.895,379.278,-0.620
14/05/19,19:00:00,2.101,3.670,379.278,0.301
14/05/19,20:00:00,1.317,3.089,424.791,0.632
14/05/19,21:00:00,0.742,2.690,424.791,0.797
14/05/19,22:00:00,0.273,2.343,424.791,0.880
14/05/19,23:00:00,-0.060,2.074,424.791,0.907
15/05/19,00:00:00,-0.395,1.859,424.791,0.962
15/05/19,01:00:00,-0.620,1.643,379.278,0.962
15/05/19,02:00:00,-0.817,1.480,424.791,0.907
15/05/19,03:00:00,-0.986,1.317,424.791,0.962
15/05/19,04:00:00,-1.100,1.180,424.791,0.962
15/05/19,05:00:00,-1.185,1.044,424.791,0.962
15/05/19,06:00:00,-1.242,0.934,424.791,0.934
15/05/19,07:00:00,-1.299,0.825,424.791,0.880
15/05/19,08:00:00,-1.299,0.715,424.791,0.989
15/05/19,09:00:00,-1.356,0.660,424.791,0.880
15/05/19,10:00:00,-1.498,0.687,379.278,0.439
15/05/19,11:00:00,-1.670,0.742,379.278,-0.171
15/05/19,12:00:00,-1.727,0.852,351.436,-1.185
15/05/19,13:00:00,-0.088,1.480,351.436,-1.756
15/05/19,14:00:00,2.316,2.396,351.436,-2.102
15/05/19,15:00:00,2.956,4.168,351.436,-2.830
15/05/19,16:00:00,3.301,5.282,351.436,-2.830
15/05/19,17:00:00,2.930,5.257,351.436,-2.015
15/05/19,18:00:00,2.289,4.194,379.278,-0.591
15/05/19,19:00:00,1.453,3.063,379.278,0.412
15/05/19,20:00:00,0.687,2.557,424.791,0.715
15/05/19,21:00:00,0.163,2.209,379.278,0.852
15/05/19,22:00:00,-0.227,1.940,424.791,0.907
15/05/19,23:00:00,-0.563,1.697,424.791,0.934
16/05/19,00:00:00,-0.817,1.480,424.791,0.989
16/05/19,01:00:00,-1.015,1.289,424.791,0.989
16/05/19,02:00:00,-1.157,1.126,424.791,0.880
16/05/19,03:00:00,-1.242,0.962,351.436,0.962
16/05/19,04:00:00,-1.299,0.797,424.791,1.017
16/05/19,05:00:00,-1.356,0.660,379.278,1.017
16/05/19,06:00:00,-1.413,0.577,424.791,0.934
16/05/19,07:00:00,-1.441,0.467,424.791,0.962
16/05/19,08:00:00,-1.441,0.384,424.791,1.017
16/05/19,09:00:00,-1.470,0.329,424.791,1.017
16/05/19,10:00:00,-1.670,0.356,379.278,0.467
16/05/19,11:00:00,-1.958,0.439,379.278,-0.367
16/05/19,12:00:00,-1.900,0.522,379.278,-0.958
16/05/19,13:00:00,-0.817,1.017,351.436,-1.356
16/05/19,14:00:00,2.047,1.832,351.436,-2.218
16/05/19,15:00:00,3.221,3.327,351.436,-2.859
16/05/19,16:00:00,3.301,4.558,351.436,-2.888
16/05/19,17:00:00,2.530,4.350,351.436,-2.102
16/05/19,18:00:00,1.724,3.433,379.278,-0.591
16/05/19,19:00:00,0.770,2.477,379.278,0.273
16/05/19,20:00:00,0.051,2.047,424.791,0.577
16/05/19,21:00:00,-0.479,1.778,424.791,0.467
16/05/19,22:00:00,-0.789,1.615,379.278,0.218
16/05/19,23:00:00,-0.930,1.507,379.278,0.107
17/05/19,00:00:00,-1.100,1.371,379.278,0.135
17/05/19,01:00:00,-1.185,1.289,424.791,0.079
17/05/19,02:00:00,-1.242,1.208,424.791,0.024
17/05/19,03:00:00,-1.299,1.153,424.791,-0.116
17/05/19,04:00:00,-1.327,1.099,379.278,-0.143
17/05/19,05:00:00,-1.384,1.044,424.791,-0.171
17/05/19,06:00:00,-1.413,0.989,379.278,-0.199
17/05/19,07:00:00,-1.527,0.962,424.791,-0.367
17/05/19,08:00:00,-1.527,0.880,379.278,-0.255
17/05/19,09:00:00,-1.584,0.852,379.278,-0.367
17/05/19,10:00:00,-1.670,0.880,379.278,-0.704
17/05/19,11:00:00,-1.756,0.962,379.278,-1.299
17/05/19,12:00:00,-0.986,1.289,379.278,-1.613
17/05/19,13:00:00,1.561,2.316,351.436,-1.958
17/05/19,14:00:00,3.274,3.880,351.436,-2.305
17/05/19,15:00:00,3.591,5.102,351.436,-2.771
17/05/19,16:00:00,3.775,5.668,351.436,-2.859
17/05/19,17:00:00,2.797,5.282,351.436,-1.929
17/05/19,18:00:00,1.967,3.985,379.278,-0.283
17/05/19,19:00:00,1.099,2.850,379.278,0.632
17/05/19,20:00:00,0.329,2.343,424.791,0.962
17/05/19,21:00:00,-0.227,1.967,424.791,1.099
17/05/19,22:00:00,-0.648,1.670,379.278,1.126
17/05/19,23:00:00,-0.958,1.425,379.278,1.099
18/05/19,00:00:00,-1.128,1.208,424.791,1.071
18/05/19,01:00:00,-1.270,0.989,379.278,1.099
18/05/19,02:00:00,-1.356,0.825,379.278,1.071
18/05/19,03:00:00,-1.413,0.660,424.791,1.099
18/05/19,04:00:00,-1.498,0.550,424.791,1.044
18/05/19,05:00:00,-1.527,0.412,424.791,1.044
18/05/19,06:00:00,-1.556,0.329,379.278,1.071
18/05/19,07:00:00,-1.584,0.246,379.278,1.017
18/05/19,08:00:00,-1.613,0.190,424.791,0.934
18/05/19,09:00:00,-1.727,0.163,379.278,0.660
18/05/19,10:00:00,-1.871,0.190,424.791,0.218
18/05/19,11:00:00,-2.044,0.246,379.278,-0.451
18/05/19,12:00:00,-1.986,0.329,379.278,-0.958
18/05/19,13:00:00,-1.470,0.989,351.436,-1.413
