"Date","Time, GMT+10:00","Rain, mm (SEN S/N: 668163)","Temp, ¡C (SEN S/N: 684635)","Temp, ¡C (SEN S/N: 684636)","Temp, ¡C (SEN S/N: 684637)","Temp, ¡C (SEN S/N: 684638)","Temp, ¡C (SEN S/N: 699195)","RH, % (SEN S/N: 699195)","DewPt, ¡C (SEN S/N: 699195)","PAR, uE (SEN S/N: 700672)","Wind Speed, m/s (SEN S/N: 809009)","Gust Speed, m/s (SEN S/N: 809009)"
18-04-2005,12:00:00,,8.270,8.394,8.120,14.290,9.03,1.00,-44.5,1351.2,12.94,22.46
18-04-2005,13:00:00,0.00,8.369,8.419,8.319,14.912,9.42,1.00,-44.2,1441.2,11.04,17.89
18-04-2005,14:00:00,0.00,8.494,8.419,8.618,13.425,9.42,1.00,-44.2,1391.2,9.14,13.70
18-04-2005,15:00:00,0.00,8.643,8.469,8.891,9.829,9.42,1.00,-44.2,1163.7,8.38,12.56
18-04-2005,16:00:00,0.00,8.792,8.519,9.040,8.070,8.23,1.00,-44.9,841.2,8.38,13.70
18-04-2005,17:00:00,0.00,8.891,8.568,9.040,6.408,6.62,1.00,-45.9,443.7,7.99,12.56
18-04-2005,18:00:00,0.00,8.916,8.618,8.891,4.584,4.99,1.00,-46.9,61.2,7.23,11.80
18-04-2005,19:00:00,0.00,8.866,8.643,8.618,3.485,4.15,1.00,-47.5,1.2,6.47,11.42
18-04-2005,20:00:00,0.00,8.742,8.643,8.319,2.877,3.31,1.00,-48.0,1.2,5.33,8.76
18-04-2005,21:00:00,0.00,8.618,8.618,8.045,2.370,3.31,1.00,-48.0,1.2,4.95,8.76
18-04-2005,22:00:00,0.00,8.444,8.568,7.770,1.805,3.31,1.00,-48.0,1.2,3.81,7.61
18-04-2005,23:00:00,0.00,8.295,8.519,7.519,1.615,5.81,1.00,-46.4,1.2,3.43,7.99
19-04-2005,00:00:00,0.00,8.145,8.444,7.293,1.289,5.40,1.00,-46.7,1.2,1.90,5.33
19-04-2005,01:00:00,0.00,7.970,8.344,7.041,0.907,2.46,1.00,-48.5,1.2,3.05,7.61
19-04-2005,02:00:00,0.00,7.820,8.270,6.839,0.632,2.03,1.00,-48.8,1.2,3.05,6.47
19-04-2005,03:00:00,0.00,7.670,8.170,6.636,0.687,2.03,1.00,-48.8,1.2,3.05,7.99
19-04-2005,04:00:00,0.00,7.519,8.070,6.484,0.742,2.89,1.00,-48.2,1.2,4.95,7.23
19-04-2005,05:00:00,0.00,7.368,7.970,6.357,0.605,3.31,1.00,-48.0,1.2,4.57,6.85
19-04-2005,06:00:00,0.00,7.268,7.870,6.230,0.715,2.46,1.00,-48.5,1.2,5.33,9.14
19-04-2005,07:00:00,0.00,7.142,7.795,6.128,0.852,2.03,1.00,-48.8,8.7,5.33,8.76
19-04-2005,08:00:00,0.00,7.041,7.695,6.051,1.371,2.89,1.00,-48.2,228.7,5.71,10.66
19-04-2005,09:00:00,0.00,6.965,7.619,6.000,3.670,4.15,1.00,-47.5,723.7,4.19,7.61
19-04-2005,10:00:00,0.00,6.914,7.544,6.102,9.163,4.57,1.00,-47.2,1003.7,3.81,9.14
19-04-2005,11:00:00,0.00,6.965,7.469,6.458,13.209,4.99,1.00,-46.9,1031.2,2.66,5.33
19-04-2005,12:00:00,0.00,7.116,7.444,7.015,14.433,6.22,1.00,-46.2,1123.7,1.90,6.47
19-04-2005,13:00:00,0.00,7.343,7.469,7.670,14.840,7.43,1.00,-45.4,1211.2,2.28,5.33
19-04-2005,14:00:00,0.00,7.645,7.519,8.295,15.390,8.23,1.00,-44.9,1443.7,2.28,5.33
19-04-2005,15:00:00,0.00,7.995,7.619,8.891,14.505,8.63,1.00,-44.7,1038.7,1.52,4.57
19-04-2005,16:00:00,0.00,8.344,7.770,9.410,12.751,7.03,1.00,-45.7,843.7,1.90,4.95
19-04-2005,17:00:00,0.00,8.643,7.920,9.731,10.492,5.40,1.00,-46.7,378.7,1.14,3.81
19-04-2005,18:00:00,0.00,8.866,8.070,9.731,7.594,5.40,1.00,-46.7,26.2,0.38,3.05
19-04-2005,19:00:00,0.00,8.965,8.220,9.435,5.205,3.74,1.00,-47.7,1.2,1.52,3.05
19-04-2005,20:00:00,0.00,8.916,8.319,9.040,4.454,3.74,1.00,-47.7,1.2,2.28,4.57
19-04-2005,21:00:00,0.00,8.792,8.369,8.643,4.844,3.31,1.00,-48.0,1.2,2.28,5.33
19-04-2005,22:00:00,0.00,8.643,8.369,8.344,4.298,2.89,1.00,-48.2,1.2,3.05,6.09
19-04-2005,23:00:00,0.00,8.494,8.344,8.095,3.932,2.03,1.00,-48.8,1.2,1.90,4.57
20-04-2005,00:00:00,0.00,8.369,8.319,7.870,3.459,0.29,1.00,-49.9,1.2,0.38,3.05
20-04-2005,01:00:00,0.00,8.220,8.270,7.645,1.480,0.29,1.00,-49.9,1.2,0.00,1.14
20-04-2005,02:00:00,0.00,8.070,8.220,7.393,-0.423,1.60,1.00,-49.0,1.2,0.00,1.14
20-04-2005,03:00:00,0.00,7.895,8.145,7.015,-0.789,0.29,1.00,-49.9,1.2,0.00,2.28
20-04-2005,04:00:00,0.00,7.695,8.045,6.661,-1.157,0.73,1.00,-49.6,1.2,0.00,1.90
20-04-2005,05:00:00,0.00,7.494,7.945,6.331,-1.299,-0.61,1.00,-50.4,1.2,0.38,2.28
20-04-2005,06:00:00,0.00,7.268,7.845,6.051,-1.613,-0.16,1.00,-50.1,1.2,0.00,1.14
20-04-2005,07:00:00,0.00,7.066,7.720,5.770,-1.727,0.73,1.00,-49.6,8.7,0.38,1.90
20-04-2005,08:00:00,0.00,6.864,7.594,5.539,-1.270,2.89,1.00,-48.2,291.2,0.00,1.52
20-04-2005,09:00:00,0.00,6.661,7.469,5.334,-0.283,7.03,1.00,-45.7,716.2,0.00,1.52
20-04-2005,10:00:00,0.00,6.509,7.343,5.231,6.864,9.03,1.00,-44.5,1071.2,0.76,3.81
20-04-2005,11:00:00,0.00,6.433,7.217,5.411,14.649,10.99,1.00,-43.2,1326.2,0.38,3.43
20-04-2005,12:00:00,0.00,6.509,7.116,6.051,16.558,12.93,1.00,-42.1,1463.7,0.38,3.05
20-04-2005,13:00:00,0.00,6.813,7.116,7.066,17.272,13.70,1.00,-41.6,1431.2,1.14,4.95
20-04-2005,14:00:00,0.00,7.242,7.167,8.045,14.840,12.93,1.00,-42.1,1363.7,1.90,4.95
20-04-2005,15:00:00,0.00,7.720,7.268,8.767,11.419,11.38,1.00,-43.0,1136.2,1.52,4.57
20-04-2005,16:00:00,0.00,8.120,7.444,9.238,9.731,10.21,1.00,-43.7,776.2,1.90,4.19
20-04-2005,17:00:00,0.00,8.419,7.619,9.435,7.820,9.82,1.00,-44.0,416.2,0.76,3.43
20-04-2005,18:00:00,0.00,8.618,7.795,9.336,4.921,6.22,1.00,-46.2,53.7,0.00,1.90
20-04-2005,19:00:00,0.00,8.643,7.920,8.965,2.316,4.57,1.00,-47.2,1.2,0.00,1.14
20-04-2005,20:00:00,0.00,8.543,8.020,8.444,1.099,3.74,1.00,-47.7,1.2,0.00,0.76
20-04-2005,21:00:00,0.00,8.344,8.020,7.920,0.246,3.31,1.00,-48.0,1.2,0.00,0.76
20-04-2005,22:00:00,0.00,8.120,8.020,7.444,-0.116,2.89,1.00,-48.2,1.2,0.00,2.28
20-04-2005,23:00:00,0.00,7.870,7.945,7.015,-0.563,3.74,1.00,-47.7,1.2,0.00,0.76
21-04-2005,00:00:00,0.00,7.619,7.870,6.636,-0.620,5.40,1.00,-46.7,1.2,0.00,1.90
21-04-2005,01:00:00,0.00,7.393,7.770,6.306,-0.760,7.83,1.00,-45.2,1.2,0.00,1.52
21-04-2005,02:00:00,0.00,7.167,7.645,6.051,-0.930,5.40,1.00,-46.7,1.2,0.00,1.52
21-04-2005,03:00:00,0.00,6.965,7.544,5.796,-0.958,3.31,1.00,-48.0,1.2,0.00,3.05
21-04-2005,04:00:00,0.00,6.788,7.419,5.591,-0.339,6.22,1.00,-46.2,1.2,3.43,6.85
21-04-2005,05:00:00,0.00,6.611,7.293,5.411,0.218,5.81,1.00,-46.4,1.2,2.28,6.09
21-04-2005,06:00:00,0.00,6.458,7.192,5.334,0.024,4.99,1.00,-46.9,1.2,0.76,3.43
21-04-2005,07:00:00,0.00,6.357,7.091,5.257,-0.255,4.57,1.00,-47.2,8.7,0.38,2.66
21-04-2005,08:00:00,0.00,6.255,6.990,5.154,0.024,7.03,1.00,-45.7,281.2,0.00,1.90
21-04-2005,09:00:00,0.00,6.153,6.889,5.050,3.301,10.21,1.00,-43.7,708.7,3.05,6.09
21-04-2005,10:00:00,0.00,6.102,6.813,5.102,10.541,10.60,1.00,-43.5,1061.2,3.43,6.09
21-04-2005,11:00:00,0.00,6.128,6.737,5.565,16.654,10.60,1.00,-43.5,1313.7,4.19,6.85
21-04-2005,12:00:00,0.00,6.331,6.712,6.331,17.748,11.77,1.00,-42.8,1448.7,3.81,6.47
21-04-2005,13:00:00,0.00,6.661,6.763,7.242,17.891,11.77,1.00,-42.8,1466.2,4.19,7.23
21-04-2005,14:00:00,0.00,7.091,6.864,8.020,15.390,11.77,1.00,-42.8,1356.2,3.43,5.71
21-04-2005,15:00:00,0.00,7.494,6.990,8.668,11.224,12.16,1.00,-42.5,1126.2,3.05,6.09
21-04-2005,16:00:00,0.00,7.895,7.167,9.114,9.583,11.77,1.00,-42.8,803.7,3.05,6.09
21-04-2005,17:00:00,0.00,8.170,7.368,9.238,7.670,9.82,1.00,-44.0,408.7,1.90,3.81
21-04-2005,18:00:00,0.00,8.344,7.519,9.114,4.298,5.40,1.00,-46.7,48.7,0.38,2.66
21-04-2005,19:00:00,0.00,8.369,7.670,8.717,1.697,3.74,1.00,-47.7,1.2,0.00,3.05
21-04-2005,20:00:00,0.00,8.270,7.745,8.170,0.742,5.81,1.00,-46.4,1.2,1.90,3.43
21-04-2005,21:00:00,0.00,8.070,7.770,7.645,0.495,6.22,1.00,-46.2,1.2,2.28,4.95
21-04-2005,22:00:00,0.00,7.845,7.745,7.192,0.715,7.03,1.00,-45.7,1.2,3.43,5.71
21-04-2005,23:00:00,0.00,7.619,7.695,6.839,1.071,6.62,1.00,-45.9,1.2,3.81,6.09
22-04-2005,00:00:00,0.00,7.419,7.619,6.585,0.825,5.81,1.00,-46.4,1.2,2.28,4.95
22-04-2005,01:00:00,0.00,7.242,7.519,6.382,0.605,5.81,1.00,-46.4,1.2,1.52,4.57
22-04-2005,02:00:00,0.00,7.066,7.444,6.179,0.825,5.40,1.00,-46.7,1.2,1.90,4.57
22-04-2005,03:00:00,0.00,6.940,7.343,6.026,0.079,5.81,1.00,-46.4,1.2,0.76,5.33
22-04-2005,04:00:00,0.00,6.788,7.268,5.847,1.235,6.62,1.00,-45.9,1.2,4.95,8.76
22-04-2005,05:00:00,0.00,6.661,7.167,5.745,1.913,6.22,1.00,-46.2,1.2,5.33,8.38
22-04-2005,06:00:00,0.00,6.585,7.091,5.719,1.534,6.22,1.00,-46.2,1.2,1.90,6.85
22-04-2005,07:00:00,0.00,6.509,7.015,5.693,0.880,6.22,1.00,-46.2,8.7,1.14,6.47
22-04-2005,08:00:00,0.00,6.433,6.940,5.616,1.886,8.23,1.00,-44.9,273.7,2.28,5.33
22-04-2005,09:00:00,0.00,6.382,6.889,5.565,4.662,9.42,1.00,-44.2,696.2,3.81,7.61
22-04-2005,10:00:00,0.00,6.357,6.839,5.745,10.492,10.21,1.00,-43.7,1046.2,3.43,6.47
22-04-2005,11:00:00,0.00,6.433,6.813,6.179,16.630,10.99,1.00,-43.2,1298.7,2.66,5.71
22-04-2005,12:00:00,0.00,6.636,6.813,6.889,17.891,12.16,1.00,-42.5,1436.2,2.28,5.33
22-04-2005,13:00:00,0.00,6.990,6.839,7.745,18.105,12.93,1.00,-42.1,1448.7,1.90,4.57
22-04-2005,14:00:00,0.00,7.393,6.965,8.568,15.819,13.32,1.00,-41.8,1338.7,1.52,4.19
22-04-2005,15:00:00,0.00,7.845,7.116,9.238,12.292,13.70,1.00,-41.6,1111.2,1.52,4.19
22-04-2005,16:00:00,0.00,8.245,7.293,9.657,10.663,13.32,1.00,-41.8,783.7,1.52,4.19
22-04-2005,17:00:00,0.00,8.543,7.494,9.805,8.767,12.16,1.00,-42.5,391.2,1.14,3.43
22-04-2005,18:00:00,0.00,8.717,7.670,9.657,5.411,9.03,1.00,-44.5,43.7,0.00,1.90
22-04-2005,19:00:00,0.00,8.742,7.820,9.238,3.221,7.43,1.00,-45.4,1.2,0.00,0.76
22-04-2005,20:00:00,0.00,8.618,7.920,8.693,2.450,7.03,1.00,-45.7,1.2,0.00,1.52
22-04-2005,21:00:00,0.00,8.444,7.945,8.170,1.832,5.81,1.00,-46.4,1.2,0.00,1.52
22-04-2005,22:00:00,0.00,8.220,7.945,7.720,1.371,4.57,1.00,-47.2,1.2,0.38,2.28
22-04-2005,23:00:00,0.00,7.970,7.895,7.318,0.852,4.99,1.00,-46.9,1.2,0.00,0.38
23-04-2005,00:00:00,0.00,7.745,7.820,6.965,1.398,7.03,1.00,-45.7,1.2,2.28,5.33
23-04-2005,01:00:00,0.00,7.544,7.720,6.712,1.289,6.22,1.00,-46.2,1.2,0.38,2.66
23-04-2005,02:00:00,0.00,7.368,7.619,6.509,0.880,6.22,1.00,-46.2,1.2,2.28,3.81
23-04-2005,03:00:00,0.00,7.192,7.544,6.331,0.934,5.40,1.00,-46.7,1.2,1.52,5.71
23-04-2005,04:00:00,0.00,7.066,7.444,6.179,0.797,6.22,1.00,-46.2,1.2,1.14,4.57
23-04-2005,05:00:00,0.00,6.940,7.343,6.026,1.017,5.40,1.00,-46.7,1.2,0.00,3.05
23-04-2005,06:00:00,0.00,6.813,7.268,5.872,1.044,4.57,1.00,-47.2,1.2,1.14,4.19
23-04-2005,07:00:00,0.00,6.687,7.192,5.745,1.398,4.99,1.00,-46.9,8.7,2.66,5.71
23-04-2005,08:00:00,0.00,6.585,7.091,5.642,3.168,8.23,1.00,-44.9,261.2,3.05,6.09
23-04-2005,09:00:00,0.00,6.484,7.015,5.642,5.847,10.21,1.00,-43.7,673.7,3.43,6.85
23-04-2005,10:00:00,0.00,6.458,6.940,5.847,10.320,10.99,1.00,-43.2,1036.2,4.57,9.90
23-04-2005,11:00:00,0.00,6.535,6.914,6.281,14.385,11.77,1.00,-42.8,983.7,3.81,7.99
23-04-2005,12:00:00,0.00,6.712,6.889,6.813,14.768,11.77,1.00,-42.8,868.7,2.66,6.47
23-04-2005,13:00:00,0.00,6.965,6.914,7.393,18.200,13.32,1.00,-41.8,1293.7,1.90,5.33
23-04-2005,14:00:00,0.00,7.268,6.990,8.095,17.724,12.55,1.00,-42.3,1008.7,2.28,5.71
23-04-2005,15:00:00,0.00,7.645,7.116,8.767,14.242,12.93,1.00,-42.1,903.7,2.66,5.33
23-04-2005,16:00:00,0.00,7.995,7.268,9.163,13.834,11.38,1.00,-43.0,656.2,2.66,6.09
23-04-2005,17:00:00,0.00,8.295,7.444,9.386,10.980,10.21,1.00,-43.7,141.2,1.90,4.19
23-04-2005,18:00:00,0.00,8.469,7.594,9.336,9.435,9.82,1.00,-44.0,11.2,0.76,3.05
23-04-2005,19:00:00,0.00,8.543,7.720,9.139,6.965,7.83,1.00,-45.2,1.2,0.00,2.28
23-04-2005,20:00:00,0.00,8.543,7.820,8.866,4.532,7.43,1.00,-45.4,1.2,0.00,1.90
23-04-2005,21:00:00,0.00,8.444,7.895,8.469,3.880,6.22,1.00,-46.2,1.2,0.00,1.90
23-04-2005,22:00:00,0.00,8.319,7.920,8.070,2.770,5.40,1.00,-46.7,1.2,0.00,1.90
23-04-2005,23:00:00,0.00,8.145,7.895,7.695,2.370,5.40,1.00,-46.7,1.2,0.38,1.90
24-04-2005,00:00:00,0.00,7.945,7.870,7.368,2.209,4.99,1.00,-46.9,1.2,1.52,3.05
24-04-2005,01:00:00,0.00,7.770,7.820,7.091,1.994,5.40,1.00,-46.7,1.2,0.76,2.28
24-04-2005,02:00:00,0.00,7.594,7.745,6.864,1.643,4.57,1.00,-47.2,1.2,0.38,1.90
24-04-2005,03:00:00,0.00,7.444,7.645,6.661,1.480,4.99,1.00,-46.9,1.2,1.52,2.66
24-04-2005,04:00:00,0.00,7.293,7.569,6.458,1.507,6.62,1.00,-45.9,1.2,2.28,3.81
24-04-2005,05:00:00,0.00,7.142,7.494,6.306,1.534,6.22,1.00,-46.2,1.2,2.28,4.19
24-04-2005,06:00:00,0.00,7.015,7.393,6.179,1.805,6.62,1.00,-45.9,1.2,2.28,4.19
24-04-2005,07:00:00,0.00,6.914,7.318,6.077,1.371,6.22,1.00,-46.2,8.7,0.76,2.66
24-04-2005,08:00:00,0.00,6.813,7.242,5.975,2.744,9.42,1.00,-44.2,251.2,2.28,5.33
24-04-2005,09:00:00,0.00,6.712,7.167,5.924,5.872,10.99,1.00,-43.2,666.2,2.66,4.95
24-04-2005,10:00:00,0.00,6.687,7.091,6.102,11.321,11.38,1.00,-43.0,1018.7,3.81,6.85
24-04-2005,11:00:00,0.00,6.763,7.041,6.585,16.463,12.16,1.00,-42.5,1276.2,4.57,8.38
24-04-2005,12:00:00,0.00,6.965,7.041,7.242,17.201,12.55,1.00,-42.3,1393.7,4.95,8.38
24-04-2005,13:00:00,0.00,7.268,7.091,7.895,17.439,13.32,1.00,-41.8,1423.7,5.33,9.14
24-04-2005,14:00:00,0.00,7.594,7.192,8.519,15.843,12.93,1.00,-42.1,1291.2,4.57,7.99
24-04-2005,15:00:00,0.00,7.945,7.318,8.990,13.978,11.77,1.00,-42.8,821.2,4.95,7.99
24-04-2005,16:00:00,0.00,8.245,7.469,9.287,11.880,10.99,1.00,-43.2,343.7,5.33,9.90
24-04-2005,17:00:00,0.00,8.444,7.619,9.287,10.810,10.21,1.00,-43.7,206.2,4.95,8.38
24-04-2005,18:00:00,0.00,8.543,7.745,9.188,8.792,9.82,1.00,-44.0,21.2,4.19,7.23
24-04-2005,19:00:00,0.00,8.568,7.845,8.990,8.295,10.21,1.00,-43.7,1.2,4.57,7.99
24-04-2005,20:00:00,0.00,8.543,7.920,8.817,7.745,9.42,1.00,-44.2,1.2,3.81,7.23
24-04-2005,21:00:00,0.00,8.494,7.970,8.618,6.306,8.63,1.00,-44.7,1.2,2.28,4.57
24-04-2005,22:00:00,0.00,8.419,7.995,8.419,6.990,9.42,1.00,-44.2,1.2,3.05,4.95
24-04-2005,23:00:00,0.00,8.344,7.995,8.270,7.293,10.21,1.00,-43.7,1.2,4.19,6.85
25-04-2005,00:00:00,0.00,8.270,7.995,8.170,7.569,9.42,1.00,-44.2,1.2,5.33,8.76
25-04-2005,01:00:00,0.00,8.220,7.970,8.120,7.670,9.82,1.00,-44.0,1.2,6.09,10.66
25-04-2005,02:00:00,0.00,8.170,7.970,8.070,7.368,9.82,1.00,-44.0,1.2,4.95,7.99
25-04-2005,03:00:00,0.00,8.145,7.945,8.045,7.469,9.82,1.00,-44.0,1.2,6.85,10.66
25-04-2005,04:00:00,0.00,8.120,7.920,7.995,7.519,10.21,1.00,-43.7,1.2,7.23,11.42
25-04-2005,05:00:00,0.00,8.095,7.920,7.970,6.940,9.82,1.00,-44.0,1.2,5.71,11.42
25-04-2005,06:00:00,0.00,8.070,7.895,7.945,6.026,9.42,1.00,-44.2,1.2,4.95,11.04
25-04-2005,07:00:00,0.00,8.020,7.895,7.845,5.591,9.03,1.00,-44.5,6.2,5.71,9.52
25-04-2005,08:00:00,0.00,7.995,7.870,7.770,6.408,10.21,1.00,-43.7,201.2,4.95,8.76
25-04-2005,09:00:00,0.00,7.945,7.870,7.720,8.020,11.38,1.00,-43.0,633.7,5.33,10.28
25-04-2005,10:00:00,0.00,7.920,7.820,7.795,12.582,11.38,1.00,-43.0,976.2,4.95,8.76
25-04-2005,11:00:00,0.00,7.970,7.820,8.070,16.939,12.55,1.00,-42.3,1158.7,4.19,8.38
25-04-2005,12:00:00,0.00,8.095,7.820,8.519,18.295,13.32,1.00,-41.8,1398.7,4.57,8.38
25-04-2005,13:00:00,0.00,8.319,7.870,9.064,18.533,13.32,1.00,-41.8,1231.2,3.81,7.61
25-04-2005,14:00:00,0.00,8.593,7.945,9.608,16.344,13.32,1.00,-41.8,1301.2,4.19,8.76
25-04-2005,15:00:00,0.00,8.891,8.070,10.075,14.721,12.55,1.00,-42.3,1073.7,3.81,7.61
25-04-2005,16:00:00,0.00,9.163,8.195,10.369,12.171,12.16,1.00,-42.5,676.2,4.19,7.61
25-04-2005,17:00:00,0.00,9.361,8.344,10.394,11.029,10.99,1.00,-43.2,233.7,3.81,7.23
25-04-2005,18:00:00,0.00,9.460,8.469,10.222,8.419,9.42,1.00,-44.2,26.2,3.43,6.09
25-04-2005,19:00:00,0.00,9.460,8.568,9.928,6.990,9.82,1.00,-44.0,1.2,2.66,4.95
25-04-2005,20:00:00,0.00,9.386,8.618,9.583,6.204,9.82,1.00,-44.0,1.2,2.28,5.33
25-04-2005,21:00:00,0.00,9.262,8.643,9.287,5.565,9.03,1.00,-44.5,1.2,3.05,5.71
25-04-2005,22:00:00,0.00,9.114,8.643,8.990,4.869,8.63,1.00,-44.7,1.2,2.28,4.57
25-04-2005,23:00:00,0.00,8.965,8.618,8.717,4.089,8.23,1.00,-44.9,1.2,1.90,3.43
26-04-2005,00:00:00,0.00,8.817,8.568,8.444,4.115,9.03,1.00,-44.5,1.2,1.90,3.81
26-04-2005,01:00:00,0.00,8.643,8.519,8.195,4.037,8.63,1.00,-44.7,1.2,1.90,4.19
26-04-2005,02:00:00,0.00,8.494,8.444,7.970,4.089,9.42,1.00,-44.2,1.2,3.05,5.33
26-04-2005,03:00:00,0.00,8.344,8.369,7.795,4.324,9.42,1.00,-44.2,1.2,3.81,6.47
26-04-2005,04:00:00,0.00,8.220,8.295,7.695,4.428,9.03,1.00,-44.5,1.2,4.95,6.85
26-04-2005,05:00:00,0.00,8.145,8.220,7.619,4.454,9.03,1.00,-44.5,1.2,4.95,8.38
26-04-2005,06:00:00,0.00,8.045,8.170,7.569,4.350,7.83,1.00,-45.2,1.2,4.57,7.99
26-04-2005,07:00:00,0.00,7.970,8.095,7.494,3.722,7.03,1.00,-45.7,6.2,3.05,6.09
26-04-2005,08:00:00,0.00,7.920,8.045,7.393,4.220,9.82,1.00,-44.0,243.7,3.05,5.33
26-04-2005,09:00:00,0.00,7.845,7.995,7.343,6.560,11.38,1.00,-43.0,658.7,3.81,6.47
26-04-2005,10:00:00,0.00,7.795,7.945,7.444,11.613,12.55,1.00,-42.3,1011.2,6.09,11.42
26-04-2005,11:00:00,0.00,7.845,7.895,7.745,16.511,13.70,1.00,-41.6,1261.2,7.23,12.18
26-04-2005,12:00:00,0.00,7.970,7.895,8.170,17.082,13.70,1.00,-41.6,1396.2,7.23,12.94
26-04-2005,13:00:00,0.00,8.170,7.920,8.668,17.344,14.09,1.00,-41.4,1408.7,6.85,11.04
26-04-2005,14:00:00,0.00,8.419,7.970,9.139,15.151,13.32,1.00,-41.8,1296.2,6.09,9.52
26-04-2005,15:00:00,0.00,8.668,8.045,9.558,11.929,12.93,1.00,-42.1,1068.7,5.71,9.14
26-04-2005,16:00:00,0.00,8.891,8.170,9.805,10.418,12.55,1.00,-42.3,731.2,4.19,8.38
26-04-2005,17:00:00,0.00,9.064,8.270,9.854,8.543,10.99,1.00,-43.2,298.7,3.81,6.47
26-04-2005,18:00:00,0.00,9.139,8.394,9.706,6.255,9.42,1.00,-44.2,28.7,2.66,5.71
26-04-2005,19:00:00,0.00,9.139,8.469,9.386,4.272,7.03,1.00,-45.7,1.2,1.14,3.81
26-04-2005,20:00:00,0.00,9.040,8.519,8.990,3.327,6.62,1.00,-45.9,1.2,1.52,3.05
26-04-2005,21:00:00,0.00,8.866,8.519,8.568,2.850,7.03,1.00,-45.7,1.2,1.52,3.05
26-04-2005,22:00:00,0.00,8.693,8.494,8.195,2.637,7.03,1.00,-45.7,1.2,1.52,3.05
26-04-2005,23:00:00,0.00,8.494,8.419,7.895,2.155,6.22,1.00,-46.2,1.2,1.14,2.66
27-04-2005,00:00:00,0.00,8.319,8.344,7.619,1.751,6.22,1.00,-46.2,1.2,1.14,2.66
27-04-2005,01:00:00,0.00,8.145,8.270,7.368,1.670,6.62,1.00,-45.9,1.2,1.90,3.43
27-04-2005,02:00:00,0.00,7.970,8.195,7.142,1.778,7.03,1.00,-45.7,1.2,2.28,4.19
27-04-2005,03:00:00,0.00,7.820,8.095,6.990,1.940,7.83,1.00,-45.2,1.2,2.66,5.33
27-04-2005,04:00:00,0.00,7.670,7.995,6.864,2.584,7.83,1.00,-45.2,1.2,3.43,6.09
27-04-2005,05:00:00,0.00,7.569,7.920,6.813,2.101,7.03,1.00,-45.7,1.2,2.28,4.95
27-04-2005,06:00:00,0.00,7.469,7.820,6.737,2.021,6.62,1.00,-45.9,1.2,2.66,7.23
27-04-2005,07:00:00,0.00,7.393,7.745,6.661,1.670,7.03,1.00,-45.7,6.2,2.66,4.95
27-04-2005,08:00:00,0.00,7.318,7.695,6.560,2.370,8.23,1.00,-44.9,241.2,1.90,4.57
27-04-2005,09:00:00,0.00,7.242,7.619,6.509,4.818,10.21,1.00,-43.7,651.2,3.81,7.23
27-04-2005,10:00:00,0.00,7.192,7.569,6.611,10.198,10.99,1.00,-43.2,996.2,5.33,7.99
27-04-2005,11:00:00,0.00,7.242,7.519,6.965,16.153,11.38,1.00,-43.0,1238.7,3.43,6.47
27-04-2005,12:00:00,0.00,7.393,7.494,7.594,16.654,11.77,1.00,-42.8,1381.2,2.66,6.85
27-04-2005,13:00:00,0.00,7.670,7.519,8.369,16.987,11.77,1.00,-42.8,1391.2,2.66,6.09
27-04-2005,14:00:00,0.00,8.045,7.594,9.114,14.768,12.16,1.00,-42.5,1278.7,2.28,6.47
27-04-2005,15:00:00,0.00,8.419,7.720,9.682,11.710,12.55,1.00,-42.3,1056.2,2.28,5.71
27-04-2005,16:00:00,0.00,8.767,7.870,10.051,10.075,11.77,1.00,-42.8,731.2,2.66,5.71
27-04-2005,17:00:00,0.00,9.015,8.045,10.100,8.045,9.82,1.00,-44.0,338.7,2.66,4.57
27-04-2005,18:00:00,0.00,9.114,8.195,9.903,5.231,7.03,1.00,-45.7,26.2,1.90,3.43
27-04-2005,19:00:00,0.00,9.114,8.295,9.485,2.877,6.22,1.00,-46.2,1.2,0.76,2.66
27-04-2005,20:00:00,0.00,8.990,8.369,8.965,1.832,4.99,1.00,-46.9,1.2,0.00,1.90
27-04-2005,21:00:00,0.00,8.792,8.369,8.444,1.208,4.99,1.00,-46.9,1.2,0.00,2.28
27-04-2005,22:00:00,0.00,8.568,8.344,7.970,0.577,4.99,1.00,-46.9,1.2,0.00,1.90
27-04-2005,23:00:00,0.00,8.319,8.295,7.544,0.107,5.81,1.00,-46.4,1.2,0.00,1.52
28-04-2005,00:00:00,0.00,8.070,8.195,7.167,-0.367,3.74,1.00,-47.7,1.2,1.14,3.43
28-04-2005,01:00:00,0.00,7.845,8.095,6.839,-0.479,3.74,1.00,-47.7,1.2,1.90,3.05
28-04-2005,02:00:00,0.00,7.619,7.970,6.560,-0.648,4.15,1.00,-47.5,1.2,2.66,4.57
28-04-2005,03:00:00,0.00,7.419,7.845,6.306,-0.032,5.81,1.00,-46.4,1.2,3.43,6.09
28-04-2005,04:00:00,0.00,7.242,7.745,6.153,0.439,4.15,1.00,-47.5,1.2,3.43,5.71
28-04-2005,05:00:00,0.00,7.091,7.619,6.051,0.632,6.62,1.00,-45.9,1.2,4.57,7.23
28-04-2005,06:00:00,0.00,6.965,7.519,5.949,1.453,7.03,1.00,-45.7,1.2,5.33,7.61
28-04-2005,07:00:00,0.00,6.864,7.419,5.924,1.208,7.03,1.00,-45.7,6.2,3.81,7.23
28-04-2005,08:00:00,0.00,6.788,7.343,5.898,2.289,8.63,1.00,-44.7,231.2,4.57,8.76
28-04-2005,09:00:00,0.00,6.712,7.242,5.898,4.792,10.99,1.00,-43.2,641.2,3.43,9.14
28-04-2005,10:00:00,0.00,6.687,7.192,6.051,10.198,11.77,1.00,-42.8,996.2,3.81,10.28
28-04-2005,11:00:00,0.00,6.763,7.142,6.484,15.270,12.16,1.00,-42.5,1203.7,6.47,11.80
28-04-2005,12:00:00,0.00,6.940,7.116,7.015,15.031,11.77,1.00,-42.8,1113.7,6.85,12.94
28-04-2005,13:00:00,0.00,7.192,7.167,7.544,16.225,12.16,1.00,-42.5,1401.2,8.76,14.47
28-04-2005,14:00:00,0.00,7.444,7.217,8.020,13.834,11.77,1.00,-42.8,1228.7,9.90,15.61
28-04-2005,15:00:00,0.00,7.695,7.318,8.344,11.783,11.38,1.00,-43.0,916.2,9.14,14.85
28-04-2005,16:00:00,0.00,7.920,7.419,8.543,11.662,10.99,1.00,-43.2,453.7,7.61,13.70
28-04-2005,17:00:00,0.00,8.070,7.544,8.568,9.780,10.60,1.00,-43.5,191.2,7.61,14.09
28-04-2005,18:00:00,0.00,8.145,7.645,8.494,7.970,10.99,1.00,-43.2,28.7,8.38,12.94
28-04-2005,19:00:00,0.00,8.170,7.720,8.369,6.889,10.99,1.00,-43.2,1.2,7.99,13.32
28-04-2005,20:00:00,0.00,8.170,7.770,8.195,6.204,10.99,1.00,-43.2,1.2,6.47,10.66
28-04-2005,21:00:00,0.00,8.095,7.795,8.020,6.026,10.99,1.00,-43.2,1.2,6.09,9.90
28-04-2005,22:00:00,0.00,8.045,7.795,7.895,6.077,11.38,1.00,-43.0,1.2,7.23,13.32
28-04-2005,23:00:00,0.00,7.970,7.795,7.795,6.179,10.99,1.00,-43.2,1.2,7.61,13.32
29-04-2005,00:00:00,0.00,7.920,7.795,7.695,6.813,10.99,1.00,-43.2,1.2,7.23,14.47
29-04-2005,01:00:00,0.00,7.870,7.770,7.645,7.343,10.99,1.00,-43.2,1.2,7.23,12.56
29-04-2005,02:00:00,0.00,7.845,7.745,7.645,7.645,10.99,1.00,-43.2,1.2,8.76,16.37
29-04-2005,03:00:00,0.00,7.820,7.745,7.619,6.281,9.42,1.00,-44.2,1.2,6.85,13.70
29-04-2005,04:00:00,0.00,7.795,7.720,7.569,6.204,8.23,1.00,-44.9,1.2,6.85,11.04
29-04-2005,05:00:00,0.76,7.770,7.720,7.494,6.509,7.43,1.00,-45.4,1.2,8.76,18.65
29-04-2005,06:00:00,4.32,7.720,7.695,7.469,6.636,7.03,1.00,-45.7,1.2,11.42,22.08
29-04-2005,07:00:00,2.29,7.695,7.695,7.444,6.763,7.03,1.00,-45.7,1.2,9.14,16.75
29-04-2005,08:00:00,0.76,7.670,7.670,7.419,6.687,7.03,1.00,-45.7,121.2,8.76,15.23
29-04-2005,09:00:00,0.00,7.645,7.645,7.419,6.914,7.03,1.00,-45.7,533.7,7.23,11.80
29-04-2005,10:00:00,0.00,7.619,7.619,7.444,8.469,7.83,1.00,-45.2,988.7,6.47,11.04
29-04-2005,11:00:00,0.00,7.645,7.619,7.544,11.224,8.63,1.00,-44.7,1241.2,6.47,11.04
29-04-2005,12:00:00,0.00,7.720,7.619,7.745,11.759,9.03,1.00,-44.5,1376.2,5.71,10.66
29-04-2005,13:00:00,0.00,7.845,7.619,8.070,12.001,9.03,1.00,-44.5,1383.7,6.47,11.42
29-04-2005,14:00:00,0.00,7.995,7.670,8.444,9.952,9.03,1.00,-44.5,1271.2,6.09,11.80
29-04-2005,15:00:00,0.00,8.170,7.720,8.693,7.393,9.03,1.00,-44.5,1043.7,6.09,11.80
29-04-2005,16:00:00,0.00,8.319,7.795,8.792,6.255,7.83,1.00,-45.2,718.7,5.33,9.14
29-04-2005,17:00:00,0.00,8.394,7.870,8.717,4.792,5.81,1.00,-46.4,328.7,4.19,7.61
29-04-2005,18:00:00,0.00,8.394,7.920,8.494,2.956,3.74,1.00,-47.7,21.2,3.43,5.71
29-04-2005,19:00:00,0.00,8.319,7.945,8.145,1.208,0.73,1.00,-49.6,1.2,1.14,3.81
29-04-2005,20:00:00,0.00,8.170,7.945,7.720,0.439,0.29,1.00,-49.9,1.2,0.76,3.43
29-04-2005,21:00:00,0.00,7.970,7.920,7.293,-0.060,-0.16,1.00,-50.1,1.2,0.00,1.52
29-04-2005,22:00:00,0.00,7.745,7.845,6.889,-0.479,-1.06,1.00,-50.7,1.2,1.14,3.81
29-04-2005,23:00:00,0.00,7.519,7.770,6.509,-0.620,-0.61,1.00,-50.4,1.2,1.90,3.81
30-04-2005,00:00:00,0.00,7.293,7.670,6.179,-0.563,0.29,1.00,-49.9,1.2,3.43,5.33
30-04-2005,01:00:00,0.00,7.066,7.544,5.924,-0.423,0.73,1.00,-49.6,1.2,5.33,7.61
30-04-2005,02:00:00,0.00,6.889,7.419,5.745,-0.451,-1.06,1.00,-50.7,1.2,3.81,6.85
30-04-2005,03:00:00,0.00,6.712,7.293,5.591,-0.507,-1.06,1.00,-50.7,1.2,3.43,6.09
30-04-2005,04:00:00,0.00,6.560,7.167,5.437,-0.620,-1.06,1.00,-50.7,1.2,3.43,6.47
30-04-2005,05:00:00,0.00,6.433,7.066,5.308,-0.648,-1.06,1.00,-50.7,1.2,4.57,8.38
30-04-2005,06:00:00,0.00,6.306,6.965,5.205,-0.591,-0.61,1.00,-50.4,1.2,4.19,8.38
30-04-2005,07:00:00,0.00,6.179,6.864,5.076,-0.535,0.29,1.00,-49.9,3.7,4.57,9.90
30-04-2005,08:00:00,0.00,6.077,6.763,4.999,-0.311,0.73,1.00,-49.6,206.2,4.95,11.42
30-04-2005,09:00:00,0.00,5.975,6.687,4.921,0.079,3.31,1.00,-48.0,626.2,4.19,10.28
30-04-2005,10:00:00,0.00,5.898,6.585,4.895,4.063,4.15,1.00,-47.5,971.2,3.43,9.14
30-04-2005,11:00:00,0.00,5.872,6.509,5.102,9.336,4.99,1.00,-46.9,1088.7,2.66,8.38
30-04-2005,12:00:00,0.00,5.949,6.458,5.591,10.834,5.40,1.00,-46.7,1371.2,3.43,7.61
30-04-2005,13:00:00,0.00,6.153,6.433,6.255,10.810,3.74,1.00,-47.7,1296.2,4.19,7.99
30-04-2005,14:00:00,0.00,6.433,6.484,6.864,10.075,3.31,1.00,-48.0,991.2,4.19,7.99
30-04-2005,15:00:00,0.00,6.712,6.560,7.268,9.163,2.89,1.00,-48.2,343.7,4.19,8.38
30-04-2005,16:00:00,0.00,6.940,6.661,7.393,8.145,2.46,1.00,-48.5,298.7,5.33,10.66
30-04-2005,17:00:00,0.00,7.091,6.763,7.343,6.179,2.03,1.00,-48.8,86.2,4.57,8.76
30-04-2005,18:00:00,0.00,7.116,6.839,7.192,4.973,2.46,1.00,-48.5,6.2,4.95,11.04
30-04-2005,19:00:00,0.00,7.116,6.889,7.015,4.272,2.03,1.00,-48.8,1.2,6.47,10.66
30-04-2005,20:00:00,0.00,7.066,6.914,6.839,3.932,2.03,1.00,-48.8,1.2,7.61,12.56
30-04-2005,21:00:00,0.00,6.990,6.914,6.661,3.827,2.46,1.00,-48.5,1.2,7.99,14.09
30-04-2005,22:00:00,0.00,6.914,6.914,6.535,3.880,2.46,1.00,-48.5,1.2,7.99,12.56
30-04-2005,23:00:00,0.25,6.839,6.914,6.408,3.906,2.89,1.00,-48.2,1.2,7.23,12.56
01-05-2005,00:00:00,0.76,6.788,6.889,6.306,4.011,2.46,1.00,-48.5,1.2,6.47,12.18
01-05-2005,01:00:00,1.52,6.712,6.864,6.204,3.958,2.46,1.00,-48.5,1.2,6.85,13.32
01-05-2005,02:00:00,1.02,6.636,6.813,6.077,3.985,2.89,1.00,-48.2,1.2,6.85,12.18
01-05-2005,03:00:00,1.27,6.535,6.763,5.949,4.011,3.31,1.00,-48.0,1.2,6.47,10.66
01-05-2005,04:00:00,0.76,6.433,6.712,5.821,4.141,3.31,1.00,-48.0,1.2,6.47,11.04
01-05-2005,05:00:00,1.02,6.331,6.636,5.745,4.141,3.31,18.25,-18.6,1.2,6.85,14.09
01-05-2005,06:00:00,0.25,6.230,6.560,5.668,3.670,2.89,45.75,-7.7,1.2,6.85,14.47
01-05-2005,07:00:00,0.00,6.179,6.509,5.591,3.906,3.31,46.25,-7.1,1.2,5.71,11.04
01-05-2005,08:00:00,0.00,6.128,6.458,5.565,4.532,3.74,50.25,-5.7,46.2,4.19,7.99
01-05-2005,09:00:00,0.25,6.102,6.408,5.591,5.821,4.15,58.25,-3.3,181.2,4.57,7.61
01-05-2005,10:00:00,0.00,6.102,6.382,5.693,7.845,4.15,70.25,-0.8,303.7,3.81,7.99
01-05-2005,11:00:00,0.00,6.128,6.357,5.898,9.213,4.99,70.25,0.0,566.2,4.57,9.14
01-05-2005,12:00:00,0.00,6.230,6.357,6.179,10.149,4.99,1.00,-46.9,853.7,5.71,10.28
01-05-2005,13:00:00,0.00,6.357,6.382,6.509,9.064,5.81,1.00,-46.4,663.7,4.95,8.76
01-05-2005,14:00:00,0.00,6.535,6.433,6.763,8.344,5.81,1.00,-46.4,841.2,4.95,9.52
01-05-2005,15:00:00,0.00,6.687,6.484,6.965,7.116,5.40,1.00,-46.7,566.2,4.19,7.61
01-05-2005,16:00:00,0.00,6.813,6.560,7.066,5.437,5.81,1.00,-46.4,573.7,3.81,6.85
01-05-2005,17:00:00,0.00,6.914,6.636,7.066,4.350,4.57,1.00,-47.2,248.7,1.90,4.95
01-05-2005,18:00:00,0.00,6.940,6.687,6.965,2.182,2.03,1.00,-48.8,13.7,0.38,2.66
01-05-2005,19:00:00,0.00,6.914,6.737,6.712,2.530,2.46,1.00,-48.5,1.2,0.38,1.90
01-05-2005,20:00:00,0.00,6.813,6.737,6.408,3.827,2.03,1.00,-48.8,1.2,1.14,3.43
01-05-2005,21:00:00,0.00,6.712,6.737,6.230,3.617,1.17,1.00,-49.3,1.2,0.76,3.05
01-05-2005,22:00:00,0.00,6.611,6.712,6.102,3.643,1.17,1.00,-49.3,1.2,0.00,1.90
01-05-2005,23:00:00,0.00,6.535,6.661,6.026,1.940,-1.06,1.00,-50.7,1.2,0.00,2.28
02-05-2005,00:00:00,0.00,6.458,6.636,5.898,0.605,0.73,1.00,-49.6,1.2,1.52,3.81
02-05-2005,01:00:00,0.00,6.357,6.585,5.719,0.356,1.17,1.00,-49.3,1.2,1.52,3.81
02-05-2005,02:00:00,0.00,6.255,6.535,5.539,0.246,-0.16,1.00,-50.1,1.2,1.90,3.81
02-05-2005,03:00:00,0.00,6.153,6.484,5.334,0.024,0.29,1.00,-49.9,1.2,1.52,3.43
02-05-2005,04:00:00,0.00,6.026,6.433,5.154,-0.032,0.29,1.00,-49.9,1.2,1.90,4.19
02-05-2005,05:00:00,0.00,5.898,6.357,4.999,-0.255,0.29,1.00,-49.9,1.2,0.00,1.90
02-05-2005,06:00:00,0.00,5.770,6.281,4.818,-0.367,-0.61,1.00,-50.4,1.2,0.38,3.05
02-05-2005,07:00:00,0.00,5.668,6.204,4.662,-0.423,-0.16,1.00,-50.1,3.7,1.14,3.05
02-05-2005,08:00:00,0.00,5.539,6.128,4.506,-0.311,2.89,1.00,-48.2,176.2,0.00,2.28
02-05-2005,09:00:00,0.00,5.411,6.026,4.376,-0.032,6.62,1.00,-45.9,601.2,0.00,1.52
02-05-2005,10:00:00,0.00,5.308,5.949,4.272,2.074,9.42,1.00,-44.2,953.7,0.76,3.05
02-05-2005,11:00:00,0.00,5.231,5.872,4.298,8.990,10.60,1.00,-43.5,1201.2,1.14,3.81
02-05-2005,12:00:00,0.00,5.257,5.821,4.636,10.443,11.77,1.00,-42.8,1333.7,0.76,3.43
02-05-2005,13:00:00,0.00,5.437,5.770,5.462,11.370,11.38,1.00,-43.0,1341.2,1.52,4.19
02-05-2005,14:00:00,0.00,5.796,5.796,6.458,10.541,10.99,1.00,-43.2,1231.2,1.90,4.57
02-05-2005,15:00:00,0.00,6.204,5.898,7.242,8.668,10.21,1.00,-43.7,1006.2,2.28,4.57
02-05-2005,16:00:00,0.00,6.611,6.051,7.745,7.494,9.82,1.00,-44.0,683.7,1.90,3.81
02-05-2005,17:00:00,0.00,6.914,6.230,7.920,5.872,7.03,1.00,-45.7,273.7,1.14,3.43
02-05-2005,18:00:00,0.00,7.091,6.382,7.820,3.459,5.40,1.00,-46.7,11.2,0.38,2.28
02-05-2005,19:00:00,0.00,7.142,6.509,7.469,2.396,4.99,1.00,-46.9,1.2,0.76,3.43
02-05-2005,20:00:00,0.00,7.066,6.611,7.041,2.047,5.81,1.00,-46.4,1.2,3.81,6.09
02-05-2005,21:00:00,0.00,6.940,6.636,6.661,1.670,5.81,1.00,-46.4,1.2,4.19,6.85
02-05-2005,22:00:00,0.00,6.763,6.636,6.357,1.371,6.22,1.00,-46.2,1.2,4.57,6.47
02-05-2005,23:00:00,0.00,6.611,6.611,6.077,1.126,5.81,1.00,-46.4,1.2,4.19,7.23
03-05-2005,00:00:00,0.00,6.458,6.560,5.847,0.852,4.99,1.00,-46.9,1.2,3.05,6.47
03-05-2005,01:00:00,0.00,6.331,6.484,5.642,0.852,4.99,1.00,-46.9,1.2,4.19,6.85
03-05-2005,02:00:00,0.00,6.179,6.433,5.462,0.989,4.15,1.00,-47.5,1.2,4.57,7.23
03-05-2005,03:00:00,0.00,6.051,6.357,5.334,0.770,4.99,1.00,-46.9,1.2,4.57,8.38
03-05-2005,04:00:00,0.00,5.949,6.306,5.205,0.715,5.40,1.00,-46.7,1.2,5.71,8.38
03-05-2005,05:00:00,0.00,5.847,6.230,5.102,0.660,5.81,1.00,-46.4,1.2,6.85,10.66
03-05-2005,06:00:00,0.00,5.770,6.153,4.973,0.880,4.99,1.00,-46.9,1.2,9.14,13.70
03-05-2005,07:00:00,0.00,5.668,6.102,4.895,1.044,4.57,1.00,-47.2,3.7,9.14,14.09
03-05-2005,08:00:00,0.00,5.591,6.026,4.818,1.615,5.81,1.00,-46.4,138.7,7.23,11.04
03-05-2005,09:00:00,0.00,5.514,5.975,4.766,2.557,8.23,1.00,-44.9,398.7,7.99,12.56
03-05-2005,10:00:00,0.00,5.462,5.924,4.766,6.077,8.63,1.00,-44.7,811.2,7.99,11.42
03-05-2005,11:00:00,0.00,5.462,5.872,4.921,9.583,10.21,1.00,-43.7,1166.2,7.23,10.66
03-05-2005,12:00:00,0.00,5.514,5.847,5.257,10.834,9.82,1.00,-44.0,1036.2,6.85,9.90
03-05-2005,13:00:00,0.00,5.668,5.847,5.719,11.029,9.03,1.00,-44.5,756.2,5.71,8.76
03-05-2005,14:00:00,0.00,5.872,5.872,6.077,10.026,9.82,1.00,-44.0,791.2,6.09,8.38
03-05-2005,15:00:00,0.00,6.077,5.924,6.357,8.891,9.42,1.00,-44.2,418.7,4.19,8.38
03-05-2005,16:00:00,0.00,6.230,6.000,6.484,7.469,9.82,1.00,-44.0,308.7,3.81,5.71
03-05-2005,17:00:00,0.00,6.331,6.102,6.509,5.282,9.42,1.00,-44.2,126.2,1.52,5.33
03-05-2005,18:00:00,0.00,6.382,6.179,6.408,2.850,7.03,1.00,-45.7,6.2,0.00,1.52
03-05-2005,19:00:00,0.00,6.382,6.204,6.179,0.412,6.22,1.00,-46.2,1.2,0.00,1.14
03-05-2005,20:00:00,0.00,6.306,6.230,5.847,0.051,7.83,1.00,-45.2,1.2,0.00,0.76
03-05-2005,21:00:00,0.00,6.153,6.230,5.514,0.107,9.03,1.00,-44.5,1.2,0.00,1.52
03-05-2005,22:00:00,0.00,6.000,6.204,5.231,0.301,9.03,1.00,-44.5,1.2,0.00,1.52
03-05-2005,23:00:00,0.00,5.847,6.153,5.024,0.439,7.03,1.00,-45.7,1.2,0.38,1.52
04-05-2005,00:00:00,0.00,5.693,6.077,4.844,-0.088,7.03,1.00,-45.7,1.2,0.00,1.52
04-05-2005,01:00:00,0.00,5.565,6.000,4.662,-0.004,8.23,1.00,-44.9,1.2,0.38,1.90
04-05-2005,02:00:00,0.00,5.462,5.924,4.532,0.246,5.40,1.00,-46.7,1.2,1.14,2.66
04-05-2005,03:00:00,0.00,5.334,5.847,4.402,0.079,7.03,1.00,-45.7,1.2,1.52,3.43
04-05-2005,04:00:00,0.00,5.231,5.770,4.298,-0.283,6.62,1.00,-45.9,1.2,1.14,2.66
04-05-2005,05:00:00,0.00,5.154,5.719,4.194,-0.563,9.42,1.00,-44.2,1.2,0.76,3.81
04-05-2005,06:00:00,0.00,5.050,5.642,4.089,-0.227,8.63,1.00,-44.7,1.2,2.28,4.95
04-05-2005,07:00:00,0.00,4.973,5.565,3.985,-0.032,9.82,1.00,-44.0,1.2,2.66,5.33
04-05-2005,08:00:00,0.00,4.869,5.514,3.932,0.329,8.23,1.00,-44.9,81.2,0.76,3.05
04-05-2005,09:00:00,0.00,4.818,5.437,3.880,1.859,12.16,1.00,-42.5,408.7,0.38,2.28
04-05-2005,10:00:00,0.00,4.766,5.385,3.906,6.255,13.32,1.00,-41.8,753.7,1.90,4.19
04-05-2005,11:00:00,0.00,4.766,5.334,4.141,11.200,13.32,1.00,-41.8,1086.2,3.43,5.71
04-05-2005,12:00:00,0.00,4.895,5.282,4.714,11.492,13.32,1.00,-41.8,996.2,2.66,5.71
04-05-2005,13:00:00,0.00,5.128,5.308,5.360,12.316,12.55,1.00,-42.3,848.7,3.05,5.71
04-05-2005,14:00:00,0.00,5.437,5.385,5.949,12.558,12.16,1.00,-42.5,783.7,3.43,5.71
04-05-2005,15:00:00,0.00,5.745,5.488,6.382,11.078,11.38,1.00,-43.0,528.7,3.43,6.09
04-05-2005,16:00:00,0.00,6.000,5.616,6.611,9.139,10.60,1.00,-43.5,273.7,0.76,3.81
04-05-2005,17:00:00,0.00,6.179,5.745,6.712,6.788,9.42,1.00,-44.2,108.7,2.28,4.95
04-05-2005,18:00:00,0.00,6.306,5.872,6.636,4.844,9.42,1.00,-44.2,6.2,1.90,4.95
04-05-2005,19:00:00,0.00,6.331,5.975,6.433,3.485,8.23,1.00,-44.9,1.2,2.66,5.71
04-05-2005,20:00:00,0.00,6.306,6.026,6.179,2.956,8.63,1.00,-44.7,1.2,3.05,5.71
04-05-2005,21:00:00,0.00,6.230,6.051,5.924,2.744,9.03,1.00,-44.5,1.2,3.05,6.85
04-05-2005,22:00:00,0.00,6.128,6.051,5.719,2.155,8.23,1.00,-44.9,1.2,4.95,8.38
04-05-2005,23:00:00,0.00,6.026,6.051,5.539,2.289,7.83,1.00,-45.2,1.2,3.05,7.61
05-05-2005,00:00:00,0.00,5.924,6.026,5.385,2.610,7.83,1.00,-45.2,1.2,3.43,8.76
05-05-2005,01:00:00,0.00,5.821,5.975,5.257,3.301,7.83,1.00,-45.2,1.2,6.47,11.42
05-05-2005,02:00:00,0.00,5.745,5.949,5.205,4.115,8.23,1.00,-44.9,1.2,7.61,12.18
05-05-2005,03:00:00,0.00,5.693,5.898,5.231,4.272,7.43,1.00,-45.4,1.2,8.38,12.94
05-05-2005,04:00:00,0.00,5.668,5.872,5.282,4.376,7.43,1.00,-45.4,1.2,9.52,14.85
05-05-2005,05:00:00,0.00,5.668,5.847,5.308,4.610,7.83,1.00,-45.2,1.2,9.52,13.32
05-05-2005,06:00:00,0.00,5.668,5.821,5.334,4.662,7.83,1.00,-45.2,1.2,9.90,15.23
05-05-2005,07:00:00,0.00,5.693,5.821,5.385,4.869,7.83,1.00,-45.2,1.2,9.90,14.85
05-05-2005,08:00:00,0.00,5.693,5.796,5.411,5.591,8.23,1.00,-44.9,96.2,6.47,12.94
05-05-2005,09:00:00,0.00,5.719,5.796,5.462,6.636,8.23,1.00,-44.9,186.2,4.95,9.90
05-05-2005,10:00:00,0.00,5.745,5.821,5.565,8.045,8.23,1.00,-44.9,283.7,6.09,9.90
05-05-2005,11:00:00,0.00,5.796,5.821,5.719,9.312,9.82,1.00,-44.0,406.2,6.47,9.14
05-05-2005,12:00:00,0.00,5.872,5.847,5.898,11.078,9.82,1.00,-44.0,548.7,5.71,8.76
05-05-2005,13:00:00,0.00,5.975,5.872,6.153,11.540,9.42,1.00,-44.2,523.7,4.57,7.99
05-05-2005,14:00:00,0.00,6.128,5.924,6.408,11.248,10.21,1.00,-43.7,428.7,3.81,6.09
05-05-2005,15:00:00,0.00,6.255,6.000,6.636,11.540,10.99,1.00,-43.2,483.7,3.81,6.47
05-05-2005,16:00:00,0.00,6.408,6.077,6.839,9.928,10.21,1.00,-43.7,248.7,4.57,7.23
05-05-2005,17:00:00,0.00,6.535,6.153,6.940,8.742,9.82,1.00,-44.0,138.7,2.28,4.57
05-05-2005,18:00:00,0.00,6.636,6.230,6.965,7.217,9.42,1.00,-44.2,3.7,1.90,4.19
05-05-2005,19:00:00,0.00,6.687,6.306,6.914,6.687,9.82,1.00,-44.0,1.2,1.52,4.57
05-05-2005,20:00:00,0.00,6.712,6.357,6.813,6.306,8.23,1.00,-44.9,1.2,1.90,4.57
05-05-2005,21:00:00,0.00,6.687,6.408,6.737,5.872,7.43,1.00,-45.4,1.2,2.28,4.19
05-05-2005,22:00:00,0.00,6.687,6.408,6.636,5.796,8.23,1.00,-44.9,1.2,1.52,4.19
05-05-2005,23:00:00,0.00,6.636,6.408,6.560,5.745,8.63,1.00,-44.7,1.2,2.28,4.95
06-05-2005,00:00:00,0.00,6.611,6.433,6.509,4.869,7.43,1.00,-45.4,1.2,1.14,3.81
06-05-2005,01:00:00,0.00,6.585,6.433,6.408,4.037,6.22,1.00,-46.2,1.2,0.00,2.66
06-05-2005,02:00:00,0.00,6.535,6.433,6.255,3.696,5.81,1.00,-46.4,1.2,0.00,0.76
06-05-2005,03:00:00,0.00,6.458,6.408,6.128,3.063,6.22,1.00,-46.2,1.2,0.00,0.00
06-05-2005,04:00:00,0.00,6.382,6.408,5.949,3.274,6.62,1.00,-45.9,1.2,0.00,1.90
06-05-2005,05:00:00,0.00,6.306,6.357,5.821,1.670,5.81,1.00,-46.4,1.2,0.00,1.90
06-05-2005,06:00:00,0.00,6.204,6.331,5.642,1.180,5.40,1.00,-46.7,1.2,0.00,1.14
06-05-2005,07:00:00,0.00,6.102,6.281,5.462,0.742,5.40,1.00,-46.7,1.2,0.00,1.52
06-05-2005,08:00:00,0.00,5.975,6.230,5.257,0.852,7.83,1.00,-45.2,198.7,0.00,1.90
06-05-2005,09:00:00,0.00,5.847,6.153,5.102,3.538,9.42,1.00,-44.2,603.7,1.14,4.57
06-05-2005,10:00:00,0.00,5.770,6.102,5.102,7.619,10.60,1.00,-43.5,946.2,3.05,6.85
06-05-2005,11:00:00,0.00,5.770,6.026,5.462,11.734,10.99,1.00,-43.2,1181.2,3.81,7.23
06-05-2005,12:00:00,0.00,5.898,6.000,6.026,11.200,11.38,1.00,-43.0,1311.2,4.19,7.61
06-05-2005,13:00:00,0.00,6.153,6.026,6.661,11.224,11.77,1.00,-42.8,1318.7,4.57,8.38
06-05-2005,14:00:00,0.00,6.458,6.102,7.217,10.320,11.38,1.00,-43.0,1206.2,4.57,7.23
06-05-2005,15:00:00,0.00,6.763,6.204,7.619,8.891,11.38,1.00,-43.0,976.2,4.19,7.23
06-05-2005,16:00:00,0.00,7.015,6.331,7.895,7.870,10.99,1.00,-43.2,653.7,3.05,6.47
06-05-2005,17:00:00,0.00,7.192,6.458,7.970,6.230,8.63,1.00,-44.7,268.7,2.28,4.57
06-05-2005,18:00:00,0.00,7.293,6.585,7.845,3.722,5.40,1.00,-46.7,8.7,1.90,3.81
06-05-2005,19:00:00,0.00,7.293,6.661,7.519,1.697,4.57,1.00,-47.2,1.2,0.00,2.28
06-05-2005,20:00:00,0.00,7.192,6.737,7.066,0.742,4.99,1.00,-46.9,1.2,0.38,1.52
06-05-2005,21:00:00,0.00,7.015,6.737,6.585,0.190,4.15,1.00,-47.5,1.2,0.38,1.52
06-05-2005,22:00:00,0.00,6.813,6.712,6.179,-0.199,2.46,1.00,-48.5,1.2,0.38,2.28
06-05-2005,23:00:00,0.00,6.585,6.636,5.821,-0.563,2.46,1.00,-48.5,1.2,0.00,1.90
07-05-2005,00:00:00,0.00,6.382,6.560,5.514,-0.704,2.46,1.00,-48.5,1.2,0.76,3.05
07-05-2005,01:00:00,0.00,6.179,6.458,5.231,-0.732,3.74,1.00,-47.7,1.2,1.90,3.05
07-05-2005,02:00:00,0.00,5.975,6.357,4.999,-0.760,2.03,1.00,-48.8,1.2,1.52,3.81
07-05-2005,03:00:00,0.00,5.796,6.255,4.792,-0.930,2.89,1.00,-48.2,1.2,0.38,2.66
07-05-2005,04:00:00,0.00,5.642,6.153,4.610,-0.732,3.31,1.00,-48.0,1.2,1.90,3.43
07-05-2005,05:00:00,0.00,5.514,6.051,4.480,-0.620,3.74,1.00,-47.7,1.2,1.52,4.19
07-05-2005,06:00:00,0.00,5.385,5.949,4.350,-0.620,3.74,1.00,-47.7,1.2,2.66,4.57
07-05-2005,07:00:00,0.00,5.257,5.872,4.272,-0.732,1.60,1.00,-49.0,1.2,2.28,4.19
07-05-2005,08:00:00,0.00,5.179,5.770,4.168,-0.507,6.22,1.00,-46.2,178.7,3.05,5.33
07-05-2005,09:00:00,0.00,5.076,5.693,4.089,0.163,8.23,1.00,-44.9,583.7,2.28,4.57
07-05-2005,10:00:00,0.00,4.999,5.616,4.115,5.050,9.42,1.00,-44.2,926.2,1.90,4.57
07-05-2005,11:00:00,0.00,4.999,5.539,4.402,9.879,10.21,1.00,-43.7,1171.2,1.52,4.19
07-05-2005,12:00:00,0.00,5.154,5.514,4.999,9.928,10.60,1.00,-43.5,1301.2,1.90,4.57
07-05-2005,13:00:00,0.00,5.411,5.539,5.821,10.443,10.60,1.00,-43.5,1306.2,2.66,5.71
07-05-2005,14:00:00,0.00,5.796,5.591,6.560,9.731,10.60,1.00,-43.5,1188.7,2.66,5.33
07-05-2005,15:00:00,0.00,6.153,5.719,7.167,8.270,10.60,1.00,-43.5,948.7,1.90,5.71
07-05-2005,16:00:00,0.00,6.509,5.872,7.544,7.116,9.82,1.00,-44.0,641.2,1.90,4.57
07-05-2005,17:00:00,0.00,6.763,6.026,7.670,5.591,7.03,1.00,-45.7,251.2,1.52,3.43
07-05-2005,18:00:00,0.00,6.889,6.179,7.519,2.717,4.99,1.00,-46.9,8.7,0.38,2.28
07-05-2005,19:00:00,0.00,6.914,6.281,7.142,1.940,4.15,1.00,-47.5,1.2,0.00,1.14
07-05-2005,20:00:00,0.00,6.813,6.357,6.712,0.550,3.31,1.00,-48.0,1.2,0.00,1.14
07-05-2005,21:00:00,0.00,6.661,6.357,6.281,-0.116,2.89,1.00,-48.2,1.2,0.00,0.76
07-05-2005,22:00:00,0.00,6.458,6.357,5.872,-0.423,2.46,1.00,-48.5,1.2,0.00,1.14
07-05-2005,23:00:00,0.00,6.255,6.306,5.488,-0.817,4.15,1.00,-47.5,1.2,0.00,1.14
08-05-2005,00:00:00,0.00,6.026,6.230,5.179,-1.157,2.89,1.00,-48.2,1.2,0.00,1.14
08-05-2005,01:00:00,0.00,5.847,6.153,4.895,-1.356,3.31,1.00,-48.0,1.2,0.00,1.14
08-05-2005,02:00:00,0.00,5.642,6.051,4.636,-1.498,3.31,1.00,-48.0,1.2,0.00,1.14
08-05-2005,03:00:00,0.00,5.462,5.949,4.402,-1.356,2.03,1.00,-48.8,1.2,2.28,4.57
08-05-2005,04:00:00,0.00,5.308,5.847,4.220,-0.732,3.74,1.00,-47.7,1.2,3.81,5.71
08-05-2005,05:00:00,0.00,5.154,5.745,4.115,-0.339,4.57,1.00,-47.2,1.2,4.95,8.76
08-05-2005,06:00:00,0.00,5.024,5.642,4.037,-0.116,4.57,1.00,-47.2,1.2,5.71,8.38
08-05-2005,07:00:00,0.00,4.947,5.565,4.011,0.135,4.15,1.00,-47.5,1.2,4.57,7.99
08-05-2005,08:00:00,0.00,4.895,5.462,4.011,0.632,4.99,1.00,-46.9,171.2,4.19,7.23
08-05-2005,09:00:00,0.00,4.844,5.411,4.037,2.289,5.81,1.00,-46.4,571.2,4.57,7.61
08-05-2005,10:00:00,0.00,4.818,5.360,4.141,5.565,7.03,1.00,-45.7,918.7,4.95,7.61
08-05-2005,11:00:00,0.00,4.869,5.308,4.428,9.361,7.83,1.00,-45.2,1158.7,4.57,8.76
08-05-2005,12:00:00,0.00,5.024,5.308,4.947,8.767,8.23,1.00,-44.9,1288.7,6.09,9.52
08-05-2005,13:00:00,0.00,5.257,5.334,5.514,8.866,8.63,1.00,-44.7,1298.7,5.71,9.52
08-05-2005,14:00:00,0.00,5.514,5.411,6.000,8.319,7.83,1.00,-45.2,1196.2,6.09,10.66
08-05-2005,15:00:00,0.00,5.796,5.488,6.408,7.167,8.23,1.00,-44.9,956.2,4.95,8.38
08-05-2005,16:00:00,0.00,6.026,5.616,6.687,6.051,7.43,1.00,-45.4,608.7,4.57,7.99
08-05-2005,17:00:00,0.00,6.204,5.719,6.763,4.454,5.40,1.00,-46.7,238.7,3.43,6.85
08-05-2005,18:00:00,0.00,6.306,5.847,6.636,2.343,4.15,1.00,-47.5,8.7,1.90,3.81
08-05-2005,19:00:00,0.00,6.306,5.924,6.357,1.751,4.57,1.00,-47.2,1.2,4.19,7.99
08-05-2005,20:00:00,0.00,6.230,5.975,6.051,1.561,4.15,1.00,-47.5,1.2,5.33,8.38
08-05-2005,21:00:00,0.00,6.128,5.975,5.821,1.262,4.15,1.00,-47.5,1.2,4.95,7.99
08-05-2005,22:00:00,0.00,6.026,5.975,5.591,1.153,4.15,1.00,-47.5,1.2,5.33,7.61
08-05-2005,23:00:00,0.00,5.898,5.949,5.437,1.398,4.15,1.00,-47.5,1.2,6.09,8.38
09-05-2005,00:00:00,0.00,5.796,5.898,5.282,1.507,4.15,1.00,-47.5,1.2,6.09,8.76
09-05-2005,01:00:00,0.00,5.719,5.872,5.205,1.643,4.15,1.00,-47.5,1.2,7.23,11.42
09-05-2005,02:00:00,0.00,5.642,5.821,5.128,2.850,4.99,1.00,-46.9,1.2,6.85,12.94
09-05-2005,03:00:00,0.00,5.591,5.770,5.128,3.670,4.99,1.00,-46.9,1.2,6.47,12.18
09-05-2005,04:00:00,0.00,5.565,5.745,5.154,3.327,4.99,1.00,-46.9,1.2,6.09,10.66
09-05-2005,05:00:00,0.00,5.539,5.719,5.179,2.956,4.99,1.00,-46.9,1.2,6.47,13.32
09-05-2005,06:00:00,0.00,5.539,5.693,5.154,3.327,4.99,1.00,-46.9,1.2,6.47,11.04
09-05-2005,07:00:00,0.00,5.514,5.668,5.154,2.744,4.99,1.00,-46.9,1.2,7.23,13.32
09-05-2005,08:00:00,0.00,5.514,5.668,5.154,3.538,5.40,1.00,-46.7,88.7,7.61,14.47
09-05-2005,09:00:00,0.00,5.488,5.642,5.154,5.385,5.81,1.00,-46.4,226.2,7.99,14.85
09-05-2005,10:00:00,0.00,5.488,5.642,5.231,7.015,6.22,1.00,-46.2,388.7,7.99,12.94
09-05-2005,11:00:00,0.00,5.539,5.616,5.385,9.731,7.03,1.00,-45.7,833.7,8.38,14.09
09-05-2005,12:00:00,0.00,5.616,5.642,5.616,10.173,7.43,1.00,-45.4,1298.7,8.38,14.47
09-05-2005,13:00:00,0.00,5.745,5.668,5.975,9.435,7.43,1.00,-45.4,1311.2,8.76,15.23
09-05-2005,14:00:00,0.00,5.924,5.693,6.306,8.120,7.43,1.00,-45.4,1168.7,9.52,15.61
09-05-2005,15:00:00,0.00,6.102,5.770,6.535,7.041,7.43,1.00,-45.4,896.2,8.76,14.09
09-05-2005,16:00:00,0.00,6.255,5.847,6.661,6.153,7.03,1.00,-45.7,546.2,7.61,13.70
09-05-2005,17:00:00,0.00,6.357,5.949,6.661,5.437,5.81,1.00,-46.4,181.2,6.47,11.80
09-05-2005,18:00:00,0.00,6.408,6.000,6.560,3.354,4.57,1.00,-47.2,8.7,4.19,9.52
09-05-2005,19:00:00,0.00,6.382,6.051,6.357,2.744,4.57,1.00,-47.2,1.2,5.33,7.99
09-05-2005,20:00:00,0.00,6.331,6.077,6.128,2.182,4.57,1.00,-47.2,1.2,4.19,6.85
09-05-2005,21:00:00,0.00,6.230,6.102,5.924,1.805,4.15,1.00,-47.5,1.2,4.19,8.38
09-05-2005,22:00:00,0.00,6.128,6.077,5.719,1.967,4.15,1.00,-47.5,1.2,6.47,12.18
09-05-2005,23:00:00,0.00,6.026,6.051,5.565,1.832,4.57,1.00,-47.2,1.2,6.47,11.42
10-05-2005,00:00:00,0.00,5.924,6.000,5.437,1.886,4.99,1.00,-46.9,1.2,7.23,11.80
10-05-2005,01:00:00,0.00,5.847,5.975,5.334,1.859,4.99,1.00,-46.9,1.2,7.23,11.42
10-05-2005,02:00:00,0.00,5.770,5.924,5.231,1.778,4.15,1.00,-47.5,1.2,7.61,11.42
10-05-2005,03:00:00,0.00,5.693,5.872,5.154,1.643,4.57,1.00,-47.2,1.2,7.61,12.18
10-05-2005,04:00:00,0.00,5.616,5.821,5.102,1.697,4.15,1.00,-47.5,1.2,7.61,12.56
10-05-2005,05:00:00,0.00,5.565,5.796,5.024,1.697,4.15,1.00,-47.5,1.2,8.38,12.56
10-05-2005,06:00:00,0.00,5.514,5.745,4.973,1.615,4.15,1.00,-47.5,1.2,9.14,14.47
10-05-2005,07:00:00,0.00,5.462,5.719,4.921,1.262,3.31,1.00,-48.0,1.2,7.61,13.32
10-05-2005,08:00:00,0.00,5.411,5.668,4.844,1.317,4.15,1.00,-47.5,158.7,7.23,11.04
10-05-2005,09:00:00,0.00,5.360,5.616,4.792,2.289,5.40,1.00,-46.7,548.7,7.61,12.94
10-05-2005,10:00:00,0.00,5.308,5.591,4.792,4.480,6.22,1.00,-46.2,886.2,7.61,12.56
10-05-2005,11:00:00,0.00,5.308,5.565,4.921,7.594,7.03,1.00,-45.7,1131.2,8.38,12.94
10-05-2005,12:00:00,0.00,5.360,5.539,5.179,7.494,7.43,1.00,-45.4,1258.7,7.61,11.80
10-05-2005,13:00:00,0.00,5.488,5.539,5.514,7.795,7.43,1.00,-45.4,1266.2,7.23,11.42
10-05-2005,14:00:00,0.00,5.642,5.565,5.898,7.519,7.83,1.00,-45.2,1163.7,6.47,11.04
10-05-2005,15:00:00,0.00,5.847,5.616,6.230,6.357,7.43,1.00,-45.4,936.2,7.23,11.80
10-05-2005,16:00:00,0.00,6.026,5.693,6.433,5.334,6.22,1.00,-46.2,616.2,7.23,11.42
10-05-2005,17:00:00,0.00,6.153,5.770,6.458,4.141,4.57,1.00,-47.2,228.7,6.09,10.28
10-05-2005,18:00:00,0.00,6.204,5.847,6.357,2.770,4.15,1.00,-47.5,8.7,6.85,10.66
10-05-2005,19:00:00,0.00,6.179,5.898,6.153,3.036,4.15,1.00,-47.5,1.2,5.33,10.66
10-05-2005,20:00:00,0.00,6.128,5.924,5.949,2.262,3.31,1.00,-48.0,1.2,5.33,8.76
10-05-2005,21:00:00,0.00,6.051,5.924,5.796,1.453,2.89,1.00,-48.2,1.2,5.71,9.14
10-05-2005,22:00:00,0.00,5.975,5.924,5.591,0.852,2.89,1.00,-48.2,1.2,4.57,7.99
10-05-2005,23:00:00,0.00,5.872,5.898,5.411,0.329,3.31,1.00,-48.0,1.2,3.43,6.85
11-05-2005,00:00:00,0.00,5.770,5.872,5.205,-0.032,3.31,1.00,-48.0,1.2,4.19,7.23
11-05-2005,01:00:00,0.00,5.642,5.821,5.024,-0.171,4.15,1.00,-47.5,1.2,4.95,8.38
11-05-2005,02:00:00,0.00,5.539,5.770,4.818,-0.255,4.99,1.00,-46.9,1.2,4.19,7.61
11-05-2005,03:00:00,0.00,5.411,5.719,4.662,-0.648,4.57,1.00,-47.2,1.2,1.90,4.95
11-05-2005,04:00:00,0.00,5.282,5.642,4.480,-0.760,4.57,1.00,-47.2,1.2,3.43,5.71
11-05-2005,05:00:00,0.00,5.154,5.565,4.298,-0.958,4.15,1.00,-47.5,1.2,3.05,5.71
11-05-2005,06:00:00,0.00,5.050,5.488,4.141,-1.071,4.15,1.00,-47.5,1.2,3.81,5.33
11-05-2005,07:00:00,0.00,4.921,5.411,4.011,-0.986,4.57,1.00,-47.2,1.2,3.81,5.71
11-05-2005,08:00:00,0.00,4.818,5.360,3.880,-0.620,6.22,1.00,-46.2,153.7,3.81,6.09
11-05-2005,09:00:00,0.00,4.714,5.257,3.775,0.135,8.63,1.00,-44.7,541.2,3.81,6.47
11-05-2005,10:00:00,0.00,4.636,5.179,3.775,3.036,10.21,1.00,-43.7,876.2,2.28,5.71
11-05-2005,11:00:00,0.00,4.610,5.128,3.958,8.444,10.99,1.00,-43.2,1118.7,2.28,5.33
11-05-2005,12:00:00,0.00,4.714,5.102,4.454,8.568,10.99,1.00,-43.2,1246.2,3.05,6.09
11-05-2005,13:00:00,0.00,4.921,5.102,5.102,8.742,10.99,1.00,-43.2,1256.2,4.57,7.61
11-05-2005,14:00:00,0.00,5.205,5.154,5.693,8.543,10.99,1.00,-43.2,1146.2,4.19,6.85
11-05-2005,15:00:00,0.00,5.514,5.231,6.128,7.695,10.60,1.00,-43.5,921.2,3.43,6.47
11-05-2005,16:00:00,0.00,5.770,5.334,6.458,6.788,9.82,1.00,-44.0,608.7,2.66,6.85
11-05-2005,17:00:00,0.00,5.975,5.462,6.535,5.024,7.83,1.00,-45.2,221.2,1.14,4.19
11-05-2005,18:00:00,0.00,6.077,5.565,6.433,2.343,6.22,1.00,-46.2,6.2,0.00,2.28
11-05-2005,19:00:00,0.00,6.102,5.668,6.128,1.235,4.99,1.00,-46.9,1.2,0.76,3.05
11-05-2005,20:00:00,0.00,6.000,5.719,5.745,0.329,4.15,1.00,-47.5,1.2,0.00,0.76
11-05-2005,21:00:00,0.00,5.872,5.719,5.385,-0.311,3.74,1.00,-47.7,1.2,0.38,1.90
11-05-2005,22:00:00,0.00,5.693,5.693,5.076,-0.451,4.15,1.00,-47.5,1.2,0.38,1.90
11-05-2005,23:00:00,0.00,5.514,5.668,4.792,-0.507,4.15,1.00,-47.5,1.2,0.76,1.90
12-05-2005,00:00:00,0.00,5.360,5.591,4.558,-0.676,2.89,1.00,-48.2,1.2,0.76,2.28
12-05-2005,01:00:00,0.00,5.205,5.539,4.350,-0.732,3.31,1.00,-48.0,1.2,1.14,2.28
12-05-2005,02:00:00,0.00,5.076,5.462,4.194,-0.789,2.46,1.00,-48.5,1.2,1.52,2.66
12-05-2005,03:00:00,0.00,4.947,5.385,4.037,-0.760,4.15,1.00,-47.5,1.2,2.66,4.57
12-05-2005,04:00:00,0.00,4.818,5.308,3.906,-0.367,4.99,1.00,-46.9,1.2,3.43,5.33
12-05-2005,05:00:00,0.00,4.740,5.231,3.827,-0.116,5.40,1.00,-46.7,1.2,3.81,6.47
12-05-2005,06:00:00,0.00,4.636,5.154,3.801,0.190,5.81,1.00,-46.4,1.2,3.81,6.09
12-05-2005,07:00:00,0.00,4.584,5.102,3.775,0.522,5.81,1.00,-46.4,1.2,4.57,6.85
12-05-2005,08:00:00,0.00,4.532,5.050,3.749,0.880,6.62,1.00,-45.9,148.7,3.43,6.47
12-05-2005,09:00:00,0.00,4.506,4.999,3.775,2.316,7.83,1.00,-45.2,541.2,3.43,5.71
12-05-2005,10:00:00,0.00,4.506,4.973,3.880,5.385,9.03,1.00,-44.5,878.7,2.28,5.33
12-05-2005,11:00:00,0.00,4.558,4.921,4.246,9.509,8.23,1.00,-44.9,1123.7,2.66,5.71
12-05-2005,12:00:00,0.00,4.740,4.947,4.844,9.139,9.03,1.00,-44.5,1248.7,2.66,5.71
12-05-2005,13:00:00,0.00,5.024,4.973,5.539,9.188,9.42,1.00,-44.2,1256.2,3.05,6.09
12-05-2005,14:00:00,0.00,5.360,5.076,6.179,8.717,10.21,1.00,-43.7,1111.2,3.05,6.09
12-05-2005,15:00:00,0.00,5.693,5.179,6.661,7.795,10.21,1.00,-43.7,896.2,1.90,4.57
12-05-2005,16:00:00,0.00,5.975,5.334,6.965,6.433,9.82,1.00,-44.0,571.2,0.76,4.19
12-05-2005,17:00:00,0.00,6.204,5.488,7.041,4.766,6.62,1.00,-45.9,223.7,0.76,2.66
12-05-2005,18:00:00,0.00,6.306,5.616,6.864,2.101,3.74,1.00,-47.7,6.2,0.38,1.90
12-05-2005,19:00:00,0.00,6.306,5.719,6.484,3.089,2.89,1.00,-48.2,1.2,0.00,1.90
12-05-2005,20:00:00,0.00,6.204,5.770,6.128,3.116,3.74,1.00,-47.7,1.2,0.00,1.14
12-05-2005,21:00:00,0.00,6.102,5.796,5.898,0.605,1.60,1.00,-49.0,1.2,0.00,1.52
12-05-2005,22:00:00,0.00,5.975,5.796,5.565,-0.311,1.60,1.00,-49.0,1.2,0.00,1.14
12-05-2005,23:00:00,0.00,5.796,5.770,5.231,-0.535,4.57,1.00,-47.2,1.2,1.14,4.95
13-05-2005,00:00:00,0.00,5.616,5.719,4.895,-0.004,4.57,1.00,-47.2,1.2,3.43,6.09
13-05-2005,01:00:00,0.00,5.462,5.642,4.688,0.356,4.99,1.00,-46.9,1.2,3.43,6.85
13-05-2005,02:00:00,0.00,5.308,5.591,4.584,0.522,4.15,1.00,-47.5,1.2,3.81,6.47
13-05-2005,03:00:00,0.00,5.205,5.514,4.506,0.550,4.57,1.00,-47.2,1.2,3.81,6.85
13-05-2005,04:00:00,0.00,5.128,5.437,4.454,0.522,4.15,1.00,-47.5,1.2,3.81,6.85
13-05-2005,05:00:00,0.00,5.050,5.385,4.402,0.384,3.74,1.00,-47.7,1.2,3.43,6.47
13-05-2005,06:00:00,0.00,4.999,5.334,4.350,0.356,3.31,1.00,-48.0,1.2,4.19,6.85
13-05-2005,07:00:00,0.00,4.947,5.282,4.298,-0.199,2.03,1.00,-48.8,1.2,1.52,4.57
13-05-2005,08:00:00,0.00,4.895,5.231,4.194,-0.339,4.15,1.00,-47.5,141.2,1.52,4.19
13-05-2005,09:00:00,0.00,4.818,5.179,4.089,0.770,6.62,1.00,-45.9,526.2,3.43,5.71
13-05-2005,10:00:00,0.00,4.766,5.154,4.115,4.480,7.83,1.00,-45.2,858.7,2.66,5.33
13-05-2005,11:00:00,0.00,4.766,5.102,4.376,8.270,7.83,1.00,-45.2,1101.2,3.81,6.47
13-05-2005,12:00:00,0.00,4.895,5.076,4.895,8.170,9.03,1.00,-44.5,1231.2,2.28,5.71
13-05-2005,13:00:00,0.00,5.128,5.102,5.539,8.220,9.42,1.00,-44.2,1238.7,1.52,4.19
13-05-2005,14:00:00,0.00,5.411,5.179,6.204,8.195,9.82,1.00,-44.0,1123.7,1.90,6.47
13-05-2005,15:00:00,0.00,5.745,5.282,6.737,7.393,9.82,1.00,-44.0,901.2,1.52,4.19
13-05-2005,16:00:00,0.00,6.051,5.411,7.066,6.611,9.42,1.00,-44.2,598.7,0.76,3.05
13-05-2005,17:00:00,0.00,6.281,5.539,7.167,5.102,7.03,1.00,-45.7,216.2,0.76,3.43
13-05-2005,18:00:00,0.00,6.408,5.668,7.015,2.182,4.99,1.00,-46.9,6.2,0.00,1.52
13-05-2005,19:00:00,0.00,6.408,5.770,6.611,1.071,5.40,1.00,-46.7,1.2,0.00,1.90
13-05-2005,20:00:00,0.00,6.281,5.847,6.153,0.412,3.31,1.00,-48.0,1.2,0.00,1.14
13-05-2005,21:00:00,0.00,6.128,5.847,5.719,-0.451,2.46,1.00,-48.5,1.2,0.00,1.14
13-05-2005,22:00:00,0.00,5.924,5.821,5.334,-0.873,2.89,1.00,-48.2,1.2,0.00,1.14
13-05-2005,23:00:00,0.00,5.719,5.770,4.973,-1.185,3.74,1.00,-47.7,1.2,0.00,1.14
14-05-2005,00:00:00,0.00,5.514,5.693,4.636,-1.270,2.46,1.00,-48.5,1.2,0.00,1.52
14-05-2005,01:00:00,0.00,5.308,5.616,4.376,-1.527,2.03,1.00,-48.8,1.2,0.00,0.38
14-05-2005,02:00:00,0.00,5.128,5.514,4.141,-1.785,1.60,1.00,-49.0,1.2,0.00,1.90
14-05-2005,03:00:00,0.00,4.973,5.411,3.932,-1.986,3.31,1.00,-48.0,1.2,0.00,1.52
14-05-2005,04:00:00,0.00,4.818,5.334,3.749,-2.131,2.89,1.00,-48.2,1.2,0.00,1.14
14-05-2005,05:00:00,0.00,4.662,5.231,3.591,-2.218,3.31,1.00,-48.0,1.2,0.00,1.14
14-05-2005,06:00:00,0.00,4.532,5.128,3.433,-2.247,3.31,1.00,-48.0,1.2,0.38,1.90
14-05-2005,07:00:00,0.00,4.402,5.050,3.301,-2.247,0.73,1.00,-49.6,1.2,0.00,3.81
14-05-2005,08:00:00,0.00,4.272,4.947,3.168,-2.015,5.40,1.00,-46.7,138.7,0.00,0.00
14-05-2005,09:00:00,0.00,4.168,4.844,3.063,-1.100,6.22,1.00,-46.2,526.2,0.00,0.00
14-05-2005,10:00:00,0.00,4.063,4.766,3.009,0.439,9.42,1.00,-44.2,856.2,0.00,1.52
14-05-2005,11:00:00,0.00,4.011,4.688,3.036,3.854,10.21,1.00,-43.7,1098.7,1.52,4.19
14-05-2005,12:00:00,0.00,4.011,4.610,3.301,5.591,10.60,1.00,-43.5,1226.2,2.28,4.95
14-05-2005,13:00:00,0.00,4.141,4.584,3.775,6.889,10.99,1.00,-43.2,1233.7,2.28,5.71
14-05-2005,14:00:00,0.00,4.376,4.610,4.428,6.864,10.60,1.00,-43.5,1121.2,1.90,4.95
14-05-2005,15:00:00,0.00,4.688,4.662,5.024,6.026,10.21,1.00,-43.7,886.2,2.28,5.33
14-05-2005,16:00:00,0.00,4.973,4.766,5.437,4.973,8.63,1.00,-44.7,586.2,2.66,5.33
14-05-2005,17:00:00,0.00,5.205,4.869,5.591,3.591,6.62,1.00,-45.9,206.2,1.14,3.81
14-05-2005,18:00:00,0.00,5.334,4.973,5.539,0.301,4.15,1.00,-47.5,3.7,0.00,0.76
14-05-2005,19:00:00,0.00,5.360,5.050,5.257,-0.648,3.31,1.00,-48.0,1.2,0.00,1.14
14-05-2005,20:00:00,0.00,5.257,5.102,4.869,-1.071,4.15,1.00,-47.5,1.2,0.00,1.14
14-05-2005,21:00:00,0.00,5.102,5.102,4.506,-1.327,4.15,1.00,-47.5,1.2,0.00,1.14
14-05-2005,22:00:00,0.00,4.947,5.076,4.194,-1.613,3.74,1.00,-47.7,1.2,0.00,1.52
14-05-2005,23:00:00,0.00,4.766,5.024,3.932,-1.785,2.89,1.00,-48.2,1.2,0.00,1.14
15-05-2005,00:00:00,0.00,4.610,4.973,3.696,-1.929,2.03,1.00,-48.8,1.2,0.38,2.28
15-05-2005,01:00:00,0.00,4.480,4.895,3.512,-2.073,2.89,1.00,-48.2,1.2,0.76,3.43
15-05-2005,02:00:00,0.00,4.324,4.818,3.327,-1.986,2.03,1.00,-48.8,1.2,0.76,4.19
15-05-2005,03:00:00,0.00,4.194,4.740,3.195,-2.450,3.74,1.00,-47.7,1.2,0.00,1.14
15-05-2005,04:00:00,0.00,4.089,4.662,3.063,-2.450,3.74,1.00,-47.7,1.2,0.00,1.14
15-05-2005,05:00:00,0.00,3.985,4.584,2.930,-2.654,2.89,1.00,-48.2,1.2,0.00,0.38
15-05-2005,06:00:00,0.00,3.880,4.506,2.823,-2.450,2.89,1.00,-48.2,1.2,0.38,5.71
15-05-2005,07:00:00,0.00,3.775,4.428,2.717,-1.814,2.46,1.00,-48.5,1.2,1.14,5.33
15-05-2005,08:00:00,0.00,3.670,4.350,2.637,-1.498,2.89,1.00,-48.2,133.7,0.38,3.05
15-05-2005,09:00:00,0.00,3.591,4.298,2.557,-0.451,5.81,1.00,-46.4,403.7,1.14,4.57
15-05-2005,10:00:00,0.00,3.512,4.220,2.503,1.561,7.43,1.00,-45.4,726.2,3.05,5.71
15-05-2005,11:00:00,0.00,3.459,4.141,2.503,4.532,7.43,1.00,-45.4,946.2,2.66,6.09
15-05-2005,12:00:00,0.00,3.459,4.089,2.637,7.293,9.03,1.00,-44.5,1188.7,2.28,6.09
15-05-2005,13:00:00,0.00,3.512,4.063,3.036,8.419,7.83,1.00,-45.2,756.2,2.66,6.47
15-05-2005,14:00:00,0.00,3.722,4.063,3.696,9.435,7.83,1.00,-45.2,838.7,2.66,6.09
15-05-2005,15:00:00,0.00,4.011,4.115,4.350,8.717,6.62,1.00,-45.9,531.2,2.66,5.33
15-05-2005,16:00:00,0.00,4.324,4.220,4.818,7.870,5.81,1.00,-46.4,326.2,2.66,5.71
15-05-2005,17:00:00,0.00,4.584,4.324,5.076,6.255,4.57,1.00,-47.2,111.2,2.28,4.57
15-05-2005,18:00:00,0.00,4.766,4.454,5.154,4.506,4.15,1.00,-47.5,6.2,2.66,4.95
15-05-2005,19:00:00,0.00,4.869,4.558,5.102,4.350,3.31,1.00,-48.0,1.2,2.66,5.71
15-05-2005,20:00:00,0.00,4.921,4.662,5.024,4.063,3.31,1.00,-48.0,1.2,3.05,6.47
15-05-2005,21:00:00,0.00,4.947,4.714,4.947,3.906,2.89,1.00,-48.2,1.2,3.43,6.47
15-05-2005,22:00:00,0.00,4.947,4.766,4.869,3.775,3.31,1.00,-48.0,1.2,3.05,6.85
15-05-2005,23:00:00,0.00,4.921,4.792,4.818,3.221,2.89,1.00,-48.2,1.2,2.28,4.57
16-05-2005,00:00:00,0.00,4.921,4.818,4.740,2.877,2.46,1.00,-48.5,1.2,1.52,4.19
16-05-2005,01:00:00,0.00,4.895,4.844,4.662,2.584,2.46,1.00,-48.5,1.2,1.52,4.19
16-05-2005,02:00:00,0.00,4.869,4.844,4.558,3.116,2.46,1.00,-48.5,1.2,1.52,6.09
16-05-2005,03:00:00,0.00,4.818,4.844,4.532,3.063,2.03,1.00,-48.8,1.2,3.43,6.47
16-05-2005,04:00:00,0.00,4.792,4.818,4.480,1.940,1.17,1.00,-49.3,1.2,2.66,5.33
16-05-2005,05:00:00,0.00,4.766,4.818,4.402,1.317,1.60,1.00,-49.0,1.2,2.66,4.95
16-05-2005,06:00:00,0.00,4.740,4.818,4.298,1.940,1.60,1.00,-49.0,1.2,2.66,6.09
16-05-2005,07:00:00,0.00,4.662,4.792,4.220,2.423,1.60,1.00,-49.0,1.2,3.05,6.09
16-05-2005,08:00:00,0.00,4.636,4.792,4.194,2.930,1.60,1.00,-49.0,38.7,3.05,6.47
16-05-2005,09:00:00,0.00,4.610,4.766,4.194,3.985,2.03,1.00,-48.8,146.2,3.43,7.61
16-05-2005,10:00:00,0.00,4.584,4.740,4.246,5.642,2.89,1.00,-48.2,251.2,3.43,6.47
16-05-2005,11:00:00,0.00,4.610,4.740,4.402,6.687,2.89,1.00,-48.2,353.7,3.43,6.85
16-05-2005,12:00:00,0.00,4.662,4.714,4.584,7.242,3.31,1.00,-48.0,366.2,3.81,7.61
16-05-2005,13:00:00,0.00,4.766,4.740,4.792,7.695,3.74,1.00,-47.7,408.7,3.81,6.85
16-05-2005,14:00:00,0.00,4.869,4.766,4.973,8.045,3.74,1.00,-47.7,408.7,4.19,7.99
16-05-2005,15:00:00,0.00,4.973,4.818,5.154,7.920,3.74,1.00,-47.7,356.2,4.19,6.85
16-05-2005,16:00:00,0.00,5.076,4.869,5.308,6.204,3.31,1.00,-48.0,151.2,3.43,6.47
16-05-2005,17:00:00,0.25,5.179,4.921,5.334,4.947,3.31,1.00,-48.0,58.7,3.81,9.52
16-05-2005,18:00:00,0.51,5.231,4.973,5.308,4.037,2.89,1.00,-48.2,1.2,4.95,9.90
16-05-2005,19:00:00,0.25,5.257,5.024,5.231,3.801,2.89,1.00,-48.2,1.2,4.95,9.52
16-05-2005,20:00:00,0.25,5.231,5.050,5.128,3.696,2.89,1.00,-48.2,1.2,4.95,8.38
16-05-2005,21:00:00,0.25,5.205,5.076,5.024,3.538,2.89,1.00,-48.2,1.2,4.95,9.52
16-05-2005,22:00:00,0.00,5.154,5.076,4.921,3.433,2.46,1.00,-48.5,1.2,6.47,10.28
16-05-2005,23:00:00,0.25,5.128,5.076,4.844,3.380,2.46,1.00,-48.5,1.2,6.09,10.28
17-05-2005,00:00:00,0.00,5.076,5.050,4.766,3.406,2.46,100.00,2.5,1.2,4.19,7.61
17-05-2005,01:00:00,0.00,5.050,5.050,4.714,3.195,2.03,100.00,2.0,1.2,3.81,7.61
17-05-2005,02:00:00,0.00,4.999,5.024,4.662,2.983,2.03,100.00,2.0,1.2,3.81,7.61
17-05-2005,03:00:00,0.00,4.973,5.024,4.610,3.089,2.03,100.00,2.0,1.2,3.43,7.99
17-05-2005,04:00:00,0.00,4.921,4.999,4.558,3.089,2.03,100.00,2.0,1.2,2.66,6.85
17-05-2005,05:00:00,0.00,4.895,4.973,4.532,3.063,1.60,100.00,1.6,1.2,1.90,4.95
17-05-2005,06:00:00,0.00,4.869,4.973,4.506,2.797,1.60,100.00,1.6,1.2,1.52,5.33
17-05-2005,07:00:00,0.00,4.844,4.947,4.454,2.664,1.60,100.00,1.6,1.2,1.90,6.09
17-05-2005,08:00:00,0.00,4.818,4.921,4.402,1.832,0.73,100.00,0.7,113.7,0.00,2.28
17-05-2005,09:00:00,0.25,4.766,4.895,4.350,1.697,2.03,100.00,2.0,468.7,0.76,4.95
17-05-2005,10:00:00,0.00,4.740,4.895,4.272,5.282,2.46,100.00,2.5,481.2,1.90,5.33
17-05-2005,11:00:00,0.00,4.714,4.869,4.402,8.344,4.15,100.00,4.2,796.2,1.90,4.95
17-05-2005,12:00:00,0.00,4.766,4.844,4.792,7.293,4.57,100.00,4.6,1091.2,3.05,5.71
17-05-2005,13:00:00,0.00,4.921,4.869,5.257,7.393,4.99,100.00,5.0,1103.7,2.66,4.95
17-05-2005,14:00:00,0.00,5.154,4.895,5.745,8.742,4.57,100.00,4.6,856.2,2.28,4.95
17-05-2005,15:00:00,0.00,5.411,4.973,6.153,6.255,4.99,100.00,5.0,771.2,1.90,4.57
17-05-2005,16:00:00,0.00,5.616,5.076,6.382,4.454,4.57,32.75,-10.4,381.2,1.52,4.57
17-05-2005,17:00:00,0.00,5.796,5.179,6.382,3.195,3.31,1.00,-48.0,168.7,1.14,2.66
17-05-2005,18:00:00,0.00,5.847,5.282,6.179,2.610,3.74,1.00,-47.7,3.7,2.28,4.95
17-05-2005,19:00:00,0.00,5.821,5.360,5.872,3.906,3.74,1.00,-47.7,1.2,3.05,4.95
17-05-2005,20:00:00,0.00,5.719,5.385,5.668,3.985,3.31,1.00,-48.0,1.2,2.66,4.95
17-05-2005,21:00:00,0.00,5.642,5.385,5.539,3.722,3.31,1.00,-48.0,1.2,2.28,5.33
17-05-2005,22:00:00,0.00,5.591,5.385,5.411,3.696,2.89,1.00,-48.2,1.2,1.90,5.71
17-05-2005,23:00:00,0.00,5.514,5.360,5.308,3.801,2.46,1.00,-48.5,1.2,1.52,4.57
18-05-2005,00:00:00,0.00,5.462,5.360,5.231,3.617,2.46,1.00,-48.5,1.2,1.90,4.57
18-05-2005,01:00:00,0.00,5.411,5.334,5.179,3.248,2.03,1.00,-48.8,1.2,1.90,4.19
18-05-2005,02:00:00,0.00,5.360,5.308,5.076,1.480,0.29,1.00,-49.9,1.2,0.38,4.19
18-05-2005,03:00:00,0.00,5.308,5.282,4.947,-0.088,-0.16,1.00,-50.1,1.2,0.00,0.00
18-05-2005,04:00:00,0.00,5.231,5.282,4.714,-0.535,0.29,1.00,-49.9,1.2,0.00,1.52
18-05-2005,05:00:00,0.00,5.128,5.231,4.480,-0.986,0.29,1.00,-49.9,1.2,0.00,1.14
18-05-2005,06:00:00,0.00,4.973,5.179,4.220,-0.817,-0.16,1.00,-50.1,1.2,1.14,4.57
18-05-2005,07:00:00,0.00,4.844,5.128,4.011,-0.283,-0.16,1.00,-50.1,1.2,3.43,6.85
18-05-2005,08:00:00,0.00,4.688,5.050,3.827,-0.479,0.29,1.00,-49.9,131.2,3.81,8.38
18-05-2005,09:00:00,0.00,4.558,4.973,3.696,0.190,0.29,1.00,-49.9,336.2,4.57,8.38
18-05-2005,10:00:00,0.00,4.454,4.895,3.591,2.850,0.73,1.00,-49.6,648.7,4.19,7.61
18-05-2005,11:00:00,0.00,4.376,4.818,3.591,5.642,3.31,1.00,-48.0,1131.2,3.43,6.85
18-05-2005,12:00:00,0.00,4.350,4.766,3.880,6.153,2.03,1.00,-48.8,878.7,4.95,9.14
18-05-2005,13:00:00,0.00,4.454,4.714,4.324,5.334,2.89,1.00,-48.2,761.2,4.95,8.38
18-05-2005,14:00:00,0.00,4.610,4.714,4.636,5.514,2.46,1.00,-48.5,648.7,4.19,8.38
18-05-2005,15:00:00,0.00,4.766,4.740,4.869,4.999,2.46,1.00,-48.5,323.7,4.19,8.38
18-05-2005,16:00:00,0.00,4.895,4.766,4.999,4.532,2.46,1.00,-48.5,311.2,4.57,8.76
18-05-2005,17:00:00,0.00,4.973,4.818,5.024,2.930,1.60,1.00,-49.0,93.7,4.57,8.38
18-05-2005,18:00:00,0.00,5.024,4.869,4.947,1.724,0.29,1.00,-49.9,1.2,5.33,9.52
18-05-2005,19:00:00,0.00,4.999,4.895,4.792,1.153,0.29,1.00,-49.9,1.2,5.71,11.04
18-05-2005,20:00:00,0.00,4.947,4.921,4.584,0.852,-0.16,1.00,-50.1,1.2,6.85,11.42
18-05-2005,21:00:00,0.00,4.869,4.921,4.402,0.384,-0.61,1.00,-50.4,1.2,6.09,10.66
18-05-2005,22:00:00,0.00,4.792,4.895,4.220,0.135,-0.16,1.00,-50.1,1.2,6.09,9.90
18-05-2005,23:00:00,0.00,4.688,4.869,4.089,0.852,-0.16,1.00,-50.1,1.2,4.95,10.28
19-05-2005,00:00:00,0.00,4.610,4.818,3.958,1.044,-0.16,1.00,-50.1,1.2,6.85,11.42
19-05-2005,01:00:00,0.00,4.532,4.766,3.906,1.044,0.29,1.00,-49.9,1.2,6.85,11.42
19-05-2005,02:00:00,0.00,4.454,4.740,3.827,1.126,-0.16,1.00,-50.1,1.2,6.09,11.42
19-05-2005,03:00:00,0.00,4.402,4.688,3.775,0.797,-0.16,1.00,-50.1,1.2,6.47,11.42
19-05-2005,04:00:00,0.00,4.350,4.636,3.722,1.153,-0.16,1.00,-50.1,1.2,6.47,12.56
19-05-2005,05:00:00,0.00,4.298,4.610,3.670,1.044,-0.16,1.00,-50.1,1.2,6.85,11.80
19-05-2005,06:00:00,0.00,4.246,4.558,3.617,0.797,-0.61,1.00,-50.4,1.2,6.85,11.80
19-05-2005,07:00:00,0.00,4.194,4.532,3.564,0.522,-0.16,1.00,-50.1,1.2,5.71,10.66
19-05-2005,08:00:00,0.00,4.168,4.506,3.512,0.301,-0.16,1.00,-50.1,38.7,5.33,10.28
19-05-2005,09:00:00,0.00,4.115,4.454,3.459,1.044,-0.16,1.00,-50.1,141.2,5.71,9.90
19-05-2005,10:00:00,0.00,4.063,4.428,3.433,2.956,0.29,1.00,-49.9,303.7,6.09,10.66
19-05-2005,11:00:00,0.00,4.037,4.402,3.459,3.643,1.60,1.00,-49.0,491.2,6.09,11.04
19-05-2005,12:00:00,0.00,4.037,4.376,3.591,3.985,1.60,1.00,-49.0,351.2,5.33,11.04
19-05-2005,13:00:00,0.00,4.089,4.350,3.749,4.506,2.03,1.00,-48.8,258.7,4.57,8.76
19-05-2005,14:00:00,0.00,4.141,4.350,3.906,5.257,2.46,1.00,-48.5,321.2,4.57,8.38
19-05-2005,15:00:00,0.00,4.220,4.350,4.063,5.154,2.89,1.00,-48.2,643.7,5.33,9.52
19-05-2005,16:00:00,0.00,4.298,4.376,4.272,4.610,2.46,1.00,-48.5,203.7,4.95,9.14
19-05-2005,17:00:00,0.00,4.402,4.402,4.376,3.485,1.60,1.00,-49.0,48.7,3.81,7.99
19-05-2005,18:00:00,0.00,4.480,4.454,4.402,2.877,1.60,1.00,-49.0,1.2,2.66,6.47
19-05-2005,19:00:00,0.00,4.506,4.480,4.350,1.344,1.17,1.00,-49.3,1.2,1.90,5.33
19-05-2005,20:00:00,0.00,4.506,4.506,4.220,2.316,1.17,1.00,-49.3,1.2,2.66,4.95
19-05-2005,21:00:00,0.00,4.454,4.506,4.115,2.396,1.17,1.00,-49.3,1.2,1.14,4.19
19-05-2005,22:00:00,0.00,4.428,4.506,4.063,2.503,0.73,1.00,-49.6,1.2,0.38,3.05
19-05-2005,23:00:00,0.00,4.376,4.506,4.011,2.155,1.17,1.00,-49.3,1.2,1.14,3.43
20-05-2005,00:00:00,0.00,4.350,4.480,3.958,2.182,0.73,1.00,-49.6,1.2,1.14,3.43
20-05-2005,01:00:00,0.00,4.324,4.480,3.906,2.316,0.29,1.00,-49.9,1.2,0.00,1.90
20-05-2005,02:00:00,0.00,4.298,4.454,3.880,0.825,-0.16,1.00,-50.1,1.2,0.00,2.28
20-05-2005,03:00:00,0.00,4.272,4.454,3.827,-0.311,-0.61,1.00,-50.4,1.2,0.00,1.52
20-05-2005,04:00:00,0.00,4.220,4.428,3.696,-0.732,-0.16,1.00,-50.1,1.2,0.00,0.00
20-05-2005,05:00:00,0.00,4.168,4.402,3.564,-1.100,0.73,1.00,-49.6,1.2,0.00,1.14
20-05-2005,06:00:00,0.00,4.089,4.376,3.406,-1.327,0.29,1.00,-49.9,1.2,0.00,1.52
20-05-2005,07:00:00,0.00,4.011,4.350,3.248,-1.384,0.73,1.00,-49.6,1.2,0.76,3.81
20-05-2005,08:00:00,0.00,3.906,4.298,3.089,-1.356,2.46,1.00,-48.5,111.2,0.38,2.28
20-05-2005,09:00:00,0.00,3.801,4.246,2.956,-0.789,5.40,1.00,-46.7,481.2,0.00,2.66
20-05-2005,10:00:00,0.00,3.722,4.168,2.877,0.079,7.83,1.00,-45.2,811.2,0.00,1.52
20-05-2005,11:00:00,0.00,3.643,4.115,2.850,2.690,9.03,1.00,-44.5,1051.2,0.76,3.43
20-05-2005,12:00:00,0.00,3.617,4.063,3.063,5.050,7.43,1.00,-45.4,1181.2,3.43,6.47
20-05-2005,13:00:00,0.00,3.722,4.037,3.643,6.000,8.23,1.00,-44.9,1193.7,2.66,4.57
20-05-2005,14:00:00,0.00,3.985,4.063,4.402,6.179,7.43,1.00,-45.4,1076.2,3.43,5.71
20-05-2005,15:00:00,0.00,4.324,4.115,5.050,5.282,6.22,1.00,-46.2,731.2,2.66,5.33
20-05-2005,16:00:00,0.00,4.636,4.220,5.437,3.958,4.57,1.00,-47.2,296.2,1.90,3.81
20-05-2005,17:00:00,0.00,4.869,4.350,5.488,2.744,3.31,1.00,-48.0,158.7,1.90,3.81
20-05-2005,18:00:00,0.00,4.973,4.480,5.308,0.329,0.29,1.00,-49.9,1.2,0.76,2.28
20-05-2005,19:00:00,0.00,4.973,4.558,4.999,-0.704,1.17,1.00,-49.3,1.2,0.38,2.28
20-05-2005,20:00:00,0.00,4.869,4.610,4.636,-1.356,2.89,1.00,-48.2,1.2,0.00,1.52
20-05-2005,21:00:00,0.00,4.740,4.610,4.272,-1.413,2.89,1.00,-48.2,1.2,0.76,3.43
20-05-2005,22:00:00,0.00,4.584,4.610,3.958,-1.498,2.03,1.00,-48.8,1.2,1.14,4.19
20-05-2005,23:00:00,0.00,4.402,4.558,3.696,-1.900,2.89,1.00,-48.2,1.2,0.76,4.57
21-05-2005,00:00:00,0.00,4.246,4.506,3.459,-1.814,4.15,1.00,-47.5,1.2,2.28,4.19
21-05-2005,01:00:00,0.00,4.115,4.428,3.248,-1.441,4.15,1.00,-47.5,1.2,3.05,5.33
21-05-2005,02:00:00,0.00,3.958,4.350,3.089,-1.100,5.40,1.00,-46.7,1.2,4.19,6.85
21-05-2005,03:00:00,0.00,3.854,4.298,2.956,-0.845,4.99,1.00,-46.9,1.2,4.57,6.85
21-05-2005,04:00:00,0.00,3.749,4.220,2.850,-1.100,4.15,1.00,-47.5,1.2,3.43,5.71
21-05-2005,05:00:00,0.00,3.643,4.141,2.744,-0.958,3.31,1.00,-48.0,1.2,1.90,5.33
21-05-2005,06:00:00,0.00,3.564,4.063,2.664,-0.507,3.74,1.00,-47.7,1.2,3.43,6.85
21-05-2005,07:00:00,0.00,3.485,4.011,2.610,-0.060,3.74,1.00,-47.7,1.2,3.05,7.23
21-05-2005,08:00:00,0.00,3.406,3.932,2.557,0.024,4.15,1.00,-47.5,36.2,2.28,7.23
21-05-2005,09:00:00,0.00,3.354,3.880,2.503,0.218,5.81,1.00,-46.4,381.2,3.05,9.14
21-05-2005,10:00:00,0.00,3.301,3.827,2.477,1.805,5.81,1.00,-46.4,446.2,2.66,7.23
21-05-2005,11:00:00,0.00,3.248,3.801,2.503,6.051,6.22,1.00,-46.2,688.7,3.43,7.23
21-05-2005,12:00:00,0.00,3.248,3.749,2.610,6.433,7.03,1.00,-45.7,1146.2,3.81,7.23
21-05-2005,13:00:00,0.00,3.301,3.722,3.036,9.040,7.03,1.00,-45.7,1006.2,4.57,9.52
21-05-2005,14:00:00,0.00,3.512,3.749,3.696,10.418,5.81,1.00,-46.4,608.7,3.81,8.38
21-05-2005,15:00:00,0.00,3.801,3.801,4.272,8.195,6.22,1.00,-46.2,358.7,4.95,8.38
21-05-2005,16:00:00,0.00,4.089,3.880,4.558,6.458,4.57,1.00,-47.2,391.2,3.43,6.47
21-05-2005,17:00:00,0.00,4.298,3.985,4.714,4.089,3.31,1.00,-48.0,81.2,1.14,3.43
21-05-2005,18:00:00,0.00,4.428,4.115,4.662,2.316,3.31,1.00,-48.0,1.2,2.28,5.71
21-05-2005,19:00:00,0.00,4.454,4.194,4.480,1.480,2.46,1.00,-48.5,1.2,3.05,7.61
21-05-2005,20:00:00,0.00,4.454,4.272,4.272,0.522,2.03,1.00,-48.8,1.2,2.66,6.47
21-05-2005,21:00:00,0.00,4.376,4.298,4.063,0.079,2.46,1.00,-48.5,1.2,4.19,7.99
21-05-2005,22:00:00,0.00,4.298,4.298,3.880,0.301,2.46,1.00,-48.5,1.2,5.71,11.42
21-05-2005,23:00:00,0.00,4.194,4.298,3.722,-0.032,2.03,1.00,-48.8,1.2,3.81,8.38
22-05-2005,00:00:00,0.00,4.115,4.272,3.564,-0.339,2.03,1.00,-48.8,1.2,3.43,5.33
22-05-2005,01:00:00,0.00,4.037,4.246,3.433,-0.563,1.60,1.00,-49.0,1.2,1.90,4.57
22-05-2005,02:00:00,0.00,3.958,4.194,3.301,-0.704,1.60,1.00,-49.0,1.2,1.52,5.33
22-05-2005,03:00:00,0.00,3.880,4.168,3.195,-1.015,1.60,1.00,-49.0,1.2,0.00,1.52
22-05-2005,04:00:00,0.00,3.801,4.115,3.063,-1.157,2.03,1.00,-48.8,1.2,0.38,3.43
22-05-2005,05:00:00,0.00,3.722,4.089,2.956,-1.441,1.17,1.00,-49.3,1.2,0.00,2.28
22-05-2005,06:00:00,0.00,3.617,4.037,2.850,-1.727,1.17,1.00,-49.3,1.2,0.00,1.90
22-05-2005,07:00:00,0.00,3.538,3.985,2.717,-1.900,2.46,1.00,-48.5,1.2,0.00,2.28
22-05-2005,08:00:00,0.00,3.459,3.932,2.610,-1.785,3.31,1.00,-48.0,101.2,0.00,1.52
22-05-2005,09:00:00,0.00,3.380,3.880,2.530,-0.789,4.99,1.00,-46.9,468.7,1.52,4.57
22-05-2005,10:00:00,0.00,3.301,3.827,2.450,0.301,6.62,1.00,-45.9,796.2,3.43,7.61
22-05-2005,11:00:00,0.00,3.248,3.775,2.450,2.477,7.03,1.00,-45.7,1036.2,4.19,8.38
22-05-2005,12:00:00,0.00,3.195,3.722,2.557,3.985,7.03,1.00,-45.7,1168.7,4.19,9.14
22-05-2005,13:00:00,0.00,3.248,3.670,2.903,6.026,6.62,1.00,-45.9,1191.2,3.81,7.61
22-05-2005,14:00:00,0.00,3.433,3.670,3.512,5.949,7.03,1.00,-45.7,1051.2,3.43,7.23
22-05-2005,15:00:00,0.00,3.696,3.722,4.141,5.257,6.62,1.00,-45.9,856.2,2.66,6.47
22-05-2005,16:00:00,0.00,3.985,3.801,4.610,4.428,4.99,1.00,-46.9,441.2,4.19,9.14
22-05-2005,17:00:00,0.00,4.246,3.906,4.818,2.370,4.15,1.00,-47.5,88.7,5.33,10.28
22-05-2005,18:00:00,0.00,4.402,4.011,4.714,2.316,3.74,1.00,-47.7,1.2,4.57,9.52
22-05-2005,19:00:00,0.00,4.428,4.115,4.506,1.262,3.74,1.00,-47.7,1.2,4.19,9.14
22-05-2005,20:00:00,0.00,4.402,4.168,4.324,0.660,2.89,1.00,-48.2,1.2,4.19,8.76
22-05-2005,21:00:00,0.00,4.350,4.194,4.115,0.522,2.89,1.00,-48.2,1.2,5.33,8.76
22-05-2005,22:00:00,0.00,4.272,4.220,3.932,0.384,2.89,1.00,-48.2,1.2,2.66,6.47
22-05-2005,23:00:00,0.00,4.194,4.220,3.775,0.024,2.46,1.00,-48.5,1.2,2.28,5.33
23-05-2005,00:00:00,0.00,4.115,4.194,3.617,-0.367,3.31,1.00,-48.0,1.2,1.90,5.33
23-05-2005,01:00:00,0.00,4.011,4.168,3.485,-0.395,2.46,1.00,-48.5,1.2,3.43,6.09
23-05-2005,02:00:00,0.00,3.932,4.141,3.327,0.051,2.89,1.00,-48.2,1.2,4.19,9.52
23-05-2005,03:00:00,0.00,3.854,4.115,3.248,0.522,2.89,1.00,-48.2,1.2,7.61,12.56
23-05-2005,04:00:00,0.00,3.801,4.063,3.221,1.317,2.89,1.00,-48.2,1.2,6.09,12.18
23-05-2005,05:00:00,0.00,3.749,4.037,3.221,1.453,3.31,1.00,-48.0,1.2,7.61,13.32
23-05-2005,06:00:00,0.00,3.722,3.985,3.248,1.534,3.31,1.00,-48.0,1.2,7.99,14.47
23-05-2005,07:00:00,0.00,3.722,3.958,3.274,2.021,3.31,1.00,-48.0,1.2,7.99,14.85
23-05-2005,08:00:00,0.00,3.722,3.932,3.327,2.744,3.31,1.00,-48.0,16.2,6.85,14.47
23-05-2005,09:00:00,0.00,3.749,3.932,3.406,3.985,3.74,1.00,-47.7,116.2,7.23,13.70
23-05-2005,10:00:00,0.00,3.775,3.932,3.512,5.385,3.74,1.00,-47.7,266.2,7.99,14.85
23-05-2005,11:00:00,0.00,3.827,3.932,3.670,6.585,4.15,1.00,-47.5,356.2,6.85,13.70
23-05-2005,12:00:00,0.00,3.906,3.958,3.880,8.494,4.99,1.00,-46.9,566.2,7.23,13.32
23-05-2005,13:00:00,0.00,4.011,3.985,4.141,9.558,5.81,1.00,-46.4,796.2,7.23,13.32
23-05-2005,14:00:00,0.00,4.168,4.037,4.454,9.854,5.81,1.00,-46.4,796.2,5.71,10.28
23-05-2005,15:00:00,0.00,4.324,4.089,4.792,7.720,5.81,1.00,-46.4,601.2,6.09,11.04
23-05-2005,16:00:00,0.00,4.532,4.168,5.024,5.462,4.99,1.00,-46.9,348.7,6.47,11.42
23-05-2005,17:00:00,0.00,4.662,4.272,5.076,5.257,4.57,1.00,-47.2,76.2,4.57,9.14
23-05-2005,18:00:00,0.00,4.766,4.350,5.024,4.792,4.15,1.00,-47.5,1.2,5.33,9.90
23-05-2005,19:00:00,0.00,4.792,4.428,4.947,4.714,4.15,1.00,-47.5,1.2,4.57,7.99
23-05-2005,20:00:00,0.00,4.792,4.480,4.895,4.610,4.15,1.00,-47.5,1.2,5.33,9.52
23-05-2005,21:00:00,0.00,4.792,4.506,4.844,4.428,4.57,1.00,-47.2,1.2,6.85,12.18
23-05-2005,22:00:00,0.00,4.792,4.558,4.792,4.350,4.57,1.00,-47.2,1.2,7.61,12.18
23-05-2005,23:00:00,0.00,4.766,4.558,4.740,4.220,4.57,1.00,-47.2,1.2,8.38,12.94
24-05-2005,00:00:00,0.00,4.766,4.584,4.714,4.272,4.57,1.00,-47.2,1.2,8.76,13.32
24-05-2005,01:00:00,0.00,4.766,4.584,4.662,4.246,4.99,1.00,-46.9,1.2,9.52,14.47
24-05-2005,02:00:00,0.00,4.740,4.584,4.662,4.141,4.57,1.00,-47.2,1.2,8.38,12.56
24-05-2005,03:00:00,0.00,4.740,4.610,4.636,4.037,4.57,1.00,-47.2,1.2,6.47,11.04
24-05-2005,04:00:00,0.25,4.714,4.610,4.610,4.011,3.74,1.00,-47.7,1.2,6.85,11.42
24-05-2005,05:00:00,1.27,4.714,4.610,4.584,3.906,4.15,8.75,-26.2,1.2,6.09,9.14
24-05-2005,06:00:00,0.25,4.714,4.610,4.558,4.011,5.81,1.00,-46.4,1.2,6.09,11.04
24-05-2005,07:00:00,0.25,4.688,4.610,4.532,4.350,5.40,1.00,-46.7,1.2,5.71,9.90
24-05-2005,08:00:00,2.03,4.688,4.610,4.558,4.558,4.57,1.00,-47.2,8.7,7.61,14.09
24-05-2005,09:00:00,0.51,4.688,4.610,4.584,5.205,4.57,1.00,-47.2,128.7,4.95,11.80
24-05-2005,10:00:00,0.00,4.688,4.610,4.636,6.382,4.57,1.00,-47.2,186.2,6.09,11.80
24-05-2005,11:00:00,0.00,4.740,4.610,4.740,5.975,4.15,5.75,-30.7,126.2,7.99,15.99
24-05-2005,12:00:00,0.00,4.766,4.636,4.818,5.924,4.57,100.00,4.6,131.2,8.38,14.47
24-05-2005,13:00:00,0.00,4.818,4.662,4.869,5.693,4.57,100.00,4.6,106.2,9.14,14.47
24-05-2005,14:00:00,0.00,4.869,4.688,4.921,5.693,4.57,100.00,4.6,88.7,7.61,13.70
24-05-2005,15:00:00,0.00,4.895,4.714,4.947,5.668,4.57,100.00,4.6,81.2,8.76,14.85
24-05-2005,16:00:00,0.00,4.921,4.714,4.973,5.308,4.57,100.00,4.6,41.2,8.38,14.47
24-05-2005,17:00:00,0.00,4.947,4.740,4.973,4.921,4.57,100.00,4.6,13.7,9.14,14.85
24-05-2005,18:00:00,0.25,4.973,4.766,4.973,4.766,4.57,100.00,4.6,1.2,9.52,14.85
24-05-2005,19:00:00,0.25,4.973,4.792,4.947,4.714,4.57,100.00,4.6,1.2,8.76,16.37
24-05-2005,20:00:00,0.00,4.973,4.792,4.921,4.662,4.57,100.00,4.6,1.2,9.52,16.37
24-05-2005,21:00:00,0.00,4.973,4.818,4.895,4.844,4.99,100.00,5.0,1.2,8.38,15.23
24-05-2005,22:00:00,0.76,4.973,4.818,4.895,4.921,4.99,100.00,5.0,1.2,7.23,15.99
24-05-2005,23:00:00,0.00,4.973,4.818,4.921,5.050,4.99,100.00,5.0,1.2,9.14,15.23
25-05-2005,00:00:00,0.25,4.973,4.818,4.921,4.921,4.57,100.00,4.6,1.2,9.90,17.51
25-05-2005,01:00:00,0.00,4.973,4.844,4.947,4.740,4.15,100.00,4.2,1.2,9.14,18.27
25-05-2005,02:00:00,0.00,4.999,4.844,4.947,4.480,3.74,100.00,3.7,1.2,7.61,14.85
25-05-2005,03:00:00,0.00,4.999,4.844,4.921,4.141,3.74,100.00,3.7,1.2,7.23,11.80
25-05-2005,04:00:00,0.00,4.973,4.869,4.869,4.089,3.74,100.00,3.7,1.2,6.85,12.56
25-05-2005,05:00:00,0.00,4.973,4.869,4.844,3.958,3.74,100.00,3.7,1.2,7.23,13.32
25-05-2005,06:00:00,0.00,4.973,4.869,4.792,3.617,3.31,100.00,3.3,1.2,7.61,14.85
25-05-2005,07:00:00,0.00,4.947,4.869,4.740,2.236,2.03,100.00,2.0,1.2,6.47,11.80
25-05-2005,08:00:00,0.00,4.921,4.844,4.636,1.153,2.03,100.00,2.0,56.2,5.71,10.28
25-05-2005,09:00:00,0.00,4.844,4.844,4.480,2.101,2.46,100.00,2.5,408.7,4.95,8.38
25-05-2005,10:00:00,0.00,4.766,4.818,4.376,2.877,3.31,100.00,3.3,733.7,4.95,9.52
25-05-2005,11:00:00,0.00,4.740,4.792,4.402,5.024,4.15,100.00,4.2,811.2,3.43,7.23
25-05-2005,12:00:00,0.00,4.740,4.766,4.610,4.999,4.99,1.00,-46.9,1148.7,3.81,8.76
25-05-2005,13:00:00,0.00,4.818,4.740,4.921,5.128,5.40,1.00,-46.7,1173.7,4.95,9.14
25-05-2005,14:00:00,0.00,4.973,4.766,5.257,4.999,4.99,1.00,-46.9,1051.2,3.43,8.38
25-05-2005,15:00:00,0.00,5.128,4.792,5.514,3.854,4.15,1.00,-47.5,828.7,3.43,7.99
25-05-2005,16:00:00,0.00,5.282,4.869,5.642,2.530,2.89,1.00,-48.2,526.2,3.05,6.85
25-05-2005,17:00:00,0.00,5.360,4.921,5.565,1.886,0.29,1.00,-49.9,173.7,2.28,7.23
25-05-2005,18:00:00,0.00,5.360,4.973,5.360,0.246,-1.06,1.00,-50.7,1.2,2.28,7.61
25-05-2005,19:00:00,0.00,5.282,4.999,5.076,0.135,-1.06,1.00,-50.7,1.2,4.19,9.52
25-05-2005,20:00:00,0.00,5.154,4.973,4.766,-0.060,-1.97,1.00,-51.3,1.2,6.85,11.80
25-05-2005,21:00:00,0.00,5.024,4.973,4.506,-0.423,-1.97,1.00,-51.3,1.2,6.47,13.32
25-05-2005,22:00:00,0.00,4.869,4.921,4.272,-0.479,-2.44,1.00,-51.6,1.2,6.47,12.18
25-05-2005,23:00:00,0.00,4.740,4.869,4.037,-0.423,-2.44,1.00,-51.6,1.2,6.09,11.80
26-05-2005,00:00:00,0.00,4.584,4.792,3.854,-0.395,-2.44,1.00,-51.6,1.2,6.85,12.94
26-05-2005,01:00:00,0.00,4.480,4.714,3.722,-0.479,-2.90,1.00,-51.9,1.2,6.85,11.80
26-05-2005,02:00:00,0.00,4.350,4.662,3.564,-0.676,-2.90,1.00,-51.9,1.2,7.99,12.94
26-05-2005,03:00:00,0.00,4.246,4.584,3.433,-0.873,-2.90,1.00,-51.9,1.2,9.14,14.47
26-05-2005,04:00:00,0.00,4.141,4.506,3.301,-0.958,-2.90,1.00,-51.9,1.2,9.90,14.85
26-05-2005,05:00:00,0.00,4.037,4.454,3.195,-1.071,-3.37,1.00,-52.2,1.2,8.76,13.70
26-05-2005,06:00:00,0.00,3.958,4.376,3.063,-1.100,-4.33,1.00,-52.8,1.2,2.66,7.61
26-05-2005,07:00:00,0.00,3.854,4.298,2.983,-1.299,-3.85,1.00,-52.5,1.2,4.19,7.61
26-05-2005,08:00:00,0.00,3.775,4.246,2.877,-1.185,-2.90,1.00,-51.9,96.2,2.66,5.33
26-05-2005,09:00:00,0.00,3.670,4.168,2.797,-0.732,0.29,1.00,-49.9,431.2,0.76,3.05
26-05-2005,10:00:00,0.00,3.591,4.089,2.717,-0.199,4.15,1.00,-47.5,766.2,2.28,6.47
26-05-2005,11:00:00,0.00,3.538,4.037,2.664,0.742,6.62,1.00,-45.9,1003.7,3.43,7.99
26-05-2005,12:00:00,0.00,3.485,3.985,2.717,1.235,7.43,1.00,-45.4,1131.2,3.05,7.61
26-05-2005,13:00:00,0.00,3.485,3.932,2.877,3.512,7.83,1.00,-45.2,1143.7,3.81,8.38
26-05-2005,14:00:00,0.00,3.591,3.906,3.221,4.454,7.83,1.00,-45.2,1036.2,3.43,7.23
26-05-2005,15:00:00,0.00,3.749,3.906,3.643,4.141,7.03,1.00,-45.7,821.2,2.66,7.23
26-05-2005,16:00:00,0.00,3.932,3.932,4.037,3.248,5.40,1.00,-46.7,528.7,2.66,5.33
26-05-2005,17:00:00,0.00,4.115,3.985,4.298,1.371,2.46,1.00,-48.5,123.7,1.14,3.43
26-05-2005,18:00:00,0.00,4.246,4.063,4.272,0.246,1.17,1.00,-49.3,1.2,2.28,5.33
26-05-2005,19:00:00,0.00,4.246,4.115,4.089,0.024,-0.16,1.00,-50.1,1.2,3.05,6.85
26-05-2005,20:00:00,0.00,4.194,4.141,3.880,-0.116,1.60,1.00,-49.0,1.2,6.09,12.56
26-05-2005,21:00:00,0.00,4.115,4.141,3.670,-0.088,0.73,1.00,-49.6,1.2,8.76,15.23
26-05-2005,22:00:00,0.00,4.037,4.141,3.512,-0.199,1.17,1.00,-49.3,1.2,9.52,15.61
26-05-2005,23:00:00,0.00,3.932,4.115,3.380,-0.283,-0.16,1.00,-50.1,1.2,9.14,15.99
27-05-2005,00:00:00,0.00,3.854,4.089,3.274,-0.283,-0.16,1.00,-50.1,1.2,8.38,13.32
27-05-2005,01:00:00,0.00,3.775,4.037,3.168,-0.311,-1.06,1.00,-50.7,1.2,7.23,12.94
27-05-2005,02:00:00,0.00,3.722,4.011,3.063,-0.395,-1.06,1.00,-50.7,1.2,7.61,12.18
27-05-2005,03:00:00,0.00,3.643,3.958,2.983,-0.563,-1.51,1.00,-51.0,1.2,8.38,14.85
27-05-2005,04:00:00,0.00,3.564,3.932,2.903,-0.591,-1.06,1.00,-50.7,1.2,7.23,15.23
27-05-2005,05:00:00,0.00,3.512,3.880,2.823,-0.171,-0.16,1.00,-50.1,1.2,6.85,13.70
27-05-2005,06:00:00,0.00,3.459,3.827,2.770,-0.032,-0.16,1.00,-50.1,1.2,6.09,12.56
27-05-2005,07:00:00,0.00,3.406,3.801,2.717,-0.004,-0.16,1.00,-50.1,1.2,6.85,11.42
27-05-2005,08:00:00,0.00,3.354,3.749,2.690,0.107,-0.16,1.00,-50.1,23.7,7.61,12.56
27-05-2005,09:00:00,0.00,3.327,3.722,2.664,0.797,0.29,1.00,-49.9,111.2,6.09,11.04
27-05-2005,10:00:00,0.00,3.301,3.696,2.664,2.717,0.73,1.00,-49.6,236.2,4.95,9.90
27-05-2005,11:00:00,0.00,3.274,3.670,2.690,5.050,1.60,1.00,-49.0,436.2,5.33,8.76
27-05-2005,12:00:00,0.00,3.301,3.617,2.903,6.077,1.17,1.00,-49.3,588.7,5.33,8.38
27-05-2005,13:00:00,0.00,3.380,3.617,3.221,5.898,0.73,1.00,-49.6,506.2,4.95,9.14
27-05-2005,14:00:00,0.00,3.512,3.643,3.538,5.719,0.73,1.00,-49.6,428.7,4.57,7.99
27-05-2005,15:00:00,0.00,3.670,3.670,3.775,5.591,0.29,1.00,-49.9,308.7,3.43,7.99
27-05-2005,16:00:00,0.00,3.801,3.722,3.932,3.880,-0.16,1.00,-50.1,168.7,3.81,7.61
27-05-2005,17:00:00,0.00,3.906,3.775,3.985,2.155,-0.61,1.00,-50.4,41.2,4.57,7.99
27-05-2005,18:00:00,0.00,3.932,3.854,3.880,1.208,-1.06,1.00,-50.7,1.2,4.57,7.99
27-05-2005,19:00:00,0.00,3.932,3.880,3.722,0.962,-1.06,1.00,-50.7,1.2,6.09,11.04
27-05-2005,20:00:00,0.00,3.906,3.906,3.564,0.439,-1.51,1.00,-51.0,1.2,5.71,10.66
27-05-2005,21:00:00,0.00,3.827,3.906,3.406,-0.255,-1.97,1.00,-51.3,1.2,6.47,9.14
27-05-2005,22:00:00,0.00,3.749,3.880,3.248,-0.591,-0.61,1.00,-50.4,1.2,6.85,11.04
27-05-2005,23:00:00,0.00,3.670,3.880,3.116,-0.902,-1.06,1.00,-50.7,1.2,4.57,9.14
28-05-2005,00:00:00,0.00,3.591,3.827,2.983,-1.185,-0.61,1.00,-50.4,1.2,4.19,10.28
28-05-2005,01:00:00,0.00,3.512,3.801,2.850,-1.413,-2.90,1.00,-51.9,1.2,6.47,11.04
28-05-2005,02:00:00,0.00,3.433,3.749,2.744,-1.584,-2.44,1.00,-51.6,1.2,6.47,12.94
28-05-2005,03:00:00,0.00,3.354,3.722,2.637,-1.727,-1.51,1.00,-51.0,1.2,5.33,8.76
28-05-2005,04:00:00,0.00,3.274,3.670,2.530,-1.814,-2.44,1.00,-51.6,1.2,3.05,8.38
28-05-2005,05:00:00,0.00,3.195,3.617,2.450,-2.015,-2.44,1.00,-51.6,1.2,1.14,7.99
28-05-2005,06:00:00,0.00,3.116,3.564,2.343,-1.785,-1.97,1.00,-51.3,1.2,7.61,11.80
28-05-2005,07:00:00,0.00,3.036,3.512,2.262,-1.871,-2.44,1.00,-51.6,1.2,7.99,12.94
28-05-2005,08:00:00,0.00,2.983,3.459,2.182,-1.756,-1.51,1.00,-51.0,78.7,7.99,12.94
28-05-2005,09:00:00,0.00,2.903,3.406,2.128,-1.128,-1.06,1.00,-50.7,438.7,7.99,15.23
28-05-2005,10:00:00,0.00,2.850,3.354,2.074,0.051,-0.61,1.00,-50.4,493.7,7.99,13.32
28-05-2005,11:00:00,0.00,2.797,3.301,2.021,1.071,0.29,1.00,-49.9,561.2,7.99,12.94
28-05-2005,12:00:00,0.00,2.744,3.274,1.994,2.503,1.17,1.00,-49.3,578.7,7.61,12.18
28-05-2005,13:00:00,0.00,2.717,3.221,1.994,3.512,0.73,1.00,-49.6,768.7,6.85,12.18
28-05-2005,14:00:00,0.00,2.690,3.195,2.047,4.766,1.17,1.00,-49.3,466.2,5.71,10.28
28-05-2005,15:00:00,0.00,2.717,3.168,2.182,4.089,1.17,1.00,-49.3,326.2,5.33,10.28
28-05-2005,16:00:00,0.00,2.770,3.142,2.370,3.142,0.29,1.00,-49.9,201.2,5.71,9.90
28-05-2005,17:00:00,0.00,2.850,3.142,2.557,1.208,-0.16,1.00,-50.1,73.7,6.85,10.28
28-05-2005,18:00:00,0.00,2.930,3.168,2.584,0.190,-0.61,1.00,-50.4,1.2,4.95,10.66
28-05-2005,19:00:00,0.00,2.956,3.195,2.557,0.163,-1.51,1.00,-51.0,1.2,2.66,6.47
28-05-2005,20:00:00,0.00,2.956,3.195,2.530,-0.255,-2.44,1.00,-51.6,1.2,2.66,6.09
28-05-2005,21:00:00,0.00,2.956,3.195,2.477,-0.676,-2.90,1.00,-51.9,1.2,2.66,5.71
28-05-2005,22:00:00,0.00,2.930,3.195,2.396,-1.071,-2.90,1.00,-51.9,1.2,2.28,6.85
28-05-2005,23:00:00,0.00,2.903,3.195,2.343,-1.413,-3.85,1.00,-52.5,1.2,2.66,5.71
29-05-2005,00:00:00,0.00,2.877,3.195,2.262,-1.670,-3.37,1.00,-52.2,1.2,4.19,11.04
29-05-2005,01:00:00,0.00,2.823,3.168,2.182,-1.785,-2.90,1.00,-51.9,1.2,6.47,11.42
29-05-2005,02:00:00,0.00,2.770,3.142,2.128,-1.900,-3.37,1.00,-52.2,1.2,6.09,11.42
29-05-2005,03:00:00,0.00,2.744,3.116,2.047,-1.986,-3.85,1.00,-52.5,1.2,6.09,11.04
29-05-2005,04:00:00,0.00,2.690,3.089,1.994,-2.015,-2.44,1.00,-51.6,1.2,5.71,10.66
29-05-2005,05:00:00,0.00,2.637,3.063,1.940,-1.900,-2.44,1.00,-51.6,1.2,6.85,10.66
29-05-2005,06:00:00,0.00,2.610,3.036,1.886,-1.814,-1.06,1.00,-50.7,1.2,6.09,10.66
29-05-2005,07:00:00,0.00,2.557,3.009,1.832,-1.641,-2.44,1.00,-51.6,1.2,6.85,11.80
29-05-2005,08:00:00,0.00,2.530,2.956,1.805,-1.100,-2.44,1.00,-51.6,41.2,7.99,13.70
29-05-2005,09:00:00,0.00,2.477,2.930,1.778,-0.395,-1.51,1.00,-51.0,231.2,7.23,12.18
29-05-2005,10:00:00,0.00,2.450,2.903,1.751,0.079,0.29,1.00,-49.9,616.2,5.71,10.28
29-05-2005,11:00:00,0.00,2.423,2.877,1.724,0.550,3.31,1.00,-48.0,883.7,5.71,10.66
