"Date","Time, GMT+11:00","Temp, °C (LGR S/N: 1248339, SEN S/N: 1248339)","Temp, °C (LGR S/N: 1248339, SEN S/N: 1248339)","Temp, °C (LGR S/N: 1248339, SEN S/N: 1248339)","Temp, °C (LGR S/N: 1248339, SEN S/N: 1248339)"
30/05/14,13:00:00,9.756,5.257,4.115,4.402
30/05/14,14:00:00,9.361,5.693,4.844,4.558
30/05/14,15:00:00,9.287,5.770,5.488,4.818
30/05/14,16:00:00,7.945,5.565,5.796,5.050
30/05/14,17:00:00,4.947,5.128,5.898,5.257
30/05/14,18:00:00,2.717,4.089,5.796,5.385
30/05/14,19:00:00,1.044,3.670,5.488,5.437
30/05/14,20:00:00,1.099,3.248,5.154,5.411
30/05/14,21:00:00,1.615,3.327,4.818,5.334
30/05/14,22:00:00,1.697,3.301,4.558,5.231
30/05/14,23:00:00,1.126,3.221,4.350,5.102
31/05/14,00:00:00,1.289,3.116,4.168,4.999
31/05/14,01:00:00,0.632,2.823,4.011,4.895
31/05/14,02:00:00,1.044,2.850,3.827,4.792
31/05/14,03:00:00,1.289,2.903,3.696,4.688
31/05/14,04:00:00,1.317,2.903,3.564,4.584
31/05/14,05:00:00,1.967,3.089,3.485,4.506
31/05/14,06:00:00,2.182,3.116,3.459,4.428
31/05/14,07:00:00,1.751,3.089,3.433,4.376
31/05/14,08:00:00,0.660,2.717,3.406,4.324
31/05/14,09:00:00,0.024,2.396,3.301,4.272
31/05/14,10:00:00,1.398,2.664,3.195,4.220
31/05/14,11:00:00,4.766,3.538,3.195,4.141
31/05/14,12:00:00,5.719,4.272,3.433,4.115
31/05/14,13:00:00,8.270,5.102,3.801,4.168
31/05/14,14:00:00,9.064,5.642,4.298,4.272
31/05/14,15:00:00,9.485,5.898,4.844,4.454
31/05/14,16:00:00,9.336,5.770,5.282,4.662
31/05/14,17:00:00,6.535,5.360,5.462,4.895
31/05/14,18:00:00,5.642,5.154,5.462,5.050
31/05/14,19:00:00,5.385,4.921,5.411,5.154
31/05/14,20:00:00,5.642,4.999,5.308,5.205
31/05/14,21:00:00,5.360,4.999,5.257,5.205
31/05/14,22:00:00,5.179,4.895,5.231,5.231
31/05/14,23:00:00,5.282,4.947,5.179,5.231
01/06/14,00:00:00,5.488,5.024,5.154,5.257
01/06/14,01:00:00,5.591,5.102,5.154,5.257
01/06/14,02:00:00,5.616,5.154,5.179,5.257
01/06/14,03:00:00,5.539,5.154,5.205,5.282
01/06/14,04:00:00,5.154,5.128,5.231,5.308
01/06/14,05:00:00,4.869,4.921,5.205,5.308
01/06/14,06:00:00,4.584,4.921,5.154,5.308
01/06/14,07:00:00,4.324,4.792,5.128,5.308
01/06/14,08:00:00,4.662,4.740,5.050,5.308
01/06/14,09:00:00,4.999,4.844,5.024,5.282
01/06/14,10:00:00,5.231,4.973,5.024,5.257
01/06/14,11:00:00,5.591,5.102,5.050,5.257
01/06/14,12:00:00,5.745,5.257,5.102,5.282
01/06/14,13:00:00,6.990,5.462,5.179,5.282
01/06/14,14:00:00,5.975,5.565,5.308,5.334
01/06/14,15:00:00,5.488,5.411,5.411,5.385
01/06/14,16:00:00,4.844,5.282,5.462,5.437
01/06/14,17:00:00,4.610,5.076,5.437,5.462
01/06/14,18:00:00,4.298,4.921,5.334,5.462
01/06/14,19:00:00,3.591,4.662,5.257,5.462
01/06/14,20:00:00,3.248,4.506,5.128,5.437
01/06/14,21:00:00,2.557,4.298,4.973,5.385
01/06/14,22:00:00,2.396,4.089,4.818,5.334
01/06/14,23:00:00,1.778,3.801,4.636,5.257
02/06/14,00:00:00,1.805,3.722,4.480,5.179
02/06/14,01:00:00,1.017,3.433,4.298,5.076
02/06/14,02:00:00,1.289,3.195,4.115,4.973
02/06/14,03:00:00,1.751,3.380,3.958,4.869
02/06/14,04:00:00,2.047,3.459,3.880,4.766
02/06/14,05:00:00,1.697,3.433,3.801,4.688
02/06/14,06:00:00,1.099,3.195,3.749,4.610
02/06/14,07:00:00,0.467,2.903,3.643,4.558
02/06/14,08:00:00,0.715,2.770,3.538,4.480
02/06/14,09:00:00,1.507,2.983,3.433,4.402
02/06/14,10:00:00,2.074,3.248,3.380,4.350
02/06/14,11:00:00,5.488,4.063,3.406,4.298
02/06/14,12:00:00,7.995,4.844,3.722,4.272
02/06/14,13:00:00,8.245,5.282,4.220,4.350
02/06/14,14:00:00,9.632,5.770,4.688,4.506
02/06/14,15:00:00,10.247,6.000,5.154,4.688
02/06/14,16:00:00,7.469,5.770,5.539,4.895
02/06/14,17:00:00,6.585,5.642,5.693,5.102
02/06/14,18:00:00,5.334,5.257,5.745,5.257
02/06/14,19:00:00,4.714,5.024,5.642,5.360
02/06/14,20:00:00,4.376,4.869,5.514,5.411
02/06/14,21:00:00,4.220,4.766,5.385,5.385
02/06/14,22:00:00,3.985,4.636,5.231,5.385
02/06/14,23:00:00,3.880,4.506,5.102,5.360
03/06/14,00:00:00,3.722,4.428,4.973,5.308
03/06/14,01:00:00,3.696,4.350,4.844,5.231
03/06/14,02:00:00,3.643,4.298,4.766,5.179
03/06/14,03:00:00,3.643,4.246,4.688,5.128
03/06/14,04:00:00,3.801,4.272,4.610,5.076
03/06/14,05:00:00,3.801,4.272,4.584,5.024
03/06/14,06:00:00,3.775,4.272,4.558,4.999
03/06/14,07:00:00,3.801,4.272,4.558,4.973
03/06/14,08:00:00,3.827,4.246,4.532,4.947
03/06/14,09:00:00,4.141,4.298,4.506,4.947
03/06/14,10:00:00,4.947,4.532,4.506,4.921
03/06/14,11:00:00,6.255,5.050,4.584,4.921
03/06/14,12:00:00,8.792,5.949,4.844,4.947
03/06/14,13:00:00,8.965,6.306,5.308,5.024
03/06/14,14:00:00,7.594,6.255,5.745,5.205
03/06/14,15:00:00,6.990,6.051,6.000,5.385
03/06/14,16:00:00,6.535,5.975,6.102,5.539
03/06/14,17:00:00,6.128,5.796,6.153,5.668
03/06/14,18:00:00,5.205,5.514,6.128,5.745
03/06/14,19:00:00,4.402,5.257,6.026,5.796
03/06/14,20:00:00,4.688,5.154,5.872,5.796
03/06/14,21:00:00,4.402,5.128,5.719,5.796
03/06/14,22:00:00,3.958,4.947,5.616,5.745
03/06/14,23:00:00,3.801,4.740,5.488,5.693
04/06/14,00:00:00,4.168,4.766,5.334,5.642
04/06/14,01:00:00,4.194,4.766,5.231,5.591
04/06/14,02:00:00,4.011,4.714,5.179,5.539
04/06/14,03:00:00,4.063,4.662,5.102,5.488
04/06/14,04:00:00,3.958,4.636,5.050,5.437
04/06/14,05:00:00,3.643,4.480,4.999,5.411
04/06/14,06:00:00,3.696,4.454,4.921,5.360
04/06/14,07:00:00,3.591,4.402,4.869,5.308
04/06/14,08:00:00,3.406,4.324,4.792,5.257
04/06/14,09:00:00,3.670,4.350,4.740,5.231
04/06/14,10:00:00,4.298,4.506,4.714,5.205
04/06/14,11:00:00,5.128,4.895,4.766,5.179
04/06/14,12:00:00,7.167,5.745,4.999,5.179
04/06/14,13:00:00,9.854,6.102,5.462,5.231
04/06/14,14:00:00,8.866,6.051,5.975,5.385
04/06/14,15:00:00,9.188,6.077,6.382,5.591
04/06/14,16:00:00,9.312,6.102,6.661,5.770
04/06/14,17:00:00,6.940,5.898,6.712,5.949
04/06/14,18:00:00,5.616,5.565,6.636,6.051
04/06/14,19:00:00,4.141,5.102,6.433,6.077
04/06/14,20:00:00,2.262,4.610,6.204,6.077
04/06/14,21:00:00,0.439,3.722,5.872,6.026
04/06/14,22:00:00,-0.143,3.221,5.462,5.924
04/06/14,23:00:00,-0.507,2.797,5.102,5.770
05/06/14,00:00:00,-0.986,2.450,4.740,5.616
05/06/14,01:00:00,-1.157,2.182,4.428,5.437
05/06/14,02:00:00,-1.213,1.967,4.141,5.257
05/06/14,03:00:00,-1.356,1.805,3.880,5.102
05/06/14,04:00:00,-1.270,1.751,3.670,4.921
05/06/14,05:00:00,-0.732,1.670,3.485,4.766
05/06/14,06:00:00,-0.563,1.670,3.327,4.610
05/06/14,07:00:00,-0.676,1.805,3.168,4.480
05/06/14,08:00:00,-0.116,1.886,3.063,4.376
05/06/14,09:00:00,-0.004,2.074,2.983,4.272
05/06/14,10:00:00,1.805,2.503,2.903,4.168
05/06/14,11:00:00,4.141,3.274,2.877,4.089
05/06/14,12:00:00,6.281,3.880,3.009,4.037
05/06/14,13:00:00,7.268,4.532,3.380,4.037
05/06/14,14:00:00,8.220,5.076,3.854,4.115
05/06/14,15:00:00,8.120,5.437,4.350,4.272
05/06/14,16:00:00,8.045,5.411,4.818,4.454
05/06/14,17:00:00,4.818,4.921,5.102,4.662
05/06/14,18:00:00,4.584,4.532,5.128,4.818
05/06/14,19:00:00,4.168,4.324,5.050,4.921
05/06/14,20:00:00,3.854,4.194,4.947,4.973
05/06/14,21:00:00,3.485,4.037,4.818,4.999
05/06/14,22:00:00,3.089,3.932,4.688,4.999
05/06/14,23:00:00,3.063,3.827,4.558,4.973
06/06/14,00:00:00,3.089,3.749,4.454,4.921
06/06/14,01:00:00,2.983,3.670,4.376,4.869
06/06/14,02:00:00,2.877,3.617,4.298,4.818
06/06/14,03:00:00,2.797,3.564,4.220,4.792
06/06/14,04:00:00,2.477,3.459,4.168,4.740
06/06/14,05:00:00,2.343,3.354,4.063,4.688
06/06/14,06:00:00,2.316,3.327,3.985,4.636
06/06/14,07:00:00,1.940,3.301,3.932,4.610
06/06/14,08:00:00,1.099,3.063,3.854,4.558
06/06/14,09:00:00,-0.367,2.450,3.749,4.506
06/06/14,10:00:00,-0.143,2.316,3.591,4.428
06/06/14,11:00:00,1.071,2.690,3.459,4.350
06/06/14,12:00:00,4.480,3.617,3.538,4.298
06/06/14,13:00:00,8.095,4.402,4.011,4.298
06/06/14,14:00:00,8.941,4.766,4.610,4.402
06/06/14,15:00:00,8.668,4.714,5.205,4.584
06/06/14,16:00:00,7.116,4.454,5.462,4.818
06/06/14,17:00:00,3.775,3.985,5.334,4.973
06/06/14,18:00:00,3.142,3.512,5.076,5.050
06/06/14,19:00:00,3.142,3.512,4.792,5.024
06/06/14,20:00:00,1.751,3.168,4.584,4.947
06/06/14,21:00:00,1.126,2.956,4.350,4.895
06/06/14,22:00:00,-0.171,2.530,4.141,4.792
06/06/14,23:00:00,-0.171,2.396,3.880,4.714
07/06/14,00:00:00,-0.535,2.236,3.670,4.584
07/06/14,01:00:00,-0.648,2.155,3.485,4.454
07/06/14,02:00:00,-0.817,2.074,3.301,4.350
07/06/14,03:00:00,-0.902,1.967,3.142,4.220
07/06/14,04:00:00,-0.845,1.940,2.983,4.141
07/06/14,05:00:00,-1.498,1.805,2.877,4.011
07/06/14,06:00:00,-1.356,1.561,2.770,3.932
07/06/14,07:00:00,-1.384,1.425,2.664,3.854
07/06/14,08:00:00,-1.441,1.371,2.557,3.749
07/06/14,09:00:00,-0.620,1.317,2.477,3.670
07/06/14,10:00:00,-0.591,1.398,2.396,3.591
07/06/14,11:00:00,-0.004,1.751,2.316,3.538
07/06/14,12:00:00,4.298,2.717,2.316,3.459
07/06/14,13:00:00,7.167,3.459,2.584,3.433
07/06/14,14:00:00,7.419,3.906,3.116,3.485
07/06/14,15:00:00,6.077,3.932,3.617,3.643
07/06/14,16:00:00,6.179,3.906,3.880,3.801
07/06/14,17:00:00,4.662,3.749,3.985,3.932
07/06/14,18:00:00,3.301,3.564,4.011,4.037
07/06/14,19:00:00,3.354,3.485,3.958,4.115
07/06/14,20:00:00,1.534,3.195,3.906,4.141
07/06/14,21:00:00,1.588,2.983,3.775,4.141
07/06/14,22:00:00,0.797,2.797,3.617,4.141
07/06/14,23:00:00,0.301,2.557,3.459,4.089
08/06/14,00:00:00,0.329,2.423,3.274,4.011
08/06/14,01:00:00,-0.143,2.236,3.116,3.958
08/06/14,02:00:00,0.301,2.182,2.956,3.880
08/06/14,03:00:00,0.107,2.101,2.850,3.801
08/06/14,04:00:00,-0.116,1.967,2.744,3.722
08/06/14,05:00:00,-0.423,1.751,2.664,3.643
08/06/14,06:00:00,-0.760,1.561,2.557,3.591
08/06/14,07:00:00,-0.760,1.480,2.450,3.512
08/06/14,08:00:00,-0.255,1.453,2.370,3.459
08/06/14,09:00:00,-0.060,1.453,2.289,3.406
08/06/14,10:00:00,0.356,1.534,2.236,3.327
08/06/14,11:00:00,0.770,1.697,2.209,3.274
08/06/14,12:00:00,1.913,1.859,2.182,3.248
08/06/14,13:00:00,3.591,2.289,2.209,3.221
08/06/14,14:00:00,6.408,2.850,2.370,3.195
08/06/14,15:00:00,5.847,2.930,2.717,3.221
08/06/14,16:00:00,6.051,3.009,2.983,3.327
08/06/14,17:00:00,2.316,2.637,3.168,3.433
08/06/14,18:00:00,0.605,2.128,3.195,3.538
08/06/14,19:00:00,0.079,1.832,3.036,3.538
08/06/14,20:00:00,-0.395,1.615,2.877,3.538
08/06/14,21:00:00,0.107,1.561,2.717,3.512
08/06/14,22:00:00,0.135,1.561,2.584,3.485
08/06/14,23:00:00,0.079,1.561,2.477,3.406
09/06/14,00:00:00,0.051,1.561,2.396,3.354
09/06/14,01:00:00,0.301,1.588,2.316,3.301
09/06/14,02:00:00,0.495,1.670,2.289,3.248
09/06/14,03:00:00,0.660,1.751,2.236,3.221
09/06/14,04:00:00,0.770,1.778,2.236,3.168
09/06/14,05:00:00,0.852,1.832,2.209,3.142
09/06/14,06:00:00,1.044,1.859,2.209,3.116
09/06/14,07:00:00,1.289,1.940,2.209,3.089
09/06/14,08:00:00,1.561,2.047,2.236,3.089
09/06/14,09:00:00,2.074,2.182,2.289,3.089
09/06/14,10:00:00,2.956,2.450,2.370,3.089
09/06/14,11:00:00,5.128,2.903,2.503,3.089
09/06/14,12:00:00,6.306,3.459,2.744,3.168
09/06/14,13:00:00,7.920,3.985,3.089,3.248
09/06/14,14:00:00,7.820,4.220,3.512,3.380
09/06/14,15:00:00,8.394,4.298,3.880,3.564
09/06/14,16:00:00,6.839,4.115,4.141,3.749
09/06/14,17:00:00,3.564,3.643,4.246,3.906
09/06/14,18:00:00,1.751,3.116,4.141,4.011
09/06/14,19:00:00,1.208,2.664,3.906,4.063
09/06/14,20:00:00,0.605,2.423,3.643,4.037
09/06/14,21:00:00,0.329,2.262,3.433,3.985
09/06/14,22:00:00,0.135,2.155,3.221,3.906
09/06/14,23:00:00,0.329,2.128,3.036,3.801
10/06/14,00:00:00,0.742,2.182,2.903,3.722
10/06/14,01:00:00,-0.451,1.994,2.797,3.643
10/06/14,02:00:00,-2.450,1.398,2.717,3.564
10/06/14,03:00:00,-2.742,1.071,2.584,3.512
10/06/14,04:00:00,-3.301,0.852,2.450,3.433
10/06/14,05:00:00,-3.538,0.687,2.289,3.327
10/06/14,06:00:00,-3.508,0.522,2.182,3.248
10/06/14,07:00:00,-3.479,0.412,2.074,3.168
10/06/14,08:00:00,-3.330,0.273,1.967,3.089
10/06/14,09:00:00,-2.771,0.163,1.859,3.009
10/06/14,10:00:00,-1.015,0.163,1.805,2.930
10/06/14,11:00:00,-0.060,0.190,1.724,2.877
10/06/14,12:00:00,0.989,0.246,1.670,2.797
10/06/14,13:00:00,4.324,0.301,1.643,2.770
10/06/14,14:00:00,4.869,0.439,1.724,2.717
10/06/14,15:00:00,6.153,0.825,2.047,2.717
10/06/14,16:00:00,5.154,1.534,2.450,2.797
10/06/14,17:00:00,1.561,1.643,2.610,2.903
10/06/14,18:00:00,-0.563,1.208,2.557,2.983
10/06/14,19:00:00,-1.043,1.017,2.423,3.009
10/06/14,20:00:00,-1.814,0.852,2.262,2.983
10/06/14,21:00:00,-2.712,0.715,2.128,2.930
10/06/14,22:00:00,-3.006,0.550,2.021,2.903
10/06/14,23:00:00,-2.421,0.467,1.886,2.823
11/06/14,00:00:00,-3.006,0.384,1.805,2.770
11/06/14,01:00:00,-3.035,0.273,1.724,2.717
11/06/14,02:00:00,-2.830,0.163,1.643,2.664
11/06/14,03:00:00,-2.189,0.079,1.588,2.610
11/06/14,04:00:00,-2.015,0.051,1.507,2.557
11/06/14,05:00:00,-2.771,-0.032,1.453,2.503
11/06/14,06:00:00,-2.189,-0.060,1.398,2.477
11/06/14,07:00:00,-1.356,-0.088,1.344,2.423
11/06/14,08:00:00,-1.185,-0.060,1.289,2.370
11/06/14,09:00:00,-0.648,-0.032,1.235,2.343
11/06/14,10:00:00,-0.535,-0.004,1.208,2.289
11/06/14,11:00:00,0.051,0.024,1.180,2.262
11/06/14,12:00:00,2.236,0.051,1.180,2.236
11/06/14,13:00:00,4.973,0.079,1.153,2.209
11/06/14,14:00:00,5.050,0.273,1.180,2.182
11/06/14,15:00:00,6.535,1.317,1.317,2.182
11/06/14,16:00:00,4.610,1.994,1.670,2.236
11/06/14,17:00:00,1.588,1.561,1.967,2.316
11/06/14,18:00:00,-0.423,0.989,2.021,2.396
11/06/14,19:00:00,-1.470,0.770,1.913,2.450
11/06/14,20:00:00,-0.902,0.632,1.805,2.450
11/06/14,21:00:00,-1.413,0.605,1.670,2.423
11/06/14,22:00:00,-1.157,0.550,1.588,2.396
11/06/14,23:00:00,-1.128,0.522,1.534,2.370
12/06/14,00:00:00,-1.498,0.495,1.480,2.316
12/06/14,01:00:00,-1.327,0.467,1.425,2.316
12/06/14,02:00:00,-0.507,0.439,1.398,2.289
12/06/14,03:00:00,-0.339,0.467,1.371,2.262
12/06/14,04:00:00,-0.676,0.467,1.344,2.236
12/06/14,05:00:00,-0.227,0.495,1.317,2.209
12/06/14,06:00:00,-0.143,0.495,1.317,2.182
12/06/14,07:00:00,-0.004,0.550,1.289,2.182
12/06/14,08:00:00,-0.004,0.632,1.289,2.155
12/06/14,09:00:00,0.770,0.770,1.289,2.128
12/06/14,10:00:00,1.480,1.099,1.262,2.128
12/06/14,11:00:00,2.717,1.561,1.262,2.101
12/06/14,12:00:00,3.116,1.913,1.317,2.128
12/06/14,13:00:00,4.428,2.316,1.425,2.128
12/06/14,14:00:00,5.282,2.690,1.670,2.182
12/06/14,15:00:00,5.257,2.744,1.994,2.236
12/06/14,16:00:00,4.869,2.956,2.289,2.370
12/06/14,17:00:00,3.985,2.823,2.530,2.477
12/06/14,18:00:00,2.289,2.477,2.690,2.610
12/06/14,19:00:00,2.074,2.182,2.690,2.717
12/06/14,20:00:00,1.751,2.074,2.610,2.797
12/06/14,21:00:00,1.371,1.994,2.530,2.797
12/06/14,22:00:00,1.371,1.913,2.450,2.823
12/06/14,23:00:00,1.751,1.994,2.396,2.823
13/06/14,00:00:00,1.859,2.021,2.370,2.797
13/06/14,01:00:00,1.994,2.074,2.370,2.797
13/06/14,02:00:00,2.074,2.128,2.370,2.797
13/06/14,03:00:00,2.557,2.236,2.370,2.797
13/06/14,04:00:00,2.877,2.423,2.423,2.797
13/06/14,05:00:00,3.089,2.530,2.503,2.823
13/06/14,06:00:00,3.009,2.610,2.584,2.877
13/06/14,07:00:00,3.063,2.637,2.664,2.903
13/06/14,08:00:00,3.142,2.717,2.717,2.930
13/06/14,09:00:00,3.195,2.717,2.744,2.956
13/06/14,10:00:00,3.538,2.850,2.797,3.009
13/06/14,11:00:00,3.775,3.009,2.877,3.036
13/06/14,12:00:00,4.246,3.221,2.956,3.089
13/06/14,13:00:00,4.610,3.327,3.116,3.142
13/06/14,14:00:00,4.246,3.459,3.274,3.221
13/06/14,15:00:00,4.011,3.459,3.406,3.301
13/06/14,16:00:00,4.037,3.485,3.485,3.380
13/06/14,17:00:00,3.801,3.433,3.538,3.459
13/06/14,18:00:00,3.591,3.406,3.564,3.512
13/06/14,19:00:00,3.009,3.301,3.564,3.538
13/06/14,20:00:00,2.664,3.116,3.512,3.591
13/06/14,21:00:00,2.717,3.036,3.406,3.591
13/06/14,22:00:00,2.370,3.009,3.354,3.564
13/06/14,23:00:00,2.101,2.903,3.301,3.538
14/06/14,00:00:00,1.724,2.744,3.195,3.538
14/06/14,01:00:00,2.101,2.717,3.089,3.512
14/06/14,02:00:00,2.182,2.744,3.036,3.459
14/06/14,03:00:00,1.126,2.530,3.009,3.433
14/06/14,04:00:00,0.051,2.047,2.930,3.380
14/06/14,05:00:00,-0.116,1.751,2.797,3.327
14/06/14,06:00:00,0.632,1.859,2.637,3.301
14/06/14,07:00:00,0.079,1.832,2.530,3.221
14/06/14,08:00:00,0.163,1.805,2.423,3.142
14/06/14,09:00:00,0.797,1.940,2.343,3.089
14/06/14,10:00:00,1.940,2.209,2.289,3.036
14/06/14,11:00:00,4.480,2.823,2.316,2.983
14/06/14,12:00:00,7.041,3.722,2.610,2.956
14/06/14,13:00:00,5.949,3.749,3.036,3.036
14/06/14,14:00:00,3.116,3.643,3.327,3.168
14/06/14,15:00:00,6.433,3.827,3.485,3.327
14/06/14,16:00:00,5.847,3.906,3.643,3.433
14/06/14,17:00:00,3.827,3.538,3.801,3.538
14/06/14,18:00:00,3.089,3.301,3.775,3.643
14/06/14,19:00:00,1.398,2.877,3.696,3.696
14/06/14,20:00:00,1.940,2.770,3.512,3.696
14/06/14,21:00:00,0.962,2.557,3.327,3.670
14/06/14,22:00:00,1.235,2.450,3.168,3.617
14/06/14,23:00:00,1.507,2.450,3.009,3.538
15/06/14,00:00:00,1.805,2.477,2.930,3.485
15/06/14,01:00:00,1.507,2.396,2.877,3.433
15/06/14,02:00:00,2.155,2.477,2.797,3.380
15/06/14,03:00:00,1.967,2.370,2.797,3.327
15/06/14,04:00:00,1.805,2.370,2.744,3.301
15/06/14,05:00:00,1.534,2.289,2.717,3.248
15/06/14,06:00:00,1.017,2.209,2.664,3.221
15/06/14,07:00:00,0.797,2.074,2.610,3.195
15/06/14,08:00:00,0.577,1.994,2.530,3.142
15/06/14,09:00:00,0.715,1.913,2.450,3.089
15/06/14,10:00:00,0.687,1.832,2.370,3.063
15/06/14,11:00:00,1.534,1.994,2.289,3.009
15/06/14,12:00:00,3.880,2.477,2.316,2.956
15/06/14,13:00:00,5.668,3.036,2.503,2.956
15/06/14,14:00:00,7.745,3.538,2.850,3.036
15/06/14,15:00:00,7.419,3.643,3.274,3.142
15/06/14,16:00:00,5.745,3.380,3.564,3.301
15/06/14,17:00:00,3.248,2.930,3.591,3.459
15/06/14,18:00:00,1.317,2.610,3.512,3.538
15/06/14,19:00:00,0.384,2.262,3.327,3.538
15/06/14,20:00:00,-0.060,2.021,3.089,3.512
15/06/14,21:00:00,-0.451,1.832,2.877,3.459
15/06/14,22:00:00,-0.873,1.643,2.664,3.380
15/06/14,23:00:00,-0.817,1.561,2.503,3.301
16/06/14,00:00:00,-0.760,1.507,2.370,3.195
16/06/14,01:00:00,-1.413,1.371,2.236,3.089
16/06/14,02:00:00,-2.044,1.126,2.128,3.036
16/06/14,03:00:00,-1.986,0.907,2.021,2.930
16/06/14,04:00:00,-2.131,0.742,1.940,2.877
16/06/14,05:00:00,-1.900,0.632,1.832,2.797
16/06/14,06:00:00,-1.270,0.577,1.751,2.744
16/06/14,07:00:00,-1.100,0.577,1.670,2.690
16/06/14,08:00:00,-1.213,0.550,1.615,2.610
16/06/14,09:00:00,-1.213,0.522,1.588,2.557
16/06/14,10:00:00,-0.817,0.495,1.507,2.503
16/06/14,11:00:00,-0.032,0.495,1.480,2.450
16/06/14,12:00:00,0.467,0.550,1.425,2.423
16/06/14,13:00:00,2.182,0.934,1.398,2.370
16/06/14,14:00:00,1.697,1.805,1.398,2.343
16/06/14,15:00:00,2.477,1.994,1.453,2.316
16/06/14,16:00:00,1.588,1.913,1.561,2.316
16/06/14,17:00:00,0.632,1.615,1.615,2.316
16/06/14,18:00:00,0.384,1.453,1.615,2.316
16/06/14,19:00:00,0.550,1.398,1.588,2.316
16/06/14,20:00:00,0.412,1.371,1.588,2.316
16/06/14,21:00:00,0.439,1.344,1.534,2.289
16/06/14,22:00:00,0.550,1.344,1.534,2.289
16/06/14,23:00:00,0.550,1.371,1.534,2.262
17/06/14,00:00:00,0.577,1.371,1.561,2.262
17/06/14,01:00:00,0.632,1.371,1.561,2.236
17/06/14,02:00:00,0.660,1.371,1.588,2.236
17/06/14,03:00:00,0.715,1.398,1.588,2.236
17/06/14,04:00:00,0.687,1.425,1.615,2.236
17/06/14,05:00:00,0.687,1.453,1.615,2.236
17/06/14,06:00:00,0.715,1.425,1.615,2.262
17/06/14,07:00:00,0.577,1.398,1.615,2.262
17/06/14,08:00:00,0.495,1.371,1.615,2.262
17/06/14,09:00:00,0.577,1.371,1.615,2.262
17/06/14,10:00:00,0.934,1.480,1.615,2.262
17/06/14,11:00:00,1.126,1.670,1.615,2.262
17/06/14,12:00:00,1.805,1.913,1.697,2.262
17/06/14,13:00:00,3.036,2.316,1.832,2.289
17/06/14,14:00:00,6.889,2.850,2.182,2.343
17/06/14,15:00:00,7.242,3.221,2.690,2.450
17/06/14,16:00:00,6.484,3.009,3.089,2.664
17/06/14,17:00:00,3.116,2.664,3.116,2.823
17/06/14,18:00:00,0.522,1.994,3.036,2.930
17/06/14,19:00:00,-1.043,1.453,2.823,2.956
17/06/14,20:00:00,-0.930,1.153,2.584,2.930
17/06/14,21:00:00,-0.535,1.017,2.370,2.903
17/06/14,22:00:00,-1.727,0.934,2.182,2.797
17/06/14,23:00:00,-1.814,0.770,2.047,2.744
18/06/14,00:00:00,-2.218,0.632,1.886,2.664
18/06/14,01:00:00,-2.450,0.522,1.805,2.584
18/06/14,02:00:00,-2.537,0.439,1.670,2.503
18/06/14,03:00:00,-2.683,0.356,1.588,2.450
18/06/14,04:00:00,-2.015,0.301,1.507,2.370
18/06/14,05:00:00,-2.566,0.218,1.425,2.343
18/06/14,06:00:00,-2.537,0.135,1.371,2.289
18/06/14,07:00:00,-2.947,0.051,1.317,2.236
18/06/14,08:00:00,-3.124,-0.060,1.289,2.182
18/06/14,09:00:00,-2.479,-0.171,1.208,2.155
18/06/14,10:00:00,-1.727,-0.171,1.153,2.101
18/06/14,11:00:00,-0.143,-0.143,1.099,2.074
18/06/14,12:00:00,0.907,-0.088,1.071,2.021
18/06/14,13:00:00,4.220,-0.060,1.044,1.994
18/06/14,14:00:00,4.714,-0.032,1.071,1.940
18/06/14,15:00:00,4.376,0.024,1.180,1.940
18/06/14,16:00:00,3.301,0.051,1.317,1.967
18/06/14,17:00:00,0.107,0.107,1.317,1.994
18/06/14,18:00:00,-1.986,0.163,1.289,1.994
18/06/14,19:00:00,-2.859,0.190,1.235,1.994
18/06/14,20:00:00,-3.508,0.190,1.208,1.967
18/06/14,21:00:00,-3.807,0.107,1.153,1.940
18/06/14,22:00:00,-3.508,0.024,1.126,1.940
18/06/14,23:00:00,-3.657,-0.088,1.071,1.886
19/06/14,00:00:00,-3.479,-0.171,1.071,1.859
19/06/14,01:00:00,-3.538,-0.255,1.017,1.832
19/06/14,02:00:00,-2.508,-0.339,0.989,1.832
19/06/14,03:00:00,-2.276,-0.311,0.962,1.805
19/06/14,04:00:00,-2.918,-0.367,0.907,1.778
19/06/14,05:00:00,-2.218,-0.395,0.880,1.751
19/06/14,06:00:00,-2.131,-0.367,0.825,1.724
19/06/14,07:00:00,-1.470,-0.339,0.797,1.697
19/06/14,08:00:00,-0.789,-0.283,0.770,1.670
19/06/14,09:00:00,-0.704,-0.255,0.742,1.643
19/06/14,10:00:00,-0.032,-0.199,0.742,1.615
19/06/14,11:00:00,0.329,-0.199,0.715,1.588
19/06/14,12:00:00,1.398,-0.171,0.715,1.588
19/06/14,13:00:00,3.827,-0.143,0.687,1.561
19/06/14,14:00:00,3.827,-0.143,0.687,1.561
19/06/14,15:00:00,1.994,-0.143,0.687,1.534
19/06/14,16:00:00,1.398,-0.143,0.687,1.534
19/06/14,17:00:00,0.577,-0.143,0.660,1.507
19/06/14,18:00:00,-0.199,-0.116,0.660,1.507
19/06/14,19:00:00,-0.563,-0.088,0.660,1.507
19/06/14,20:00:00,-0.395,-0.060,0.660,1.480
19/06/14,21:00:00,-0.227,-0.032,0.660,1.480
19/06/14,22:00:00,-0.255,-0.004,0.660,1.480
19/06/14,23:00:00,0.024,0.024,0.660,1.453
20/06/14,00:00:00,0.301,0.051,0.660,1.453
20/06/14,01:00:00,0.301,0.079,0.687,1.453
20/06/14,02:00:00,0.467,0.107,0.687,1.453
20/06/14,03:00:00,0.852,0.163,0.687,1.453
20/06/14,04:00:00,0.825,0.190,0.687,1.453
20/06/14,05:00:00,1.126,0.273,0.687,1.453
20/06/14,06:00:00,0.962,0.329,0.715,1.453
20/06/14,07:00:00,1.180,0.384,0.715,1.453
20/06/14,08:00:00,0.825,0.495,0.742,1.453
20/06/14,09:00:00,1.208,0.687,0.742,1.480
20/06/14,10:00:00,1.507,0.880,0.742,1.480
20/06/14,11:00:00,2.877,1.208,0.797,1.480
20/06/14,12:00:00,2.610,1.480,0.880,1.507
20/06/14,13:00:00,3.354,1.697,0.989,1.534
20/06/14,14:00:00,3.406,1.805,1.180,1.588
20/06/14,15:00:00,3.459,1.805,1.371,1.643
20/06/14,16:00:00,1.724,1.643,1.534,1.724
20/06/14,17:00:00,1.561,1.507,1.615,1.805
20/06/14,18:00:00,-0.060,1.017,1.615,1.859
20/06/14,19:00:00,-0.227,0.742,1.507,1.886
20/06/14,20:00:00,-0.283,0.687,1.398,1.886
20/06/14,21:00:00,-0.507,0.550,1.317,1.859
20/06/14,22:00:00,-0.283,0.522,1.235,1.832
20/06/14,23:00:00,0.301,0.715,1.208,1.832
21/06/14,00:00:00,0.439,0.797,1.153,1.805
21/06/14,01:00:00,0.770,0.852,1.153,1.778
21/06/14,02:00:00,1.071,0.962,1.153,1.751
21/06/14,03:00:00,1.262,1.071,1.153,1.751
21/06/14,04:00:00,1.153,1.126,1.208,1.778
21/06/14,05:00:00,0.852,1.044,1.235,1.778
21/06/14,06:00:00,0.742,1.044,1.235,1.778
21/06/14,07:00:00,0.412,0.989,1.262,1.805
21/06/14,08:00:00,0.412,0.962,1.235,1.805
21/06/14,09:00:00,0.715,1.044,1.208,1.805
21/06/14,10:00:00,1.561,1.235,1.208,1.778
21/06/14,11:00:00,2.101,1.453,1.289,1.805
21/06/14,12:00:00,2.797,1.724,1.398,1.805
21/06/14,13:00:00,3.854,2.074,1.588,1.832
21/06/14,14:00:00,4.636,2.610,1.805,1.913
21/06/14,15:00:00,4.402,2.744,2.155,2.021
21/06/14,16:00:00,4.480,2.850,2.396,2.182
21/06/14,17:00:00,4.141,2.930,2.664,2.316
21/06/14,18:00:00,2.664,2.584,2.823,2.450
21/06/14,19:00:00,2.530,2.396,2.823,2.584
21/06/14,20:00:00,2.423,2.316,2.797,2.664
21/06/14,21:00:00,2.021,2.236,2.717,2.690
21/06/14,22:00:00,1.859,2.155,2.664,2.717
21/06/14,23:00:00,1.071,1.886,2.610,2.717
22/06/14,00:00:00,1.099,1.832,2.477,2.717
22/06/14,01:00:00,0.742,1.751,2.370,2.690
22/06/14,02:00:00,-0.143,1.480,2.289,2.664
22/06/14,03:00:00,-1.441,1.071,2.155,2.610
22/06/14,04:00:00,-2.073,0.852,2.021,2.557
22/06/14,05:00:00,-1.613,0.687,1.859,2.477
22/06/14,06:00:00,-1.413,0.632,1.751,2.423
22/06/14,07:00:00,-1.384,0.577,1.643,2.370
22/06/14,08:00:00,-1.185,0.522,1.561,2.289
22/06/14,09:00:00,-1.441,0.495,1.480,2.262
22/06/14,10:00:00,-1.015,0.467,1.398,2.182
22/06/14,11:00:00,-0.032,0.495,1.371,2.155
22/06/14,12:00:00,1.832,0.577,1.344,2.101
22/06/14,13:00:00,6.306,1.534,1.480,2.074
22/06/14,14:00:00,7.895,2.423,1.967,2.101
22/06/14,15:00:00,5.411,2.664,2.664,2.236
22/06/14,16:00:00,5.050,2.423,3.063,2.450
22/06/14,17:00:00,2.289,2.021,3.089,2.610
22/06/14,18:00:00,1.643,1.778,2.930,2.717
22/06/14,19:00:00,0.079,1.371,2.744,2.744
22/06/14,20:00:00,0.577,1.289,2.503,2.744
22/06/14,21:00:00,0.632,1.371,2.316,2.690
22/06/14,22:00:00,0.356,1.262,2.182,2.610
22/06/14,23:00:00,0.329,1.208,2.047,2.557
23/06/14,00:00:00,0.384,1.208,1.940,2.503
23/06/14,01:00:00,0.825,1.262,1.859,2.450
23/06/14,02:00:00,1.153,1.371,1.832,2.396
23/06/14,03:00:00,1.153,1.398,1.805,2.370
23/06/14,04:00:00,1.153,1.425,1.832,2.343
23/06/14,05:00:00,1.044,1.425,1.832,2.316
23/06/14,06:00:00,0.989,1.425,1.832,2.316
23/06/14,07:00:00,0.934,1.371,1.832,2.316
23/06/14,08:00:00,1.044,1.425,1.805,2.316
23/06/14,09:00:00,1.289,1.480,1.832,2.289
23/06/14,10:00:00,1.398,1.561,1.832,2.289
23/06/14,11:00:00,0.273,1.371,1.832,2.316
23/06/14,12:00:00,0.412,1.289,1.805,2.289
23/06/14,13:00:00,0.273,1.289,1.751,2.289
23/06/14,14:00:00,0.522,1.317,1.697,2.262
23/06/14,15:00:00,0.605,1.371,1.643,2.236
23/06/14,16:00:00,0.632,1.371,1.615,2.209
23/06/14,17:00:00,0.632,1.371,1.615,2.182
23/06/14,18:00:00,0.660,1.371,1.588,2.182
23/06/14,19:00:00,0.632,1.371,1.588,2.155
23/06/14,20:00:00,0.660,1.371,1.588,2.155
23/06/14,21:00:00,0.632,1.371,1.588,2.128
23/06/14,22:00:00,0.660,1.371,1.561,2.128
23/06/14,23:00:00,0.715,1.371,1.561,2.101
24/06/14,00:00:00,0.742,1.371,1.561,2.101
24/06/14,01:00:00,0.715,1.371,1.561,2.101
24/06/14,02:00:00,0.715,1.371,1.561,2.101
24/06/14,03:00:00,0.742,1.371,1.561,2.074
24/06/14,04:00:00,0.742,1.398,1.561,2.074
24/06/14,05:00:00,0.742,1.398,1.561,2.074
24/06/14,06:00:00,0.742,1.398,1.534,2.074
24/06/14,07:00:00,0.770,1.398,1.534,2.074
24/06/14,08:00:00,0.742,1.398,1.534,2.074
24/06/14,09:00:00,0.770,1.398,1.561,2.074
24/06/14,10:00:00,0.770,1.398,1.534,2.074
24/06/14,11:00:00,0.797,1.398,1.534,2.074
24/06/14,12:00:00,0.825,1.398,1.534,2.074
24/06/14,13:00:00,0.852,1.398,1.534,2.074
24/06/14,14:00:00,0.825,1.425,1.534,2.047
24/06/14,15:00:00,0.797,1.425,1.534,2.047
24/06/14,16:00:00,0.825,1.425,1.534,2.047
24/06/14,17:00:00,0.852,1.425,1.534,2.047
24/06/14,18:00:00,0.852,1.425,1.534,2.047
24/06/14,19:00:00,0.852,1.453,1.534,2.047
24/06/14,20:00:00,0.880,1.453,1.534,2.047
24/06/14,21:00:00,0.880,1.453,1.534,2.047
24/06/14,22:00:00,0.880,1.453,1.534,2.047
24/06/14,23:00:00,0.880,1.453,1.534,2.047
25/06/14,00:00:00,0.880,1.453,1.534,2.047
25/06/14,01:00:00,0.907,1.453,1.534,2.047
25/06/14,02:00:00,0.907,1.453,1.534,2.047
25/06/14,03:00:00,0.907,1.480,1.534,2.047
25/06/14,04:00:00,0.934,1.480,1.534,2.047
25/06/14,05:00:00,0.934,1.453,1.534,2.047
25/06/14,06:00:00,0.934,1.480,1.534,2.021
25/06/14,07:00:00,0.934,1.480,1.507,2.047
25/06/14,08:00:00,0.934,1.480,1.507,2.047
25/06/14,09:00:00,0.934,1.480,1.534,2.021
25/06/14,10:00:00,0.962,1.480,1.534,2.021
25/06/14,11:00:00,0.962,1.480,1.507,2.021
25/06/14,12:00:00,0.934,1.480,1.507,2.021
25/06/14,13:00:00,0.962,1.480,1.534,2.021
25/06/14,14:00:00,0.962,1.480,1.507,2.021
25/06/14,15:00:00,0.934,1.480,1.507,2.021
25/06/14,16:00:00,0.934,1.480,1.507,2.021
25/06/14,17:00:00,0.934,1.480,1.507,2.021
25/06/14,18:00:00,0.934,1.480,1.507,2.021
25/06/14,19:00:00,0.934,1.480,1.507,2.021
25/06/14,20:00:00,0.934,1.480,1.507,2.021
25/06/14,21:00:00,0.934,1.480,1.507,2.021
25/06/14,22:00:00,0.907,1.480,1.507,2.021
25/06/14,23:00:00,0.934,1.480,1.507,2.021
26/06/14,00:00:00,0.907,1.480,1.507,2.021
26/06/14,01:00:00,0.934,1.480,1.507,2.021
26/06/14,02:00:00,0.934,1.480,1.507,2.021
26/06/14,03:00:00,0.907,1.480,1.507,2.021
26/06/14,04:00:00,0.907,1.480,1.507,2.021
26/06/14,05:00:00,0.907,1.480,1.507,2.021
26/06/14,06:00:00,0.907,1.453,1.507,2.021
26/06/14,07:00:00,0.907,1.453,1.507,2.021
26/06/14,08:00:00,0.907,1.453,1.507,1.994
26/06/14,09:00:00,0.907,1.453,1.507,1.967
26/06/14,10:00:00,0.880,1.453,1.480,1.940
26/06/14,11:00:00,0.880,1.453,1.453,1.940
26/06/14,12:00:00,0.880,1.453,1.425,1.886
26/06/14,13:00:00,0.880,1.453,1.425,1.859
26/06/14,14:00:00,0.880,1.453,1.398,1.832
26/06/14,15:00:00,0.880,1.453,1.398,1.832
26/06/14,16:00:00,0.852,1.425,1.398,1.805
26/06/14,17:00:00,0.852,1.425,1.371,1.805
26/06/14,18:00:00,0.852,1.425,1.344,1.778
26/06/14,19:00:00,0.852,1.425,1.344,1.778
26/06/14,20:00:00,0.825,1.425,1.344,1.751
26/06/14,21:00:00,0.825,1.425,1.317,1.751
26/06/14,22:00:00,0.825,1.425,1.317,1.751
26/06/14,23:00:00,0.825,1.425,1.317,1.724
27/06/14,00:00:00,0.825,1.398,1.289,1.724
27/06/14,01:00:00,0.825,1.398,1.289,1.724
27/06/14,02:00:00,0.797,1.398,1.289,1.724
27/06/14,03:00:00,0.825,1.398,1.289,1.697
27/06/14,04:00:00,0.825,1.398,1.289,1.697
27/06/14,05:00:00,0.825,1.398,1.289,1.724
27/06/14,06:00:00,0.797,1.398,1.289,1.724
27/06/14,07:00:00,0.797,1.398,1.289,1.697
27/06/14,08:00:00,0.797,1.398,1.289,1.724
27/06/14,09:00:00,0.797,1.398,1.289,1.724
27/06/14,10:00:00,0.797,1.371,1.289,1.724
27/06/14,11:00:00,0.797,1.371,1.289,1.697
27/06/14,12:00:00,0.770,1.371,1.289,1.697
27/06/14,13:00:00,0.770,1.371,1.262,1.697
27/06/14,14:00:00,0.742,1.371,1.262,1.697
27/06/14,15:00:00,0.770,1.371,1.262,1.670
27/06/14,16:00:00,0.742,1.371,1.262,1.697
27/06/14,17:00:00,0.770,1.371,1.262,1.670
27/06/14,18:00:00,0.742,1.344,1.262,1.670
27/06/14,19:00:00,0.742,1.344,1.235,1.670
27/06/14,20:00:00,0.770,1.344,1.235,1.670
27/06/14,21:00:00,0.770,1.344,1.235,1.670
27/06/14,22:00:00,0.770,1.344,1.235,1.670
27/06/14,23:00:00,0.770,1.344,1.235,1.670
28/06/14,00:00:00,0.797,1.344,1.235,1.670
28/06/14,01:00:00,0.797,1.344,1.235,1.670
28/06/14,02:00:00,0.797,1.371,1.235,1.670
28/06/14,03:00:00,0.797,1.344,1.235,1.670
28/06/14,04:00:00,0.797,1.371,1.235,1.670
28/06/14,05:00:00,0.797,1.371,1.235,1.670
28/06/14,06:00:00,0.825,1.344,1.235,1.670
28/06/14,07:00:00,0.825,1.371,1.262,1.670
28/06/14,08:00:00,0.825,1.371,1.262,1.697
28/06/14,09:00:00,0.797,1.344,1.262,1.697
28/06/14,10:00:00,0.797,1.344,1.262,1.697
28/06/14,11:00:00,0.797,1.344,1.262,1.697
28/06/14,12:00:00,0.825,1.344,1.262,1.697
28/06/14,13:00:00,0.825,1.344,1.262,1.724
28/06/14,14:00:00,0.825,1.344,1.262,1.724
28/06/14,15:00:00,0.825,1.344,1.262,1.697
28/06/14,16:00:00,0.825,1.344,1.262,1.724
28/06/14,17:00:00,0.852,1.344,1.262,1.724
28/06/14,18:00:00,0.825,1.344,1.262,1.724
28/06/14,19:00:00,0.825,1.344,1.262,1.724
28/06/14,20:00:00,0.852,1.344,1.289,1.724
28/06/14,21:00:00,0.852,1.344,1.262,1.724
28/06/14,22:00:00,0.852,1.344,1.289,1.724
28/06/14,23:00:00,0.852,1.344,1.289,1.724
29/06/14,00:00:00,0.852,1.344,1.289,1.724
29/06/14,01:00:00,0.825,1.344,1.262,1.724
29/06/14,02:00:00,0.825,1.344,1.289,1.751
29/06/14,03:00:00,0.825,1.344,1.289,1.724
29/06/14,04:00:00,0.825,1.317,1.289,1.751
29/06/14,05:00:00,0.852,1.317,1.289,1.751
29/06/14,06:00:00,0.825,1.317,1.289,1.751
29/06/14,07:00:00,0.825,1.344,1.289,1.751
29/06/14,08:00:00,0.852,1.344,1.289,1.724
29/06/14,09:00:00,0.852,1.317,1.289,1.751
29/06/14,10:00:00,0.852,1.317,1.289,1.724
29/06/14,11:00:00,0.852,1.317,1.289,1.751
29/06/14,12:00:00,0.852,1.317,1.289,1.724
29/06/14,13:00:00,0.852,1.317,1.289,1.751
29/06/14,14:00:00,0.852,1.317,1.289,1.751
29/06/14,15:00:00,0.852,1.317,1.289,1.724
29/06/14,16:00:00,0.852,1.317,1.289,1.751
29/06/14,17:00:00,0.852,1.317,1.289,1.751
29/06/14,18:00:00,0.852,1.317,1.289,1.751
29/06/14,19:00:00,0.852,1.317,1.289,1.751
29/06/14,20:00:00,0.852,1.317,1.289,1.751
29/06/14,21:00:00,0.852,1.317,1.289,1.751
29/06/14,22:00:00,0.880,1.317,1.289,1.751
29/06/14,23:00:00,0.852,1.317,1.289,1.751
30/06/14,00:00:00,0.852,1.317,1.289,1.751
30/06/14,01:00:00,0.852,1.317,1.289,1.751
30/06/14,02:00:00,0.880,1.317,1.289,1.751
30/06/14,03:00:00,0.880,1.317,1.289,1.751
30/06/14,04:00:00,0.880,1.317,1.289,1.751
30/06/14,05:00:00,0.880,1.317,1.289,1.751
30/06/14,06:00:00,0.880,1.317,1.289,1.751
30/06/14,07:00:00,0.880,1.289,1.289,1.751
30/06/14,08:00:00,0.880,1.289,1.289,1.751
30/06/14,09:00:00,0.880,1.289,1.289,1.751
30/06/14,10:00:00,0.880,1.317,1.289,1.751
30/06/14,11:00:00,0.880,1.289,1.289,1.751
30/06/14,12:00:00,0.880,1.289,1.289,1.751
30/06/14,13:00:00,0.880,1.289,1.289,1.751
30/06/14,14:00:00,0.880,1.289,1.289,1.751
30/06/14,15:00:00,0.880,1.289,1.289,1.751
30/06/14,16:00:00,0.880,1.289,1.289,1.751
30/06/14,17:00:00,0.880,1.289,1.289,1.751
30/06/14,18:00:00,0.880,1.289,1.289,1.751
30/06/14,19:00:00,0.880,1.289,1.289,1.751
30/06/14,20:00:00,0.880,1.289,1.289,1.751
30/06/14,21:00:00,0.880,1.289,1.289,1.751
30/06/14,22:00:00,0.880,1.289,1.289,1.751
30/06/14,23:00:00,0.880,1.289,1.289,1.751
01/07/14,00:00:00,0.880,1.289,1.289,1.751
01/07/14,01:00:00,0.880,1.289,1.289,1.751
01/07/14,02:00:00,0.880,1.289,1.289,1.751
01/07/14,03:00:00,0.880,1.289,1.289,1.751
01/07/14,04:00:00,0.880,1.289,1.289,1.751
01/07/14,05:00:00,0.880,1.289,1.289,1.751
01/07/14,06:00:00,0.880,1.289,1.289,1.751
01/07/14,07:00:00,0.880,1.289,1.289,1.751
01/07/14,08:00:00,0.880,1.289,1.289,1.751
01/07/14,09:00:00,0.880,1.289,1.289,1.751
01/07/14,10:00:00,0.880,1.289,1.289,1.751
01/07/14,11:00:00,0.880,1.289,1.289,1.751
01/07/14,12:00:00,0.880,1.289,1.289,1.751
01/07/14,13:00:00,0.880,1.289,1.289,1.751
01/07/14,14:00:00,0.880,1.289,1.289,1.751
01/07/14,15:00:00,0.880,1.289,1.289,1.751
01/07/14,16:00:00,0.880,1.289,1.289,1.751
01/07/14,17:00:00,0.880,1.289,1.289,1.751
01/07/14,18:00:00,0.880,1.289,1.289,1.751
01/07/14,19:00:00,0.880,1.289,1.289,1.751
01/07/14,20:00:00,0.880,1.289,1.289,1.751
01/07/14,21:00:00,0.880,1.289,1.289,1.751
01/07/14,22:00:00,0.880,1.289,1.289,1.751
01/07/14,23:00:00,0.880,1.289,1.289,1.751
02/07/14,00:00:00,0.880,1.289,1.289,1.751
02/07/14,01:00:00,0.880,1.289,1.289,1.751
02/07/14,02:00:00,0.907,1.289,1.289,1.751
02/07/14,03:00:00,0.880,1.289,1.289,1.751
02/07/14,04:00:00,0.880,1.289,1.289,1.751
02/07/14,05:00:00,0.907,1.289,1.289,1.751
02/07/14,06:00:00,0.880,1.289,1.289,1.751
02/07/14,07:00:00,0.880,1.289,1.289,1.751
02/07/14,08:00:00,0.907,1.289,1.289,1.751
02/07/14,09:00:00,0.907,1.289,1.289,1.751
02/07/14,10:00:00,0.880,1.289,1.289,1.751
02/07/14,11:00:00,0.907,1.289,1.289,1.751
02/07/14,12:00:00,0.907,1.289,1.289,1.751
02/07/14,13:00:00,0.880,1.289,1.289,1.751
02/07/14,14:00:00,0.907,1.289,1.289,1.751
02/07/14,15:00:00,0.907,1.289,1.289,1.751
02/07/14,16:00:00,0.907,1.289,1.289,1.751
02/07/14,17:00:00,0.907,1.289,1.289,1.751
02/07/14,18:00:00,0.907,1.289,1.289,1.751
02/07/14,19:00:00,0.907,1.289,1.289,1.751
02/07/14,20:00:00,0.907,1.289,1.289,1.751
02/07/14,21:00:00,0.907,1.289,1.289,1.751
02/07/14,22:00:00,0.907,1.289,1.289,1.751
02/07/14,23:00:00,0.907,1.289,1.289,1.751
03/07/14,00:00:00,0.907,1.262,1.289,1.751
03/07/14,01:00:00,0.907,1.289,1.289,1.751
03/07/14,02:00:00,0.907,1.262,1.289,1.751
03/07/14,03:00:00,0.907,1.289,1.289,1.751
03/07/14,04:00:00,0.907,1.262,1.289,1.751
03/07/14,05:00:00,0.907,1.289,1.289,1.751
03/07/14,06:00:00,0.907,1.289,1.289,1.751
03/07/14,07:00:00,0.907,1.289,1.289,1.751
03/07/14,08:00:00,0.907,1.289,1.289,1.751
03/07/14,09:00:00,0.907,1.289,1.289,1.751
03/07/14,10:00:00,0.907,1.289,1.289,1.751
03/07/14,11:00:00,0.907,1.289,1.289,1.751
03/07/14,12:00:00,0.907,1.289,1.289,1.751
03/07/14,13:00:00,0.907,1.262,1.289,1.751
03/07/14,14:00:00,0.907,1.289,1.289,1.751
03/07/14,15:00:00,0.907,1.289,1.289,1.751
03/07/14,16:00:00,0.907,1.262,1.289,1.751
03/07/14,17:00:00,0.907,1.289,1.262,1.751
03/07/14,18:00:00,0.907,1.289,1.289,1.751
03/07/14,19:00:00,0.907,1.289,1.289,1.751
03/07/14,20:00:00,0.907,1.289,1.289,1.751
03/07/14,21:00:00,0.907,1.262,1.289,1.751
03/07/14,22:00:00,0.907,1.289,1.262,1.751
03/07/14,23:00:00,0.907,1.289,1.289,1.751
04/07/14,00:00:00,0.907,1.262,1.262,1.751
04/07/14,01:00:00,0.907,1.289,1.262,1.751
04/07/14,02:00:00,0.907,1.289,1.262,1.751
04/07/14,03:00:00,0.907,1.289,1.262,1.751
04/07/14,04:00:00,0.907,1.262,1.262,1.751
04/07/14,05:00:00,0.907,1.289,1.262,1.751
04/07/14,06:00:00,0.907,1.289,1.262,1.751
04/07/14,07:00:00,0.907,1.289,1.262,1.751
04/07/14,08:00:00,0.907,1.262,1.262,1.751
04/07/14,09:00:00,0.907,1.262,1.289,1.751
04/07/14,10:00:00,0.880,1.262,1.262,1.751
04/07/14,11:00:00,0.880,1.262,1.262,1.751
04/07/14,12:00:00,0.907,1.262,1.262,1.751
04/07/14,13:00:00,0.907,1.262,1.262,1.751
04/07/14,14:00:00,0.907,1.262,1.262,1.751
04/07/14,15:00:00,0.907,1.262,1.262,1.751
04/07/14,16:00:00,0.907,1.262,1.262,1.751
04/07/14,17:00:00,0.907,1.262,1.262,1.751
04/07/14,18:00:00,0.907,1.262,1.262,1.751
04/07/14,19:00:00,0.907,1.262,1.262,1.751
04/07/14,20:00:00,0.907,1.262,1.262,1.751
04/07/14,21:00:00,0.907,1.262,1.262,1.751
04/07/14,22:00:00,0.907,1.262,1.262,1.751
04/07/14,23:00:00,0.907,1.262,1.262,1.751
05/07/14,00:00:00,0.907,1.289,1.262,1.751
05/07/14,01:00:00,0.907,1.289,1.262,1.751
05/07/14,02:00:00,0.907,1.262,1.262,1.751
05/07/14,03:00:00,0.907,1.262,1.262,1.751
05/07/14,04:00:00,0.907,1.262,1.262,1.751
05/07/14,05:00:00,0.907,1.289,1.262,1.724
05/07/14,06:00:00,0.907,1.262,1.262,1.751
05/07/14,07:00:00,0.907,1.262,1.262,1.724
05/07/14,08:00:00,0.907,1.262,1.262,1.751
05/07/14,09:00:00,0.907,1.262,1.262,1.724
05/07/14,10:00:00,0.934,1.262,1.262,1.751
05/07/14,11:00:00,0.907,1.262,1.262,1.751
05/07/14,12:00:00,0.934,1.262,1.262,1.751
05/07/14,13:00:00,0.907,1.262,1.262,1.724
05/07/14,14:00:00,0.907,1.262,1.262,1.751
05/07/14,15:00:00,0.934,1.262,1.262,1.724
05/07/14,16:00:00,0.907,1.262,1.262,1.724
05/07/14,17:00:00,0.934,1.262,1.262,1.724
05/07/14,18:00:00,0.907,1.262,1.262,1.751
05/07/14,19:00:00,0.907,1.262,1.262,1.724
05/07/14,20:00:00,0.934,1.262,1.235,1.751
05/07/14,21:00:00,0.907,1.262,1.235,1.724
05/07/14,22:00:00,0.934,1.262,1.235,1.724
05/07/14,23:00:00,0.907,1.262,1.262,1.724
06/07/14,00:00:00,0.907,1.262,1.235,1.724
06/07/14,01:00:00,0.907,1.262,1.235,1.724
06/07/14,02:00:00,0.907,1.262,1.235,1.724
06/07/14,03:00:00,0.907,1.262,1.235,1.724
06/07/14,04:00:00,0.907,1.262,1.235,1.724
06/07/14,05:00:00,0.907,1.262,1.235,1.724
06/07/14,06:00:00,0.907,1.262,1.235,1.724
06/07/14,07:00:00,0.907,1.262,1.235,1.724
06/07/14,08:00:00,0.907,1.262,1.235,1.724
06/07/14,09:00:00,0.907,1.262,1.235,1.724
06/07/14,10:00:00,0.907,1.235,1.235,1.724
06/07/14,11:00:00,0.907,1.235,1.235,1.724
06/07/14,12:00:00,0.907,1.235,1.235,1.724
06/07/14,13:00:00,0.907,1.235,1.235,1.724
06/07/14,14:00:00,0.907,1.235,1.235,1.724
06/07/14,15:00:00,0.907,1.235,1.235,1.724
06/07/14,16:00:00,0.907,1.235,1.235,1.724
06/07/14,17:00:00,0.907,1.235,1.235,1.724
06/07/14,18:00:00,0.907,1.235,1.235,1.724
06/07/14,19:00:00,0.907,1.235,1.235,1.724
06/07/14,20:00:00,0.907,1.235,1.235,1.724
06/07/14,21:00:00,0.907,1.235,1.235,1.724
06/07/14,22:00:00,0.907,1.235,1.208,1.724
06/07/14,23:00:00,0.907,1.235,1.235,1.724
07/07/14,00:00:00,0.907,1.235,1.208,1.724
07/07/14,01:00:00,0.907,1.235,1.235,1.724
07/07/14,02:00:00,0.907,1.235,1.235,1.724
07/07/14,03:00:00,0.907,1.235,1.235,1.724
07/07/14,04:00:00,0.907,1.235,1.208,1.724
07/07/14,05:00:00,0.907,1.235,1.208,1.724
07/07/14,06:00:00,0.907,1.235,1.208,1.724
07/07/14,07:00:00,0.907,1.235,1.208,1.724
07/07/14,08:00:00,0.907,1.235,1.208,1.724
07/07/14,09:00:00,0.907,1.235,1.208,1.724
07/07/14,10:00:00,0.907,1.235,1.208,1.724
07/07/14,11:00:00,0.907,1.235,1.208,1.724
07/07/14,12:00:00,0.880,1.235,1.208,1.724
07/07/14,13:00:00,0.907,1.235,1.208,1.724
07/07/14,14:00:00,0.907,1.208,1.208,1.697
07/07/14,15:00:00,0.907,1.235,1.208,1.724
07/07/14,16:00:00,0.907,1.235,1.208,1.724
07/07/14,17:00:00,0.880,1.235,1.208,1.697
07/07/14,18:00:00,0.880,1.235,1.208,1.697
07/07/14,19:00:00,0.907,1.235,1.208,1.697
07/07/14,20:00:00,0.880,1.208,1.208,1.697
07/07/14,21:00:00,0.880,1.235,1.208,1.697
07/07/14,22:00:00,0.880,1.208,1.208,1.697
07/07/14,23:00:00,0.880,1.208,1.208,1.697
08/07/14,00:00:00,0.880,1.208,1.208,1.697
08/07/14,01:00:00,0.880,1.208,1.208,1.697
08/07/14,02:00:00,0.880,1.208,1.208,1.697
08/07/14,03:00:00,0.880,1.208,1.208,1.697
08/07/14,04:00:00,0.880,1.208,1.208,1.697
08/07/14,05:00:00,0.880,1.208,1.208,1.697
08/07/14,06:00:00,0.880,1.208,1.208,1.697
08/07/14,07:00:00,0.880,1.208,1.208,1.697
08/07/14,08:00:00,0.880,1.208,1.208,1.697
08/07/14,09:00:00,0.880,1.208,1.208,1.697
08/07/14,10:00:00,0.880,1.208,1.208,1.697
08/07/14,11:00:00,0.880,1.208,1.180,1.697
08/07/14,12:00:00,0.880,1.208,1.208,1.697
08/07/14,13:00:00,0.880,1.208,1.208,1.670
08/07/14,14:00:00,0.880,1.208,1.180,1.697
08/07/14,15:00:00,0.880,1.208,1.208,1.697
08/07/14,16:00:00,0.880,1.208,1.180,1.670
08/07/14,17:00:00,0.880,1.208,1.180,1.697
08/07/14,18:00:00,0.880,1.208,1.180,1.670
08/07/14,19:00:00,0.880,1.208,1.180,1.670
08/07/14,20:00:00,0.880,1.208,1.180,1.670
08/07/14,21:00:00,0.880,1.208,1.180,1.670
08/07/14,22:00:00,0.880,1.208,1.180,1.670
08/07/14,23:00:00,0.880,1.208,1.180,1.670
09/07/14,00:00:00,0.880,1.208,1.180,1.670
09/07/14,01:00:00,0.880,1.208,1.180,1.670
09/07/14,02:00:00,0.880,1.180,1.180,1.670
09/07/14,03:00:00,0.880,1.208,1.180,1.670
09/07/14,04:00:00,0.880,1.208,1.180,1.670
09/07/14,05:00:00,0.880,1.180,1.180,1.670
09/07/14,06:00:00,0.880,1.180,1.180,1.670
09/07/14,07:00:00,0.880,1.208,1.180,1.670
09/07/14,08:00:00,0.880,1.180,1.180,1.670
09/07/14,09:00:00,0.880,1.180,1.180,1.670
09/07/14,10:00:00,0.880,1.180,1.180,1.670
09/07/14,11:00:00,0.880,1.180,1.180,1.670
09/07/14,12:00:00,0.880,1.180,1.180,1.670
09/07/14,13:00:00,0.880,1.180,1.180,1.670
09/07/14,14:00:00,0.880,1.180,1.180,1.670
09/07/14,15:00:00,0.880,1.180,1.180,1.670
09/07/14,16:00:00,0.880,1.180,1.180,1.670
09/07/14,17:00:00,0.880,1.180,1.180,1.670
09/07/14,18:00:00,0.880,1.180,1.180,1.670
09/07/14,19:00:00,0.880,1.180,1.180,1.643
09/07/14,20:00:00,0.880,1.180,1.180,1.643
09/07/14,21:00:00,0.880,1.180,1.180,1.643
09/07/14,22:00:00,0.880,1.180,1.180,1.643
09/07/14,23:00:00,0.880,1.180,1.180,1.643
10/07/14,00:00:00,0.880,1.180,1.180,1.643
10/07/14,01:00:00,0.880,1.180,1.180,1.643
10/07/14,02:00:00,0.880,1.180,1.180,1.643
10/07/14,03:00:00,0.880,1.180,1.180,1.643
10/07/14,04:00:00,0.880,1.180,1.180,1.643
10/07/14,05:00:00,0.880,1.180,1.180,1.643
10/07/14,06:00:00,0.880,1.180,1.180,1.643
10/07/14,07:00:00,0.880,1.180,1.180,1.643
10/07/14,08:00:00,0.880,1.180,1.180,1.643
10/07/14,09:00:00,0.880,1.180,1.180,1.643
10/07/14,10:00:00,0.880,1.180,1.180,1.643
10/07/14,11:00:00,0.852,1.180,1.180,1.643
10/07/14,12:00:00,0.880,1.180,1.180,1.643
10/07/14,13:00:00,0.880,1.180,1.180,1.643
10/07/14,14:00:00,0.880,1.180,1.153,1.643
10/07/14,15:00:00,0.880,1.180,1.180,1.643
10/07/14,16:00:00,0.880,1.180,1.180,1.643
10/07/14,17:00:00,0.880,1.180,1.153,1.643
10/07/14,18:00:00,0.880,1.180,1.153,1.643
10/07/14,19:00:00,0.880,1.180,1.153,1.615
10/07/14,20:00:00,0.880,1.180,1.153,1.643
10/07/14,21:00:00,0.852,1.180,1.153,1.615
10/07/14,22:00:00,0.880,1.180,1.153,1.615
10/07/14,23:00:00,0.880,1.180,1.153,1.615
11/07/14,00:00:00,0.880,1.180,1.153,1.615
11/07/14,01:00:00,0.852,1.180,1.153,1.615
11/07/14,02:00:00,0.852,1.180,1.153,1.615
11/07/14,03:00:00,0.880,1.180,1.153,1.615
11/07/14,04:00:00,0.852,1.180,1.153,1.615
11/07/14,05:00:00,0.852,1.180,1.126,1.615
11/07/14,06:00:00,0.852,1.180,1.153,1.615
11/07/14,07:00:00,0.852,1.180,1.153,1.615
11/07/14,08:00:00,0.852,1.180,1.126,1.615
11/07/14,09:00:00,0.852,1.180,1.153,1.615
11/07/14,10:00:00,0.880,1.180,1.126,1.615
11/07/14,11:00:00,0.852,1.180,1.126,1.615
11/07/14,12:00:00,0.852,1.180,1.153,1.615
11/07/14,13:00:00,0.852,1.180,1.153,1.615
11/07/14,14:00:00,0.852,1.180,1.126,1.615
11/07/14,15:00:00,0.852,1.180,1.126,1.615
11/07/14,16:00:00,0.852,1.153,1.126,1.615
11/07/14,17:00:00,0.852,1.153,1.126,1.615
11/07/14,18:00:00,0.852,1.153,1.153,1.615
11/07/14,19:00:00,0.852,1.153,1.126,1.615
11/07/14,20:00:00,0.852,1.153,1.126,1.615
11/07/14,21:00:00,0.852,1.153,1.126,1.615
11/07/14,22:00:00,0.852,1.153,1.126,1.615
11/07/14,23:00:00,0.852,1.153,1.126,1.615
12/07/14,00:00:00,0.852,1.153,1.126,1.615
12/07/14,01:00:00,0.852,1.153,1.126,1.615
12/07/14,02:00:00,0.852,1.153,1.126,1.615
12/07/14,03:00:00,0.852,1.153,1.126,1.615
12/07/14,04:00:00,0.852,1.153,1.126,1.615
12/07/14,05:00:00,0.852,1.153,1.126,1.615
12/07/14,06:00:00,0.852,1.153,1.126,1.615
12/07/14,07:00:00,0.852,1.153,1.126,1.615
12/07/14,08:00:00,0.852,1.153,1.126,1.615
12/07/14,09:00:00,0.852,1.153,1.126,1.615
12/07/14,10:00:00,0.852,1.153,1.126,1.615
12/07/14,11:00:00,0.852,1.153,1.126,1.588
12/07/14,12:00:00,0.825,1.153,1.126,1.615
12/07/14,13:00:00,0.852,1.153,1.126,1.588
12/07/14,14:00:00,0.852,1.126,1.126,1.588
12/07/14,15:00:00,0.852,1.126,1.126,1.588
12/07/14,16:00:00,0.852,1.126,1.099,1.588
12/07/14,17:00:00,0.852,1.126,1.099,1.615
12/07/14,18:00:00,0.852,1.126,1.099,1.588
12/07/14,19:00:00,0.852,1.126,1.126,1.615
12/07/14,20:00:00,0.852,1.126,1.126,1.588
12/07/14,21:00:00,0.825,1.126,1.099,1.588
12/07/14,22:00:00,0.852,1.126,1.099,1.588
12/07/14,23:00:00,0.852,1.126,1.126,1.588
13/07/14,00:00:00,0.852,1.126,1.099,1.588
13/07/14,01:00:00,0.825,1.126,1.099,1.588
13/07/14,02:00:00,0.852,1.126,1.099,1.588
13/07/14,03:00:00,0.825,1.126,1.099,1.588
13/07/14,04:00:00,0.825,1.126,1.099,1.588
13/07/14,05:00:00,0.825,1.126,1.099,1.588
13/07/14,06:00:00,0.825,1.126,1.099,1.588
13/07/14,07:00:00,0.825,1.126,1.099,1.588
13/07/14,08:00:00,0.825,1.126,1.099,1.588
13/07/14,09:00:00,0.825,1.126,1.099,1.588
13/07/14,10:00:00,0.825,1.126,1.099,1.588
13/07/14,11:00:00,0.825,1.126,1.099,1.588
13/07/14,12:00:00,0.852,1.126,1.099,1.588
13/07/14,13:00:00,0.825,1.126,1.099,1.588
13/07/14,14:00:00,0.825,1.126,1.099,1.588
13/07/14,15:00:00,0.825,1.126,1.099,1.588
13/07/14,16:00:00,0.825,1.126,1.099,1.588
13/07/14,17:00:00,0.825,1.126,1.099,1.588
13/07/14,18:00:00,0.825,1.126,1.099,1.588
13/07/14,19:00:00,0.825,1.126,1.099,1.588
13/07/14,20:00:00,0.825,1.126,1.071,1.588
13/07/14,21:00:00,0.825,1.126,1.071,1.588
13/07/14,22:00:00,0.825,1.126,1.071,1.588
13/07/14,23:00:00,0.825,1.126,1.071,1.588
14/07/14,00:00:00,0.825,1.099,1.099,1.588
14/07/14,01:00:00,0.825,1.126,1.071,1.588
14/07/14,02:00:00,0.825,1.099,1.071,1.588
14/07/14,03:00:00,0.825,1.099,1.071,1.588
14/07/14,04:00:00,0.825,1.099,1.071,1.588
14/07/14,05:00:00,0.825,1.099,1.071,1.561
14/07/14,06:00:00,0.825,1.099,1.071,1.561
14/07/14,07:00:00,0.825,1.099,1.071,1.588
14/07/14,08:00:00,0.825,1.099,1.071,1.561
14/07/14,09:00:00,0.825,1.099,1.071,1.561
14/07/14,10:00:00,0.825,1.099,1.071,1.561
14/07/14,11:00:00,0.825,1.099,1.071,1.561
14/07/14,12:00:00,0.825,1.099,1.071,1.561
14/07/14,13:00:00,0.825,1.099,1.071,1.561
14/07/14,14:00:00,0.825,1.099,1.071,1.561
14/07/14,15:00:00,0.825,1.099,1.071,1.561
14/07/14,16:00:00,0.825,1.071,1.071,1.561
14/07/14,17:00:00,0.825,1.099,1.071,1.561
14/07/14,18:00:00,0.825,1.099,1.071,1.561
14/07/14,19:00:00,0.825,1.071,1.071,1.561
14/07/14,20:00:00,0.825,1.071,1.071,1.561
14/07/14,21:00:00,0.797,1.071,1.071,1.561
14/07/14,22:00:00,0.797,1.099,1.071,1.561
14/07/14,23:00:00,0.797,1.071,1.071,1.561
15/07/14,00:00:00,0.825,1.099,1.071,1.561
15/07/14,01:00:00,0.825,1.071,1.071,1.561
15/07/14,02:00:00,0.825,1.071,1.071,1.561
15/07/14,03:00:00,0.825,1.071,1.071,1.561
15/07/14,04:00:00,0.825,1.071,1.071,1.561
15/07/14,05:00:00,0.797,1.071,1.071,1.561
15/07/14,06:00:00,0.797,1.071,1.071,1.561
15/07/14,07:00:00,0.797,1.071,1.071,1.561
15/07/14,08:00:00,0.797,1.071,1.071,1.561
15/07/14,09:00:00,0.797,1.071,1.071,1.561
15/07/14,10:00:00,0.797,1.071,1.071,1.561
15/07/14,11:00:00,0.797,1.071,1.071,1.561
15/07/14,12:00:00,0.797,1.071,1.044,1.561
15/07/14,13:00:00,0.797,1.071,1.044,1.561
15/07/14,14:00:00,0.797,1.071,1.071,1.534
15/07/14,15:00:00,0.797,1.071,1.071,1.534
15/07/14,16:00:00,0.797,1.071,1.044,1.561
15/07/14,17:00:00,0.797,1.071,1.071,1.534
15/07/14,18:00:00,0.797,1.071,1.071,1.534
15/07/14,19:00:00,0.797,1.071,1.071,1.561
15/07/14,20:00:00,0.797,1.071,1.044,1.534
15/07/14,21:00:00,0.797,1.071,1.071,1.534
15/07/14,22:00:00,0.797,1.071,1.071,1.534
15/07/14,23:00:00,0.797,1.071,1.044,1.534
16/07/14,00:00:00,0.797,1.071,1.044,1.534
16/07/14,01:00:00,0.797,1.071,1.044,1.534
16/07/14,02:00:00,0.797,1.071,1.044,1.534
16/07/14,03:00:00,0.797,1.071,1.044,1.534
16/07/14,04:00:00,0.797,1.071,1.044,1.534
16/07/14,05:00:00,0.797,1.071,1.044,1.534
16/07/14,06:00:00,0.797,1.071,1.044,1.534
16/07/14,07:00:00,0.797,1.071,1.044,1.534
16/07/14,08:00:00,0.797,1.044,1.044,1.534
16/07/14,09:00:00,0.797,1.044,1.044,1.534
16/07/14,10:00:00,0.797,1.071,1.044,1.534
16/07/14,11:00:00,0.797,1.071,1.044,1.507
16/07/14,12:00:00,0.797,1.044,1.044,1.534
16/07/14,13:00:00,0.797,1.044,1.044,1.507
16/07/14,14:00:00,0.797,1.044,1.044,1.534
16/07/14,15:00:00,0.797,1.044,1.044,1.507
16/07/14,16:00:00,0.797,1.044,1.044,1.507
16/07/14,17:00:00,0.797,1.044,1.044,1.507
16/07/14,18:00:00,0.797,1.044,1.044,1.507
16/07/14,19:00:00,0.797,1.044,1.044,1.507
16/07/14,20:00:00,0.797,1.044,1.044,1.507
16/07/14,21:00:00,0.797,1.044,1.044,1.507
16/07/14,22:00:00,0.797,1.044,1.044,1.507
16/07/14,23:00:00,0.797,1.044,1.044,1.507
17/07/14,00:00:00,0.797,1.044,1.017,1.507
17/07/14,01:00:00,0.770,1.044,1.017,1.507
17/07/14,02:00:00,0.770,1.044,1.017,1.507
17/07/14,03:00:00,0.797,1.044,1.017,1.507
17/07/14,04:00:00,0.770,1.044,1.017,1.507
17/07/14,05:00:00,0.770,1.044,1.017,1.480
17/07/14,06:00:00,0.797,1.044,1.017,1.507
17/07/14,07:00:00,0.770,1.044,1.017,1.507
17/07/14,08:00:00,0.770,1.044,1.017,1.480
17/07/14,09:00:00,0.770,1.044,1.017,1.507
17/07/14,10:00:00,0.770,1.044,1.017,1.507
17/07/14,11:00:00,0.770,1.044,1.017,1.480
17/07/14,12:00:00,0.770,1.044,1.017,1.480
17/07/14,13:00:00,0.770,1.044,1.017,1.480
17/07/14,14:00:00,0.770,1.044,1.017,1.480
17/07/14,15:00:00,0.770,1.017,1.017,1.480
17/07/14,16:00:00,0.770,1.017,1.017,1.480
17/07/14,17:00:00,0.770,1.017,1.017,1.480
17/07/14,18:00:00,0.770,1.017,1.017,1.480
17/07/14,19:00:00,0.770,1.017,1.017,1.480
17/07/14,20:00:00,0.770,1.017,1.017,1.480
17/07/14,21:00:00,0.770,1.017,1.017,1.480
17/07/14,22:00:00,0.770,1.017,1.017,1.480
17/07/14,23:00:00,0.770,1.017,1.017,1.480
18/07/14,00:00:00,0.770,1.017,1.017,1.480
18/07/14,01:00:00,0.770,1.017,1.017,1.480
18/07/14,02:00:00,0.770,1.017,1.017,1.480
18/07/14,03:00:00,0.770,1.017,0.989,1.480
18/07/14,04:00:00,0.770,1.017,1.017,1.480
18/07/14,05:00:00,0.770,1.017,1.017,1.480
18/07/14,06:00:00,0.770,1.017,1.017,1.480
18/07/14,07:00:00,0.770,1.017,1.017,1.480
18/07/14,08:00:00,0.770,0.989,1.017,1.480
18/07/14,09:00:00,0.770,0.989,0.989,1.480
18/07/14,10:00:00,0.770,1.017,0.989,1.480
18/07/14,11:00:00,0.770,0.989,0.989,1.480
18/07/14,12:00:00,0.742,0.989,0.989,1.480
18/07/14,13:00:00,0.770,0.989,0.989,1.480
18/07/14,14:00:00,0.770,0.989,0.989,1.480
18/07/14,15:00:00,0.742,1.017,0.989,1.480
18/07/14,16:00:00,0.770,0.989,0.989,1.480
18/07/14,17:00:00,0.770,0.989,0.989,1.480
18/07/14,18:00:00,0.770,0.989,0.989,1.480
18/07/14,19:00:00,0.742,0.989,0.989,1.453
18/07/14,20:00:00,0.742,0.989,0.989,1.480
18/07/14,21:00:00,0.742,0.989,0.989,1.453
18/07/14,22:00:00,0.742,0.989,0.989,1.453
18/07/14,23:00:00,0.742,0.989,0.989,1.453
19/07/14,00:00:00,0.742,0.989,0.989,1.453
19/07/14,01:00:00,0.742,0.989,0.989,1.453
19/07/14,02:00:00,0.742,0.989,0.989,1.453
19/07/14,03:00:00,0.742,0.989,0.989,1.453
19/07/14,04:00:00,0.742,0.989,0.989,1.453
19/07/14,05:00:00,0.742,0.989,0.962,1.453
19/07/14,06:00:00,0.742,0.989,0.962,1.453
19/07/14,07:00:00,0.742,0.962,0.962,1.425
19/07/14,08:00:00,0.742,0.989,0.989,1.453
19/07/14,09:00:00,0.742,0.989,0.989,1.425
19/07/14,10:00:00,0.742,0.962,0.962,1.453
19/07/14,11:00:00,0.742,0.962,0.989,1.425
19/07/14,12:00:00,0.742,0.962,0.962,1.425
19/07/14,13:00:00,0.742,0.962,0.962,1.425
19/07/14,14:00:00,0.742,0.962,0.962,1.425
19/07/14,15:00:00,0.742,0.962,0.962,1.425
19/07/14,16:00:00,0.742,0.962,0.962,1.453
19/07/14,17:00:00,0.742,0.962,0.962,1.425
19/07/14,18:00:00,0.742,0.962,0.962,1.425
19/07/14,19:00:00,0.742,0.962,0.962,1.425
19/07/14,20:00:00,0.742,0.962,0.962,1.425
19/07/14,21:00:00,0.742,0.962,0.962,1.425
19/07/14,22:00:00,0.742,0.962,0.962,1.425
19/07/14,23:00:00,0.742,0.962,0.962,1.425
20/07/14,00:00:00,0.742,0.962,0.962,1.425
20/07/14,01:00:00,0.742,0.962,0.962,1.425
20/07/14,02:00:00,0.742,0.962,0.962,1.425
20/07/14,03:00:00,0.742,0.962,0.962,1.425
20/07/14,04:00:00,0.742,0.962,0.962,1.425
20/07/14,05:00:00,0.742,0.962,0.962,1.425
20/07/14,06:00:00,0.742,0.962,0.962,1.425
20/07/14,07:00:00,0.742,0.962,0.962,1.425
20/07/14,08:00:00,0.742,0.962,0.962,1.425
20/07/14,09:00:00,0.742,0.962,0.962,1.425
20/07/14,10:00:00,0.742,0.962,0.962,1.425
20/07/14,11:00:00,0.742,0.962,0.962,1.425
20/07/14,12:00:00,0.742,0.962,0.962,1.425
20/07/14,13:00:00,0.742,0.962,0.962,1.425
20/07/14,14:00:00,0.742,0.962,0.962,1.398
20/07/14,15:00:00,0.742,0.962,0.962,1.398
20/07/14,16:00:00,0.742,0.962,0.962,1.425
20/07/14,17:00:00,0.742,0.962,0.962,1.398
20/07/14,18:00:00,0.742,0.962,0.962,1.398
20/07/14,19:00:00,0.742,0.962,0.962,1.398
20/07/14,20:00:00,0.742,0.962,0.962,1.398
20/07/14,21:00:00,0.715,0.962,0.962,1.425
20/07/14,22:00:00,0.742,0.962,0.962,1.398
20/07/14,23:00:00,0.742,0.962,0.962,1.398
21/07/14,00:00:00,0.742,0.962,0.962,1.398
21/07/14,01:00:00,0.742,0.962,0.962,1.398
21/07/14,02:00:00,0.742,0.962,0.962,1.398
21/07/14,03:00:00,0.742,0.962,0.962,1.398
21/07/14,04:00:00,0.742,0.962,0.962,1.398
21/07/14,05:00:00,0.742,0.962,0.962,1.398
21/07/14,06:00:00,0.742,0.962,0.962,1.398
21/07/14,07:00:00,0.742,0.962,0.962,1.398
21/07/14,08:00:00,0.715,0.962,0.962,1.398
21/07/14,09:00:00,0.715,0.962,0.962,1.398
21/07/14,10:00:00,0.715,0.962,0.962,1.398
21/07/14,11:00:00,0.715,0.962,0.962,1.398
21/07/14,12:00:00,0.715,0.962,0.962,1.398
21/07/14,13:00:00,0.715,0.962,0.962,1.398
21/07/14,14:00:00,0.715,0.962,0.962,1.398
21/07/14,15:00:00,0.715,0.962,0.962,1.398
21/07/14,16:00:00,0.715,0.962,0.962,1.398
21/07/14,17:00:00,0.742,0.962,0.962,1.398
21/07/14,18:00:00,0.715,0.962,0.962,1.398
21/07/14,19:00:00,0.742,0.934,0.934,1.398
21/07/14,20:00:00,0.715,0.962,0.962,1.398
21/07/14,21:00:00,0.742,0.934,0.962,1.398
21/07/14,22:00:00,0.742,0.962,0.934,1.398
21/07/14,23:00:00,0.715,0.962,0.962,1.398
22/07/14,00:00:00,0.715,0.934,0.962,1.398
22/07/14,01:00:00,0.715,0.934,0.934,1.398
22/07/14,02:00:00,0.715,0.934,0.934,1.398
22/07/14,03:00:00,0.715,0.934,0.934,1.398
22/07/14,04:00:00,0.715,0.934,0.934,1.398
22/07/14,05:00:00,0.715,0.934,0.934,1.398
22/07/14,06:00:00,0.715,0.934,0.934,1.398
22/07/14,07:00:00,0.715,0.934,0.934,1.398
22/07/14,08:00:00,0.715,0.934,0.934,1.398
22/07/14,09:00:00,0.715,0.934,0.934,1.398
22/07/14,10:00:00,0.715,0.934,0.934,1.398
22/07/14,11:00:00,0.715,0.934,0.934,1.398
22/07/14,12:00:00,0.715,0.934,0.934,1.398
22/07/14,13:00:00,0.715,0.934,0.934,1.398
22/07/14,14:00:00,0.715,0.934,0.934,1.398
22/07/14,15:00:00,0.715,0.934,0.934,1.398
22/07/14,16:00:00,0.715,0.934,0.934,1.398
22/07/14,17:00:00,0.715,0.934,0.934,1.371
22/07/14,18:00:00,0.715,0.934,0.934,1.371
22/07/14,19:00:00,0.715,0.934,0.934,1.398
22/07/14,20:00:00,0.715,0.934,0.934,1.371
22/07/14,21:00:00,0.715,0.934,0.934,1.398
22/07/14,22:00:00,0.715,0.934,0.934,1.371
22/07/14,23:00:00,0.715,0.934,0.934,1.371
23/07/14,00:00:00,0.715,0.934,0.934,1.398
23/07/14,01:00:00,0.715,0.934,0.934,1.398
23/07/14,02:00:00,0.715,0.934,0.934,1.398
23/07/14,03:00:00,0.715,0.934,0.934,1.398
23/07/14,04:00:00,0.715,0.934,0.934,1.371
23/07/14,05:00:00,0.715,0.934,0.934,1.371
23/07/14,06:00:00,0.715,0.934,0.934,1.371
23/07/14,07:00:00,0.715,0.934,0.934,1.371
23/07/14,08:00:00,0.715,0.934,0.934,1.398
23/07/14,09:00:00,0.715,0.934,0.934,1.371
23/07/14,10:00:00,0.715,0.934,0.934,1.371
23/07/14,11:00:00,0.715,0.934,0.934,1.371
23/07/14,12:00:00,0.715,0.934,0.934,1.371
23/07/14,13:00:00,0.715,0.934,0.934,1.371
23/07/14,14:00:00,0.715,0.934,0.934,1.371
23/07/14,15:00:00,0.715,0.934,0.934,1.371
23/07/14,16:00:00,0.715,0.934,0.934,1.371
23/07/14,17:00:00,0.715,0.934,0.934,1.371
23/07/14,18:00:00,0.715,0.934,0.934,1.371
23/07/14,19:00:00,0.715,0.934,0.934,1.371
23/07/14,20:00:00,0.687,0.934,0.934,1.371
23/07/14,21:00:00,0.687,0.934,0.934,1.371
23/07/14,22:00:00,0.715,0.934,0.934,1.371
23/07/14,23:00:00,0.687,0.934,0.934,1.371
24/07/14,00:00:00,0.687,0.934,0.934,1.371
24/07/14,01:00:00,0.715,0.934,0.934,1.371
24/07/14,02:00:00,0.687,0.934,0.934,1.371
24/07/14,03:00:00,0.687,0.934,0.934,1.371
24/07/14,04:00:00,0.687,0.934,0.934,1.371
24/07/14,05:00:00,0.687,0.907,0.934,1.371
24/07/14,06:00:00,0.687,0.934,0.934,1.371
24/07/14,07:00:00,0.687,0.934,0.934,1.371
24/07/14,08:00:00,0.687,0.934,0.934,1.371
24/07/14,09:00:00,0.687,0.907,0.934,1.371
24/07/14,10:00:00,0.687,0.934,0.934,1.371
24/07/14,11:00:00,0.687,0.907,0.934,1.371
24/07/14,12:00:00,0.687,0.907,0.934,1.371
24/07/14,13:00:00,0.687,0.907,0.934,1.371
24/07/14,14:00:00,0.660,0.907,0.934,1.371
24/07/14,15:00:00,0.687,0.907,0.934,1.371
24/07/14,16:00:00,0.687,0.907,0.934,1.371
24/07/14,17:00:00,0.660,0.907,0.934,1.371
24/07/14,18:00:00,0.660,0.907,0.934,1.371
24/07/14,19:00:00,0.660,0.907,0.934,1.371
24/07/14,20:00:00,0.660,0.907,0.934,1.371
24/07/14,21:00:00,0.660,0.907,0.934,1.371
24/07/14,22:00:00,0.660,0.907,0.934,1.371
24/07/14,23:00:00,0.660,0.907,0.934,1.371
25/07/14,00:00:00,0.660,0.907,0.934,1.371
25/07/14,01:00:00,0.660,0.907,0.934,1.371
25/07/14,02:00:00,0.660,0.907,0.934,1.371
25/07/14,03:00:00,0.660,0.907,0.934,1.371
25/07/14,04:00:00,0.660,0.907,0.934,1.371
25/07/14,05:00:00,0.660,0.907,0.934,1.371
25/07/14,06:00:00,0.660,0.907,0.934,1.371
25/07/14,07:00:00,0.660,0.907,0.934,1.371
25/07/14,08:00:00,0.660,0.907,0.934,1.371
25/07/14,09:00:00,0.660,0.907,0.934,1.371
25/07/14,10:00:00,0.660,0.907,0.934,1.371
25/07/14,11:00:00,0.660,0.907,0.934,1.371
25/07/14,12:00:00,0.660,0.907,0.934,1.371
25/07/14,13:00:00,0.632,0.907,0.934,1.371
25/07/14,14:00:00,0.660,0.907,0.934,1.371
25/07/14,15:00:00,0.632,0.907,0.934,1.371
25/07/14,16:00:00,0.632,0.907,0.934,1.371
25/07/14,17:00:00,0.632,0.907,0.934,1.371
25/07/14,18:00:00,0.660,0.907,0.934,1.371
25/07/14,19:00:00,0.632,0.907,0.934,1.371
25/07/14,20:00:00,0.660,0.907,0.934,1.371
25/07/14,21:00:00,0.632,0.907,0.934,1.371
25/07/14,22:00:00,0.660,0.907,0.934,1.371
25/07/14,23:00:00,0.660,0.907,0.934,1.371
26/07/14,00:00:00,0.660,0.907,0.934,1.371
26/07/14,01:00:00,0.632,0.907,0.934,1.371
26/07/14,02:00:00,0.660,0.907,0.934,1.371
26/07/14,03:00:00,0.660,0.880,0.934,1.371
26/07/14,04:00:00,0.660,0.907,0.934,1.371
26/07/14,05:00:00,0.660,0.907,0.934,1.371
26/07/14,06:00:00,0.660,0.880,0.934,1.371
26/07/14,07:00:00,0.660,0.907,0.934,1.371
26/07/14,08:00:00,0.660,0.907,0.934,1.371
26/07/14,09:00:00,0.660,0.880,0.934,1.371
26/07/14,10:00:00,0.660,0.907,0.907,1.371
26/07/14,11:00:00,0.660,0.880,0.934,1.371
26/07/14,12:00:00,0.660,0.907,0.934,1.371
26/07/14,13:00:00,0.660,0.907,0.907,1.371
26/07/14,14:00:00,0.660,0.880,0.907,1.371
26/07/14,15:00:00,0.687,0.880,0.907,1.371
26/07/14,16:00:00,0.660,0.880,0.907,1.371
26/07/14,17:00:00,0.660,0.880,0.934,1.371
26/07/14,18:00:00,0.660,0.880,0.907,1.371
26/07/14,19:00:00,0.687,0.880,0.907,1.371
26/07/14,20:00:00,0.660,0.880,0.907,1.371
26/07/14,21:00:00,0.660,0.880,0.907,1.371
26/07/14,22:00:00,0.660,0.880,0.907,1.371
26/07/14,23:00:00,0.660,0.880,0.907,1.371
27/07/14,00:00:00,0.660,0.880,0.907,1.371
27/07/14,01:00:00,0.660,0.880,0.907,1.371
27/07/14,02:00:00,0.660,0.880,0.907,1.371
27/07/14,03:00:00,0.660,0.852,0.907,1.371
27/07/14,04:00:00,0.687,0.880,0.907,1.371
27/07/14,05:00:00,0.660,0.880,0.907,1.344
27/07/14,06:00:00,0.660,0.852,0.907,1.371
27/07/14,07:00:00,0.660,0.852,0.907,1.371
27/07/14,08:00:00,0.660,0.880,0.907,1.371
27/07/14,09:00:00,0.660,0.852,0.907,1.371
27/07/14,10:00:00,0.660,0.852,0.880,1.344
27/07/14,11:00:00,0.660,0.880,0.880,1.344
27/07/14,12:00:00,0.660,0.852,0.907,1.344
27/07/14,13:00:00,0.660,0.852,0.880,1.371
27/07/14,14:00:00,0.660,0.852,0.880,1.344
27/07/14,15:00:00,0.660,0.852,0.880,1.344
27/07/14,16:00:00,0.660,0.852,0.880,1.371
27/07/14,17:00:00,0.660,0.852,0.880,1.344
27/07/14,18:00:00,0.660,0.852,0.880,1.344
27/07/14,19:00:00,0.660,0.852,0.880,1.344
27/07/14,20:00:00,0.660,0.852,0.880,1.344
27/07/14,21:00:00,0.660,0.852,0.880,1.344
27/07/14,22:00:00,0.660,0.852,0.880,1.344
27/07/14,23:00:00,0.632,0.852,0.880,1.344
28/07/14,00:00:00,0.660,0.852,0.880,1.344
28/07/14,01:00:00,0.660,0.852,0.852,1.344
28/07/14,02:00:00,0.660,0.852,0.852,1.344
28/07/14,03:00:00,0.660,0.852,0.880,1.344
28/07/14,04:00:00,0.632,0.852,0.852,1.344
28/07/14,05:00:00,0.660,0.852,0.852,1.344
28/07/14,06:00:00,0.660,0.852,0.852,1.344
28/07/14,07:00:00,0.660,0.852,0.852,1.344
28/07/14,08:00:00,0.660,0.852,0.852,1.344
28/07/14,09:00:00,0.660,0.852,0.852,1.317
28/07/14,10:00:00,0.632,0.852,0.852,1.344
28/07/14,11:00:00,0.660,0.852,0.852,1.317
28/07/14,12:00:00,0.632,0.852,0.852,1.344
28/07/14,13:00:00,0.632,0.852,0.852,1.317
28/07/14,14:00:00,0.632,0.852,0.852,1.317
28/07/14,15:00:00,0.632,0.852,0.852,1.317
28/07/14,16:00:00,0.632,0.852,0.852,1.317
28/07/14,17:00:00,0.632,0.852,0.852,1.317
28/07/14,18:00:00,0.632,0.852,0.852,1.317
28/07/14,19:00:00,0.632,0.852,0.852,1.289
28/07/14,20:00:00,0.632,0.852,0.852,1.317
28/07/14,21:00:00,0.632,0.852,0.852,1.317
28/07/14,22:00:00,0.632,0.852,0.852,1.317
28/07/14,23:00:00,0.632,0.852,0.852,1.289
29/07/14,00:00:00,0.632,0.852,0.852,1.289
29/07/14,01:00:00,0.632,0.852,0.852,1.289
29/07/14,02:00:00,0.632,0.852,0.852,1.289
29/07/14,03:00:00,0.632,0.852,0.852,1.317
29/07/14,04:00:00,0.632,0.852,0.852,1.317
29/07/14,05:00:00,0.632,0.852,0.852,1.317
29/07/14,06:00:00,0.632,0.852,0.852,1.289
29/07/14,07:00:00,0.632,0.852,0.852,1.289
29/07/14,08:00:00,0.632,0.852,0.852,1.289
29/07/14,09:00:00,0.632,0.852,0.852,1.289
29/07/14,10:00:00,0.632,0.852,0.852,1.289
29/07/14,11:00:00,0.605,0.852,0.852,1.289
29/07/14,12:00:00,0.632,0.825,0.852,1.289
29/07/14,13:00:00,0.632,0.825,0.852,1.289
29/07/14,14:00:00,0.605,0.825,0.852,1.289
29/07/14,15:00:00,0.632,0.825,0.852,1.289
29/07/14,16:00:00,0.632,0.825,0.852,1.289
29/07/14,17:00:00,0.605,0.825,0.825,1.289
29/07/14,18:00:00,0.632,0.825,0.825,1.289
29/07/14,19:00:00,0.605,0.825,0.825,1.289
29/07/14,20:00:00,0.632,0.825,0.825,1.289
29/07/14,21:00:00,0.632,0.825,0.825,1.289
29/07/14,22:00:00,0.605,0.825,0.825,1.289
29/07/14,23:00:00,0.632,0.825,0.825,1.289
30/07/14,00:00:00,0.632,0.825,0.825,1.289
30/07/14,01:00:00,0.605,0.825,0.825,1.289
30/07/14,02:00:00,0.605,0.825,0.825,1.289
30/07/14,03:00:00,0.605,0.825,0.825,1.289
30/07/14,04:00:00,0.632,0.797,0.825,1.289
30/07/14,05:00:00,0.605,0.797,0.825,1.289
30/07/14,06:00:00,0.632,0.797,0.797,1.289
30/07/14,07:00:00,0.605,0.797,0.797,1.289
30/07/14,08:00:00,0.605,0.797,0.797,1.289
30/07/14,09:00:00,0.605,0.797,0.797,1.289
30/07/14,10:00:00,0.605,0.797,0.797,1.289
30/07/14,11:00:00,0.605,0.797,0.797,1.289
30/07/14,12:00:00,0.632,0.797,0.797,1.289
30/07/14,13:00:00,0.605,0.797,0.797,1.289
30/07/14,14:00:00,0.632,0.797,0.797,1.262
30/07/14,15:00:00,0.632,0.797,0.797,1.262
30/07/14,16:00:00,0.605,0.797,0.797,1.262
30/07/14,17:00:00,0.605,0.797,0.770,1.262
30/07/14,18:00:00,0.605,0.797,0.770,1.262
30/07/14,19:00:00,0.605,0.797,0.770,1.262
30/07/14,20:00:00,0.605,0.770,0.797,1.235
30/07/14,21:00:00,0.605,0.770,0.770,1.235
30/07/14,22:00:00,0.605,0.770,0.770,1.262
30/07/14,23:00:00,0.605,0.770,0.770,1.235
31/07/14,00:00:00,0.605,0.770,0.770,1.235
31/07/14,01:00:00,0.605,0.770,0.770,1.235
31/07/14,02:00:00,0.605,0.770,0.770,1.235
31/07/14,03:00:00,0.605,0.770,0.770,1.235
31/07/14,04:00:00,0.605,0.770,0.770,1.235
31/07/14,05:00:00,0.605,0.770,0.770,1.208
31/07/14,06:00:00,0.605,0.770,0.770,1.208
31/07/14,07:00:00,0.605,0.770,0.770,1.208
31/07/14,08:00:00,0.605,0.742,0.770,1.208
31/07/14,09:00:00,0.605,0.742,0.770,1.208
31/07/14,10:00:00,0.605,0.742,0.742,1.208
31/07/14,11:00:00,0.605,0.742,0.770,1.208
31/07/14,12:00:00,0.605,0.742,0.742,1.208
31/07/14,13:00:00,0.605,0.742,0.770,1.208
31/07/14,14:00:00,0.605,0.742,0.770,1.208
31/07/14,15:00:00,0.605,0.742,0.770,1.208
31/07/14,16:00:00,0.605,0.742,0.770,1.208
31/07/14,17:00:00,0.605,0.742,0.770,1.208
31/07/14,18:00:00,0.605,0.742,0.770,1.208
31/07/14,19:00:00,0.605,0.742,0.770,1.208
31/07/14,20:00:00,0.605,0.715,0.770,1.208
31/07/14,21:00:00,0.605,0.742,0.770,1.208
31/07/14,22:00:00,0.605,0.715,0.770,1.208
31/07/14,23:00:00,0.605,0.715,0.770,1.208
01/08/14,00:00:00,0.605,0.715,0.770,1.208
01/08/14,01:00:00,0.605,0.715,0.770,1.208
01/08/14,02:00:00,0.605,0.715,0.770,1.208
01/08/14,03:00:00,0.605,0.715,0.770,1.208
01/08/14,04:00:00,0.605,0.715,0.770,1.235
01/08/14,05:00:00,0.605,0.715,0.770,1.235
01/08/14,06:00:00,0.605,0.715,0.770,1.235
01/08/14,07:00:00,0.605,0.715,0.770,1.235
01/08/14,08:00:00,0.605,0.715,0.770,1.235
01/08/14,09:00:00,0.605,0.715,0.770,1.235
01/08/14,10:00:00,0.605,0.715,0.770,1.235
01/08/14,11:00:00,0.605,0.715,0.770,1.235
01/08/14,12:00:00,0.605,0.715,0.770,1.262
01/08/14,13:00:00,0.605,0.715,0.797,1.235
01/08/14,14:00:00,0.605,0.742,0.797,1.262
01/08/14,15:00:00,0.605,0.715,0.770,1.262
01/08/14,16:00:00,0.605,0.715,0.797,1.262
01/08/14,17:00:00,0.605,0.742,0.797,1.262
01/08/14,18:00:00,0.605,0.715,0.797,1.262
01/08/14,19:00:00,0.605,0.715,0.797,1.262
01/08/14,20:00:00,0.605,0.742,0.797,1.262
01/08/14,21:00:00,0.605,0.742,0.797,1.262
01/08/14,22:00:00,0.605,0.742,0.797,1.262
01/08/14,23:00:00,0.605,0.742,0.797,1.262
02/08/14,00:00:00,0.605,0.742,0.797,1.289
02/08/14,01:00:00,0.605,0.742,0.825,1.262
02/08/14,02:00:00,0.605,0.742,0.797,1.289
02/08/14,03:00:00,0.605,0.742,0.797,1.289
02/08/14,04:00:00,0.605,0.742,0.797,1.262
02/08/14,05:00:00,0.605,0.742,0.797,1.262
02/08/14,06:00:00,0.605,0.742,0.825,1.289
02/08/14,07:00:00,0.605,0.742,0.797,1.289
02/08/14,08:00:00,0.605,0.742,0.797,1.262
02/08/14,09:00:00,0.605,0.742,0.797,1.289
02/08/14,10:00:00,0.605,0.742,0.825,1.289
02/08/14,11:00:00,0.605,0.742,0.797,1.262
02/08/14,12:00:00,0.605,0.742,0.825,1.289
02/08/14,13:00:00,0.605,0.742,0.797,1.289
02/08/14,14:00:00,0.605,0.742,0.825,1.289
02/08/14,15:00:00,0.605,0.742,0.797,1.289
02/08/14,16:00:00,0.605,0.742,0.797,1.289
02/08/14,17:00:00,0.605,0.742,0.797,1.289
02/08/14,18:00:00,0.605,0.742,0.797,1.289
02/08/14,19:00:00,0.605,0.742,0.825,1.262
02/08/14,20:00:00,0.605,0.742,0.797,1.289
02/08/14,21:00:00,0.605,0.770,0.797,1.262
02/08/14,22:00:00,0.605,0.770,0.797,1.262
02/08/14,23:00:00,0.605,0.742,0.797,1.289
03/08/14,00:00:00,0.605,0.770,0.797,1.262
03/08/14,01:00:00,0.605,0.742,0.797,1.262
03/08/14,02:00:00,0.605,0.742,0.797,1.262
03/08/14,03:00:00,0.605,0.770,0.797,1.262
03/08/14,04:00:00,0.605,0.770,0.797,1.262
03/08/14,05:00:00,0.605,0.770,0.797,1.262
03/08/14,06:00:00,0.605,0.770,0.797,1.289
03/08/14,07:00:00,0.605,0.770,0.797,1.262
03/08/14,08:00:00,0.605,0.770,0.797,1.262
03/08/14,09:00:00,0.605,0.770,0.797,1.262
03/08/14,10:00:00,0.605,0.770,0.797,1.262
03/08/14,11:00:00,0.605,0.770,0.797,1.262
03/08/14,12:00:00,0.605,0.770,0.797,1.262
03/08/14,13:00:00,0.605,0.770,0.797,1.262
03/08/14,14:00:00,0.605,0.770,0.797,1.262
03/08/14,15:00:00,0.605,0.770,0.797,1.262
03/08/14,16:00:00,0.605,0.770,0.797,1.262
03/08/14,17:00:00,0.605,0.770,0.797,1.235
03/08/14,18:00:00,0.605,0.770,0.797,1.262
03/08/14,19:00:00,0.605,0.770,0.770,1.262
03/08/14,20:00:00,0.605,0.770,0.797,1.262
03/08/14,21:00:00,0.605,0.770,0.797,1.262
03/08/14,22:00:00,0.605,0.770,0.770,1.235
03/08/14,23:00:00,0.605,0.770,0.770,1.262
04/08/14,00:00:00,0.605,0.770,0.797,1.235
04/08/14,01:00:00,0.605,0.770,0.770,1.235
04/08/14,02:00:00,0.605,0.770,0.797,1.235
04/08/14,03:00:00,0.605,0.770,0.770,1.235
04/08/14,04:00:00,0.605,0.770,0.770,1.262
04/08/14,05:00:00,0.605,0.770,0.770,1.235
04/08/14,06:00:00,0.605,0.770,0.770,1.235
04/08/14,07:00:00,0.605,0.770,0.797,1.235
04/08/14,08:00:00,0.605,0.770,0.770,1.235
04/08/14,09:00:00,0.605,0.770,0.770,1.235
04/08/14,10:00:00,0.605,0.770,0.770,1.235
04/08/14,11:00:00,0.605,0.770,0.770,1.235
04/08/14,12:00:00,0.605,0.770,0.770,1.235
04/08/14,13:00:00,0.605,0.770,0.797,1.235
04/08/14,14:00:00,0.605,0.770,0.770,1.235
04/08/14,15:00:00,0.605,0.770,0.770,1.235
04/08/14,16:00:00,0.605,0.770,0.770,1.235
04/08/14,17:00:00,0.605,0.770,0.770,1.235
04/08/14,18:00:00,0.605,0.770,0.770,1.235
04/08/14,19:00:00,0.605,0.770,0.770,1.235
04/08/14,20:00:00,0.605,0.770,0.770,1.235
04/08/14,21:00:00,0.605,0.770,0.770,1.235
04/08/14,22:00:00,0.605,0.770,0.770,1.235
04/08/14,23:00:00,0.605,0.770,0.770,1.235
05/08/14,00:00:00,0.605,0.770,0.770,1.235
05/08/14,01:00:00,0.577,0.770,0.770,1.235
05/08/14,02:00:00,0.577,0.770,0.770,1.235
05/08/14,03:00:00,0.605,0.770,0.770,1.208
05/08/14,04:00:00,0.605,0.770,0.770,1.208
05/08/14,05:00:00,0.577,0.770,0.770,1.235
05/08/14,06:00:00,0.577,0.770,0.770,1.208
05/08/14,07:00:00,0.577,0.770,0.770,1.235
05/08/14,08:00:00,0.577,0.770,0.770,1.208
05/08/14,09:00:00,0.577,0.770,0.770,1.235
05/08/14,10:00:00,0.577,0.742,0.770,1.208
05/08/14,11:00:00,0.577,0.770,0.770,1.208
05/08/14,12:00:00,0.577,0.770,0.770,1.235
05/08/14,13:00:00,0.577,0.770,0.770,1.235
05/08/14,14:00:00,0.577,0.770,0.770,1.208
05/08/14,15:00:00,0.577,0.770,0.770,1.208
05/08/14,16:00:00,0.577,0.770,0.770,1.208
05/08/14,17:00:00,0.550,0.770,0.770,1.208
05/08/14,18:00:00,0.550,0.770,0.770,1.208
05/08/14,19:00:00,0.550,0.770,0.770,1.208
05/08/14,20:00:00,0.550,0.770,0.770,1.208
05/08/14,21:00:00,0.550,0.770,0.770,1.208
05/08/14,22:00:00,0.550,0.770,0.770,1.208
05/08/14,23:00:00,0.550,0.770,0.770,1.208
06/08/14,00:00:00,0.550,0.770,0.770,1.208
06/08/14,01:00:00,0.550,0.770,0.770,1.235
06/08/14,02:00:00,0.550,0.742,0.770,1.208
06/08/14,03:00:00,0.550,0.770,0.770,1.208
06/08/14,04:00:00,0.550,0.742,0.770,1.235
06/08/14,05:00:00,0.550,0.770,0.770,1.208
06/08/14,06:00:00,0.550,0.770,0.770,1.208
06/08/14,07:00:00,0.550,0.770,0.770,1.208
06/08/14,08:00:00,0.550,0.770,0.770,1.208
06/08/14,09:00:00,0.550,0.770,0.770,1.208
06/08/14,10:00:00,0.522,0.742,0.770,1.208
06/08/14,11:00:00,0.550,0.742,0.770,1.208
06/08/14,12:00:00,0.522,0.742,0.770,1.208
06/08/14,13:00:00,0.550,0.770,0.770,1.208
06/08/14,14:00:00,0.522,0.770,0.770,1.208
06/08/14,15:00:00,0.522,0.742,0.770,1.208
06/08/14,16:00:00,0.522,0.742,0.770,1.208
06/08/14,17:00:00,0.522,0.742,0.770,1.208
06/08/14,18:00:00,0.522,0.770,0.770,1.208
06/08/14,19:00:00,0.522,0.770,0.770,1.208
06/08/14,20:00:00,0.522,0.742,0.770,1.208
06/08/14,21:00:00,0.522,0.770,0.770,1.208
06/08/14,22:00:00,0.522,0.742,0.742,1.208
06/08/14,23:00:00,0.522,0.742,0.770,1.208
07/08/14,00:00:00,0.522,0.742,0.770,1.208
07/08/14,01:00:00,0.522,0.742,0.770,1.208
07/08/14,02:00:00,0.522,0.742,0.742,1.208
07/08/14,03:00:00,0.522,0.742,0.770,1.208
07/08/14,04:00:00,0.522,0.742,0.770,1.208
07/08/14,05:00:00,0.522,0.742,0.770,1.208
07/08/14,06:00:00,0.522,0.742,0.770,1.208
07/08/14,07:00:00,0.522,0.742,0.770,1.208
07/08/14,08:00:00,0.522,0.742,0.770,1.208
07/08/14,09:00:00,0.522,0.742,0.770,1.208
07/08/14,10:00:00,0.522,0.742,0.770,1.208
07/08/14,11:00:00,0.522,0.742,0.770,1.208
07/08/14,12:00:00,0.522,0.742,0.770,1.208
07/08/14,13:00:00,0.522,0.742,0.770,1.208
07/08/14,14:00:00,0.522,0.742,0.770,1.208
07/08/14,15:00:00,0.522,0.742,0.770,1.208
07/08/14,16:00:00,0.522,0.742,0.770,1.208
07/08/14,17:00:00,0.522,0.742,0.770,1.208
07/08/14,18:00:00,0.522,0.742,0.742,1.208
07/08/14,19:00:00,0.522,0.742,0.770,1.208
07/08/14,20:00:00,0.522,0.742,0.770,1.208
07/08/14,21:00:00,0.522,0.742,0.770,1.235
07/08/14,22:00:00,0.522,0.742,0.770,1.208
07/08/14,23:00:00,0.522,0.742,0.770,1.208
08/08/14,00:00:00,0.522,0.742,0.770,1.208
08/08/14,01:00:00,0.522,0.742,0.770,1.208
08/08/14,02:00:00,0.522,0.742,0.770,1.208
08/08/14,03:00:00,0.522,0.742,0.770,1.208
08/08/14,04:00:00,0.522,0.742,0.770,1.208
08/08/14,05:00:00,0.522,0.742,0.770,1.208
08/08/14,06:00:00,0.522,0.742,0.770,1.208
08/08/14,07:00:00,0.522,0.742,0.770,1.208
08/08/14,08:00:00,0.522,0.742,0.770,1.208
08/08/14,09:00:00,0.522,0.742,0.742,1.208
08/08/14,10:00:00,0.522,0.742,0.770,1.208
08/08/14,11:00:00,0.522,0.742,0.770,1.208
08/08/14,12:00:00,0.522,0.742,0.742,1.208
08/08/14,13:00:00,0.522,0.742,0.770,1.208
08/08/14,14:00:00,0.522,0.742,0.770,1.208
08/08/14,15:00:00,0.522,0.742,0.770,1.208
08/08/14,16:00:00,0.550,0.742,0.770,1.208
08/08/14,17:00:00,0.522,0.715,0.770,1.208
08/08/14,18:00:00,0.522,0.742,0.742,1.208
08/08/14,19:00:00,0.550,0.742,0.770,1.235
08/08/14,20:00:00,0.550,0.742,0.770,1.208
08/08/14,21:00:00,0.550,0.742,0.770,1.208
08/08/14,22:00:00,0.550,0.742,0.770,1.208
08/08/14,23:00:00,0.550,0.742,0.742,1.208
09/08/14,00:00:00,0.550,0.742,0.742,1.208
09/08/14,01:00:00,0.550,0.742,0.770,1.208
09/08/14,02:00:00,0.550,0.742,0.770,1.208
09/08/14,03:00:00,0.550,0.742,0.770,1.208
09/08/14,04:00:00,0.550,0.715,0.742,1.208
09/08/14,05:00:00,0.550,0.742,0.770,1.208
09/08/14,06:00:00,0.550,0.742,0.770,1.208
09/08/14,07:00:00,0.550,0.742,0.742,1.208
09/08/14,08:00:00,0.550,0.715,0.742,1.208
09/08/14,09:00:00,0.550,0.715,0.742,1.208
09/08/14,10:00:00,0.550,0.715,0.742,1.208
09/08/14,11:00:00,0.550,0.742,0.770,1.208
09/08/14,12:00:00,0.550,0.687,0.742,1.208
09/08/14,13:00:00,0.550,0.715,0.742,1.208
09/08/14,14:00:00,0.550,0.715,0.742,1.208
09/08/14,15:00:00,0.550,0.715,0.770,1.208
09/08/14,16:00:00,0.550,0.715,0.742,1.208
09/08/14,17:00:00,0.550,0.715,0.742,1.208
09/08/14,18:00:00,0.550,0.715,0.742,1.208
09/08/14,19:00:00,0.550,0.715,0.742,1.208
09/08/14,20:00:00,0.550,0.715,0.742,1.208
09/08/14,21:00:00,0.550,0.687,0.742,1.208
09/08/14,22:00:00,0.550,0.687,0.742,1.208
09/08/14,23:00:00,0.550,0.715,0.742,1.208
10/08/14,00:00:00,0.550,0.687,0.742,1.208
10/08/14,01:00:00,0.550,0.715,0.742,1.208
10/08/14,02:00:00,0.550,0.715,0.742,1.208
10/08/14,03:00:00,0.550,0.687,0.742,1.208
10/08/14,04:00:00,0.550,0.687,0.742,1.208
10/08/14,05:00:00,0.550,0.687,0.742,1.208
10/08/14,06:00:00,0.550,0.687,0.742,1.180
10/08/14,07:00:00,0.550,0.687,0.742,1.208
10/08/14,08:00:00,0.550,0.687,0.742,1.208
10/08/14,09:00:00,0.550,0.687,0.715,1.180
10/08/14,10:00:00,0.550,0.687,0.742,1.208
10/08/14,11:00:00,0.550,0.687,0.742,1.208
10/08/14,12:00:00,0.550,0.687,0.715,1.208
10/08/14,13:00:00,0.550,0.687,0.742,1.180
10/08/14,14:00:00,0.550,0.687,0.715,1.208
10/08/14,15:00:00,0.550,0.687,0.742,1.180
10/08/14,16:00:00,0.550,0.687,0.715,1.180
10/08/14,17:00:00,0.550,0.687,0.715,1.208
10/08/14,18:00:00,0.550,0.687,0.715,1.180
10/08/14,19:00:00,0.550,0.687,0.715,1.208
10/08/14,20:00:00,0.550,0.687,0.715,1.180
10/08/14,21:00:00,0.550,0.687,0.715,1.180
10/08/14,22:00:00,0.550,0.687,0.742,1.180
10/08/14,23:00:00,0.550,0.687,0.715,1.180
11/08/14,00:00:00,0.550,0.687,0.715,1.180
11/08/14,01:00:00,0.550,0.687,0.715,1.180
11/08/14,02:00:00,0.550,0.687,0.715,1.180
11/08/14,03:00:00,0.550,0.687,0.715,1.180
11/08/14,04:00:00,0.550,0.687,0.715,1.180
11/08/14,05:00:00,0.550,0.687,0.715,1.208
11/08/14,06:00:00,0.550,0.687,0.715,1.180
11/08/14,07:00:00,0.550,0.687,0.715,1.180
11/08/14,08:00:00,0.550,0.687,0.715,1.208
11/08/14,09:00:00,0.550,0.687,0.742,1.180
11/08/14,10:00:00,0.550,0.687,0.715,1.180
11/08/14,11:00:00,0.550,0.687,0.715,1.180
11/08/14,12:00:00,0.550,0.687,0.715,1.180
11/08/14,13:00:00,0.550,0.687,0.715,1.180
11/08/14,14:00:00,0.550,0.687,0.715,1.180
11/08/14,15:00:00,0.550,0.687,0.715,1.180
11/08/14,16:00:00,0.550,0.687,0.715,1.180
11/08/14,17:00:00,0.550,0.687,0.715,1.180
11/08/14,18:00:00,0.550,0.687,0.715,1.180
11/08/14,19:00:00,0.550,0.687,0.715,1.180
11/08/14,20:00:00,0.550,0.687,0.715,1.180
11/08/14,21:00:00,0.550,0.687,0.715,1.180
11/08/14,22:00:00,0.550,0.687,0.715,1.208
11/08/14,23:00:00,0.550,0.687,0.715,1.180
12/08/14,00:00:00,0.550,0.687,0.715,1.180
12/08/14,01:00:00,0.550,0.687,0.715,1.180
12/08/14,02:00:00,0.550,0.687,0.715,1.180
12/08/14,03:00:00,0.550,0.687,0.715,1.180
12/08/14,04:00:00,0.550,0.687,0.715,1.180
12/08/14,05:00:00,0.550,0.687,0.715,1.180
12/08/14,06:00:00,0.550,0.687,0.715,1.180
12/08/14,07:00:00,0.550,0.687,0.715,1.180
12/08/14,08:00:00,0.550,0.687,0.715,1.180
12/08/14,09:00:00,0.550,0.687,0.715,1.180
12/08/14,10:00:00,0.550,0.687,0.715,1.180
12/08/14,11:00:00,0.550,0.687,0.715,1.180
12/08/14,12:00:00,0.550,0.687,0.715,1.180
12/08/14,13:00:00,0.550,0.687,0.715,1.180
12/08/14,14:00:00,0.550,0.687,0.715,1.180
12/08/14,15:00:00,0.550,0.687,0.715,1.180
12/08/14,16:00:00,0.550,0.687,0.715,1.180
12/08/14,17:00:00,0.550,0.687,0.715,1.180
12/08/14,18:00:00,0.550,0.687,0.715,1.180
12/08/14,19:00:00,0.550,0.687,0.715,1.180
12/08/14,20:00:00,0.550,0.687,0.715,1.180
12/08/14,21:00:00,0.550,0.687,0.715,1.180
12/08/14,22:00:00,0.550,0.687,0.715,1.180
12/08/14,23:00:00,0.550,0.687,0.715,1.180
13/08/14,00:00:00,0.550,0.687,0.715,1.180
13/08/14,01:00:00,0.550,0.687,0.715,1.180
13/08/14,02:00:00,0.550,0.687,0.715,1.180
13/08/14,03:00:00,0.550,0.687,0.715,1.180
13/08/14,04:00:00,0.550,0.687,0.715,1.180
13/08/14,05:00:00,0.550,0.687,0.715,1.180
13/08/14,06:00:00,0.522,0.687,0.715,1.180
13/08/14,07:00:00,0.550,0.687,0.715,1.180
13/08/14,08:00:00,0.550,0.687,0.715,1.180
13/08/14,09:00:00,0.550,0.687,0.715,1.180
13/08/14,10:00:00,0.522,0.687,0.715,1.180
13/08/14,11:00:00,0.550,0.687,0.715,1.180
13/08/14,12:00:00,0.550,0.687,0.715,1.180
13/08/14,13:00:00,0.550,0.687,0.715,1.180
13/08/14,14:00:00,0.550,0.687,0.715,1.180
13/08/14,15:00:00,0.522,0.687,0.715,1.180
13/08/14,16:00:00,0.522,0.687,0.715,1.180
13/08/14,17:00:00,0.522,0.687,0.715,1.180
13/08/14,18:00:00,0.550,0.687,0.715,1.180
13/08/14,19:00:00,0.550,0.687,0.715,1.180
13/08/14,20:00:00,0.522,0.687,0.715,1.180
13/08/14,21:00:00,0.522,0.687,0.715,1.180
13/08/14,22:00:00,0.522,0.687,0.715,1.180
13/08/14,23:00:00,0.522,0.687,0.715,1.180
14/08/14,00:00:00,0.522,0.687,0.715,1.180
14/08/14,01:00:00,0.522,0.687,0.715,1.180
14/08/14,02:00:00,0.522,0.687,0.715,1.180
14/08/14,03:00:00,0.522,0.687,0.715,1.180
14/08/14,04:00:00,0.522,0.687,0.715,1.180
14/08/14,05:00:00,0.522,0.687,0.715,1.180
14/08/14,06:00:00,0.522,0.687,0.715,1.180
14/08/14,07:00:00,0.522,0.687,0.715,1.180
14/08/14,08:00:00,0.522,0.687,0.715,1.180
14/08/14,09:00:00,0.522,0.687,0.715,1.180
14/08/14,10:00:00,0.522,0.687,0.715,1.180
14/08/14,11:00:00,0.522,0.687,0.715,1.180
14/08/14,12:00:00,0.522,0.687,0.715,1.180
14/08/14,13:00:00,0.522,0.660,0.715,1.180
14/08/14,14:00:00,0.522,0.687,0.715,1.180
14/08/14,15:00:00,0.522,0.687,0.715,1.180
14/08/14,16:00:00,0.522,0.687,0.715,1.180
14/08/14,17:00:00,0.522,0.687,0.715,1.180
14/08/14,18:00:00,0.522,0.660,0.715,1.180
14/08/14,19:00:00,0.522,0.687,0.715,1.180
14/08/14,20:00:00,0.522,0.687,0.715,1.180
14/08/14,21:00:00,0.522,0.687,0.715,1.180
14/08/14,22:00:00,0.522,0.687,0.715,1.180
14/08/14,23:00:00,0.522,0.687,0.715,1.180
15/08/14,00:00:00,0.522,0.687,0.715,1.180
15/08/14,01:00:00,0.522,0.687,0.715,1.180
15/08/14,02:00:00,0.522,0.687,0.715,1.180
15/08/14,03:00:00,0.522,0.660,0.715,1.180
15/08/14,04:00:00,0.522,0.687,0.715,1.180
15/08/14,05:00:00,0.522,0.687,0.715,1.180
15/08/14,06:00:00,0.522,0.660,0.715,1.180
15/08/14,07:00:00,0.522,0.687,0.715,1.180
15/08/14,08:00:00,0.522,0.660,0.715,1.180
15/08/14,09:00:00,0.522,0.660,0.687,1.180
15/08/14,10:00:00,0.522,0.660,0.715,1.180
15/08/14,11:00:00,0.522,0.660,0.715,1.180
15/08/14,12:00:00,0.522,0.687,0.715,1.180
15/08/14,13:00:00,0.522,0.660,0.687,1.180
15/08/14,14:00:00,0.522,0.687,0.715,1.180
15/08/14,15:00:00,0.522,0.660,0.715,1.180
15/08/14,16:00:00,0.522,0.660,0.715,1.180
15/08/14,17:00:00,0.522,0.660,0.687,1.180
15/08/14,18:00:00,0.522,0.660,0.715,1.180
15/08/14,19:00:00,0.522,0.660,0.715,1.180
15/08/14,20:00:00,0.522,0.687,0.715,1.180
15/08/14,21:00:00,0.522,0.687,0.687,1.180
15/08/14,22:00:00,0.522,0.660,0.687,1.180
15/08/14,23:00:00,0.522,0.660,0.687,1.180
16/08/14,00:00:00,0.522,0.660,0.715,1.180
16/08/14,01:00:00,0.522,0.660,0.715,1.180
16/08/14,02:00:00,0.522,0.660,0.687,1.180
16/08/14,03:00:00,0.522,0.660,0.687,1.180
16/08/14,04:00:00,0.522,0.660,0.687,1.180
16/08/14,05:00:00,0.522,0.660,0.687,1.180
16/08/14,06:00:00,0.522,0.660,0.687,1.180
16/08/14,07:00:00,0.522,0.660,0.687,1.180
16/08/14,08:00:00,0.522,0.660,0.687,1.180
16/08/14,09:00:00,0.522,0.660,0.715,1.180
16/08/14,10:00:00,0.522,0.660,0.687,1.180
16/08/14,11:00:00,0.522,0.660,0.687,1.180
16/08/14,12:00:00,0.522,0.660,0.687,1.180
16/08/14,13:00:00,0.522,0.660,0.687,1.180
16/08/14,14:00:00,0.522,0.660,0.687,1.180
16/08/14,15:00:00,0.522,0.660,0.687,1.180
16/08/14,16:00:00,0.522,0.660,0.687,1.180
16/08/14,17:00:00,0.522,0.660,0.715,1.180
16/08/14,18:00:00,0.522,0.660,0.687,1.180
16/08/14,19:00:00,0.522,0.660,0.687,1.180
16/08/14,20:00:00,0.522,0.660,0.687,1.180
16/08/14,21:00:00,0.522,0.660,0.687,1.180
16/08/14,22:00:00,0.522,0.660,0.687,1.180
16/08/14,23:00:00,0.522,0.660,0.687,1.180
17/08/14,00:00:00,0.522,0.660,0.687,1.180
17/08/14,01:00:00,0.522,0.660,0.687,1.180
17/08/14,02:00:00,0.522,0.660,0.687,1.180
17/08/14,03:00:00,0.522,0.660,0.687,1.180
17/08/14,04:00:00,0.522,0.660,0.687,1.180
17/08/14,05:00:00,0.522,0.660,0.687,1.180
17/08/14,06:00:00,0.522,0.660,0.687,1.180
17/08/14,07:00:00,0.522,0.660,0.687,1.180
17/08/14,08:00:00,0.522,0.660,0.687,1.180
17/08/14,09:00:00,0.522,0.660,0.687,1.180
17/08/14,10:00:00,0.522,0.660,0.687,1.180
17/08/14,11:00:00,0.522,0.660,0.687,1.180
17/08/14,12:00:00,0.522,0.660,0.687,1.180
17/08/14,13:00:00,0.522,0.660,0.687,1.180
17/08/14,14:00:00,0.522,0.660,0.687,1.180
17/08/14,15:00:00,0.522,0.660,0.687,1.180
17/08/14,16:00:00,0.522,0.660,0.687,1.180
17/08/14,17:00:00,0.522,0.660,0.687,1.180
17/08/14,18:00:00,0.522,0.660,0.687,1.180
17/08/14,19:00:00,0.522,0.660,0.687,1.180
17/08/14,20:00:00,0.522,0.660,0.687,1.180
17/08/14,21:00:00,0.522,0.660,0.687,1.180
17/08/14,22:00:00,0.522,0.660,0.687,1.180
17/08/14,23:00:00,0.522,0.660,0.687,1.180
18/08/14,00:00:00,0.522,0.660,0.687,1.180
18/08/14,01:00:00,0.522,0.660,0.687,1.180
18/08/14,02:00:00,0.522,0.660,0.687,1.180
18/08/14,03:00:00,0.522,0.660,0.687,1.180
18/08/14,04:00:00,0.522,0.660,0.687,1.180
18/08/14,05:00:00,0.522,0.660,0.687,1.180
18/08/14,06:00:00,0.522,0.660,0.687,1.180
18/08/14,07:00:00,0.522,0.660,0.687,1.180
18/08/14,08:00:00,0.522,0.660,0.660,1.180
18/08/14,09:00:00,0.522,0.660,0.660,1.180
18/08/14,10:00:00,0.522,0.660,0.687,1.180
18/08/14,11:00:00,0.522,0.660,0.687,1.180
18/08/14,12:00:00,0.522,0.660,0.660,1.180
18/08/14,13:00:00,0.522,0.660,0.687,1.180
18/08/14,14:00:00,0.522,0.660,0.687,1.180
18/08/14,15:00:00,0.522,0.660,0.660,1.180
18/08/14,16:00:00,0.522,0.660,0.660,1.180
18/08/14,17:00:00,0.522,0.660,0.660,1.180
18/08/14,18:00:00,0.522,0.660,0.660,1.180
18/08/14,19:00:00,0.522,0.660,0.660,1.180
18/08/14,20:00:00,0.522,0.660,0.660,1.180
18/08/14,21:00:00,0.522,0.660,0.660,1.180
18/08/14,22:00:00,0.522,0.660,0.632,1.180
18/08/14,23:00:00,0.522,0.660,0.605,1.153
19/08/14,00:00:00,0.522,0.660,0.605,1.126
19/08/14,01:00:00,0.522,0.660,0.577,1.099
19/08/14,02:00:00,0.522,0.660,0.577,1.071
19/08/14,03:00:00,0.522,0.660,0.577,1.099
19/08/14,04:00:00,0.522,0.660,0.577,1.071
19/08/14,05:00:00,0.522,0.660,0.577,1.044
19/08/14,06:00:00,0.522,0.660,0.577,1.071
19/08/14,07:00:00,0.522,0.660,0.577,1.044
19/08/14,08:00:00,0.522,0.660,0.577,1.044
19/08/14,09:00:00,0.522,0.660,0.577,1.044
19/08/14,10:00:00,0.522,0.660,0.577,1.044
19/08/14,11:00:00,0.522,0.660,0.577,1.071
19/08/14,12:00:00,0.522,0.660,0.577,1.044
19/08/14,13:00:00,0.522,0.660,0.577,1.044
19/08/14,14:00:00,0.522,0.660,0.577,1.044
19/08/14,15:00:00,0.522,0.660,0.577,1.044
19/08/14,16:00:00,0.522,0.660,0.577,1.044
19/08/14,17:00:00,0.522,0.660,0.550,1.017
19/08/14,18:00:00,0.522,0.660,0.550,1.017
19/08/14,19:00:00,0.522,0.660,0.522,0.989
19/08/14,20:00:00,0.522,0.660,0.522,0.989
19/08/14,21:00:00,0.522,0.660,0.522,0.934
19/08/14,22:00:00,0.522,0.660,0.522,0.907
19/08/14,23:00:00,0.522,0.660,0.522,0.907
20/08/14,00:00:00,0.522,0.660,0.522,0.907
20/08/14,01:00:00,0.522,0.660,0.522,0.907
20/08/14,02:00:00,0.522,0.660,0.522,0.907
20/08/14,03:00:00,0.522,0.660,0.522,0.907
20/08/14,04:00:00,0.522,0.660,0.522,0.934
20/08/14,05:00:00,0.522,0.660,0.550,0.934
20/08/14,06:00:00,0.522,0.660,0.550,0.934
20/08/14,07:00:00,0.522,0.660,0.550,0.934
20/08/14,08:00:00,0.522,0.632,0.550,0.934
20/08/14,09:00:00,0.522,0.660,0.550,0.934
20/08/14,10:00:00,0.522,0.660,0.550,0.989
20/08/14,11:00:00,0.522,0.660,0.550,0.989
20/08/14,12:00:00,0.522,0.660,0.550,0.989
20/08/14,13:00:00,0.522,0.660,0.550,0.934
20/08/14,14:00:00,0.522,0.660,0.550,1.017
20/08/14,15:00:00,0.522,0.632,0.550,1.017
20/08/14,16:00:00,0.522,0.632,0.550,1.017
20/08/14,17:00:00,0.522,0.632,0.577,1.017
20/08/14,18:00:00,0.522,0.632,0.550,1.017
20/08/14,19:00:00,0.522,0.632,0.550,1.017
20/08/14,20:00:00,0.522,0.660,0.550,1.017
20/08/14,21:00:00,0.522,0.632,0.550,1.017
20/08/14,22:00:00,0.522,0.632,0.550,1.017
20/08/14,23:00:00,0.522,0.660,0.577,1.017
21/08/14,00:00:00,0.522,0.632,0.577,1.044
21/08/14,01:00:00,0.522,0.632,0.577,1.044
21/08/14,02:00:00,0.522,0.632,0.577,1.044
21/08/14,03:00:00,0.522,0.660,0.577,1.044
21/08/14,04:00:00,0.522,0.632,0.577,1.044
21/08/14,05:00:00,0.522,0.632,0.577,1.044
21/08/14,06:00:00,0.522,0.632,0.577,1.044
21/08/14,07:00:00,0.522,0.605,0.577,1.044
21/08/14,08:00:00,0.522,0.632,0.577,1.044
21/08/14,09:00:00,0.522,0.632,0.577,1.044
21/08/14,10:00:00,0.522,0.632,0.577,1.044
21/08/14,11:00:00,0.522,0.632,0.577,1.044
21/08/14,12:00:00,0.522,0.632,0.577,1.044
21/08/14,13:00:00,0.522,0.632,0.577,1.044
21/08/14,14:00:00,0.522,0.605,0.577,1.044
21/08/14,15:00:00,0.522,0.605,0.577,1.044
21/08/14,16:00:00,0.522,0.632,0.577,1.044
21/08/14,17:00:00,0.522,0.632,0.577,0.989
21/08/14,18:00:00,0.522,0.632,0.577,1.044
21/08/14,19:00:00,0.522,0.605,0.577,1.044
21/08/14,20:00:00,0.522,0.605,0.577,1.044
21/08/14,21:00:00,0.522,0.632,0.577,1.044
21/08/14,22:00:00,0.522,0.632,0.577,1.044
21/08/14,23:00:00,0.522,0.605,0.577,1.044
22/08/14,00:00:00,0.522,0.605,0.577,0.989
22/08/14,01:00:00,0.522,0.632,0.577,1.044
22/08/14,02:00:00,0.522,0.605,0.577,1.044
22/08/14,03:00:00,0.522,0.605,0.577,0.989
22/08/14,04:00:00,0.522,0.605,0.577,1.044
22/08/14,05:00:00,0.522,0.605,0.577,1.044
22/08/14,06:00:00,0.522,0.605,0.577,1.044
22/08/14,07:00:00,0.522,0.605,0.577,1.044
22/08/14,08:00:00,0.522,0.605,0.577,0.989
22/08/14,09:00:00,0.522,0.605,0.577,0.989
22/08/14,10:00:00,0.522,0.605,0.577,0.989
22/08/14,11:00:00,0.522,0.605,0.577,1.044
22/08/14,12:00:00,0.522,0.605,0.577,0.989
22/08/14,13:00:00,0.522,0.605,0.550,0.989
22/08/14,14:00:00,0.522,0.605,0.577,0.989
22/08/14,15:00:00,0.522,0.605,0.577,1.044
22/08/14,16:00:00,0.522,0.605,0.577,0.989
22/08/14,17:00:00,0.522,0.605,0.577,0.989
22/08/14,18:00:00,0.522,0.605,0.577,0.989
22/08/14,19:00:00,0.522,0.605,0.550,0.962
22/08/14,20:00:00,0.522,0.605,0.577,0.989
22/08/14,21:00:00,0.522,0.605,0.577,0.989
22/08/14,22:00:00,0.522,0.605,0.577,0.989
22/08/14,23:00:00,0.522,0.605,0.577,0.989
23/08/14,00:00:00,0.522,0.605,0.577,0.962
23/08/14,01:00:00,0.522,0.605,0.577,0.962
23/08/14,02:00:00,0.522,0.605,0.577,0.989
23/08/14,03:00:00,0.522,0.605,0.577,0.989
23/08/14,04:00:00,0.522,0.605,0.577,0.962
23/08/14,05:00:00,0.522,0.605,0.577,0.989
23/08/14,06:00:00,0.522,0.605,0.577,0.962
23/08/14,07:00:00,0.522,0.605,0.550,0.989
23/08/14,08:00:00,0.522,0.605,0.577,0.962
23/08/14,09:00:00,0.522,0.605,0.550,0.962
23/08/14,10:00:00,0.522,0.605,0.577,0.989
23/08/14,11:00:00,0.522,0.605,0.577,0.962
23/08/14,12:00:00,0.522,0.605,0.550,0.962
23/08/14,13:00:00,0.522,0.605,0.577,0.962
23/08/14,14:00:00,0.522,0.605,0.577,0.989
23/08/14,15:00:00,0.522,0.605,0.550,0.962
23/08/14,16:00:00,0.522,0.605,0.550,0.962
23/08/14,17:00:00,0.522,0.605,0.577,0.989
23/08/14,18:00:00,0.522,0.605,0.550,0.962
23/08/14,19:00:00,0.522,0.605,0.550,0.962
23/08/14,20:00:00,0.522,0.605,0.550,0.962
23/08/14,21:00:00,0.522,0.605,0.577,0.962
23/08/14,22:00:00,0.522,0.605,0.550,0.962
23/08/14,23:00:00,0.522,0.605,0.550,0.989
24/08/14,00:00:00,0.522,0.577,0.550,0.962
24/08/14,01:00:00,0.522,0.577,0.550,0.962
24/08/14,02:00:00,0.715,1.778,3.643,4.688
24/08/14,03:00:00,0.522,0.577,0.550,0.962
24/08/14,04:00:00,0.522,0.605,0.550,0.962
24/08/14,05:00:00,0.522,0.605,0.550,0.962
24/08/14,06:00:00,0.522,0.577,0.550,0.962
24/08/14,07:00:00,0.522,0.605,0.550,0.962
24/08/14,08:00:00,0.522,0.577,0.550,0.934
24/08/14,09:00:00,0.522,0.577,0.550,0.962
24/08/14,10:00:00,0.522,0.577,0.550,0.934
24/08/14,11:00:00,0.522,4.376,6.382,5.770
24/08/14,12:00:00,0.522,0.577,0.550,0.934
24/08/14,13:00:00,0.522,0.577,0.550,0.934
24/08/14,14:00:00,0.522,0.605,0.550,0.934
24/08/14,15:00:00,0.522,0.577,0.550,0.934
24/08/14,16:00:00,0.522,0.577,0.550,0.934
24/08/14,17:00:00,0.522,0.577,0.522,0.934
24/08/14,18:00:00,0.522,0.577,0.522,0.907
24/08/14,19:00:00,0.522,0.577,0.495,0.825
24/08/14,20:00:00,0.522,0.577,4.168,5.102
24/08/14,21:00:00,0.522,0.577,0.384,0.715
24/08/14,22:00:00,0.522,0.577,0.356,0.660
24/08/14,23:00:00,0.522,0.577,0.356,0.660
25/08/14,00:00:00,0.522,0.577,0.329,0.632
25/08/14,01:00:00,0.522,0.577,0.329,0.632
25/08/14,02:00:00,0.522,0.550,0.356,0.632
25/08/14,03:00:00,0.522,0.577,0.356,0.660
25/08/14,04:00:00,0.522,0.550,0.356,0.660
25/08/14,05:00:00,0.522,0.577,0.329,4.298
25/08/14,06:00:00,0.522,0.577,0.384,0.687
25/08/14,07:00:00,0.522,0.577,0.384,0.660
25/08/14,08:00:00,0.522,0.577,0.384,0.660
25/08/14,09:00:00,0.522,0.550,0.384,0.715
25/08/14,10:00:00,0.522,0.577,0.412,0.715
25/08/14,11:00:00,0.522,0.577,0.412,0.715
25/08/14,12:00:00,0.522,0.577,0.412,0.715
25/08/14,13:00:00,0.522,0.577,0.412,0.742
25/08/14,14:00:00,0.522,0.550,0.412,5.102
25/08/14,15:00:00,0.522,0.550,0.439,0.770
25/08/14,16:00:00,0.522,0.550,0.439,0.770
25/08/14,17:00:00,0.522,0.550,0.495,0.770
25/08/14,18:00:00,0.522,0.550,0.439,0.770
25/08/14,19:00:00,0.522,0.550,0.495,0.770
25/08/14,20:00:00,0.522,0.550,0.495,0.770
25/08/14,21:00:00,0.522,0.550,0.495,0.770
25/08/14,22:00:00,0.522,0.550,0.495,0.797
25/08/14,23:00:00,0.522,0.550,0.495,0.770
26/08/14,00:00:00,0.522,0.550,0.495,0.797
26/08/14,01:00:00,0.522,0.550,0.495,0.770
26/08/14,02:00:00,0.522,0.550,0.495,0.797
26/08/14,03:00:00,0.522,0.550,0.439,0.797
26/08/14,04:00:00,0.522,0.550,0.495,0.797
26/08/14,05:00:00,0.522,0.550,0.495,0.770
26/08/14,06:00:00,0.522,0.550,0.439,0.797
26/08/14,07:00:00,0.522,0.550,0.439,0.770
26/08/14,08:00:00,0.522,0.550,0.439,0.797
26/08/14,09:00:00,0.522,0.550,0.439,0.797
26/08/14,10:00:00,0.522,0.550,0.439,0.770
26/08/14,11:00:00,0.522,0.550,0.439,0.770
26/08/14,12:00:00,0.522,0.550,0.439,0.770
26/08/14,13:00:00,0.522,0.550,0.412,0.770
26/08/14,14:00:00,0.522,0.550,0.384,0.742
26/08/14,15:00:00,0.522,0.550,0.329,0.660
26/08/14,16:00:00,0.522,0.550,0.301,0.660
26/08/14,17:00:00,0.495,0.550,0.218,0.632
26/08/14,18:00:00,0.687,-0.171,2.610,3.958
26/08/14,19:00:00,0.522,0.550,0.190,0.577
26/08/14,20:00:00,0.522,0.550,0.163,0.550
26/08/14,21:00:00,0.522,0.550,0.163,0.550
26/08/14,22:00:00,0.495,0.550,0.190,0.550
26/08/14,23:00:00,0.495,0.550,0.163,0.550
27/08/14,00:00:00,0.495,0.550,0.163,0.550
27/08/14,01:00:00,0.522,0.550,0.190,0.550
27/08/14,02:00:00,0.495,0.550,0.190,0.550
27/08/14,03:00:00,0.522,0.522,1.805,3.116
27/08/14,04:00:00,0.495,0.550,0.190,0.550
27/08/14,05:00:00,0.495,0.550,0.190,0.577
27/08/14,06:00:00,0.522,0.550,0.190,0.577
27/08/14,07:00:00,0.495,0.550,0.190,0.577
27/08/14,08:00:00,0.495,0.550,0.218,0.577
27/08/14,09:00:00,0.495,0.550,0.218,0.605
27/08/14,10:00:00,0.495,0.550,0.218,0.605
27/08/14,11:00:00,0.495,0.550,0.246,0.605
27/08/14,12:00:00,0.495,0.550,4.063,4.011
27/08/14,13:00:00,0.495,0.550,0.301,0.632
27/08/14,14:00:00,0.495,0.550,0.301,0.632
27/08/14,15:00:00,0.495,0.550,0.301,0.632
27/08/14,16:00:00,0.522,0.550,0.329,0.660
27/08/14,17:00:00,0.495,0.550,0.329,0.632
27/08/14,18:00:00,0.495,0.550,0.329,0.660
27/08/14,19:00:00,0.495,0.550,0.329,0.632
27/08/14,20:00:00,0.495,0.550,0.329,0.660
27/08/14,21:00:00,0.495,0.550,0.246,4.089
27/08/14,22:00:00,0.495,0.550,0.301,0.632
27/08/14,23:00:00,0.495,0.550,0.301,0.632
28/08/14,00:00:00,0.495,0.550,0.301,0.632
28/08/14,01:00:00,0.495,0.550,0.329,0.632
28/08/14,02:00:00,0.495,0.550,0.329,0.632
28/08/14,03:00:00,0.495,0.550,0.329,0.632
28/08/14,04:00:00,0.495,0.550,0.329,0.660
28/08/14,05:00:00,0.495,0.522,0.329,0.660
28/08/14,06:00:00,0.495,0.550,0.329,4.350
28/08/14,07:00:00,0.495,0.550,0.329,0.660
28/08/14,08:00:00,0.495,0.550,0.329,0.660
28/08/14,09:00:00,0.495,0.522,0.329,0.660
28/08/14,10:00:00,0.495,0.550,0.356,0.660
28/08/14,11:00:00,0.495,0.550,0.356,0.687
28/08/14,12:00:00,0.495,0.550,0.356,0.687
28/08/14,13:00:00,0.495,0.550,0.356,0.687
28/08/14,14:00:00,0.495,0.550,0.384,0.715
28/08/14,15:00:00,0.495,0.550,0.384,0.742
28/08/14,16:00:00,0.495,0.550,0.384,0.715
28/08/14,17:00:00,0.495,0.522,0.384,0.770
28/08/14,18:00:00,0.495,0.550,0.384,0.770
28/08/14,19:00:00,0.495,0.550,0.384,0.770
28/08/14,20:00:00,0.495,0.550,0.384,0.770
28/08/14,21:00:00,0.495,0.522,0.384,0.715
28/08/14,22:00:00,0.495,0.522,0.384,0.715
28/08/14,23:00:00,0.495,0.522,0.384,0.715
29/08/14,00:00:00,0.495,0.522,0.384,0.770
29/08/14,01:00:00,0.495,0.550,0.384,0.715
29/08/14,02:00:00,0.495,0.522,0.384,0.715
29/08/14,03:00:00,0.495,0.522,0.384,0.742
29/08/14,04:00:00,0.495,0.522,0.384,0.770
29/08/14,05:00:00,0.495,0.522,0.384,0.715
29/08/14,06:00:00,0.495,0.522,0.384,0.770
29/08/14,07:00:00,0.495,0.522,0.384,0.770
29/08/14,08:00:00,0.495,0.522,0.384,0.770
29/08/14,09:00:00,0.495,0.522,0.384,0.770
29/08/14,10:00:00,0.356,4.766,6.204,5.050
29/08/14,11:00:00,0.495,0.522,0.384,0.770
29/08/14,12:00:00,0.495,0.522,0.384,0.770
29/08/14,13:00:00,0.495,0.522,0.384,0.770
29/08/14,14:00:00,0.495,0.522,0.384,0.797
29/08/14,15:00:00,0.495,0.522,0.384,0.770
29/08/14,16:00:00,0.495,0.550,0.384,0.770
29/08/14,17:00:00,0.495,0.522,0.384,0.797
29/08/14,18:00:00,0.495,0.522,0.384,0.797
29/08/14,19:00:00,0.495,1.371,3.380,4.428
29/08/14,20:00:00,0.439,0.522,0.384,0.742
29/08/14,21:00:00,0.495,0.522,0.384,0.715
29/08/14,22:00:00,0.495,0.522,0.384,0.715
29/08/14,23:00:00,0.439,0.522,0.356,0.715
30/08/14,00:00:00,0.495,0.522,0.356,0.715
30/08/14,01:00:00,0.495,0.522,0.356,0.715
30/08/14,02:00:00,0.495,0.522,0.356,0.715
30/08/14,03:00:00,0.439,0.522,0.384,0.715
30/08/14,04:00:00,0.439,0.522,2.128,3.459
30/08/14,05:00:00,0.495,0.522,0.384,0.715
30/08/14,06:00:00,0.439,0.522,0.384,0.715
30/08/14,07:00:00,0.495,0.522,0.384,0.742
30/08/14,08:00:00,0.495,0.522,0.384,0.742
30/08/14,09:00:00,0.439,0.522,0.384,0.742
30/08/14,10:00:00,0.495,0.522,0.384,0.742
30/08/14,11:00:00,0.495,0.522,0.384,0.742
30/08/14,12:00:00,0.495,0.522,0.384,0.742
30/08/14,13:00:00,0.439,0.522,0.246,4.428
30/08/14,14:00:00,0.439,0.522,0.384,0.742
30/08/14,15:00:00,0.439,0.550,0.384,0.797
30/08/14,16:00:00,0.439,0.522,0.384,0.797
30/08/14,17:00:00,0.439,0.522,0.384,0.797
30/08/14,18:00:00,0.439,0.522,0.384,0.797
30/08/14,19:00:00,0.439,0.522,0.384,0.797
30/08/14,20:00:00,0.439,0.522,0.384,0.770
30/08/14,21:00:00,0.439,0.522,0.384,0.742
30/08/14,22:00:00,0.439,0.522,0.384,3.433
30/08/14,23:00:00,0.439,0.522,0.384,0.742
31/08/14,00:00:00,0.439,0.522,0.384,0.742
31/08/14,01:00:00,0.439,0.522,0.384,0.742
31/08/14,02:00:00,0.439,0.522,0.384,0.715
31/08/14,03:00:00,0.439,0.522,0.384,0.742
31/08/14,04:00:00,0.439,0.522,0.384,0.742
31/08/14,05:00:00,0.439,0.522,0.384,0.742
31/08/14,06:00:00,0.439,0.522,0.384,0.742
31/08/14,07:00:00,0.439,0.522,0.384,0.742
31/08/14,08:00:00,0.439,0.522,0.384,0.742
31/08/14,09:00:00,0.439,0.522,0.384,0.742
31/08/14,10:00:00,0.439,0.522,0.384,0.742
31/08/14,11:00:00,0.439,0.522,0.384,0.742
31/08/14,12:00:00,0.439,0.522,0.384,0.742
31/08/14,13:00:00,0.439,0.522,0.384,0.742
31/08/14,14:00:00,0.439,0.522,0.384,0.742
31/08/14,15:00:00,0.439,0.522,0.384,0.742
31/08/14,16:00:00,0.439,0.522,0.384,0.742
31/08/14,17:00:00,0.439,0.522,0.384,0.742
31/08/14,18:00:00,0.439,0.522,0.384,0.742
31/08/14,19:00:00,0.439,0.522,0.356,0.605
31/08/14,20:00:00,0.439,0.522,0.329,0.577
31/08/14,21:00:00,0.439,0.522,0.273,0.550
31/08/14,22:00:00,0.439,0.522,0.273,0.550
31/08/14,23:00:00,0.439,0.522,0.273,0.550
01/09/14,00:00:00,0.439,0.522,0.273,0.550
01/09/14,01:00:00,0.439,0.522,0.273,0.550
01/09/14,02:00:00,0.439,1.480,2.128,3.195
01/09/14,03:00:00,0.439,0.412,0.301,0.550
01/09/14,04:00:00,0.439,0.522,0.356,0.550
01/09/14,05:00:00,0.439,0.412,0.356,0.577
01/09/14,06:00:00,0.384,0.412,0.384,0.577
01/09/14,07:00:00,0.439,0.412,0.356,0.577
01/09/14,08:00:00,0.439,0.412,0.384,0.605
01/09/14,09:00:00,0.384,0.412,0.384,0.605
01/09/14,10:00:00,0.384,0.412,0.384,0.605
01/09/14,11:00:00,0.439,3.749,4.506,4.011
01/09/14,12:00:00,0.439,0.412,0.384,0.605
01/09/14,13:00:00,0.384,0.522,0.384,0.632
01/09/14,14:00:00,0.384,0.412,0.384,0.632
01/09/14,15:00:00,0.384,0.412,0.384,0.632
01/09/14,16:00:00,0.384,0.412,0.301,0.577
01/09/14,17:00:00,0.384,0.412,0.273,0.550
01/09/14,18:00:00,0.384,0.412,0.218,0.495
01/09/14,19:00:00,0.384,0.412,0.190,0.467
01/09/14,20:00:00,0.384,0.412,3.433,3.932
01/09/14,21:00:00,0.384,0.412,0.107,0.439
01/09/14,22:00:00,0.384,0.384,0.107,0.439
01/09/14,23:00:00,0.384,0.412,0.107,0.412
02/09/14,00:00:00,0.384,0.412,0.107,0.412
02/09/14,01:00:00,0.384,0.412,0.107,0.412
02/09/14,02:00:00,0.384,0.412,0.107,0.412
02/09/14,03:00:00,0.384,0.412,0.107,0.439
02/09/14,04:00:00,0.384,0.412,0.107,0.439
02/09/14,05:00:00,0.384,0.412,0.163,3.985
02/09/14,06:00:00,0.384,0.412,0.107,0.439
02/09/14,07:00:00,0.384,0.412,0.163,0.439
02/09/14,08:00:00,0.384,0.412,0.218,0.439
02/09/14,09:00:00,0.384,0.412,0.218,0.467
02/09/14,10:00:00,0.384,0.412,0.218,0.467
02/09/14,11:00:00,0.384,0.412,0.246,0.495
02/09/14,12:00:00,0.384,0.412,0.246,0.495
02/09/14,13:00:00,0.384,0.412,0.273,0.495
02/09/14,14:00:00,0.384,0.412,0.273,4.947
02/09/14,15:00:00,0.384,0.412,0.273,0.495
02/09/14,16:00:00,0.384,0.412,0.273,0.495
