"Date","Time, GMT+10:00","Temp, °C (LGR S/N: 2426035, SEN S/N: 2426035)","Temp, °C (LGR S/N: 2426035, SEN S/N: 2426035)","Temp, °C (LGR S/N: 2426035, SEN S/N: 2426035)","Temp, °C (LGR S/N: 2426035, SEN S/N: 2426035)"
03/04/15,13:14:47,23.328,11.078,7.444,7.670
03/04/15,14:14:47,28.493,14.146,7.895,7.870
03/04/15,15:14:47,28.717,14.457,8.270,8.095
03/04/15,16:14:47,29.991,13.714,8.494,8.295
03/04/15,17:14:47,18.033,12.558,8.618,8.444
03/04/15,18:14:47,9.731,10.443,8.643,8.543
03/04/15,19:14:47,2.717,8.394,8.519,8.618
03/04/15,20:14:47,3.932,7.419,8.295,8.593
03/04/15,21:14:47,4.869,7.167,8.020,8.519
03/04/15,22:14:47,6.281,7.469,7.820,8.419
03/04/15,23:14:47,6.763,7.645,7.670,8.319
04/04/15,00:14:47,6.535,7.569,7.594,8.245
04/04/15,01:14:47,7.770,7.519,7.544,8.170
04/04/15,02:14:47,8.419,7.970,7.569,8.120
04/04/15,03:14:47,8.220,8.120,7.645,8.120
04/04/15,04:14:47,8.145,8.145,7.720,8.120
04/04/15,05:14:47,8.045,8.145,7.770,8.145
04/04/15,06:14:47,7.995,8.170,7.845,8.170
04/04/15,07:14:47,8.369,8.270,7.920,8.195
04/04/15,08:14:47,9.829,8.693,7.970,8.245
04/04/15,09:14:47,10.736,9.114,8.095,8.270
04/04/15,10:14:47,11.078,9.558,8.245,8.344
04/04/15,11:14:47,11.516,9.682,8.444,8.419
04/04/15,12:14:47,13.281,10.222,8.643,8.543
04/04/15,13:14:47,11.662,10.075,8.891,8.643
04/04/15,14:14:47,14.002,10.443,9.064,8.767
04/04/15,15:14:47,14.625,10.956,9.213,8.891
04/04/15,16:14:47,13.618,10.736,9.361,9.015
04/04/15,17:14:47,10.345,9.977,9.460,9.114
04/04/15,18:14:47,9.632,9.583,9.460,9.188
04/04/15,19:14:47,9.238,9.361,9.386,9.238
04/04/15,20:14:47,8.990,9.238,9.336,9.238
04/04/15,21:14:47,8.195,8.990,9.262,9.238
04/04/15,22:14:47,7.695,8.767,9.188,9.213
04/04/15,23:14:47,7.770,8.618,9.114,9.188
05/04/15,00:14:47,7.670,8.494,9.040,9.163
05/04/15,01:14:47,7.745,8.419,8.965,9.139
05/04/15,02:14:47,7.820,8.419,8.916,9.089
05/04/15,03:14:47,7.895,8.394,8.866,9.064
05/04/15,04:14:47,7.469,8.295,8.841,9.040
05/04/15,05:14:47,7.594,8.245,8.817,9.015
05/04/15,06:14:47,7.494,8.195,8.767,8.990
05/04/15,07:14:47,7.745,8.195,8.742,8.965
05/04/15,08:14:47,8.965,8.494,8.742,8.941
05/04/15,09:14:47,10.883,8.916,8.767,8.941
05/04/15,10:14:47,12.001,9.460,8.891,8.965
05/04/15,11:14:47,12.098,9.682,9.040,8.990
05/04/15,12:14:47,11.053,9.485,9.188,9.064
05/04/15,13:14:47,11.686,9.460,9.287,9.139
05/04/15,14:14:47,14.936,10.296,9.386,9.213
05/04/15,15:14:47,12.920,10.907,9.558,9.262
05/04/15,16:14:47,10.687,9.657,9.657,9.361
05/04/15,17:14:47,9.756,9.435,9.632,9.435
05/04/15,18:14:47,8.568,9.040,9.558,9.460
05/04/15,19:14:47,6.535,8.568,9.460,9.435
05/04/15,20:14:47,5.668,7.870,9.312,9.410
05/04/15,21:14:47,5.872,7.594,9.114,9.336
05/04/15,22:14:47,5.128,7.343,8.941,9.262
05/04/15,23:14:47,5.179,6.914,8.817,9.163
06/04/15,00:14:47,5.565,6.839,8.668,9.089
06/04/15,01:14:47,5.128,6.687,8.568,8.990
06/04/15,02:14:47,4.740,6.408,8.469,8.916
06/04/15,03:14:47,4.454,6.179,8.394,8.866
06/04/15,04:14:47,4.558,6.026,8.295,8.792
06/04/15,05:14:47,4.324,5.796,8.195,8.717
06/04/15,06:14:47,4.298,5.642,8.095,8.643
06/04/15,07:14:47,4.844,5.719,8.020,8.593
06/04/15,08:14:47,5.205,6.026,7.945,8.519
06/04/15,09:14:47,7.242,6.484,7.945,8.469
06/04/15,10:14:47,7.745,7.066,7.995,8.444
06/04/15,11:14:47,8.891,7.217,8.120,8.444
06/04/15,12:14:47,9.139,7.544,8.245,8.469
06/04/15,13:14:47,7.945,7.519,8.369,8.519
06/04/15,14:14:47,6.585,7.494,8.444,8.568
06/04/15,15:14:47,6.153,7.217,8.519,8.618
06/04/15,16:14:47,6.179,7.343,8.543,8.643
06/04/15,17:14:47,5.847,7.192,8.543,8.668
06/04/15,18:14:47,3.932,7.041,8.494,8.668
06/04/15,19:14:47,4.584,6.636,8.369,8.643
06/04/15,20:14:47,4.194,6.255,8.220,8.618
06/04/15,21:14:47,4.089,6.306,8.070,8.543
06/04/15,22:14:47,3.617,6.051,7.945,8.469
06/04/15,23:14:47,3.643,6.000,7.795,8.369
07/04/15,00:14:47,4.584,6.230,7.670,8.295
07/04/15,01:14:47,5.024,6.458,7.619,8.220
07/04/15,02:14:47,5.231,6.585,7.619,8.170
07/04/15,03:14:47,5.462,6.712,7.544,8.120
07/04/15,04:14:47,4.454,6.357,7.368,8.045
07/04/15,05:14:47,4.324,5.514,7.015,7.870
07/04/15,06:14:47,4.688,5.668,6.813,7.745
07/04/15,07:14:47,5.128,5.949,6.712,7.645
07/04/15,08:14:47,6.509,6.560,6.661,7.544
07/04/15,09:14:47,7.368,6.990,6.687,7.494
07/04/15,10:14:47,7.619,7.519,6.788,7.444
07/04/15,11:14:47,9.829,7.770,6.940,7.444
07/04/15,12:14:47,10.541,8.020,7.142,7.519
07/04/15,13:14:47,12.703,8.990,7.293,7.594
07/04/15,14:14:47,8.792,8.568,7.494,7.695
07/04/15,15:14:47,7.619,7.995,7.645,7.795
07/04/15,16:14:47,6.687,7.670,7.695,7.870
07/04/15,17:14:47,6.051,7.343,7.720,7.920
07/04/15,18:14:47,4.194,6.864,7.670,7.945
07/04/15,19:14:47,3.009,6.230,7.569,7.970
07/04/15,20:14:47,3.538,6.077,7.368,7.895
07/04/15,21:14:47,3.564,6.000,7.242,7.820
07/04/15,22:14:47,3.564,5.975,7.167,7.745
07/04/15,23:14:47,3.116,5.821,7.116,7.695
08/04/15,00:14:47,2.930,5.591,7.066,7.645
08/04/15,01:14:47,3.036,5.616,7.015,7.619
08/04/15,02:14:47,2.956,5.514,6.965,7.544
08/04/15,03:14:47,2.956,5.488,6.889,7.494
08/04/15,04:14:47,2.690,5.334,6.839,7.469
08/04/15,05:14:47,2.637,5.282,6.813,7.419
08/04/15,06:14:47,2.236,5.128,6.763,7.368
08/04/15,07:14:47,2.155,4.947,6.712,7.343
08/04/15,08:14:47,2.370,4.999,6.661,7.293
08/04/15,09:14:47,3.433,5.154,6.611,7.242
08/04/15,10:14:47,3.906,5.411,6.585,7.192
08/04/15,11:14:47,5.308,5.924,6.585,7.167
08/04/15,12:14:47,6.179,6.204,6.636,7.167
08/04/15,13:14:47,7.645,6.687,6.687,7.167
08/04/15,14:14:47,6.585,6.636,6.788,7.192
08/04/15,15:14:47,7.795,6.813,6.839,7.217
08/04/15,16:14:47,7.393,7.015,6.864,7.242
08/04/15,17:14:47,5.308,6.611,6.914,7.268
08/04/15,18:14:47,4.662,6.331,6.914,7.293
08/04/15,19:14:47,4.220,6.102,6.914,7.293
08/04/15,20:14:47,4.011,5.949,6.889,7.293
08/04/15,21:14:47,3.906,5.872,6.864,7.293
08/04/15,22:14:47,3.643,5.745,6.839,7.268
08/04/15,23:14:47,3.116,5.591,6.788,7.242
09/04/15,00:14:47,2.690,5.360,6.737,7.217
09/04/15,01:14:47,2.690,5.282,6.687,7.192
09/04/15,02:14:47,1.967,5.024,6.636,7.167
09/04/15,03:14:47,2.047,4.895,6.560,7.116
09/04/15,04:14:47,1.126,4.688,6.484,7.066
09/04/15,05:14:47,1.208,4.584,6.408,7.015
09/04/15,06:14:47,0.550,4.428,6.331,6.965
09/04/15,07:14:47,1.044,4.246,6.255,6.914
09/04/15,08:14:47,2.021,4.480,6.179,6.864
09/04/15,09:14:47,6.179,5.282,6.128,6.813
09/04/15,10:14:47,8.369,6.458,6.153,6.763
09/04/15,11:14:47,11.443,7.720,6.306,6.763
09/04/15,12:14:47,14.553,8.817,6.509,6.813
09/04/15,13:14:47,19.222,10.124,6.737,6.914
09/04/15,14:14:47,22.321,11.686,6.965,7.041
09/04/15,15:14:47,20.341,12.122,7.167,7.167
09/04/15,16:14:47,16.010,11.273,7.318,7.293
09/04/15,17:14:47,9.854,9.583,7.393,7.393
09/04/15,18:14:47,7.393,8.568,7.393,7.469
09/04/15,19:14:47,6.306,7.970,7.368,7.494
09/04/15,20:14:47,5.411,7.569,7.318,7.519
09/04/15,21:14:47,4.688,7.192,7.268,7.519
09/04/15,22:14:47,4.402,6.940,7.192,7.494
09/04/15,23:14:47,4.454,6.737,7.142,7.469
10/04/15,00:14:47,4.298,6.636,7.091,7.444
10/04/15,01:14:47,3.906,6.484,7.066,7.419
10/04/15,02:14:47,3.670,6.357,7.015,7.393
10/04/15,03:14:47,0.907,5.565,6.965,7.343
10/04/15,04:14:47,1.262,5.076,6.839,7.318
10/04/15,05:14:47,-0.255,4.792,6.712,7.242
10/04/15,06:14:47,-1.157,4.402,6.560,7.167
10/04/15,07:14:47,-0.451,4.194,6.408,7.091
10/04/15,08:14:47,2.664,4.194,6.255,6.990
10/04/15,09:14:47,7.494,4.999,6.128,6.889
10/04/15,10:14:47,14.409,7.268,6.051,6.788
10/04/15,11:14:47,17.986,9.139,6.102,6.737
10/04/15,12:14:47,18.176,10.590,6.357,6.763
10/04/15,13:14:47,23.400,12.534,6.687,6.839
10/04/15,14:14:47,26.867,14.242,6.990,6.990
10/04/15,15:14:47,18.057,13.377,7.242,7.142
10/04/15,16:14:47,19.888,11.904,7.444,7.318
10/04/15,17:14:47,12.896,11.005,7.519,7.419
10/04/15,18:14:47,6.813,9.139,7.544,7.519
10/04/15,19:14:47,2.236,7.544,7.469,7.569
10/04/15,20:14:47,1.724,6.585,7.293,7.569
10/04/15,21:14:47,1.778,6.077,7.091,7.519
10/04/15,22:14:47,0.577,5.616,6.914,7.419
10/04/15,23:14:47,1.751,5.308,6.737,7.318
11/04/15,00:14:47,2.584,5.231,6.585,7.217
11/04/15,01:14:47,3.880,5.539,6.433,7.116
11/04/15,02:14:47,4.869,5.693,6.306,7.015
11/04/15,03:14:47,4.558,5.719,6.230,6.940
11/04/15,04:14:47,4.454,5.668,6.230,6.889
11/04/15,05:14:47,4.168,5.514,6.230,6.839
11/04/15,06:14:47,4.324,5.539,6.230,6.839
11/04/15,07:14:47,4.376,5.514,6.230,6.813
11/04/15,08:14:47,6.153,5.898,6.230,6.788
11/04/15,09:14:47,8.020,6.458,6.281,6.788
11/04/15,10:14:47,11.977,7.469,6.357,6.788
11/04/15,11:14:47,13.930,8.444,6.560,6.839
11/04/15,12:14:47,14.984,9.262,6.813,6.914
11/04/15,13:14:47,19.579,10.467,7.142,7.041
11/04/15,14:14:47,19.817,11.492,7.444,7.217
11/04/15,15:14:47,21.342,11.370,7.720,7.393
11/04/15,16:14:47,13.281,10.516,7.895,7.569
11/04/15,17:14:47,9.632,9.287,7.970,7.695
11/04/15,18:14:47,6.965,8.394,7.920,7.770
11/04/15,19:14:47,4.298,7.569,7.820,7.820
11/04/15,20:14:47,3.696,6.839,7.645,7.795
11/04/15,21:14:47,2.610,6.230,7.469,7.745
11/04/15,22:14:47,4.037,6.153,7.268,7.670
11/04/15,23:14:47,4.480,6.077,7.091,7.569
12/04/15,00:14:47,5.437,6.357,6.965,7.469
12/04/15,01:14:47,6.051,6.560,6.889,7.393
12/04/15,02:14:47,6.204,6.687,6.864,7.343
12/04/15,03:14:47,6.255,6.737,6.889,7.318
12/04/15,04:14:47,5.745,6.661,6.889,7.293
12/04/15,05:14:47,5.360,6.509,6.914,7.293
12/04/15,06:14:47,5.308,6.357,6.889,7.268
12/04/15,07:14:47,5.898,6.458,6.864,7.242
12/04/15,08:14:47,7.619,6.889,6.839,7.242
12/04/15,09:14:47,9.657,7.368,6.889,7.217
12/04/15,10:14:47,13.738,8.369,6.965,7.242
12/04/15,11:14:47,14.984,9.336,7.116,7.268
12/04/15,12:14:47,15.676,10.100,7.343,7.343
12/04/15,13:14:47,12.992,9.608,7.594,7.469
12/04/15,14:14:47,15.843,10.810,7.770,7.594
12/04/15,15:14:47,13.858,11.297,7.920,7.720
12/04/15,16:14:47,22.633,10.687,7.995,7.820
12/04/15,17:14:47,12.775,10.492,8.020,7.895
12/04/15,18:14:47,3.591,8.319,8.020,7.945
12/04/15,19:14:47,0.880,6.813,7.870,7.970
12/04/15,20:14:47,5.539,6.661,7.619,7.920
12/04/15,21:14:47,5.668,7.091,7.444,7.820
12/04/15,22:14:47,4.792,7.015,7.343,7.745
12/04/15,23:14:47,2.021,6.509,7.268,7.670
13/04/15,00:14:47,0.301,5.565,7.192,7.619
13/04/15,01:14:47,-1.641,5.024,7.041,7.544
13/04/15,02:14:47,-1.270,4.506,6.839,7.469
13/04/15,03:14:47,-1.613,4.168,6.661,7.368
13/04/15,04:14:47,-1.641,3.906,6.458,7.242
13/04/15,05:14:47,-0.789,3.670,6.255,7.116
13/04/15,06:14:47,0.190,3.775,6.102,6.965
13/04/15,07:14:47,1.453,3.880,5.949,6.864
13/04/15,08:14:47,4.115,4.402,5.796,6.737
13/04/15,09:14:47,7.519,5.488,5.719,6.636
13/04/15,10:14:47,12.268,6.712,5.668,6.535
13/04/15,11:14:47,14.768,8.120,5.796,6.509
13/04/15,12:14:47,15.127,8.891,6.102,6.535
13/04/15,13:14:47,19.888,10.149,6.484,6.661
13/04/15,14:14:47,22.178,11.419,6.839,6.839
13/04/15,15:14:47,25.793,12.171,7.142,7.015
13/04/15,16:14:47,20.317,11.759,7.343,7.167
13/04/15,17:14:47,11.783,10.001,7.444,7.318
13/04/15,18:14:47,4.272,8.319,7.469,7.419
13/04/15,19:14:47,2.074,6.864,7.368,7.469
13/04/15,20:14:47,1.153,6.077,7.167,7.444
13/04/15,21:14:47,0.412,5.488,6.940,7.393
13/04/15,22:14:47,-0.451,5.050,6.737,7.293
13/04/15,23:14:47,-1.527,4.688,6.535,7.192
14/04/15,00:14:47,-0.845,4.350,6.331,7.066
14/04/15,01:14:47,1.425,4.246,6.179,6.965
14/04/15,02:14:47,2.717,4.584,6.026,6.839
14/04/15,03:14:47,5.128,5.179,5.898,6.737
14/04/15,04:14:47,5.821,5.565,5.821,6.636
14/04/15,05:14:47,6.051,5.796,5.821,6.585
14/04/15,06:14:47,6.000,5.821,5.872,6.535
14/04/15,07:14:47,7.192,6.051,5.949,6.535
14/04/15,08:14:47,6.179,6.306,6.026,6.560
14/04/15,09:14:47,6.965,6.535,6.128,6.585
14/04/15,10:14:47,7.544,6.864,6.255,6.636
14/04/15,11:14:47,8.891,7.268,6.433,6.687
14/04/15,12:14:47,9.361,7.945,6.611,6.763
14/04/15,13:14:47,9.756,8.444,6.864,6.864
14/04/15,14:14:47,9.410,7.970,7.116,7.015
14/04/15,15:14:47,9.731,8.369,7.318,7.167
14/04/15,16:14:47,7.995,7.670,7.444,7.268
14/04/15,17:14:47,7.469,7.544,7.494,7.368
14/04/15,18:14:47,6.153,7.242,7.519,7.444
14/04/15,19:14:47,5.693,6.940,7.469,7.494
14/04/15,20:14:47,6.000,6.636,7.393,7.494
14/04/15,21:14:47,6.204,6.611,7.293,7.469
14/04/15,22:14:47,6.281,6.636,7.242,7.444
14/04/15,23:14:47,6.763,6.737,7.192,7.444
15/04/15,00:14:47,7.569,6.839,7.167,7.393
15/04/15,01:14:47,7.695,6.990,7.142,7.393
15/04/15,02:14:47,8.145,7.041,7.167,7.393
15/04/15,03:14:47,7.920,7.041,7.192,7.393
15/04/15,04:14:47,7.645,7.192,7.192,7.393
15/04/15,05:14:47,6.965,6.965,7.217,7.419
15/04/15,06:14:47,6.914,6.940,7.217,7.419
15/04/15,07:14:47,7.519,7.091,7.217,7.419
15/04/15,08:14:47,7.820,7.368,7.217,7.419
15/04/15,09:14:47,8.916,7.594,7.268,7.444
15/04/15,10:14:47,7.368,7.544,7.343,7.444
15/04/15,11:14:47,9.657,7.845,7.444,7.494
15/04/15,12:14:47,12.292,8.593,7.544,7.544
15/04/15,13:14:47,10.369,9.731,7.720,7.619
15/04/15,14:14:47,16.796,11.029,7.995,7.745
15/04/15,15:14:47,16.963,12.025,8.195,7.870
15/04/15,16:14:47,12.316,11.005,8.369,7.995
15/04/15,17:14:47,9.040,9.805,8.444,8.145
15/04/15,18:14:47,8.444,9.064,8.419,8.195
15/04/15,19:14:47,8.195,8.717,8.369,8.245
15/04/15,20:14:47,8.717,8.618,8.319,8.245
15/04/15,21:14:47,9.386,8.742,8.270,8.245
15/04/15,22:14:47,8.941,8.717,8.245,8.245
15/04/15,23:14:47,9.682,8.742,8.220,8.245
16/04/15,00:14:47,9.485,8.767,8.195,8.220
16/04/15,01:14:47,9.262,8.767,8.195,8.220
16/04/15,02:14:47,8.891,8.668,8.195,8.220
16/04/15,03:14:47,8.070,8.369,8.195,8.245
16/04/15,04:14:47,7.770,7.970,8.170,8.245
16/04/15,05:14:47,7.945,7.870,8.120,8.220
16/04/15,06:14:47,7.995,7.770,8.070,8.195
16/04/15,07:14:47,7.695,7.695,8.045,8.170
16/04/15,08:14:47,8.792,7.845,7.995,8.170
16/04/15,09:14:47,9.879,8.220,7.970,8.145
16/04/15,10:14:47,12.606,8.643,8.020,8.145
16/04/15,11:14:47,14.984,9.485,8.120,8.145
16/04/15,12:14:47,15.055,9.903,8.245,8.195
16/04/15,13:14:47,18.580,10.736,8.444,8.270
16/04/15,14:14:47,20.650,11.734,8.668,8.369
16/04/15,15:14:47,20.555,11.832,8.841,8.494
16/04/15,16:14:47,13.930,11.273,8.965,8.593
16/04/15,17:14:47,11.443,10.222,9.015,8.693
16/04/15,18:14:47,9.312,9.608,9.015,8.742
16/04/15,19:14:47,8.990,9.213,8.916,8.792
16/04/15,20:14:47,8.494,8.965,8.841,8.767
16/04/15,21:14:47,8.319,8.717,8.742,8.742
16/04/15,22:14:47,8.543,8.618,8.668,8.717
16/04/15,23:14:47,8.220,8.519,8.593,8.668
17/04/15,00:14:47,7.544,8.045,8.543,8.643
17/04/15,01:14:47,7.142,8.070,8.494,8.593
17/04/15,02:14:47,6.965,7.995,8.419,8.568
17/04/15,03:14:47,6.585,7.895,8.344,8.519
17/04/15,04:14:47,6.051,7.720,8.270,8.494
17/04/15,05:14:47,5.975,7.544,8.195,8.444
17/04/15,06:14:47,6.382,7.192,8.120,8.394
17/04/15,07:14:47,6.535,7.293,8.045,8.344
17/04/15,08:14:47,8.045,7.619,7.970,8.295
17/04/15,09:14:47,9.928,8.220,7.970,8.245
17/04/15,10:14:47,10.785,8.593,8.045,8.220
17/04/15,11:14:47,10.980,8.891,8.195,8.245
17/04/15,12:14:47,11.516,9.287,8.319,8.295
17/04/15,13:14:47,13.016,9.608,8.494,8.369
17/04/15,14:14:47,11.102,9.632,8.643,8.469
17/04/15,15:14:47,9.262,9.262,8.792,8.568
17/04/15,16:14:47,8.120,8.568,8.841,8.643
17/04/15,17:14:47,8.270,8.519,8.841,8.717
17/04/15,18:14:47,8.394,8.519,8.792,8.717
17/04/15,19:14:47,8.543,8.519,8.742,8.717
17/04/15,20:14:47,8.866,8.643,8.693,8.717
17/04/15,21:14:47,8.866,8.717,8.693,8.717
17/04/15,22:14:47,8.965,8.817,8.693,8.717
17/04/15,23:14:47,9.262,9.064,8.742,8.742
18/04/15,00:14:47,9.089,9.040,8.817,8.817
18/04/15,01:14:47,8.965,8.916,8.841,8.841
18/04/15,02:14:47,9.312,9.089,8.866,8.866
18/04/15,03:14:47,9.114,9.163,8.916,8.891
18/04/15,04:14:47,9.163,9.213,8.990,8.965
18/04/15,05:14:47,8.792,8.990,8.990,8.990
18/04/15,06:14:47,8.792,8.717,8.965,8.990
18/04/15,07:14:47,8.469,8.767,8.941,8.990
18/04/15,08:14:47,8.593,8.693,8.916,8.965
18/04/15,09:14:47,8.543,8.742,8.891,8.941
18/04/15,10:14:47,9.114,8.916,8.866,8.941
18/04/15,11:14:47,9.139,8.941,8.891,8.941
18/04/15,12:14:47,9.336,9.163,8.965,8.965
18/04/15,13:14:47,8.990,9.015,9.064,9.040
18/04/15,14:14:47,8.693,9.040,9.064,9.040
18/04/15,15:14:47,8.618,8.916,9.089,9.064
18/04/15,16:14:47,8.270,8.742,9.089,9.064
18/04/15,17:14:47,7.343,8.519,9.064,9.064
18/04/15,18:14:47,7.015,8.145,9.015,9.040
18/04/15,19:14:47,6.255,7.995,8.941,9.040
18/04/15,20:14:47,4.947,7.594,8.866,8.990
18/04/15,21:14:47,4.350,7.041,8.792,8.941
18/04/15,22:14:47,3.827,6.839,8.668,8.891
18/04/15,23:14:47,3.221,6.611,8.543,8.841
19/04/15,00:14:47,2.903,6.585,8.419,8.767
19/04/15,01:14:47,3.696,6.331,8.295,8.668
19/04/15,02:14:47,4.532,6.509,8.170,8.593
19/04/15,03:14:47,4.402,6.484,8.095,8.519
19/04/15,04:14:47,4.532,6.382,7.995,8.444
19/04/15,05:14:47,5.179,6.636,7.920,8.369
19/04/15,06:14:47,3.932,6.763,7.870,8.295
19/04/15,07:14:47,3.406,6.611,7.820,8.245
19/04/15,08:14:47,4.141,6.585,7.770,8.195
19/04/15,09:14:47,4.584,6.737,7.720,8.145
19/04/15,10:14:47,5.205,6.788,7.695,8.120
19/04/15,11:14:47,8.369,7.242,7.695,8.070
19/04/15,12:14:47,7.569,7.745,7.695,8.070
19/04/15,13:14:47,9.287,8.419,7.745,8.070
19/04/15,14:14:47,11.053,9.040,7.770,8.070
19/04/15,15:14:47,7.619,8.593,7.745,8.070
19/04/15,16:14:47,3.485,7.494,7.720,8.070
19/04/15,17:14:47,1.371,6.687,7.645,8.045
19/04/15,18:14:47,0.467,6.128,7.494,7.995
19/04/15,19:14:47,0.163,5.668,7.368,7.920
19/04/15,20:14:47,-0.171,5.360,7.217,7.845
19/04/15,21:14:47,-0.732,5.050,7.091,7.745
19/04/15,22:14:47,-0.958,4.766,6.990,7.670
19/04/15,23:14:47,-0.676,4.688,6.864,7.569
20/04/15,00:14:47,-1.015,4.506,6.788,7.494
20/04/15,01:14:47,-1.015,4.376,6.687,7.419
20/04/15,02:14:47,-1.242,4.272,6.585,7.343
20/04/15,03:14:47,-0.845,4.168,6.484,7.268
20/04/15,04:14:47,-1.015,4.037,6.408,7.192
20/04/15,05:14:47,-0.873,4.037,6.306,7.116
20/04/15,06:14:47,-0.620,4.011,6.230,7.041
20/04/15,07:14:47,-0.199,4.089,6.153,6.965
20/04/15,08:14:47,0.163,4.089,6.102,6.889
20/04/15,09:14:47,0.742,4.194,6.051,6.839
20/04/15,10:14:47,1.344,4.402,5.975,6.788
20/04/15,11:14:47,1.913,4.558,5.949,6.737
20/04/15,12:14:47,2.770,4.973,5.898,6.687
20/04/15,13:14:47,5.308,5.334,5.847,6.636
20/04/15,14:14:47,4.869,5.872,5.796,6.585
20/04/15,15:14:47,3.459,5.668,5.821,6.560
20/04/15,16:14:47,2.370,5.308,5.821,6.535
20/04/15,17:14:47,1.643,5.179,5.796,6.509
20/04/15,18:14:47,1.208,4.818,5.745,6.484
20/04/15,19:14:47,0.962,4.714,5.668,6.433
20/04/15,20:14:47,0.880,4.662,5.616,6.382
20/04/15,21:14:47,0.605,4.454,5.539,6.331
20/04/15,22:14:47,0.797,4.376,5.488,6.281
20/04/15,23:14:47,0.742,4.324,5.462,6.230
21/04/15,00:14:47,0.742,4.272,5.437,6.204
21/04/15,01:14:47,0.852,4.298,5.411,6.153
21/04/15,02:14:47,0.880,4.194,5.411,6.128
21/04/15,03:14:47,0.907,4.220,5.385,6.102
21/04/15,04:14:47,1.044,4.246,5.360,6.077
21/04/15,05:14:47,1.044,4.168,5.334,6.051
21/04/15,06:14:47,1.126,4.220,5.334,6.026
21/04/15,07:14:47,0.989,4.194,5.308,6.000
21/04/15,08:14:47,1.071,4.194,5.282,6.000
21/04/15,09:14:47,1.480,4.194,5.282,5.975
21/04/15,10:14:47,1.913,4.298,5.282,5.949
21/04/15,11:14:47,2.503,4.558,5.308,5.949
21/04/15,12:14:47,3.195,4.818,5.360,5.949
21/04/15,13:14:47,3.301,5.024,5.411,5.975
21/04/15,14:14:47,3.512,5.024,5.462,5.975
21/04/15,15:14:47,3.512,5.154,5.488,6.000
21/04/15,16:14:47,3.089,4.973,5.514,6.026
21/04/15,17:14:47,2.530,4.844,5.514,6.026
21/04/15,18:14:47,2.316,4.740,5.488,6.026
21/04/15,19:14:47,2.316,4.662,5.488,6.026
21/04/15,20:14:47,2.396,4.558,5.462,6.026
21/04/15,21:14:47,2.584,4.610,5.437,6.000
21/04/15,22:14:47,2.717,4.636,5.411,5.975
21/04/15,23:14:47,2.823,4.662,5.411,5.949
22/04/15,00:14:47,3.116,4.714,5.385,5.949
22/04/15,01:14:47,3.354,4.740,5.385,5.924
22/04/15,02:14:47,3.696,4.792,5.411,5.924
22/04/15,03:14:47,3.932,4.895,5.411,5.924
22/04/15,04:14:47,3.985,4.947,5.437,5.924
22/04/15,05:14:47,4.115,4.973,5.462,5.924
22/04/15,06:14:47,4.272,5.102,5.488,5.949
22/04/15,07:14:47,4.506,5.179,5.514,5.949
22/04/15,08:14:47,5.205,5.308,5.539,5.949
22/04/15,09:14:47,6.153,5.642,5.591,5.975
22/04/15,10:14:47,6.737,5.949,5.668,6.000
22/04/15,11:14:47,8.245,6.281,5.745,6.026
22/04/15,12:14:47,7.845,6.585,5.847,6.077
22/04/15,13:14:47,8.045,6.611,5.975,6.153
22/04/15,14:14:47,9.188,6.763,6.077,6.204
22/04/15,15:14:47,7.670,6.889,6.153,6.281
22/04/15,16:14:47,6.458,6.737,6.230,6.331
22/04/15,17:14:47,5.745,6.408,6.281,6.382
22/04/15,18:14:47,5.334,6.230,6.306,6.433
22/04/15,19:14:47,5.205,6.102,6.281,6.458
22/04/15,20:14:47,5.257,6.051,6.255,6.484
22/04/15,21:14:47,5.179,6.000,6.255,6.484
22/04/15,22:14:47,5.205,5.975,6.255,6.484
22/04/15,23:14:47,5.282,5.975,6.230,6.509
23/04/15,00:14:47,5.385,5.975,6.230,6.484
23/04/15,01:14:47,5.488,6.000,6.230,6.484
23/04/15,02:14:47,5.719,6.051,6.230,6.484
23/04/15,03:14:47,5.949,6.128,6.255,6.509
23/04/15,04:14:47,6.128,6.179,6.281,6.509
23/04/15,05:14:47,6.357,6.255,6.281,6.509
23/04/15,06:14:47,6.585,6.331,6.306,6.535
23/04/15,07:14:47,6.763,6.408,6.331,6.535
23/04/15,08:14:47,7.519,6.585,6.382,6.560
23/04/15,09:14:47,8.419,6.864,6.433,6.585
23/04/15,10:14:47,9.583,7.242,6.509,6.611
23/04/15,11:14:47,11.078,7.870,6.636,6.661
23/04/15,12:14:47,12.243,8.543,6.788,6.737
23/04/15,13:14:47,12.413,8.717,6.965,6.813
23/04/15,14:14:47,13.618,8.990,7.142,6.940
23/04/15,15:14:47,12.509,9.139,7.293,7.041
23/04/15,16:14:47,10.638,9.040,7.444,7.167
23/04/15,17:14:47,9.583,8.693,7.544,7.268
23/04/15,18:14:47,8.444,8.295,7.569,7.343
23/04/15,19:14:47,7.995,8.045,7.569,7.393
23/04/15,20:14:47,7.820,7.870,7.544,7.419
23/04/15,21:14:47,7.192,7.695,7.494,7.444
23/04/15,22:14:47,4.714,7.268,7.469,7.444
23/04/15,23:14:47,5.437,6.864,7.393,7.419
24/04/15,00:14:47,6.204,6.914,7.268,7.393
24/04/15,01:14:47,7.343,7.066,7.142,7.343
24/04/15,02:14:47,7.569,7.167,7.116,7.293
24/04/15,03:14:47,7.770,7.318,7.091,7.268
24/04/15,04:14:47,7.795,7.368,7.116,7.242
24/04/15,05:14:47,7.795,7.419,7.142,7.242
24/04/15,06:14:47,7.720,7.419,7.167,7.268
24/04/15,07:14:47,7.820,7.469,7.192,7.268
24/04/15,08:14:47,7.720,7.544,7.242,7.293
24/04/15,09:14:47,8.369,7.745,7.318,7.343
24/04/15,10:14:47,8.170,7.820,7.368,7.368
24/04/15,11:14:47,7.318,7.569,7.469,7.419
24/04/15,12:14:47,6.788,7.318,7.519,7.444
24/04/15,13:14:47,6.306,7.066,7.519,7.469
24/04/15,14:14:47,6.788,7.091,7.494,7.494
24/04/15,15:14:47,6.687,6.914,7.469,7.494
24/04/15,16:14:47,5.821,6.839,7.444,7.494
24/04/15,17:14:47,5.102,6.458,7.444,7.494
24/04/15,18:14:47,5.385,6.230,7.368,7.469
24/04/15,19:14:47,5.024,6.255,7.318,7.444
24/04/15,20:14:47,4.480,6.026,7.242,7.419
24/04/15,21:14:47,4.168,5.821,7.192,7.393
24/04/15,22:14:47,4.089,5.693,7.116,7.343
24/04/15,23:14:47,4.115,5.642,7.041,7.318
25/04/15,00:14:47,4.011,5.668,6.990,7.268
25/04/15,01:14:47,3.906,5.668,6.940,7.217
25/04/15,02:14:47,4.037,5.719,6.889,7.192
25/04/15,03:14:47,4.168,5.719,6.839,7.142
25/04/15,04:14:47,2.956,5.745,6.788,7.116
25/04/15,05:14:47,1.534,5.437,6.737,7.091
25/04/15,06:14:47,1.724,5.154,6.661,7.041
25/04/15,07:14:47,2.343,5.024,6.535,6.990
25/04/15,08:14:47,4.662,5.282,6.433,6.914
25/04/15,09:14:47,1.697,5.024,6.331,6.864
25/04/15,10:14:47,0.742,4.480,6.230,6.788
25/04/15,11:14:47,2.128,3.459,6.077,6.712
25/04/15,12:14:47,3.538,2.450,5.642,6.509
25/04/15,13:14:47,4.973,2.877,5.462,6.306
25/04/15,14:14:47,6.382,3.538,5.462,6.204
25/04/15,15:14:47,7.444,4.272,5.514,6.153
25/04/15,16:14:47,6.687,4.973,5.616,6.153
25/04/15,17:14:47,5.050,5.179,5.719,6.179
25/04/15,18:14:47,4.376,5.179,5.796,6.204
25/04/15,19:14:47,4.089,5.205,5.821,6.230
25/04/15,20:14:47,3.958,5.257,5.847,6.255
25/04/15,21:14:47,3.906,5.282,5.872,6.255
25/04/15,22:14:47,3.670,5.308,5.898,6.281
25/04/15,23:14:47,3.591,5.282,5.898,6.281
26/04/15,00:14:47,3.485,5.282,5.924,6.281
26/04/15,01:14:47,3.670,5.257,5.924,6.281
26/04/15,02:14:47,3.775,5.282,5.924,6.281
26/04/15,03:14:47,3.722,5.282,5.924,6.281
26/04/15,04:14:47,3.670,5.231,5.949,6.306
26/04/15,05:14:47,3.512,5.205,5.949,6.306
26/04/15,06:14:47,3.591,5.179,5.949,6.306
26/04/15,07:14:47,3.801,5.205,5.949,6.306
26/04/15,08:14:47,4.272,5.282,5.949,6.306
26/04/15,09:14:47,5.642,5.565,5.949,6.306
26/04/15,10:14:47,6.077,5.924,6.000,6.306
26/04/15,11:14:47,9.706,6.484,6.077,6.331
26/04/15,12:14:47,10.222,7.318,6.179,6.357
26/04/15,13:14:47,15.031,8.344,6.306,6.433
26/04/15,14:14:47,16.106,9.040,6.433,6.509
26/04/15,15:14:47,19.056,9.558,6.509,6.585
26/04/15,16:14:47,9.780,8.965,6.509,6.636
26/04/15,17:14:47,6.737,7.995,6.509,6.661
26/04/15,18:14:47,2.343,6.763,6.458,6.661
26/04/15,19:14:47,2.262,6.026,6.331,6.661
26/04/15,20:14:47,1.262,5.745,6.204,6.611
26/04/15,21:14:47,0.605,5.257,6.102,6.560
26/04/15,22:14:47,0.962,5.050,6.000,6.509
26/04/15,23:14:47,0.079,4.766,5.924,6.458
27/04/15,00:14:47,-0.171,4.558,5.847,6.382
27/04/15,01:14:47,0.107,4.272,5.770,6.306
27/04/15,02:14:47,0.190,4.272,5.693,6.255
27/04/15,03:14:47,0.660,4.298,5.616,6.204
27/04/15,04:14:47,0.522,4.220,5.565,6.153
27/04/15,05:14:47,0.163,4.141,5.514,6.102
27/04/15,06:14:47,0.079,3.958,5.488,6.051
27/04/15,07:14:47,-0.088,3.827,5.411,6.026
27/04/15,08:14:47,0.329,3.827,5.360,5.975
27/04/15,09:14:47,2.047,4.141,5.308,5.924
27/04/15,10:14:47,4.532,4.480,5.282,5.898
27/04/15,11:14:47,8.941,5.411,5.257,5.847
27/04/15,12:14:47,9.952,6.408,5.282,5.821
27/04/15,13:14:47,15.629,7.845,5.385,5.821
27/04/15,14:14:47,17.201,8.965,5.488,5.847
27/04/15,15:14:47,21.485,9.509,5.591,5.924
27/04/15,16:14:47,12.268,8.841,5.668,5.975
27/04/15,17:14:47,6.408,7.293,5.719,6.026
27/04/15,18:14:47,5.462,6.636,5.719,6.051
27/04/15,19:14:47,4.194,6.204,5.668,6.051
27/04/15,20:14:47,2.903,5.770,5.616,6.051
27/04/15,21:14:47,2.797,5.616,5.565,6.026
27/04/15,22:14:47,1.017,5.154,5.514,6.000
27/04/15,23:14:47,0.412,4.714,5.462,5.975
28/04/15,00:14:47,2.128,4.480,5.385,5.924
28/04/15,01:14:47,1.126,4.454,5.282,5.872
28/04/15,02:14:47,0.632,4.376,5.205,5.821
28/04/15,03:14:47,0.163,4.168,5.154,5.770
28/04/15,04:14:47,0.384,4.115,5.102,5.745
28/04/15,05:14:47,0.632,4.011,5.050,5.693
28/04/15,06:14:47,0.825,3.958,5.024,5.642
28/04/15,07:14:47,1.180,3.985,4.973,5.616
28/04/15,08:14:47,1.534,4.011,4.947,5.591
28/04/15,09:14:47,2.128,4.141,4.921,5.539
28/04/15,10:14:47,4.636,4.662,4.895,5.514
28/04/15,11:14:47,11.053,5.796,4.895,5.488
28/04/15,12:14:47,11.540,7.015,4.999,5.488
28/04/15,13:14:47,16.987,8.643,5.154,5.539
28/04/15,14:14:47,15.748,8.792,5.308,5.616
28/04/15,15:14:47,13.088,8.742,5.437,5.693
28/04/15,16:14:47,10.858,7.995,5.514,5.770
28/04/15,17:14:47,5.514,7.242,5.565,5.821
28/04/15,18:14:47,2.850,6.051,5.539,5.847
28/04/15,19:14:47,2.823,5.565,5.462,5.847
28/04/15,20:14:47,3.089,5.334,5.385,5.847
28/04/15,21:14:47,3.301,5.308,5.308,5.796
28/04/15,22:14:47,2.823,5.205,5.282,5.770
28/04/15,23:14:47,2.903,5.128,5.257,5.745
29/04/15,00:14:47,2.956,5.050,5.231,5.719
29/04/15,01:14:47,2.690,4.947,5.231,5.693
29/04/15,02:14:47,1.071,4.714,5.205,5.693
29/04/15,03:14:47,-1.270,4.168,5.154,5.668
29/04/15,04:14:47,-2.160,3.696,5.102,5.642
29/04/15,05:14:47,-2.450,3.406,4.999,5.616
29/04/15,06:14:47,-2.918,3.195,4.895,5.565
29/04/15,07:14:47,-3.687,2.930,4.766,5.488
29/04/15,08:14:47,-1.384,2.850,4.662,5.411
29/04/15,09:14:47,1.507,2.903,4.532,5.334
29/04/15,10:14:47,3.248,3.195,4.428,5.257
29/04/15,11:14:47,8.568,4.220,4.350,5.179
29/04/15,12:14:47,11.102,5.745,4.298,5.102
29/04/15,13:14:47,13.522,7.318,4.272,5.050
29/04/15,14:14:47,10.834,7.268,4.298,5.024
29/04/15,15:14:47,14.792,7.845,4.454,5.050
29/04/15,16:14:47,11.346,7.645,4.610,5.102
29/04/15,17:14:47,5.514,6.560,4.740,5.179
29/04/15,18:14:47,1.344,5.437,4.792,5.231
29/04/15,19:14:47,0.051,4.610,4.792,5.257
29/04/15,20:14:47,-0.732,4.141,4.714,5.257
29/04/15,21:14:47,0.246,3.906,4.662,5.257
29/04/15,22:14:47,0.742,3.775,4.584,5.231
29/04/15,23:14:47,-0.283,3.670,4.506,5.179
30/04/15,00:14:47,0.384,3.512,4.454,5.128
30/04/15,01:14:47,-1.100,3.327,4.376,5.102
30/04/15,02:14:47,-1.814,3.142,4.324,5.050
30/04/15,03:14:47,-0.789,3.009,4.246,4.999
30/04/15,04:14:47,-0.620,2.930,4.168,4.947
30/04/15,05:14:47,-0.171,2.903,4.115,4.895
30/04/15,06:14:47,0.356,2.903,4.063,4.844
30/04/15,07:14:47,0.495,2.956,3.985,4.792
30/04/15,08:14:47,1.643,3.009,3.958,4.740
30/04/15,09:14:47,3.116,3.380,3.906,4.714
30/04/15,10:14:47,4.921,3.801,3.880,4.662
30/04/15,11:14:47,13.016,5.179,3.880,4.636
30/04/15,12:14:47,11.394,6.357,3.880,4.610
30/04/15,13:14:47,10.271,6.864,3.958,4.610
30/04/15,14:14:47,10.051,6.940,4.168,4.662
30/04/15,15:14:47,9.287,6.889,4.376,4.740
30/04/15,16:14:47,8.469,6.864,4.584,4.869
30/04/15,17:14:47,5.693,6.331,4.766,4.973
30/04/15,18:14:47,3.696,5.488,4.844,5.076
30/04/15,19:14:47,2.637,4.947,4.844,5.154
30/04/15,20:14:47,3.827,4.844,4.818,5.179
30/04/15,21:14:47,4.246,4.973,4.766,5.179
30/04/15,22:14:47,2.797,4.844,4.740,5.179
30/04/15,23:14:47,0.934,4.402,4.740,5.179
01/05/15,00:14:47,0.329,3.985,4.714,5.179
01/05/15,01:14:47,-0.227,3.670,4.662,5.179
01/05/15,02:14:47,-0.676,3.459,4.584,5.128
01/05/15,03:14:47,-0.760,3.301,4.506,5.102
01/05/15,04:14:47,-1.498,3.142,4.428,5.050
01/05/15,05:14:47,-1.185,3.009,4.350,4.999
01/05/15,06:14:47,-0.902,2.930,4.272,4.947
01/05/15,07:14:47,-1.556,2.823,4.194,4.895
01/05/15,08:14:47,-0.060,2.770,4.115,4.844
01/05/15,09:14:47,3.327,2.823,4.037,4.792
01/05/15,10:14:47,5.231,3.063,3.985,4.740
01/05/15,11:14:47,9.952,4.141,3.958,4.688
01/05/15,12:14:47,10.467,5.488,3.906,4.662
01/05/15,13:14:47,17.819,7.041,3.932,4.610
01/05/15,14:14:47,20.007,8.841,4.115,4.636
01/05/15,15:14:47,19.722,9.163,4.402,4.714
01/05/15,16:14:47,14.984,8.916,4.662,4.844
01/05/15,17:14:47,7.167,7.569,4.869,4.999
01/05/15,18:14:47,1.344,6.026,4.973,5.102
01/05/15,19:14:47,0.163,5.024,4.947,5.205
01/05/15,20:14:47,1.099,4.532,4.869,5.205
01/05/15,21:14:47,3.063,4.506,4.766,5.205
01/05/15,22:14:47,3.775,4.766,4.662,5.179
01/05/15,23:14:47,3.564,4.714,4.584,5.128
02/05/15,00:14:47,1.913,4.454,4.532,5.102
02/05/15,01:14:47,1.832,4.141,4.480,5.050
02/05/15,02:14:47,2.370,3.958,4.428,5.024
02/05/15,03:14:47,2.477,3.932,4.402,4.999
02/05/15,04:14:47,2.557,3.958,4.350,4.973
02/05/15,05:14:47,3.406,4.272,4.324,4.921
02/05/15,06:14:47,4.298,4.454,4.298,4.895
02/05/15,07:14:47,4.818,4.584,4.298,4.869
02/05/15,08:14:47,6.000,4.921,4.324,4.895
02/05/15,09:14:47,6.255,5.231,4.428,4.895
02/05/15,10:14:47,7.091,5.514,4.584,4.921
02/05/15,11:14:47,9.435,6.128,4.740,4.999
02/05/15,12:14:47,8.568,6.331,4.947,5.102
02/05/15,13:14:47,10.320,6.813,5.154,5.205
02/05/15,14:14:47,11.540,7.368,5.385,5.334
