"Date Time, GMT+10:00","Temp, ¡C","Temp, ¡C","Temp, ¡C","Temp, ¡C"
10/24/08 09:00:00,9.854,10.736,6.102,6.077
10/24/08 10:00:00,10.834,12.316,6.914,6.281
10/24/08 11:00:00,14.553,17.106,7.845,6.585
10/24/08 12:00:00,11.346,11.880,8.494,6.965
10/24/08 13:00:00,11.807,13.546,8.717,7.268
10/24/08 14:00:00,13.882,16.344,9.114,7.519
10/24/08 15:00:00,18.937,20.984,9.558,7.745
10/24/08 16:00:00,16.939,17.034,10.247,8.070
10/24/08 17:00:00,12.678,12.582,10.418,8.369
10/24/08 18:00:00,7.368,9.163,10.198,8.568
10/24/08 19:00:00,2.717,5.642,9.534,8.593
10/24/08 20:00:00,2.155,4.636,8.767,8.469
10/24/08 21:00:00,1.126,3.775,8.120,8.245
10/24/08 22:00:00,1.832,3.512,7.569,7.970
10/24/08 23:00:00,2.316,3.380,7.116,7.720
10/25/08 00:00:00,1.615,3.009,6.737,7.469
10/25/08 01:00:00,1.588,2.717,6.382,7.268
10/25/08 02:00:00,2.101,2.717,6.077,7.041
10/25/08 03:00:00,3.749,2.850,5.847,6.839
10/25/08 04:00:00,4.298,3.142,5.668,6.661
10/25/08 05:00:00,3.538,2.903,5.514,6.509
10/25/08 06:00:00,8.543,4.636,5.360,6.357
10/25/08 07:00:00,14.960,8.866,5.462,6.230
10/25/08 08:00:00,19.793,16.344,5.975,6.204
10/25/08 09:00:00,20.984,20.650,6.889,6.357
10/25/08 10:00:00,26.085,29.464,8.245,6.687
10/25/08 11:00:00,23.930,34.255,9.879,7.242
10/25/08 12:00:00,24.895,29.414,11.151,7.920
10/25/08 13:00:00,17.225,22.824,11.880,8.568
10/25/08 14:00:00,14.625,17.653,12.219,9.089
10/25/08 15:00:00,13.690,15.629,11.953,9.410
10/25/08 16:00:00,14.577,16.725,11.662,9.558
10/25/08 17:00:00,13.088,13.522,11.492,9.632
10/25/08 18:00:00,10.516,10.345,11.151,9.632
10/25/08 19:00:00,9.608,9.188,10.565,9.534
10/25/08 20:00:00,8.742,8.245,10.026,9.386
10/25/08 21:00:00,9.139,8.020,9.558,9.188
10/25/08 22:00:00,9.312,7.870,9.163,8.965
10/25/08 23:00:00,7.845,6.914,8.817,8.792
10/26/08 00:00:00,8.866,7.368,8.469,8.593
10/26/08 01:00:00,9.435,7.419,8.270,8.419
10/26/08 02:00:00,8.519,7.041,8.095,8.270
10/26/08 03:00:00,7.720,6.331,7.895,8.120
10/26/08 04:00:00,8.916,6.914,7.670,7.995
10/26/08 05:00:00,9.706,7.192,7.544,7.870
10/26/08 06:00:00,10.761,8.270,7.494,7.745
10/26/08 07:00:00,14.625,11.783,7.670,7.670
10/26/08 08:00:00,19.008,15.867,8.195,7.720
10/26/08 09:00:00,23.472,20.460,9.040,7.870
10/26/08 10:00:00,24.460,23.400,10.026,8.170
10/26/08 11:00:00,19.841,19.817,11.127,8.593
10/26/08 12:00:00,29.040,28.742,11.637,9.064
10/26/08 13:00:00,32.253,32.175,12.534,9.460
10/26/08 14:00:00,20.126,19.484,13.185,9.952
10/26/08 15:00:00,19.389,18.390,13.112,10.320
10/26/08 16:00:00,15.151,15.008,12.944,10.516
10/26/08 17:00:00,15.557,14.768,12.485,10.590
10/26/08 18:00:00,11.953,11.492,12.050,10.541
10/26/08 19:00:00,9.262,9.731,11.492,10.443
10/26/08 20:00:00,8.220,8.693,10.932,10.247
10/26/08 21:00:00,8.668,8.394,10.394,10.051
10/26/08 22:00:00,8.668,8.095,9.952,9.805
10/26/08 23:00:00,8.693,7.920,9.558,9.583
10/27/08 00:00:00,10.443,8.195,9.238,9.361
10/27/08 01:00:00,10.247,8.070,8.990,9.163
10/27/08 02:00:00,9.632,7.795,8.767,8.990
10/27/08 03:00:00,9.336,7.645,8.568,8.841
10/27/08 04:00:00,10.173,8.295,8.419,8.693
10/27/08 05:00:00,9.682,8.170,8.344,8.568
10/27/08 06:00:00,10.907,9.361,8.295,8.469
10/27/08 07:00:00,17.415,13.810,8.369,8.419
10/27/08 08:00:00,13.858,14.218,8.841,8.419
10/27/08 09:00:00,18.652,19.389,9.336,8.519
10/27/08 10:00:00,16.272,18.628,9.977,8.693
10/27/08 11:00:00,13.594,16.987,10.541,8.941
10/27/08 12:00:00,12.122,14.026,10.883,9.188
10/27/08 13:00:00,16.630,21.963,11.053,9.386
10/27/08 14:00:00,13.233,17.819,11.540,9.583
10/27/08 15:00:00,12.268,16.058,11.565,9.805
10/27/08 16:00:00,11.273,14.745,11.540,9.928
10/27/08 17:00:00,11.467,12.992,11.419,10.001
10/27/08 18:00:00,9.064,10.271,11.127,10.001
10/27/08 19:00:00,8.295,8.941,10.663,9.928
10/27/08 20:00:00,7.895,8.519,10.198,9.780
10/27/08 21:00:00,7.015,7.519,9.805,9.583
10/27/08 22:00:00,6.484,6.914,9.410,9.410
10/27/08 23:00:00,5.924,6.509,9.040,9.213
10/28/08 00:00:00,5.668,6.102,8.717,9.040
10/28/08 01:00:00,5.024,5.693,8.419,8.841
10/28/08 02:00:00,4.089,4.869,8.120,8.668
10/28/08 03:00:00,3.512,4.428,7.820,8.469
10/28/08 04:00:00,3.538,3.827,7.544,8.295
10/28/08 05:00:00,2.717,3.354,7.242,8.120
10/28/08 06:00:00,9.829,5.847,6.965,7.920
10/28/08 07:00:00,16.582,11.127,7.041,7.745
10/28/08 08:00:00,19.032,18.961,7.619,7.695
10/28/08 09:00:00,26.109,25.137,8.568,7.845
10/28/08 10:00:00,28.171,34.202,10.001,8.195
10/28/08 11:00:00,27.924,40.200,11.565,8.742
10/28/08 12:00:00,26.158,39.008,12.944,9.435
10/28/08 13:00:00,23.954,36.119,13.954,10.149
10/28/08 14:00:00,23.472,30.293,14.553,10.785
10/28/08 15:00:00,23.617,28.270,14.960,11.297
10/28/08 16:00:00,20.960,23.472,15.199,11.710
10/28/08 17:00:00,15.103,16.820,15.008,11.977
10/28/08 18:00:00,11.224,12.992,14.242,12.074
10/28/08 19:00:00,5.719,8.817,13.305,11.929
10/28/08 20:00:00,3.854,6.990,12.316,11.662
10/28/08 21:00:00,5.539,7.619,11.467,11.297
10/28/08 22:00:00,5.308,7.368,10.956,10.932
10/28/08 23:00:00,5.102,6.965,10.565,10.638
10/29/08 00:00:00,4.506,6.433,10.198,10.369
10/29/08 01:00:00,4.558,6.408,9.854,10.124
10/29/08 02:00:00,4.324,6.306,9.558,9.903
10/29/08 03:00:00,3.985,6.000,9.312,9.682
10/29/08 04:00:00,4.141,5.796,9.089,9.485
10/29/08 05:00:00,2.209,4.063,8.841,9.312
10/29/08 06:00:00,4.037,5.565,8.519,9.139
10/29/08 07:00:00,6.306,7.242,8.394,8.965
10/29/08 08:00:00,20.150,16.368,8.519,8.841
10/29/08 09:00:00,23.304,22.920,9.213,8.817
10/29/08 10:00:00,25.598,31.868,10.369,9.015
10/29/08 11:00:00,27.456,38.504,11.686,9.410
10/29/08 12:00:00,28.990,37.838,12.896,9.952
10/29/08 13:00:00,30.621,37.673,13.810,10.541
10/29/08 14:00:00,28.692,32.639,14.697,11.102
10/29/08 15:00:00,24.895,29.165,15.414,11.637
10/29/08 16:00:00,20.412,23.713,15.676,12.122
10/29/08 17:00:00,17.915,18.675,15.485,12.437
10/29/08 18:00:00,12.243,13.762,14.840,12.558
10/29/08 19:00:00,7.795,9.706,13.882,12.437
10/29/08 20:00:00,4.869,7.091,12.847,12.171
10/29/08 21:00:00,4.506,6.585,11.904,11.807
10/29/08 22:00:00,5.488,6.965,11.175,11.419
10/29/08 23:00:00,6.914,7.544,10.663,11.053
10/30/08 00:00:00,8.270,8.394,10.320,10.736
10/30/08 01:00:00,8.543,8.344,10.124,10.492
10/30/08 02:00:00,8.717,8.419,9.928,10.271
10/30/08 03:00:00,8.916,8.543,9.780,10.100
10/30/08 04:00:00,9.410,8.817,9.682,9.977
10/30/08 05:00:00,9.460,8.941,9.583,9.854
10/30/08 06:00:00,10.541,10.001,9.534,9.756
10/30/08 07:00:00,10.907,10.785,9.608,9.682
10/30/08 08:00:00,11.200,11.516,9.756,9.632
10/30/08 09:00:00,11.516,12.050,9.952,9.657
10/30/08 10:00:00,11.248,11.832,10.124,9.682
10/30/08 11:00:00,13.738,13.954,10.296,9.731
10/30/08 12:00:00,15.629,16.630,10.810,9.805
10/30/08 13:00:00,14.984,16.606,11.394,10.001
10/30/08 14:00:00,19.318,22.537,11.953,10.222
10/30/08 15:00:00,18.557,23.400,12.727,10.516
10/30/08 16:00:00,18.533,20.698,13.233,10.858
10/30/08 17:00:00,16.939,17.320,13.209,11.151
10/30/08 18:00:00,12.944,13.666,12.896,11.273
10/30/08 19:00:00,10.296,10.907,12.389,11.273
10/30/08 20:00:00,10.296,10.394,11.807,11.151
10/30/08 21:00:00,10.541,10.345,11.370,10.980
10/30/08 22:00:00,9.903,9.731,11.029,10.785
10/30/08 23:00:00,10.858,9.829,10.761,10.638
10/31/08 00:00:00,10.541,9.756,10.541,10.467
10/31/08 01:00:00,10.883,9.756,10.345,10.320
10/31/08 02:00:00,10.980,10.001,10.198,10.198
10/31/08 03:00:00,10.467,9.632,10.100,10.100
10/31/08 04:00:00,9.903,9.238,9.977,10.001
10/31/08 05:00:00,9.040,8.668,9.829,9.903
10/31/08 06:00:00,11.929,9.731,9.657,9.805
10/31/08 07:00:00,16.296,13.209,9.682,9.706
10/31/08 08:00:00,18.913,20.150,10.026,9.682
10/31/08 09:00:00,20.388,24.339,10.736,9.756
10/31/08 10:00:00,20.913,31.663,11.832,10.026
10/31/08 11:00:00,21.342,37.151,13.016,10.443
10/31/08 12:00:00,21.724,34.969,13.978,10.956
10/31/08 13:00:00,20.412,32.613,14.721,11.492
10/31/08 14:00:00,19.436,29.464,15.247,11.953
10/31/08 15:00:00,15.605,22.944,15.438,12.340
10/31/08 16:00:00,13.906,19.746,15.294,12.582
10/31/08 17:00:00,12.461,16.129,15.079,12.703
10/31/08 18:00:00,8.792,11.953,14.457,12.703
10/31/08 19:00:00,7.594,10.198,13.618,12.534
10/31/08 20:00:00,6.458,9.139,12.920,12.292
10/31/08 21:00:00,5.975,7.995,12.292,12.001
10/31/08 22:00:00,5.411,7.519,11.686,11.710
10/31/08 23:00:00,5.128,7.293,11.127,11.419
11/01/08 00:00:00,4.324,6.433,10.687,11.102
11/01/08 01:00:00,5.616,6.889,10.345,10.834
11/01/08 02:00:00,5.437,6.940,10.100,10.590
11/01/08 03:00:00,5.745,7.116,9.903,10.369
11/01/08 04:00:00,4.973,6.636,9.731,10.198
11/01/08 05:00:00,3.512,5.411,9.509,10.051
11/01/08 06:00:00,4.973,6.687,9.213,9.879
11/01/08 07:00:00,15.748,10.565,9.163,9.706
11/01/08 08:00:00,21.223,18.723,9.509,9.608
11/01/08 09:00:00,26.916,25.695,10.271,9.657
11/01/08 10:00:00,29.090,33.105,11.516,9.903
11/01/08 11:00:00,22.609,26.720,12.847,10.345
11/01/08 12:00:00,19.651,20.079,13.281,10.858
11/01/08 13:00:00,18.794,19.508,13.425,11.175
11/01/08 14:00:00,17.320,17.463,13.473,11.419
11/01/08 15:00:00,15.103,16.129,13.353,11.565
11/01/08 16:00:00,15.103,16.344,13.185,11.613
11/01/08 17:00:00,12.823,13.233,13.040,11.637
11/01/08 18:00:00,9.534,11.102,12.654,11.589
11/01/08 19:00:00,6.230,8.444,12.098,11.492
11/01/08 20:00:00,4.895,7.217,11.419,11.297
11/01/08 21:00:00,4.350,6.179,10.834,11.029
11/01/08 22:00:00,2.903,4.844,10.271,10.761
11/01/08 23:00:00,1.994,4.168,9.756,10.492
11/02/08 00:00:00,1.832,4.115,9.262,10.198
11/02/08 01:00:00,3.617,4.973,8.916,9.928
11/02/08 02:00:00,3.564,4.869,8.643,9.682
11/02/08 03:00:00,4.089,5.128,8.419,9.460
11/02/08 04:00:00,5.076,5.693,8.270,9.262
11/02/08 05:00:00,5.360,5.821,8.145,9.114
11/02/08 06:00:00,8.469,8.543,8.095,8.990
11/02/08 07:00:00,9.114,9.410,8.369,8.891
11/02/08 08:00:00,11.516,12.243,8.717,8.916
11/02/08 09:00:00,14.697,16.082,9.361,8.990
11/02/08 10:00:00,18.010,20.436,10.541,9.213
11/02/08 11:00:00,23.040,33.001,11.686,9.608
11/02/08 12:00:00,18.771,24.171,13.016,10.149
11/02/08 13:00:00,19.746,26.012,13.786,10.712
11/02/08 14:00:00,21.056,28.023,14.218,11.200
11/02/08 15:00:00,18.889,24.750,14.601,11.589
11/02/08 16:00:00,13.906,17.249,14.745,11.904
11/02/08 17:00:00,12.534,13.834,14.266,12.074
11/02/08 18:00:00,10.638,11.904,13.618,12.074
11/02/08 19:00:00,10.051,10.883,12.992,11.929
11/02/08 20:00:00,9.756,10.418,12.485,11.759
11/02/08 21:00:00,9.460,10.075,12.074,11.565
11/02/08 22:00:00,9.435,9.928,11.710,11.370
11/02/08 23:00:00,8.941,9.657,11.443,11.175
11/03/08 00:00:00,9.213,9.632,11.175,11.005
11/03/08 01:00:00,8.841,9.410,10.956,10.858
11/03/08 02:00:00,8.717,9.238,10.761,10.712
11/03/08 03:00:00,8.494,9.015,10.565,10.565
11/03/08 04:00:00,8.070,8.742,10.394,10.443
11/03/08 05:00:00,7.795,8.444,10.222,10.320
11/03/08 06:00:00,7.594,8.369,10.051,10.222
11/03/08 07:00:00,9.854,10.124,9.977,10.100
11/03/08 08:00:00,9.731,11.005,10.100,10.026
11/03/08 09:00:00,12.074,14.026,10.663,10.026
11/03/08 10:00:00,8.220,10.394,11.175,10.173
11/03/08 11:00:00,15.151,18.913,11.686,10.320
11/03/08 12:00:00,14.337,16.868,12.606,10.614
11/03/08 13:00:00,12.582,15.605,12.920,10.907
11/03/08 14:00:00,11.005,12.630,13.305,11.151
11/03/08 15:00:00,15.199,15.247,13.161,11.346
11/03/08 16:00:00,13.858,13.810,13.016,11.419
11/03/08 17:00:00,12.001,11.175,12.703,11.467
11/03/08 18:00:00,7.695,8.767,12.316,11.394
11/03/08 19:00:00,5.205,6.864,11.710,11.297
11/03/08 20:00:00,4.115,5.949,11.005,11.078
11/03/08 21:00:00,3.274,5.282,10.443,10.810
11/03/08 22:00:00,1.289,3.696,9.903,10.541
11/03/08 23:00:00,0.218,2.744,9.312,10.247
11/04/08 00:00:00,-0.311,2.289,8.767,9.952
11/04/08 01:00:00,-0.507,2.262,8.295,9.632
11/04/08 02:00:00,-1.470,1.588,7.895,9.336
11/04/08 03:00:00,-2.305,0.550,7.469,9.064
11/04/08 04:00:00,-2.218,0.163,7.091,8.792
11/04/08 05:00:00,-1.756,0.605,6.737,8.519
11/04/08 06:00:00,2.209,1.670,6.484,8.270
11/04/08 07:00:00,8.444,3.854,6.306,8.045
11/04/08 08:00:00,12.799,8.668,6.382,7.870
11/04/08 09:00:00,18.033,13.714,6.788,7.770
11/04/08 10:00:00,23.448,19.246,7.695,7.820
11/04/08 11:00:00,27.038,26.353,9.163,8.070
11/04/08 12:00:00,26.793,29.340,10.736,8.568
11/04/08 13:00:00,28.048,28.866,12.122,9.213
11/04/08 14:00:00,22.489,26.720,13.040,9.879
11/04/08 15:00:00,18.842,25.404,13.522,10.418
11/04/08 16:00:00,15.390,18.033,13.834,10.883
11/04/08 17:00:00,14.026,15.318,13.594,11.175
11/04/08 18:00:00,9.657,11.394,13.064,11.297
11/04/08 19:00:00,3.009,6.611,12.243,11.248
11/04/08 20:00:00,0.467,4.272,11.200,11.029
11/04/08 21:00:00,-0.311,3.722,10.247,10.687
11/04/08 22:00:00,1.588,4.272,9.460,10.320
11/04/08 23:00:00,0.190,3.512,8.866,9.952
11/05/08 00:00:00,0.577,3.274,8.344,9.608
11/05/08 01:00:00,-1.128,2.128,7.895,9.287
11/05/08 02:00:00,-0.227,2.423,7.469,9.015
11/05/08 03:00:00,1.262,2.930,7.116,8.742
11/05/08 04:00:00,2.316,3.063,6.889,8.494
11/05/08 05:00:00,2.850,3.459,6.763,8.295
11/05/08 06:00:00,4.558,4.947,6.712,8.145
11/05/08 07:00:00,6.102,6.611,6.839,8.020
11/05/08 08:00:00,7.444,8.519,7.142,7.970
11/05/08 09:00:00,7.619,9.879,7.645,7.995
11/05/08 10:00:00,7.820,10.736,8.170,8.095
11/05/08 11:00:00,6.408,8.941,8.519,8.270
11/05/08 12:00:00,11.759,14.314,8.643,8.394
11/05/08 13:00:00,19.365,22.944,9.361,8.519
11/05/08 14:00:00,19.246,28.766,10.834,8.792
11/05/08 15:00:00,18.224,26.793,12.098,9.336
11/05/08 16:00:00,15.127,18.461,12.727,9.903
11/05/08 17:00:00,9.977,13.185,12.678,10.296
11/05/08 18:00:00,7.192,10.026,12.171,10.492
11/05/08 19:00:00,5.745,7.720,11.419,10.492
11/05/08 20:00:00,5.024,6.788,10.638,10.320
11/05/08 21:00:00,5.282,6.458,10.001,10.100
11/05/08 22:00:00,5.591,6.433,9.485,9.829
11/05/08 23:00:00,6.077,6.357,9.114,9.583
11/06/08 00:00:00,6.102,6.153,8.817,9.386
11/06/08 01:00:00,6.408,6.357,8.568,9.188
11/06/08 02:00:00,6.331,6.077,8.419,9.015
11/06/08 03:00:00,6.179,5.975,8.195,8.891
11/06/08 04:00:00,6.509,6.000,8.020,8.742
11/06/08 05:00:00,6.687,6.000,7.845,8.593
11/06/08 06:00:00,8.941,8.095,7.795,8.494
11/06/08 07:00:00,12.727,11.443,8.020,8.419
11/06/08 08:00:00,16.701,18.224,8.643,8.444
11/06/08 09:00:00,17.819,21.509,9.558,8.593
11/06/08 10:00:00,21.079,25.987,10.736,8.916
11/06/08 11:00:00,23.160,31.077,12.147,9.386
11/06/08 12:00:00,20.984,31.510,13.401,9.977
11/06/08 13:00:00,17.867,24.267,14.266,10.614
11/06/08 14:00:00,18.889,31.637,14.649,11.151
11/06/08 15:00:00,19.579,28.766,14.888,11.540
11/06/08 16:00:00,15.891,20.436,14.984,11.856
11/06/08 17:00:00,14.433,16.129,14.745,12.074
11/06/08 18:00:00,9.879,12.025,14.098,12.147
11/06/08 19:00:00,6.077,8.593,13.161,12.025
11/06/08 20:00:00,3.906,6.813,12.147,11.734
11/06/08 21:00:00,4.740,6.585,11.297,11.370
11/06/08 22:00:00,4.350,6.077,10.638,11.005
11/06/08 23:00:00,3.854,5.616,10.075,10.687
11/07/08 00:00:00,3.880,5.231,9.583,10.369
11/07/08 01:00:00,2.557,4.454,9.139,10.075
11/07/08 02:00:00,4.584,5.024,8.717,9.780
11/07/08 03:00:00,4.921,5.154,8.469,9.509
11/07/08 04:00:00,5.462,5.488,8.270,9.312
11/07/08 05:00:00,5.154,5.488,8.145,9.139
11/07/08 06:00:00,8.668,7.720,8.045,8.965
11/07/08 07:00:00,9.903,10.198,8.245,8.866
11/07/08 08:00:00,9.509,10.271,8.643,8.841
11/07/08 09:00:00,10.467,11.346,8.916,8.891
11/07/08 10:00:00,11.321,12.823,9.336,8.965
11/07/08 11:00:00,11.029,12.630,9.756,9.089
11/07/08 12:00:00,12.219,14.385,10.124,9.238
11/07/08 13:00:00,9.336,12.268,10.492,9.410
11/07/08 14:00:00,9.238,11.953,10.590,9.558
11/07/08 15:00:00,6.813,9.336,10.614,9.682
11/07/08 16:00:00,6.737,8.394,10.369,9.731
11/07/08 17:00:00,6.077,7.720,10.075,9.682
11/07/08 18:00:00,5.385,6.990,9.780,9.608
11/07/08 19:00:00,5.616,6.737,9.485,9.509
11/07/08 20:00:00,5.385,6.535,9.238,9.386
11/07/08 21:00:00,5.616,6.509,8.990,9.262
11/07/08 22:00:00,5.719,6.585,8.817,9.139
11/07/08 23:00:00,5.975,6.636,8.693,9.015
11/08/08 00:00:00,5.719,6.535,8.568,8.916
11/08/08 01:00:00,5.616,6.484,8.469,8.841
11/08/08 02:00:00,5.539,6.306,8.369,8.742
11/08/08 03:00:00,5.102,6.102,8.270,8.668
11/08/08 04:00:00,3.354,5.411,8.120,8.593
11/08/08 05:00:00,1.317,4.089,7.920,8.494
11/08/08 06:00:00,1.859,4.246,7.569,8.369
11/08/08 07:00:00,6.560,6.077,7.444,8.220
11/08/08 08:00:00,5.076,7.745,7.670,8.120
11/08/08 09:00:00,10.541,12.195,8.220,8.120
11/08/08 10:00:00,10.810,13.064,9.139,8.245
11/08/08 11:00:00,4.662,8.120,9.682,8.519
11/08/08 12:00:00,8.717,11.807,9.632,8.693
11/08/08 13:00:00,8.543,11.953,10.320,8.841
11/08/08 14:00:00,9.238,12.389,10.907,9.089
11/08/08 15:00:00,5.949,9.485,11.200,9.336
11/08/08 16:00:00,5.128,7.970,10.932,9.509
11/08/08 17:00:00,6.889,7.970,10.418,9.534
11/08/08 18:00:00,4.272,6.560,10.026,9.435
11/08/08 19:00:00,3.009,5.334,9.534,9.312
11/08/08 20:00:00,2.370,4.662,9.015,9.139
11/08/08 21:00:00,2.717,4.688,8.519,8.941
11/08/08 22:00:00,2.770,4.636,8.170,8.717
11/08/08 23:00:00,1.751,4.089,7.870,8.543
11/09/08 00:00:00,0.715,3.406,7.494,8.344
11/09/08 01:00:00,0.522,2.956,7.091,8.145
11/09/08 02:00:00,0.550,2.637,6.712,7.920
11/09/08 03:00:00,-0.648,2.262,6.382,7.695
11/09/08 04:00:00,0.218,2.236,6.102,7.494
11/09/08 05:00:00,-0.732,1.886,5.821,7.318
11/09/08 06:00:00,8.369,3.433,5.616,7.116
11/09/08 07:00:00,15.247,7.469,5.719,6.965
11/09/08 08:00:00,18.200,11.565,6.509,6.940
11/09/08 09:00:00,18.937,15.986,7.494,7.091
11/09/08 10:00:00,25.186,19.555,8.916,7.419
11/09/08 11:00:00,32.150,27.038,10.638,7.920
11/09/08 12:00:00,29.190,26.549,12.509,8.618
11/09/08 13:00:00,26.671,25.307,14.098,9.460
11/09/08 14:00:00,23.521,30.066,15.509,10.320
11/09/08 15:00:00,20.293,31.026,16.058,11.078
11/09/08 16:00:00,18.438,20.841,16.058,11.637
11/09/08 17:00:00,16.368,16.868,15.676,11.953
11/09/08 18:00:00,12.098,13.594,14.936,12.074
11/09/08 19:00:00,7.192,10.296,13.930,11.977
11/09/08 20:00:00,5.488,8.245,12.823,11.734
11/09/08 21:00:00,3.195,6.408,11.783,11.370
11/09/08 22:00:00,2.262,5.411,10.883,10.980
11/09/08 23:00:00,1.751,4.818,10.124,10.590
11/10/08 00:00:00,1.208,4.194,9.435,10.222
11/10/08 01:00:00,0.880,3.801,8.866,9.854
11/10/08 02:00:00,0.384,3.354,8.394,9.509
11/10/08 03:00:00,0.605,3.221,7.945,9.213
11/10/08 04:00:00,2.770,4.168,7.569,8.941
11/10/08 05:00:00,3.459,4.480,7.318,8.668
11/10/08 06:00:00,12.316,6.889,7.167,8.469
11/10/08 07:00:00,17.915,11.175,7.519,8.319
11/10/08 08:00:00,18.818,16.939,8.444,8.344
11/10/08 09:00:00,22.920,23.785,9.583,8.568
11/10/08 10:00:00,26.793,27.801,11.175,8.941
11/10/08 11:00:00,26.061,33.940,12.944,9.534
11/10/08 12:00:00,28.221,32.846,14.529,10.296
11/10/08 13:00:00,27.112,30.697,15.843,11.078
11/10/08 14:00:00,26.402,36.039,17.058,11.856
11/10/08 15:00:00,24.026,35.985,17.534,12.534
11/10/08 16:00:00,22.441,24.581,17.629,13.016
11/10/08 17:00:00,20.650,20.555,17.296,13.329
11/10/08 18:00:00,15.055,16.344,16.582,13.449
11/10/08 19:00:00,10.222,11.904,15.629,13.353
11/10/08 20:00:00,8.593,10.834,14.505,13.112
11/10/08 21:00:00,9.410,11.053,13.618,12.775
11/10/08 22:00:00,6.661,8.941,12.944,12.437
11/10/08 23:00:00,5.308,7.393,12.268,12.098
11/11/08 00:00:00,4.428,6.687,11.613,11.783
11/11/08 01:00:00,6.839,7.645,11.005,11.443
11/11/08 02:00:00,6.636,7.594,10.638,11.127
11/11/08 03:00:00,3.564,5.565,10.271,10.883
11/11/08 04:00:00,3.301,5.154,9.780,10.614
11/11/08 05:00:00,3.801,5.488,9.336,10.345
11/11/08 06:00:00,13.882,9.410,9.089,10.100
11/11/08 07:00:00,18.771,13.546,9.410,9.928
11/11/08 08:00:00,20.722,19.888,10.198,9.903
11/11/08 09:00:00,24.581,26.940,11.297,10.100
11/11/08 10:00:00,25.598,27.924,12.751,10.467
11/11/08 11:00:00,28.717,35.636,14.146,10.980
11/11/08 12:00:00,25.574,31.970,15.485,11.589
11/11/08 13:00:00,28.766,31.026,16.511,12.243
11/11/08 14:00:00,26.426,37.069,17.582,12.896
11/11/08 15:00:00,23.737,36.769,17.962,13.449
11/11/08 16:00:00,22.178,24.774,17.915,13.858
11/11/08 17:00:00,18.675,20.103,17.510,14.098
11/11/08 18:00:00,14.433,16.272,16.844,14.122
11/11/08 19:00:00,10.320,12.268,15.867,14.026
11/11/08 20:00:00,7.142,9.632,14.768,13.738
11/11/08 21:00:00,5.616,8.344,13.762,13.377
11/11/08 22:00:00,5.796,8.170,12.896,12.968
11/11/08 23:00:00,5.616,7.770,12.243,12.582
11/12/08 00:00:00,4.428,6.661,11.686,12.219
11/12/08 01:00:00,4.037,6.306,11.151,11.880
11/12/08 02:00:00,4.168,6.382,10.712,11.565
11/12/08 03:00:00,4.115,6.153,10.345,11.273
11/12/08 04:00:00,3.433,5.437,10.001,11.005
11/12/08 05:00:00,2.877,4.869,9.632,10.761
11/12/08 06:00:00,14.194,9.139,9.361,10.541
11/12/08 07:00:00,20.507,14.361,9.682,10.345
11/12/08 08:00:00,22.489,21.056,10.541,10.345
11/12/08 09:00:00,22.465,27.284,11.686,10.541
11/12/08 10:00:00,30.495,29.540,12.992,10.907
11/12/08 11:00:00,35.128,36.254,14.098,11.370
11/12/08 12:00:00,33.600,32.924,15.175,11.880
11/12/08 13:00:00,26.940,26.867,15.915,12.389
11/12/08 14:00:00,26.353,27.481,16.463,12.896
11/12/08 15:00:00,30.117,36.092,16.630,13.257
11/12/08 16:00:00,20.365,22.537,17.011,13.546
11/12/08 17:00:00,22.250,21.079,16.773,13.786
11/12/08 18:00:00,16.511,17.486,16.415,13.882
11/12/08 19:00:00,10.736,12.968,15.676,13.858
11/12/08 20:00:00,8.593,11.053,14.673,13.642
11/12/08 21:00:00,8.120,10.124,13.786,13.353
11/12/08 22:00:00,6.839,8.990,13.064,13.016
11/12/08 23:00:00,6.965,8.767,12.461,12.703
11/13/08 00:00:00,6.026,7.745,11.929,12.389
11/13/08 01:00:00,6.051,7.670,11.467,12.098
11/13/08 02:00:00,7.895,8.369,11.053,11.807
11/13/08 03:00:00,9.015,8.668,10.785,11.565
11/13/08 04:00:00,8.767,8.717,10.590,11.370
11/13/08 05:00:00,9.657,9.064,10.443,11.175
11/13/08 06:00:00,13.401,11.321,10.443,11.029
11/13/08 07:00:00,11.807,10.810,10.638,10.956
11/13/08 08:00:00,23.256,20.936,11.005,10.932
11/13/08 09:00:00,26.012,27.358,12.050,11.029
11/13/08 10:00:00,27.727,29.215,13.473,11.370
11/13/08 11:00:00,27.161,32.458,14.936,11.856
11/13/08 12:00:00,26.256,31.001,16.106,12.461
11/13/08 13:00:00,20.055,24.171,16.892,13.040
11/13/08 14:00:00,21.056,24.629,16.844,13.522
11/13/08 15:00:00,17.130,18.985,16.654,13.762
11/13/08 16:00:00,16.915,18.105,16.225,13.858
11/13/08 17:00:00,18.557,18.842,15.867,13.834
11/13/08 18:00:00,16.368,16.106,15.581,13.786
11/13/08 19:00:00,12.461,13.016,15.055,13.714
11/13/08 20:00:00,11.565,11.832,14.314,13.522
11/13/08 21:00:00,11.565,11.346,13.666,13.281
11/13/08 22:00:00,11.637,11.078,13.137,13.016
11/13/08 23:00:00,11.807,10.761,12.678,12.751
11/14/08 00:00:00,12.775,11.224,12.340,12.534
11/14/08 01:00:00,12.775,11.394,12.098,12.316
11/14/08 02:00:00,12.871,11.297,11.977,12.147
11/14/08 03:00:00,12.243,10.980,11.783,12.001
11/14/08 04:00:00,9.952,10.369,11.637,11.856
11/14/08 05:00:00,9.583,10.075,11.516,11.734
11/14/08 06:00:00,10.736,11.078,11.394,11.613
11/14/08 07:00:00,17.153,16.225,11.419,11.540
11/14/08 08:00:00,20.603,20.889,11.977,11.492
11/14/08 09:00:00,20.579,25.065,12.823,11.613
11/14/08 10:00:00,16.153,20.746,13.762,11.880
11/14/08 11:00:00,14.290,19.389,14.361,12.195
11/14/08 12:00:00,12.727,16.034,14.888,12.509
11/14/08 13:00:00,11.565,13.978,14.912,12.775
11/14/08 14:00:00,17.415,21.366,14.960,12.920
11/14/08 15:00:00,21.509,28.196,15.652,13.088
11/14/08 16:00:00,13.978,17.130,15.963,13.353
11/14/08 17:00:00,12.654,14.242,15.557,13.522
11/14/08 18:00:00,12.364,12.896,14.960,13.497
11/14/08 19:00:00,10.271,10.907,14.314,13.377
11/14/08 20:00:00,9.657,10.051,13.618,13.185
11/14/08 21:00:00,8.965,9.361,12.968,12.920
11/14/08 22:00:00,8.170,9.163,12.437,12.630
11/14/08 23:00:00,6.839,8.593,12.001,12.389
11/15/08 00:00:00,5.360,7.343,11.589,12.147
11/15/08 01:00:00,4.454,6.636,11.151,11.904
11/15/08 02:00:00,3.696,5.796,10.736,11.637
11/15/08 03:00:00,3.327,5.462,10.296,11.394
11/15/08 04:00:00,3.168,5.154,9.903,11.151
11/15/08 05:00:00,3.036,4.947,9.558,10.907
11/15/08 06:00:00,8.742,7.192,9.336,10.663
11/15/08 07:00:00,14.361,11.321,9.485,10.492
11/15/08 08:00:00,14.888,16.820,10.100,10.443
11/15/08 09:00:00,16.749,24.243,11.005,10.541
11/15/08 10:00:00,20.936,26.475,12.268,10.810
11/15/08 11:00:00,20.984,32.458,13.690,11.248
11/15/08 12:00:00,22.345,32.253,14.888,11.807
11/15/08 13:00:00,21.413,29.840,15.843,12.389
11/15/08 14:00:00,18.580,34.651,16.939,12.968
11/15/08 15:00:00,16.796,33.600,17.130,13.473
11/15/08 16:00:00,15.843,21.008,16.939,13.786
11/15/08 17:00:00,13.618,16.534,16.487,13.930
11/15/08 18:00:00,10.345,13.233,15.772,13.930
11/15/08 19:00:00,5.334,9.386,14.816,13.762
11/15/08 20:00:00,3.564,7.469,13.762,13.473
11/15/08 21:00:00,1.534,5.847,12.799,13.088
11/15/08 22:00:00,1.126,5.282,11.953,12.678
11/15/08 23:00:00,0.989,4.792,11.248,12.292
11/16/08 00:00:00,1.534,4.636,10.687,11.904
11/16/08 01:00:00,-0.227,3.932,10.198,11.565
11/16/08 02:00:00,-1.613,2.717,9.756,11.224
11/16/08 03:00:00,-4.590,0.024,9.213,10.932
11/16/08 04:00:00,-5.511,-1.185,8.593,10.614
11/16/08 05:00:00,-6.199,-0.930,8.020,10.271
11/16/08 06:00:00,10.075,4.141,7.670,9.928
11/16/08 07:00:00,17.986,8.494,7.845,9.657
11/16/08 08:00:00,17.582,14.960,8.369,9.534
11/16/08 09:00:00,22.130,21.199,9.064,9.558
11/16/08 10:00:00,19.270,22.824,10.124,9.706
11/16/08 11:00:00,25.380,29.565,11.370,10.026
11/16/08 12:00:00,28.345,31.230,12.558,10.467
11/16/08 13:00:00,30.091,31.026,13.738,10.980
11/16/08 14:00:00,25.525,35.529,15.127,11.589
11/16/08 15:00:00,19.103,34.229,15.676,12.147
11/16/08 16:00:00,16.630,21.103,15.700,12.582
11/16/08 17:00:00,14.984,16.630,15.318,12.823
11/16/08 18:00:00,9.361,12.558,14.625,12.871
11/16/08 19:00:00,2.316,7.845,13.666,12.751
11/16/08 20:00:00,-0.648,5.179,12.606,12.485
11/16/08 21:00:00,-1.128,3.775,11.613,12.122
11/16/08 22:00:00,-3.065,2.128,10.736,11.734
11/16/08 23:00:00,-3.390,1.289,9.977,11.346
11/17/08 00:00:00,-2.189,1.886,9.312,10.932
11/17/08 01:00:00,-3.271,0.907,8.792,10.590
11/17/08 02:00:00,-1.527,1.615,8.319,10.247
11/17/08 03:00:00,-0.060,2.584,7.970,9.952
11/17/08 04:00:00,-0.789,2.047,7.745,9.682
11/17/08 05:00:00,0.135,2.343,7.544,9.460
11/17/08 06:00:00,9.336,6.179,7.419,9.262
11/17/08 07:00:00,14.290,10.785,7.720,9.114
11/17/08 08:00:00,17.201,18.485,8.568,9.114
11/17/08 09:00:00,20.817,25.258,9.731,9.287
11/17/08 10:00:00,25.016,27.825,11.248,9.657
11/17/08 11:00:00,27.653,35.182,12.920,10.247
11/17/08 12:00:00,29.040,35.342,14.385,10.932
11/17/08 13:00:00,31.586,31.433,15.867,11.662
11/17/08 14:00:00,22.034,22.321,16.725,12.413
11/17/08 15:00:00,20.603,21.748,16.701,12.944
11/17/08 16:00:00,18.390,18.509,16.225,13.233
11/17/08 17:00:00,19.222,19.436,15.867,13.305
11/17/08 18:00:00,15.247,15.700,15.629,13.353
11/17/08 19:00:00,7.494,10.467,14.888,13.305
11/17/08 20:00:00,4.324,7.268,13.786,13.112
11/17/08 21:00:00,2.823,5.898,12.751,12.775
11/17/08 22:00:00,1.262,4.532,11.856,12.389
11/17/08 23:00:00,1.317,4.480,11.102,12.001
11/18/08 00:00:00,2.236,4.869,10.516,11.637
11/18/08 01:00:00,2.370,4.895,10.026,11.273
11/18/08 02:00:00,3.168,5.102,9.657,10.980
11/18/08 03:00:00,3.512,5.076,9.361,10.712
11/18/08 04:00:00,3.958,5.205,9.089,10.467
11/18/08 05:00:00,4.376,5.539,8.866,10.271
11/18/08 06:00:00,12.195,8.767,8.792,10.075
11/18/08 07:00:00,16.034,13.329,9.139,9.952
11/18/08 08:00:00,17.034,17.106,10.001,9.977
11/18/08 09:00:00,17.724,18.366,10.956,10.198
11/18/08 10:00:00,20.412,20.555,11.783,10.467
11/18/08 11:00:00,20.198,22.226,12.775,10.810
11/18/08 12:00:00,21.557,23.905,13.666,11.224
11/18/08 13:00:00,22.992,24.992,14.577,11.637
11/18/08 14:00:00,19.627,20.936,15.223,12.098
11/18/08 15:00:00,20.007,21.413,15.366,12.461
11/18/08 16:00:00,18.889,19.008,15.461,12.727
11/18/08 17:00:00,16.368,16.868,15.366,12.896
11/18/08 18:00:00,13.666,14.529,14.960,12.992
11/18/08 19:00:00,10.173,12.074,14.361,12.968
11/18/08 20:00:00,9.558,10.516,13.714,12.823
11/18/08 21:00:00,9.015,9.756,13.137,12.630
11/18/08 22:00:00,8.120,9.361,12.630,12.389
11/18/08 23:00:00,7.519,8.941,12.195,12.171
11/19/08 00:00:00,7.594,8.792,11.807,11.953
11/19/08 01:00:00,7.770,8.792,11.516,11.759
11/19/08 02:00:00,7.870,8.643,11.248,11.565
11/19/08 03:00:00,8.095,8.593,11.029,11.394
11/19/08 04:00:00,7.318,8.419,10.858,11.248
11/19/08 05:00:00,6.788,8.020,10.687,11.102
11/19/08 06:00:00,9.386,9.460,10.492,10.980
11/19/08 07:00:00,12.074,11.613,10.663,10.883
11/19/08 08:00:00,15.223,13.040,11.029,10.858
11/19/08 09:00:00,25.647,21.056,11.686,10.907
11/19/08 10:00:00,23.761,21.509,12.944,11.127
11/19/08 11:00:00,22.633,22.178,14.050,11.516
11/19/08 12:00:00,18.485,18.295,14.577,11.929
11/19/08 13:00:00,15.199,15.915,14.697,12.268
11/19/08 14:00:00,14.385,15.247,14.553,12.461
11/19/08 15:00:00,13.185,13.810,14.290,12.558
11/19/08 16:00:00,14.864,13.858,13.978,12.582
11/19/08 17:00:00,13.353,13.064,13.786,12.534
11/19/08 18:00:00,12.195,12.074,13.546,12.485
11/19/08 19:00:00,11.273,11.492,13.185,12.413
11/19/08 20:00:00,10.834,11.053,12.823,12.292
11/19/08 21:00:00,10.345,10.687,12.509,12.171
11/19/08 22:00:00,10.222,10.492,12.195,12.025
11/19/08 23:00:00,9.903,10.198,11.953,11.904
11/20/08 00:00:00,9.386,9.903,11.734,11.759
11/20/08 01:00:00,9.485,9.952,11.540,11.662
11/20/08 02:00:00,8.965,9.558,11.370,11.540
11/20/08 03:00:00,8.618,9.435,11.224,11.443
11/20/08 04:00:00,8.618,9.410,11.053,11.321
11/20/08 05:00:00,8.494,9.361,10.932,11.224
11/20/08 06:00:00,8.469,9.410,10.810,11.127
11/20/08 07:00:00,9.015,9.756,10.785,11.053
11/20/08 08:00:00,8.568,9.756,10.785,10.980
11/20/08 09:00:00,9.608,10.418,10.883,10.932
11/20/08 10:00:00,11.273,11.807,11.029,10.932
11/20/08 11:00:00,11.078,12.074,11.540,10.980
11/20/08 12:00:00,9.903,11.759,11.953,11.102
11/20/08 13:00:00,9.952,11.516,12.147,11.224
11/20/08 14:00:00,8.245,10.761,12.243,11.321
11/20/08 15:00:00,8.990,11.078,12.219,11.394
11/20/08 16:00:00,8.020,10.443,12.219,11.419
11/20/08 17:00:00,10.075,11.516,12.074,11.419
11/20/08 18:00:00,7.695,10.075,12.195,11.443
11/20/08 19:00:00,5.128,8.519,11.856,11.443
11/20/08 20:00:00,4.454,7.720,11.248,11.346
11/20/08 21:00:00,3.696,7.066,10.663,11.151
11/20/08 22:00:00,2.850,6.179,10.149,10.932
11/20/08 23:00:00,1.967,5.565,9.632,10.687
11/21/08 00:00:00,1.317,5.128,9.139,10.443
11/21/08 01:00:00,0.687,4.506,8.693,10.198
11/21/08 02:00:00,0.439,4.115,8.270,9.952
11/21/08 03:00:00,0.135,3.643,7.895,9.706
11/21/08 04:00:00,-0.339,3.168,7.594,9.460
11/21/08 05:00:00,-0.732,3.142,7.293,9.238
11/21/08 06:00:00,6.509,4.428,7.015,9.015
11/21/08 07:00:00,10.516,7.293,7.116,8.841
11/21/08 08:00:00,12.823,11.686,7.895,8.767
11/21/08 09:00:00,12.074,14.385,8.941,8.916
11/21/08 10:00:00,16.415,15.700,10.320,9.213
11/21/08 11:00:00,17.558,18.295,11.904,9.706
11/21/08 12:00:00,13.882,16.701,13.112,10.320
11/21/08 13:00:00,13.618,15.557,14.170,10.907
11/21/08 14:00:00,10.222,13.040,14.553,11.467
11/21/08 15:00:00,7.920,12.050,14.385,11.783
11/21/08 16:00:00,8.195,11.102,13.906,11.953
11/21/08 17:00:00,7.469,9.977,13.377,11.929
11/21/08 18:00:00,4.818,7.945,12.703,11.832
11/21/08 19:00:00,3.985,6.940,11.953,11.637
11/21/08 20:00:00,3.248,6.179,11.248,11.370
11/21/08 21:00:00,2.343,5.539,10.614,11.102
11/21/08 22:00:00,2.396,5.024,10.001,10.810
11/21/08 23:00:00,0.880,3.827,9.534,10.516
11/22/08 00:00:00,0.934,4.168,9.139,10.247
11/22/08 01:00:00,0.024,3.301,8.817,10.001
11/22/08 02:00:00,-1.871,2.450,8.419,9.780
11/22/08 03:00:00,-2.189,2.637,8.095,9.534
11/22/08 04:00:00,-2.625,2.557,7.820,9.312
11/22/08 05:00:00,-2.363,2.370,7.594,9.114
11/22/08 06:00:00,-1.871,2.530,7.393,8.916
11/22/08 07:00:00,-0.227,3.512,7.293,8.767
11/22/08 08:00:00,0.522,3.932,7.368,8.618
11/22/08 09:00:00,1.235,5.076,7.745,8.568
11/22/08 10:00:00,4.402,8.394,8.568,8.593
11/22/08 11:00:00,5.770,11.102,9.706,8.792
11/22/08 12:00:00,7.469,11.953,10.980,9.163
11/22/08 13:00:00,9.534,13.233,11.662,9.583
11/22/08 14:00:00,5.128,10.467,12.025,9.977
11/22/08 15:00:00,3.485,7.519,11.710,10.173
11/22/08 16:00:00,1.453,5.050,10.956,10.222
11/22/08 17:00:00,1.044,4.376,10.222,10.075
11/22/08 18:00:00,0.079,3.195,9.583,9.879
11/22/08 19:00:00,-0.563,2.396,8.965,9.657
11/22/08 20:00:00,-0.817,1.724,8.344,9.386
11/22/08 21:00:00,-0.930,1.099,7.870,9.114
11/22/08 22:00:00,-0.986,0.797,7.444,8.866
11/22/08 23:00:00,-1.100,1.126,7.091,8.618
11/23/08 00:00:00,-0.902,1.208,6.788,8.394
11/23/08 01:00:00,-0.395,1.507,6.484,8.195
11/23/08 02:00:00,-0.199,1.643,6.230,7.970
11/23/08 03:00:00,-0.143,1.751,6.026,7.795
11/23/08 04:00:00,-0.060,2.047,5.924,7.645
11/23/08 05:00:00,-0.004,2.209,5.872,7.519
11/23/08 06:00:00,-0.004,2.423,5.872,7.393
11/23/08 07:00:00,0.051,2.477,5.847,7.318
11/23/08 08:00:00,0.024,2.209,5.847,7.242
11/23/08 09:00:00,0.024,1.534,5.847,7.167
11/23/08 10:00:00,0.051,2.021,5.898,7.116
11/23/08 11:00:00,0.051,3.142,6.077,7.066
11/23/08 12:00:00,3.670,5.257,6.382,7.041
11/23/08 13:00:00,6.560,6.535,6.687,7.015
11/23/08 14:00:00,7.368,6.763,6.889,6.990
11/23/08 15:00:00,8.220,6.813,6.914,6.990
11/23/08 16:00:00,6.230,5.975,6.965,6.990
11/23/08 17:00:00,3.827,4.688,6.940,7.015
11/23/08 18:00:00,2.850,4.089,6.712,6.990
11/23/08 19:00:00,2.450,3.696,6.408,6.940
11/23/08 20:00:00,2.262,3.301,6.128,6.839
11/23/08 21:00:00,2.396,3.327,5.872,6.712
11/23/08 22:00:00,1.994,3.142,5.719,6.585
11/23/08 23:00:00,1.071,2.477,5.539,6.484
11/24/08 00:00:00,0.495,2.074,5.308,6.357
11/24/08 01:00:00,-0.143,1.913,5.076,6.230
11/24/08 02:00:00,-0.423,1.643,4.869,6.102
11/24/08 03:00:00,-0.367,1.317,4.688,5.975
11/24/08 04:00:00,-0.116,1.317,4.506,5.847
11/24/08 05:00:00,-0.004,1.398,4.376,5.719
11/24/08 06:00:00,4.480,2.236,4.272,5.591
11/24/08 07:00:00,7.293,4.532,4.402,5.514
11/24/08 08:00:00,14.936,7.895,4.921,5.488
11/24/08 09:00:00,14.721,13.473,5.745,5.591
11/24/08 10:00:00,22.681,12.896,6.990,5.872
11/24/08 11:00:00,21.748,16.463,8.295,6.306
11/24/08 12:00:00,26.158,17.439,9.879,6.889
11/24/08 13:00:00,26.134,18.985,11.370,7.594
11/24/08 14:00:00,18.176,16.439,12.485,8.344
11/24/08 15:00:00,13.714,13.401,12.654,8.941
11/24/08 16:00:00,8.941,10.590,12.098,9.287
11/24/08 17:00:00,7.895,9.509,11.297,9.336
11/24/08 18:00:00,6.889,8.767,10.638,9.262
11/24/08 19:00:00,6.484,8.095,10.075,9.114
11/24/08 20:00:00,6.128,7.645,9.558,8.941
11/24/08 21:00:00,5.488,7.192,9.139,8.742
11/24/08 22:00:00,5.050,6.763,8.792,8.568
11/24/08 23:00:00,4.662,6.433,8.419,8.394
11/25/08 00:00:00,4.298,5.924,8.145,8.220
11/25/08 01:00:00,3.827,5.693,7.845,8.070
11/25/08 02:00:00,3.433,5.462,7.594,7.895
11/25/08 03:00:00,3.221,5.411,7.393,7.745
11/25/08 04:00:00,2.903,5.205,7.192,7.619
11/25/08 05:00:00,2.557,4.921,7.015,7.494
11/25/08 06:00:00,3.722,5.385,6.864,7.368
11/25/08 07:00:00,7.645,7.091,6.864,7.268
11/25/08 08:00:00,15.342,10.320,7.293,7.217
11/25/08 09:00:00,23.665,14.481,8.220,7.318
11/25/08 10:00:00,26.916,16.963,9.485,7.594
11/25/08 11:00:00,29.240,21.199,10.980,8.070
