02/9/10 14:08,21.963,17.891,17.486,16.272
02/9/10 15:08,22.729,17.962,18.081,16.582
02/9/10 16:08,20.46,18.319,18.319,16.915
02/9/10 17:08,17.772,17.177,17.843,17.034
02/9/10 18:08,22.944,17.653,17.415,16.963
02/9/10 19:08,18.271,17.534,17.486,16.915
02/9/10 20:08,15.796,16.677,17.13,16.868
02/9/10 21:08,14.385,15.963,16.606,16.701
02/9/10 22:08,13.137,15.151,16.082,16.463
02/9/10 23:08,12.558,14.385,15.557,16.177
02/10/10 0:08,11.37,13.978,15.103,15.891
02/10/10 1:08,10.785,13.642,14.673,15.629
02/10/10 2:08,10.1,12.751,14.314,15.366
02/10/10 3:08,10.492,12.364,13.978,15.079
02/10/10 4:08,11.297,12.534,13.786,14.864
02/10/10 5:08,11.71,12.63,13.642,14.673
02/10/10 6:08,11.953,12.678,13.522,14.529
02/10/10 7:08,13.714,13.088,13.425,14.385
02/10/10 8:08,19.555,14.697,13.522,14.314
02/10/10 9:08,22.13,16.439,13.93,14.314
02/10/10 10:08,26.475,18.033,14.721,14.481
02/10/10 11:08,27.308,18.461,15.963,14.84
02/10/10 12:08,27.949,18.842,17.344,15.438
02/10/10 13:08,25.089,18.176,18.319,16.106
02/10/10 14:08,22.202,18.2,18.533,16.654
02/10/10 15:08,16.153,16.272,17.653,16.844
02/10/10 16:08,16.963,16.415,16.939,16.654
02/10/10 17:08,15.843,15.963,16.534,16.463
02/10/10 18:08,18.438,16.344,16.344,16.296
02/10/10 19:08,16.725,16.487,16.272,16.225
02/10/10 20:08,14.984,15.772,16.01,16.129
02/10/10 21:08,14.002,15.199,15.652,15.986
02/10/10 22:08,13.185,14.721,15.342,15.796
02/10/10 23:08,12.823,14.481,15.008,15.605
02/11/10 0:08,12.944,14.146,14.768,15.414
02/11/10 1:08,12.871,13.786,14.625,15.247
02/11/10 2:08,13.016,13.57,14.457,15.127
02/11/10 3:08,12.799,13.762,14.337,15.008
02/11/10 4:08,13.064,13.666,14.242,14.888
02/11/10 5:08,12.413,13.425,14.146,14.816
02/11/10 6:08,13.281,13.281,14.002,14.697
02/11/10 7:08,13.69,13.425,13.906,14.601
02/11/10 8:08,15.342,13.786,13.858,14.529
02/11/10 9:08,21.867,16.129,14.05,14.481
02/11/10 10:08,21.604,16.177,14.745,14.601
02/11/10 11:08,24.315,17.724,15.843,14.888
02/11/10 12:08,28.048,18.937,17.391,15.438
02/11/10 13:08,24.992,18.366,18.913,16.225
02/11/10 14:08,24.122,18.652,20.246,17.011
02/11/10 15:08,26.329,19.484,21.223,17.843
02/11/10 16:08,28.023,19.532,21.652,18.557
02/11/10 17:08,22.8,18.081,21.294,18.937
02/11/10 18:08,18.343,16.82,20.841,19.008
02/11/10 19:08,16.963,16.129,20.007,18.889
02/11/10 20:08,16.153,15.819,19.199,18.58
02/11/10 21:08,7.97,9.731,12.63,15.366
02/11/10 22:08,13.594,13.016,11.637,14.433
02/11/10 23:08,13.473,13.666,11.443,13.473
02/12/10 0:08,13.088,13.497,12.243,13.666
02/12/10 1:08,13.04,13.305,12.799,13.882
02/12/10 2:08,13.161,13.425,13.137,14.026
02/12/10 3:08,13.161,13.57,13.401,14.122
02/12/10 4:08,13.425,13.714,13.57,14.194
02/12/10 5:08,13.088,13.666,13.714,14.266
02/12/10 6:08,13.161,13.594,13.81,14.314
02/12/10 7:08,12.509,13.281,13.858,14.337
02/12/10 8:08,12.703,13.137,13.882,14.337
02/12/10 9:08,12.799,13.281,13.93,14.361
02/12/10 10:08,13.257,13.425,14.05,14.385
02/12/10 11:08,13.161,13.522,14.242,14.433
02/12/10 12:08,15.223,14.242,14.697,14.553
02/12/10 13:08,17.962,14.96,15.39,14.792
02/12/10 14:08,20.222,16.201,16.463,15.175
02/12/10 15:08,20.674,17.058,18.033,15.796
02/12/10 16:08,21.891,17.891,19.175,16.582
02/12/10 17:08,16.868,16.773,18.818,17.13
02/12/10 18:08,15.151,15.891,18.081,17.177
02/12/10 19:08,14.026,15.366,17.391,17.011
02/12/10 20:08,13.016,14.888,16.773,16.773
02/12/10 21:08,12.606,14.625,16.249,16.511
02/12/10 22:08,12.316,14.433,15.843,16.249
02/12/10 23:08,11.929,14.29,15.461,16.01
02/13/10 0:08,11.54,14.146,15.151,15.796
02/13/10 1:08,11.443,13.906,14.888,15.581
02/13/10 2:08,11.589,13.882,14.649,15.39
02/13/10 3:08,11.734,13.93,14.481,15.223
02/13/10 4:08,11.565,13.906,14.361,15.079
02/13/10 5:08,10.883,13.786,14.242,14.96
02/13/10 6:08,10.614,13.642,14.098,14.84
02/13/10 7:08,11.175,13.257,13.954,14.721
02/13/10 8:08,13.281,13.594,13.954,14.601
02/13/10 9:08,14.05,13.762,14.17,14.577
02/13/10 10:08,16.725,13.978,14.457,14.649
02/13/10 11:08,21.199,15.199,15.008,14.768
02/13/10 12:08,18.604,14.816,15.796,15.079
02/13/10 13:08,22.011,15.915,16.582,15.39
02/13/10 14:08,20.96,16.511,17.819,15.867
02/13/10 15:08,18.485,15.867,18.747,16.511
02/13/10 16:08,20.936,15.963,18.747,16.939
02/13/10 17:08,19.436,16.01,18.842,17.177
02/13/10 18:08,17.106,15.39,18.652,17.32
02/13/10 19:08,14.745,14.745,18.2,17.344
02/13/10 20:08,12.606,13.954,17.582,17.201
02/13/10 21:08,11.516,13.377,16.915,16.939
02/13/10 22:08,11.102,13.257,16.344,16.654
02/13/10 23:08,11.419,13.185,15.915,16.368
02/14/10 0:08,10.614,12.775,15.533,16.106
02/14/10 1:08,10.075,12.461,15.223,15.867
02/14/10 2:08,9.657,12.171,14.912,15.652
02/14/10 3:08,9.928,11.734,14.649,15.438
02/14/10 4:08,9.805,11.929,14.337,15.223
02/14/10 5:08,10.075,12.292,14.098,15.031
02/14/10 6:08,9.879,12.558,13.858,14.84
02/14/10 7:08,10.712,12.654,13.69,14.673
02/14/10 8:08,12.678,13.088,13.546,14.529
02/14/10 9:08,13.858,13.57,13.69,14.433
02/14/10 10:08,16.296,14.146,13.93,14.433
02/14/10 11:08,15.39,14.601,14.337,14.505
02/14/10 12:08,15.342,14.649,14.553,14.625
02/14/10 13:08,19.199,15.772,15.247,14.768
02/14/10 14:08,16.082,15.27,15.605,15.079
02/14/10 15:08,15.557,15.127,15.557,15.247
02/14/10 16:08,16.868,15.199,15.557,15.318
02/14/10 17:08,17.177,15.247,15.629,15.366
02/14/10 18:08,15.652,15.199,15.772,15.438
02/14/10 19:08,13.016,14.553,15.581,15.509
02/14/10 20:08,12.292,14.146,15.199,15.438
02/14/10 21:08,12.025,13.93,14.864,15.294
02/14/10 22:08,11.54,13.762,14.577,15.127
02/14/10 23:08,11.078,13.497,14.29,14.96
02/15/10 0:08,10.907,13.449,14.026,14.792
02/15/10 1:08,10.418,13.257,13.81,14.625
02/15/10 2:08,10.124,13.04,13.57,14.481
02/15/10 3:08,10.026,12.847,13.377,14.314
02/15/10 4:08,10.149,12.847,13.209,14.17
02/15/10 5:08,10.026,12.703,13.016,14.026
02/15/10 6:08,9.731,12.558,12.751,13.882
02/15/10 7:08,9.632,12.509,12.364,13.618
02/15/10 8:08,9.657,12.509,12.122,13.377
02/15/10 9:08,9.829,12.461,11.929,13.137
02/15/10 10:08,9.583,12.268,11.953,13.04
02/15/10 11:08,10.198,12.389,11.929,12.968
02/15/10 12:08,10.418,12.461,11.904,12.871
02/15/10 13:08,11.297,12.509,11.977,12.823
02/15/10 14:08,11.662,12.727,12.219,12.871
02/15/10 15:08,10.32,12.509,12.389,12.944
02/15/10 16:08,10.271,12.268,12.364,12.992
02/15/10 17:08,9.854,12.122,12.34,13.016
02/15/10 18:08,9.361,11.88,12.243,12.992
02/15/10 19:08,8.742,11.637,12.098,12.944
02/15/10 20:08,7.619,11.2,11.88,12.847
02/15/10 21:08,7.318,10.834,11.54,12.727
02/15/10 22:08,6.636,10.516,11.273,12.558
02/15/10 23:08,6.889,10.369,10.98,12.364
02/16/10 0:08,7.142,10.443,10.858,12.219
02/16/10 1:08,7.268,10.394,10.761,12.098
02/16/10 2:08,6.687,10.247,10.687,12.001
02/16/10 3:08,6.433,10.075,10.516,11.88
02/16/10 4:08,6.408,10.026,10.394,11.783
02/16/10 5:08,6.357,10.001,10.296,11.686
02/16/10 6:08,6.153,9.854,10.222,11.589
02/16/10 7:08,6.331,9.879,10.124,11.492
02/16/10 8:08,8.841,10.149,10.075,11.419
02/16/10 9:08,11.832,11.127,10.149,11.37
02/16/10 10:08,15.915,12.413,10.541,11.394
02/16/10 11:08,19.151,13.666,11.419,11.565
02/16/10 12:08,22.034,14.481,12.751,11.953
02/16/10 13:08,21.246,15.199,14.026,12.558
02/16/10 14:08,19.865,15.485,15.247,13.209
02/16/10 15:08,21.987,15.7,16.463,13.954
02/16/10 16:08,22.489,15.915,17.058,14.673
02/16/10 17:08,21.342,16.082,17.13,15.175
02/16/10 18:08,18.866,15.963,16.844,15.39
02/16/10 19:08,16.153,15.509,16.368,15.414
02/16/10 20:08,9.78,14.026,15.629,15.294
02/16/10 21:08,8.045,12.461,14.745,15.008
02/16/10 22:08,5.257,11.565,13.93,14.625
02/16/10 23:08,4.037,11.053,13.112,14.218
02/17/10 0:08,3.38,9.805,12.413,13.786
02/17/10 1:08,3.749,9.509,11.856,13.377
02/17/10 2:08,0.77,8.419,11.321,12.992
02/17/10 3:08,2.021,6.763,10.834,12.63
02/17/10 4:08,4.584,6.484,10.443,12.292
02/17/10 5:08,4.74,7.393,10.149,12.001
02/17/10 6:08,5.128,7.845,9.952,11.759
02/17/10 7:08,8.543,8.643,9.805,11.54
02/17/10 8:08,14.122,10.222,9.928,11.394
02/17/10 9:08,16.463,11.37,10.296,11.37
02/17/10 10:08,19.294,12.654,10.932,11.492
02/17/10 11:08,21.963,13.786,12.074,11.783
02/17/10 12:08,23.641,14.002,13.305,12.268
02/17/10 13:08,24.46,15.151,14.337,12.847
02/17/10 14:08,23.569,15.748,15.199,13.425
02/17/10 15:08,23.737,16.272,16.082,14.026
02/17/10 16:08,22.465,16.439,16.487,14.553
02/17/10 17:08,20.436,16.177,16.63,14.912
02/17/10 18:08,18.271,15.676,16.463,15.127
02/17/10 19:08,17.724,15.223,16.01,15.175
02/17/10 20:08,13.088,14.337,15.557,15.079
02/17/10 21:08,11.783,13.449,14.84,14.888
02/17/10 22:08,9.952,12.775,14.17,14.601
02/17/10 23:08,6.965,11.686,13.353,14.266
02/18/10 0:08,5.36,10.932,12.63,13.858
02/18/10 1:08,5.128,10.492,12.025,13.473
02/18/10 2:08,4.428,10.198,11.467,13.088
02/18/10 3:08,4.141,9.731,11.005,12.751
02/18/10 4:08,4.063,9.361,10.638,12.437
02/18/10 5:08,4.063,9.287,10.32,12.147
02/18/10 6:08,3.958,9.139,10.075,11.88
02/18/10 7:08,5.949,9.312,9.829,11.662
02/18/10 8:08,13.209,10.149,9.78,11.492
02/18/10 9:08,20.269,11.565,10.026,11.394
02/18/10 10:08,22.681,13.161,10.638,11.443
02/18/10 11:08,25.817,14.457,11.783,11.686
02/18/10 12:08,24.484,15.485,13.329,12.171
02/18/10 13:08,23.016,16.058,14.601,12.847
02/18/10 14:08,21.199,15.843,15.676,13.497
02/18/10 15:08,22.441,15.915,16.749,14.218
02/18/10 16:08,23.569,16.153,17.225,14.864
02/18/10 17:08,22.202,16.296,17.272,15.294
02/18/10 18:08,19.793,16.082,16.963,15.509
02/18/10 19:08,16.677,15.485,16.439,15.533
02/18/10 20:08,11.589,13.714,15.748,15.39
02/18/10 21:08,9.089,12.485,14.888,15.103
02/18/10 22:08,6.94,11.321,14.074,14.745
02/18/10 23:08,5.437,10.736,13.401,14.337
02/19/10 0:08,6.99,9.558,12.847,13.954
02/19/10 1:08,8.095,9.756,12.437,13.618
02/19/10 2:08,7.318,9.632,12.122,13.329
02/19/10 3:08,7.594,9.608,11.832,13.088
02/19/10 4:08,7.192,9.41,11.589,12.847
02/19/10 5:08,7.695,9.312,11.346,12.654
02/19/10 6:08,6.636,9.139,11.151,12.461
02/19/10 7:08,9.015,9.287,10.98,12.292
02/19/10 8:08,14.673,11.005,10.956,12.171
02/19/10 9:08,19.698,12.896,11.248,12.098
02/19/10 10:08,26.94,14.697,11.832,12.171
02/19/10 11:08,29.165,16.63,13.04,12.437
02/19/10 12:08,20.031,15.438,14.601,12.992
02/19/10 13:08,26.549,16.749,15.342,13.57
02/19/10 14:08,23.208,17.106,16.725,14.17
02/19/10 15:08,19.579,16.201,17.534,14.864
02/19/10 16:08,19.984,15.819,17.51,15.342
02/19/10 17:08,24.677,16.892,17.296,15.557
02/19/10 18:08,22.178,16.058,17.249,15.7
02/19/10 19:08,17.748,14.96,17.058,15.772
02/19/10 20:08,11.662,13.305,16.463,15.748
02/19/10 21:08,9.78,12.292,15.605,15.509
02/19/10 22:08,10.026,11.783,14.816,15.175
02/19/10 23:08,8.916,11.686,14.194,14.816
02/20/10 0:08,9.089,11.297,13.642,14.481
02/20/10 1:08,9.238,11.078,13.209,14.17
02/20/10 2:08,8.841,10.956,12.92,13.882
02/20/10 3:08,8.319,10.932,12.654,13.666
02/20/10 4:08,8.593,10.736,12.437,13.449
02/20/10 5:08,8.817,10.492,12.243,13.257
02/20/10 6:08,8.593,10.345,12.074,13.112
02/20/10 7:08,9.163,10.271,11.904,12.968
02/20/10 8:08,13.233,11.078,11.856,12.823
02/20/10 9:08,18.438,12.364,12.074,12.775
02/20/10 10:08,22.274,14.05,12.654,12.823
02/20/10 11:08,18.747,13.954,13.762,13.088
02/20/10 12:08,19.46,14.05,14.721,13.522
02/20/10 13:08,20.865,14.409,15.509,13.978
02/20/10 14:08,19.46,14.649,16.582,14.457
02/20/10 15:08,21.628,15.485,17.51,15.055
02/20/10 16:08,21.246,15.509,17.915,15.605
02/20/10 17:08,16.915,14.122,17.819,15.963
02/20/10 18:08,17.177,14.074,17.368,16.058
02/20/10 19:08,14.984,13.546,16.796,15.986
02/20/10 20:08,13.81,13.161,16.201,15.796
02/20/10 21:08,13.473,12.992,15.676,15.557
02/20/10 22:08,13.449,12.896,15.223,15.318
02/20/10 23:08,13.257,12.871,14.864,15.079
02/21/10 0:08,12.243,12.606,14.577,14.888
02/21/10 1:08,12.074,12.509,14.242,14.673
02/21/10 2:08,12.195,12.413,13.978,14.481
02/21/10 3:08,12.219,12.316,13.762,14.314
02/21/10 4:08,12.05,12.219,13.57,14.146
02/21/10 5:08,11.856,12.025,13.401,14.002
02/21/10 6:08,12.001,11.977,13.233,13.882
02/21/10 7:08,11.637,12.074,13.112,13.738
02/21/10 8:08,12.316,12.292,13.088,13.666
02/21/10 9:08,15.008,12.847,13.329,13.618
02/21/10 10:08,17.558,13.834,13.906,13.714
02/21/10 11:08,20.246,14.649,14.697,13.93
02/21/10 12:08,16.415,13.93,15.342,14.29
02/21/10 13:08,20.007,15.031,15.605,14.529
02/21/10 14:08,21.056,15.031,15.796,14.768
02/21/10 15:08,23.448,17.011,16.392,14.984
02/21/10 16:08,17.249,15.294,16.987,15.366
02/21/10 17:08,12.219,12.775,13.738,14.697
02/21/10 18:08,11.929,12.823,13.978,14.529
02/21/10 19:08,12.05,12.654,14.05,14.457
02/21/10 20:08,11.078,12.219,14.002,14.385
02/21/10 21:08,11.151,12.147,13.858,14.314
02/21/10 22:08,10.761,11.977,13.69,14.17
02/21/10 23:08,10.98,11.929,13.546,14.05
02/22/10 0:08,11.321,12.001,13.401,13.93
02/22/10 1:08,11.467,12.05,13.305,13.834
02/22/10 2:08,11.224,12.001,13.257,13.762
02/22/10 3:08,11.297,12.001,13.185,13.69
02/22/10 4:08,10.98,11.832,13.137,13.618
02/22/10 5:08,11.2,11.88,13.04,13.546
02/22/10 6:08,11.297,11.953,12.992,13.497
02/22/10 7:08,11.346,11.953,12.944,13.449
02/22/10 8:08,11.273,11.88,12.92,13.401
02/22/10 9:08,11.516,11.904,12.896,13.353
02/22/10 10:08,11.662,11.977,12.896,13.329
02/22/10 11:08,11.904,12.074,12.92,13.329
02/22/10 12:08,11.88,12.122,12.992,13.329
02/22/10 13:08,11.807,12.025,13.064,13.329
02/22/10 14:08,12.001,12.171,13.137,13.353
02/22/10 15:08,12.316,12.34,13.185,13.377
02/22/10 16:08,12.171,12.437,13.185,13.401
02/22/10 17:08,12.001,12.292,13.185,13.401
02/22/10 18:08,11.832,12.147,13.137,13.401
02/22/10 19:08,11.565,12.025,13.088,13.377
02/22/10 20:08,10.051,11.224,12.992,13.353
02/22/10 21:08,9.657,10.761,12.823,13.281
02/22/10 22:08,9.361,10.516,12.63,13.209
02/22/10 23:08,8.519,9.829,12.437,13.112
02/23/10 0:08,7.695,9.534,12.219,12.992
02/23/10 1:08,7.594,9.287,12.001,12.847
02/23/10 2:08,6.204,8.618,11.807,12.727
02/23/10 3:08,5.179,8.095,11.565,12.582
02/23/10 4:08,3.142,7.368,11.297,12.437
02/23/10 5:08,3.116,7.091,10.907,12.243
02/23/10 6:08,3.116,7.594,10.394,12.001
02/23/10 7:08,4.298,8.07,9.903,11.71
02/23/10 8:08,6.611,8.965,9.583,11.443
02/23/10 9:08,8.444,10.051,9.46,11.224
02/23/10 10:08,10.271,11.029,9.608,11.102
02/23/10 11:08,13.57,12.098,10.345,11.127
02/23/10 12:08,15.652,12.534,11.516,11.419
02/23/10 13:08,16.106,13.04,12.63,11.904
02/23/10 14:08,15.461,13.233,13.594,12.437
02/23/10 15:08,16.01,13.425,14.577,13.016
02/23/10 16:08,16.296,13.353,15.079,13.57
02/23/10 17:08,16.225,13.714,15.055,13.954
02/23/10 18:08,15.366,13.882,14.864,14.122
02/23/10 19:08,11.516,13.497,14.505,14.122
02/23/10 20:08,7.995,12.364,13.906,14.026
02/23/10 21:08,6.661,11.54,13.112,13.762
02/23/10 22:08,6.153,10.98,12.437,13.425
02/23/10 23:08,6.813,10.834,11.977,13.088
02/24/10 0:08,4.428,10.59,11.613,12.823
02/24/10 1:08,3.168,10.051,11.151,12.558
02/24/10 2:08,0.577,9.139,10.687,12.268
02/24/10 3:08,1.071,8.12,10.222,11.953
02/24/10 4:08,3.248,7.142,9.903,11.662
02/24/10 5:08,4.402,7.041,9.706,11.419
02/24/10 6:08,5.282,7.393,9.583,11.224
02/24/10 7:08,6.357,7.67,9.509,11.078
02/24/10 8:08,9.977,8.643,9.583,10.98
02/24/10 9:08,14.697,10.075,9.854,10.956
02/24/10 10:08,20.412,11.783,10.418,11.029
02/24/10 11:08,23.761,13.377,11.54,11.297
02/24/10 12:08,23.737,14.29,13.016,11.807
02/24/10 13:08,27.924,15.7,14.385,12.461
02/24/10 14:08,22.705,16.129,15.581,13.209
02/24/10 15:08,21.437,15.867,16.177,13.906
02/24/10 16:08,18.652,15.652,16.225,14.337
02/24/10 17:08,20.96,15.7,16.106,14.577
02/24/10 18:08,18.129,15.27,15.891,14.721
02/24/10 19:08,14.361,14.768,15.461,14.721
02/24/10 20:08,11.005,13.594,14.84,14.601
02/24/10 21:08,9.657,12.703,14.098,14.361
02/24/10 22:08,8.494,12.147,13.449,14.026
02/24/10 23:08,6.99,11.662,12.847,13.714
02/25/10 0:08,6.357,10.98,12.364,13.377
02/25/10 1:08,6.255,10.736,11.929,13.088
02/25/10 2:08,5.128,10.051,11.565,12.799
02/25/10 3:08,4.194,9.682,11.2,12.534
02/25/10 4:08,7.041,9.485,10.858,12.292
02/25/10 5:08,7.444,9.485,10.687,12.074
02/25/10 6:08,6.484,9.336,10.565,11.904
02/25/10 7:08,7.745,9.213,10.418,11.759
02/25/10 8:08,13.377,10.565,10.394,11.613
02/25/10 9:08,17.391,12.34,10.663,11.589
02/25/10 10:08,23.521,13.93,11.248,11.662
02/25/10 11:08,27.727,15.055,12.364,11.904
02/25/10 12:08,26.646,15.891,13.93,12.437
02/25/10 13:08,24.944,16.773,15.27,13.137
02/25/10 14:08,22.011,16.796,16.32,13.834
02/25/10 15:08,22.681,16.677,17.225,14.505
02/25/10 16:08,23.761,16.677,17.51,15.079
02/25/10 17:08,22.082,16.725,17.439,15.438
02/25/10 18:08,19.674,16.439,17.106,15.605
02/25/10 19:08,16.201,15.867,16.654,15.605
02/25/10 20:08,12.606,14.601,15.963,15.461
02/25/10 21:08,11.2,13.714,15.199,15.199
02/25/10 22:08,9.756,12.968,14.529,14.864
02/25/10 23:08,8.841,12.316,13.954,14.553
02/26/10 0:08,6.94,11.929,13.377,14.218
02/26/10 1:08,6.153,11.516,12.847,13.882
02/26/10 2:08,7.895,10.81,12.437,13.546
02/26/10 3:08,7.87,10.663,12.098,13.257
02/26/10 4:08,7.368,10.124,11.807,13.04
02/26/10 5:08,7.77,9.928,11.565,12.799
02/26/10 6:08,7.619,9.829,11.346,12.606
02/26/10 7:08,7.945,9.756,11.127,12.413
02/26/10 8:08,13.401,11.053,11.078,12.268
02/26/10 9:08,17.201,12.461,11.346,12.195
02/26/10 10:08,21.461,13.906,11.904,12.268
02/26/10 11:08,23.881,15.175,13.04,12.509
02/26/10 12:08,24.702,15.915,14.553,13.016
02/26/10 13:08,24.05,15.915,15.843,13.666
02/26/10 14:08,21.246,15.772,16.868,14.337
02/26/10 15:08,23.881,16.534,17.724,15.008
02/26/10 16:08,25.598,16.725,18.01,15.557
02/26/10 17:08,21.843,15.939,17.915,15.891
02/26/10 18:08,20.722,15.27,17.605,16.034
02/26/10 19:08,15.629,14.122,17.082,16.01
02/26/10 20:08,10.345,12.823,16.368,15.867
02/26/10 21:08,8.469,11.783,15.461,15.557
02/26/10 22:08,8.841,11.2,14.625,15.151
02/26/10 23:08,10.124,11.053,14.026,14.768
02/27/10 0:08,9.583,11.127,13.618,14.409
02/27/10 1:08,10.001,11.2,13.305,14.122
02/27/10 2:08,10.663,11.346,13.088,13.906
02/27/10 3:08,11.224,11.273,12.944,13.714
02/27/10 4:08,11.467,11.224,12.847,13.594
02/27/10 5:08,11.37,11.2,12.775,13.473
02/27/10 6:08,10.761,11.102,12.654,13.377
02/27/10 7:08,10.956,11.078,12.509,13.257
02/27/10 8:08,13.257,11.856,12.509,13.161
02/27/10 9:08,10.663,11.443,12.703,13.137
02/27/10 10:08,10.467,11.273,12.751,13.161
02/27/10 11:08,10.516,11.492,12.871,13.161
02/27/10 12:08,10.932,11.37,12.968,13.209
02/27/10 13:08,19.341,13.69,13.209,13.233
02/27/10 14:08,14.745,13.762,14.649,13.522
02/27/10 15:08,19.817,14.481,15.055,13.978
02/27/10 16:08,21.557,15.652,15.819,14.337
02/27/10 17:08,17.439,14.625,16.249,14.721
02/27/10 18:08,15.175,14.074,16.249,15.008
02/27/10 19:08,13.594,13.666,15.915,15.103
02/27/10 20:08,11.321,12.871,15.318,15.031
02/27/10 21:08,9.805,12.509,14.697,14.816
02/27/10 22:08,8.593,11.662,14.146,14.553
02/27/10 23:08,7.92,11.613,13.618,14.266
02/28/10 0:08,9.287,11.589,13.137,13.978
02/28/10 1:08,10.858,11.832,12.944,13.738
02/28/10 2:08,11.102,11.953,12.896,13.57
02/28/10 3:08,10.883,11.856,12.871,13.473
02/28/10 4:08,9.682,11.516,12.823,13.401
02/28/10 5:08,9.632,11.102,12.63,13.305
02/28/10 6:08,10.614,11.321,12.437,13.185
02/28/10 7:08,10.296,11.321,12.389,13.088
02/28/10 8:08,11.734,11.662,12.389,13.016
02/28/10 9:08,14.529,12.292,12.509,12.992
02/28/10 10:08,14.074,12.847,12.992,13.064
02/28/10 11:08,17.867,13.57,13.522,13.233
02/28/10 12:08,16.725,13.762,14.266,13.522
02/28/10 13:08,19.08,15.031,15.318,13.882
02/28/10 14:08,18.033,14.864,16.225,14.385
02/28/10 15:08,23.593,15.318,16.796,14.864
02/28/10 16:08,16.511,15.127,17.106,15.294
02/28/10 17:08,15.127,14.385,16.415,15.438
02/28/10 18:08,15.629,14.314,15.819,15.342
02/28/10 19:08,12.437,13.714,15.318,15.175
02/28/10 20:08,9.608,12.63,14.577,14.936
02/28/10 21:08,8.12,11.904,13.786,14.601
02/28/10 22:08,7.77,11.565,13.161,14.218
02/28/10 23:08,6.255,11.029,12.582,13.858
03/1/10 0:08,5.385,10.565,12.025,13.522
03/1/10 1:08,4.844,10.222,11.492,13.161
03/1/10 2:08,4.947,9.952,11.029,12.847
03/1/10 3:08,4.636,9.78,10.736,12.534
03/1/10 4:08,4.35,9.583,10.516,12.292
03/1/10 5:08,4.168,9.435,10.296,12.074
03/1/10 6:08,4.298,9.361,10.124,11.88
03/1/10 7:08,4.063,9.213,9.952,11.71
03/1/10 8:08,4.662,9.238,9.829,11.565
03/1/10 9:08,8.99,9.977,9.829,11.419
03/1/10 10:08,11.346,11.662,10.247,11.394
03/1/10 11:08,12.292,11.977,10.956,11.516
03/1/10 12:08,13.546,12.195,11.516,11.759
03/1/10 13:08,15.294,12.678,12.413,12.05
03/1/10 14:08,14.529,12.703,13.185,12.485
03/1/10 15:08,13.666,12.558,13.522,12.847
03/1/10 16:08,14.194,12.582,13.906,13.137
03/1/10 17:08,13.714,12.678,14.026,13.401
03/1/10 18:08,11.2,12.364,13.906,13.57
03/1/10 19:08,8.717,11.88,13.546,13.57
03/1/10 20:08,7.645,11.297,12.992,13.449
03/1/10 21:08,7.167,10.98,12.461,13.233
03/1/10 22:08,6.99,10.81,12.074,12.992
03/1/10 23:08,6.763,10.712,11.734,12.775
03/2/10 0:08,6.331,10.492,11.443,12.558
03/2/10 1:08,5.821,10.222,11.151,12.364
03/2/10 2:08,4.506,9.854,10.81,12.147
03/2/10 3:08,3.564,9.188,10.369,11.929
03/2/10 4:08,3.564,9.114,10.001,11.686
03/2/10 5:08,3.301,8.99,9.706,11.443
03/2/10 6:08,2.584,8.717,9.435,11.224
03/2/10 7:08,3.696,8.643,9.213,11.029
03/2/10 8:08,9.238,9.509,9.114,10.834
03/2/10 9:08,13.161,10.736,9.336,10.736
03/2/10 10:08,16.63,11.977,9.829,10.785
03/2/10 11:08,16.939,12.775,10.834,10.98
03/2/10 12:08,18.652,13.137,12.098,11.394
03/2/10 13:08,18.794,13.786,13.257,11.929
03/2/10 14:08,16.558,13.449,14.098,12.509
03/2/10 15:08,17.51,13.401,14.745,13.016
03/2/10 16:08,19.246,13.714,15.031,13.473
03/2/10 17:08,17.986,13.954,15.055,13.786
03/2/10 18:08,17.201,14.05,14.816,13.954
03/2/10 19:08,13.305,13.594,14.481,13.954
03/2/10 20:08,9.805,12.509,13.882,13.858
03/2/10 21:08,9.04,11.904,13.209,13.618
03/2/10 22:08,8.643,11.589,12.654,13.329
03/2/10 23:08,7.419,11.151,12.243,13.088
03/3/10 0:08,6.484,10.712,11.832,12.823
03/3/10 1:08,4.506,9.682,11.419,12.558
03/3/10 2:08,3.932,9.287,11.029,12.292
03/3/10 3:08,4.22,9.287,10.663,12.05
03/3/10 4:08,4.584,9.262,10.369,11.807
03/3/10 5:08,4.454,9.114,10.149,11.589
03/3/10 6:08,4.532,8.792,9.952,11.419
03/3/10 7:08,6.102,9.04,9.78,11.248
03/3/10 8:08,14.385,10.051,9.78,11.102
03/3/10 9:08,19.056,11.662,10.124,11.053
03/3/10 10:08,21.676,13.185,10.81,11.175
03/3/10 11:08,26.012,14.409,12.05,11.492
03/3/10 12:08,26.036,15.366,13.642,12.025
03/3/10 13:08,24.171,16.201,15.008,12.727
03/3/10 14:08,22.082,16.201,15.939,13.425
03/3/10 15:08,21.724,16.177,16.677,14.05
03/3/10 16:08,24.412,16.177,16.915,14.577
03/3/10 17:08,22.729,16.32,16.868,14.912
03/3/10 18:08,20.222,16.082,16.558,15.079
03/3/10 19:08,16.439,15.438,16.106,15.079
03/3/10 20:08,12.147,14.098,15.461,14.96
03/3/10 21:08,10.443,12.799,14.697,14.697
03/3/10 22:08,9.657,12.219,14.026,14.385
03/3/10 23:08,8.693,11.734,13.449,14.05
03/4/10 0:08,8.195,11.71,12.992,13.738
03/4/10 1:08,8.444,11.686,12.606,13.473
03/4/10 2:08,8.195,10.98,12.292,13.209
03/4/10 3:08,10.32,10.858,11.953,12.992
03/4/10 4:08,10.149,10.565,11.734,12.775
03/4/10 5:08,8.045,10.124,11.565,12.606
03/4/10 6:08,8.891,10.614,11.321,12.413
03/4/10 7:08,10.173,10.614,11.151,12.268
03/4/10 8:08,13.329,11.248,11.151,12.122
03/4/10 9:08,18.2,12.364,11.443,12.098
03/4/10 10:08,22.441,14.266,12.122,12.171
03/4/10 11:08,22.633,13.666,12.823,12.437
03/4/10 12:08,22.92,14.433,13.714,12.775
03/4/10 13:08,26.965,15.581,14.553,13.161
03/4/10 14:08,27.014,16.892,15.629,13.69
03/4/10 15:08,23.93,16.868,16.272,14.218
03/4/10 16:08,23.424,16.606,16.392,14.601
03/4/10 17:08,20.269,16.106,16.296,14.816
03/4/10 18:08,20.412,15.819,16.058,14.912
03/4/10 19:08,16.296,15.223,15.772,14.912
03/4/10 20:08,13.137,14.218,15.27,14.84
03/4/10 21:08,12.219,13.594,14.697,14.673
03/4/10 22:08,11.832,13.209,14.266,14.433
03/4/10 23:08,11.807,13.112,13.906,14.218
03/5/10 0:08,11.516,12.896,13.642,14.002
03/5/10 1:08,11.005,12.316,13.425,13.858
03/5/10 2:08,10.858,12.001,13.209,13.69
03/5/10 3:08,11.005,11.977,13.04,13.57
03/5/10 4:08,10.932,11.953,12.896,13.425
03/5/10 5:08,10.1,11.443,12.751,13.329
03/5/10 6:08,10.32,11.2,12.558,13.209
03/5/10 7:08,10.614,11.467,12.437,13.088
03/5/10 8:08,11.613,11.686,12.389,12.992
03/5/10 9:08,14.96,12.292,12.558,12.944
03/5/10 10:08,14.601,12.678,12.847,12.992
03/5/10 11:08,13.858,12.727,13.064,13.088
03/5/10 12:08,15.27,13.137,13.185,13.161
03/5/10 13:08,18.176,13.834,13.401,13.233
03/5/10 14:08,18.152,14.146,13.834,13.377
03/5/10 15:08,17.629,14.433,14.146,13.57
03/5/10 16:08,15.676,14.002,14.29,13.714
03/5/10 17:08,15.414,13.666,14.314,13.834
03/5/10 18:08,14.385,13.497,14.266,13.882
03/5/10 19:08,13.449,13.185,14.122,13.906
03/5/10 20:08,12.896,13.016,13.93,13.858
03/5/10 21:08,12.871,12.944,13.738,13.786
03/5/10 22:08,12.871,12.896,13.57,13.714
03/5/10 23:08,12.871,12.896,13.449,13.642
03/6/10 0:08,12.896,12.896,13.353,13.57
03/6/10 1:08,12.92,12.871,13.257,13.497
03/6/10 2:08,12.896,12.871,13.209,13.449
03/6/10 3:08,12.92,12.871,13.161,13.401
03/6/10 4:08,12.944,12.896,13.112,13.353
03/6/10 5:08,12.992,12.896,13.088,13.329
03/6/10 6:08,12.389,12.799,13.04,13.281
03/6/10 7:08,11.88,12.413,12.992,13.257
03/6/10 8:08,12.074,12.34,12.92,13.233
03/6/10 9:08,14.098,12.654,12.968,13.185
03/6/10 10:08,18.723,14.122,13.353,13.233
03/6/10 11:08,20.365,15.318,14.17,13.449
03/6/10 12:08,25.186,16.296,15.342,13.834
03/6/10 13:08,26.549,17.058,16.487,14.385
03/6/10 14:08,24.774,17.272,17.201,14.96
03/6/10 15:08,27.186,17.962,17.344,15.39
03/6/10 16:08,29.79,18.414,17.867,15.724
03/6/10 17:08,26.329,18.152,18.129,16.082
03/6/10 18:08,17.011,16.01,17.938,16.296
03/6/10 19:08,16.272,15.461,17.344,16.296
03/6/10 20:08,13.112,14.409,16.701,16.129
03/6/10 21:08,11.662,14.122,15.939,15.867
03/6/10 22:08,13.064,14.05,15.318,15.509
03/6/10 23:08,13.786,14.122,14.984,15.223
03/7/10 0:08,12.896,14.026,14.385,14.984
03/7/10 1:08,12.703,13.882,14.146,14.721
03/7/10 2:08,12.558,13.786,14.002,14.529
03/7/10 3:08,12.316,13.738,13.882,14.385
03/7/10 4:08,12.509,13.618,13.762,14.242
03/7/10 5:08,12.678,13.642,13.69,14.146
03/7/10 6:08,12.751,13.594,13.618,14.05
03/7/10 7:08,12.316,13.497,13.522,13.978
03/7/10 8:08,12.389,13.473,13.401,13.882
03/7/10 9:08,12.461,13.377,13.353,13.81
03/7/10 10:08,12.606,13.401,13.329,13.762
03/7/10 11:08,11.856,13.257,13.281,13.714
03/7/10 12:08,11.904,12.968,13.185,13.642
03/7/10 13:08,11.977,12.992,13.04,13.57
03/7/10 14:08,16.439,13.522,13.137,13.522
03/7/10 15:08,13.618,13.714,13.401,13.57
03/7/10 16:08,12.485,13.57,13.377,13.618
03/7/10 17:08,12.243,13.425,13.257,13.618
03/7/10 18:08,11.88,13.305,13.161,13.57
03/7/10 19:08,11.71,13.185,13.064,13.522
03/7/10 20:08,11.734,12.92,12.968,13.449
03/7/10 21:08,11.565,12.847,12.896,13.401
03/7/10 22:08,11.662,12.823,12.823,13.329
03/7/10 23:08,11.759,12.823,12.775,13.281
03/8/10 0:08,11.977,12.799,12.751,13.233
03/8/10 1:08,12.195,12.751,12.751,13.209
03/8/10 2:08,12.316,12.751,12.775,13.185
03/8/10 3:08,12.098,12.654,12.751,13.185
03/8/10 4:08,11.297,12.025,12.727,13.161
03/8/10 5:08,11.127,12.001,12.654,13.137
03/8/10 6:08,10.149,11.734,12.582,13.088
03/8/10 7:08,9.829,11.492,12.485,13.04
03/8/10 8:08,11.273,11.346,12.364,12.968
03/8/10 9:08,11.832,11.078,12.364,12.92
03/8/10 10:08,13.762,11.151,12.509,12.92
03/8/10 11:08,16.392,12.05,13.064,12.992
03/8/10 12:08,11.029,11.492,13.618,13.233
03/8/10 13:08,16.558,11.734,13.738,13.425
03/8/10 14:08,14.601,11.71,13.978,13.594
03/8/10 15:08,12.558,11.589,14.026,13.714
03/8/10 16:08,10.712,10.956,13.882,13.762
03/8/10 17:08,8.07,9.952,13.666,13.738
03/8/10 18:08,7.845,9.78,13.329,13.642
03/8/10 19:08,7.393,9.336,12.944,13.497
03/8/10 20:08,7.242,9.435,12.63,13.305
03/8/10 21:08,5.924,8.693,12.34,13.137
03/8/10 22:08,6.382,8.12,12.025,12.944
03/8/10 23:08,6.611,8.17,11.807,12.751
03/9/10 0:08,6.94,8.369,11.613,12.606
03/9/10 1:08,7.167,8.344,11.492,12.461
03/9/10 2:08,7.393,8.519,11.37,12.34
03/9/10 3:08,7.242,8.519,11.297,12.243
03/9/10 4:08,7.419,8.494,11.2,12.147
03/9/10 5:08,7.519,8.543,11.151,12.074
03/9/10 6:08,7.469,8.593,11.078,12.001
03/9/10 7:08,7.091,8.319,11.005,11.929
03/9/10 8:08,7.469,8.444,10.956,11.856
03/9/10 9:08,9.04,8.717,11.005,11.807
03/9/10 10:08,8.841,8.941,11.248,11.807
03/9/10 11:08,8.618,8.891,11.589,11.904
03/9/10 12:08,12.437,9.41,11.88,12.05
03/9/10 13:08,9.238,9.213,12.219,12.195
03/9/10 14:08,8.717,9.064,12.413,12.34
03/9/10 15:08,8.817,8.99,12.389,12.437
03/9/10 16:08,7.293,8.593,12.364,12.485
03/9/10 17:08,8.22,8.643,12.219,12.485
03/9/10 18:08,7.393,8.568,12.171,12.437
03/9/10 19:08,6.408,8.17,12.001,12.413
03/9/10 20:08,6.102,8.045,11.734,12.316
03/9/10 21:08,4.35,7.494,11.467,12.171
03/9/10 22:08,3.854,6.585,11.127,12.025
03/9/10 23:08,3.327,6.712,10.736,11.832
03/10/10 0:08,2.101,6.23,10.345,11.613
03/10/10 1:08,1.94,6.153,10.001,11.37
03/10/10 2:08,1.643,6.255,9.706,11.151
03/10/10 3:08,1.344,6.611,9.361,10.932
03/10/10 4:08,1.615,6.737,9.064,10.712
03/10/10 5:08,1.425,6.839,8.717,10.467
03/10/10 6:08,1.832,7.192,8.519,10.247
03/10/10 7:08,1.859,7.116,8.27,10.075
03/10/10 8:08,4.376,7.469,7.995,9.903
03/10/10 9:08,6.255,8.145,7.995,9.731
03/10/10 10:08,10.565,9.015,8.245,9.682
03/10/10 11:08,13.401,9.952,8.965,9.756
03/10/10 12:08,18.675,10.98,10.026,10.051
03/10/10 13:08,17.058,11.734,11.151,10.541
03/10/10 14:08,16.249,11.832,11.929,11.053
03/10/10 15:08,17.201,11.88,12.606,11.54
03/10/10 16:08,19.175,11.759,13.016,11.977
03/10/10 17:08,13.473,11.71,12.992,12.268
03/10/10 18:08,9.509,10.834,12.606,12.389
03/10/10 19:08,6.077,10.026,12.05,12.316
03/10/10 20:08,4.532,9.46,11.443,12.122
03/10/10 21:08,3.564,8.941,10.883,11.856
03/10/10 22:08,3.485,8.742,10.394,11.589
03/10/10 23:08,3.248,8.593,10.026,11.321
03/11/10 0:08,3.089,8.494,9.731,11.078
03/11/10 1:08,1.832,8.245,9.41,10.858
03/11/10 2:08,1.289,7.97,9.015,10.638
03/11/10 3:08,1.099,7.895,8.693,10.394
03/11/10 4:08,0.273,6.99,8.444,10.173
03/11/10 5:08,-0.367,6.484,8.145,9.952
03/11/10 6:08,-1.099,6.204,7.82,9.731
03/11/10 7:08,-1.184,6.051,7.494,9.509
03/11/10 8:08,4.22,6.56,7.268,9.287
03/11/10 9:08,10.614,7.242,7.343,9.114
03/11/10 10:08,15.796,8.717,7.795,9.089
03/11/10 11:08,18.152,10.124,8.841,9.262
03/11/10 12:08,18.509,11.102,10.32,9.706
03/11/10 13:08,17.867,12.001,11.686,10.345
03/11/10 14:08,17.011,12.05,12.437,10.956
03/11/10 15:08,16.225,12.05,12.992,11.492
03/11/10 16:08,19.77,12.098,13.329,11.953
03/11/10 17:08,17.32,12.219,13.305,12.243
03/11/10 18:08,14.266,12.122,13.04,12.389
03/11/10 19:08,10.222,11.613,12.654,12.389
03/11/10 20:08,7.015,10.761,12.05,12.268
03/11/10 21:08,5.668,10.149,11.419,12.025
03/11/10 22:08,4.766,9.435,10.834,11.734
03/11/10 23:08,4.194,9.114,10.32,11.443
03/12/10 0:08,3.985,8.891,9.903,11.151
03/12/10 1:08,1.615,8.17,9.46,10.883
03/12/10 2:08,1.697,7.745,9.04,10.614
03/12/10 3:08,0.989,7.393,8.668,10.345
03/12/10 4:08,0.577,6.813,8.295,10.075
03/12/10 5:08,0.495,6.382,7.92,9.829
03/12/10 6:08,0.522,6.204,7.67,9.583
03/12/10 7:08,0.825,5.949,7.469,9.386
03/12/10 8:08,8.394,6.128,7.318,9.188
03/12/10 9:08,14.218,7.745,7.444,9.064
03/12/10 10:08,17.249,9.485,8.045,9.089
03/12/10 11:08,18.557,10.81,9.163,9.312
03/12/10 12:08,20.031,11.783,10.638,9.78
03/12/10 13:08,19.698,12.534,11.977,10.443
03/12/10 14:08,19.651,12.92,12.799,11.078
03/12/10 15:08,17.534,12.678,13.401,11.637
03/12/10 16:08,21.246,12.654,13.642,12.074
03/12/10 17:08,19.056,12.871,13.642,12.389
03/12/10 18:08,15.939,12.896,13.425,12.534
03/12/10 19:08,11.686,12.34,13.04,12.558
03/12/10 20:08,8.27,11.297,12.413,12.437
03/12/10 21:08,7.066,10.59,11.783,12.219
03/12/10 22:08,6.585,10.222,11.248,11.929
03/12/10 23:08,7.116,10.124,10.907,11.686
03/13/10 0:08,4.973,9.287,10.59,11.492
03/13/10 1:08,3.195,7.619,10.124,11.248
03/13/10 2:08,3.327,6.914,9.756,10.98
03/13/10 3:08,3.301,6.687,9.46,10.761
03/13/10 4:08,2.85,6.382,9.238,10.541
03/13/10 5:08,2.343,6.102,8.99,10.369
03/13/10 6:08,2.021,5.796,8.717,10.173
03/13/10 7:08,2.316,5.77,8.494,10.001
03/13/10 8:08,7.845,7.494,8.319,9.829
03/13/10 9:08,12.171,8.99,8.494,9.706
03/13/10 10:08,15.461,10.369,8.965,9.731
03/13/10 11:08,19.46,11.565,9.903,9.928
03/13/10 12:08,20.293,12.534,11.321,10.32
03/13/10 13:08,18.842,12.896,12.534,10.932
03/13/10 14:08,17.32,12.558,12.654,11.467
03/13/10 15:08,15.605,12.63,12.703,11.71
03/13/10 16:08,21.461,12.823,13.016,11.929
03/13/10 17:08,18.771,12.944,13.137,12.171
03/13/10 18:08,16.201,12.847,13.04,12.316
03/13/10 19:08,11.151,12.243,12.775,12.364
03/13/10 20:08,8.07,11.297,12.219,12.292
03/13/10 21:08,6.331,10.296,11.589,12.074
03/13/10 22:08,5.821,9.632,10.98,11.807
03/13/10 23:08,5.024,9.188,10.492,11.516
03/14/10 0:08,3.932,8.444,10.026,11.248
03/14/10 1:08,3.168,8.095,9.632,10.956
03/14/10 2:08,2.717,7.594,9.238,10.687
03/14/10 3:08,2.396,6.585,8.916,10.443
03/14/10 4:08,2.69,6.484,8.717,10.222
03/14/10 5:08,3.932,6.661,8.519,10.051
03/14/10 6:08,2.262,6.128,8.344,9.879
03/14/10 7:08,3.009,6.077,8.195,9.731
03/14/10 8:08,8.941,7.845,8.145,9.608
03/14/10 9:08,14.05,9.632,8.419,9.534
03/14/10 10:08,18.889,10.394,8.891,9.608
03/14/10 11:08,17.106,11.273,9.657,9.805
03/14/10 12:08,17.249,11.637,10.467,10.124
03/14/10 13:08,19.555,12.243,11.248,10.492
03/14/10 14:08,23.497,13.305,12.485,11.005
03/14/10 15:08,22.609,14.146,13.401,11.589
03/14/10 16:08,15.485,12.558,13.81,12.147
03/14/10 17:08,12.727,11.443,13.377,12.389
03/14/10 18:08,12.92,11.492,12.968,12.389
03/14/10 19:08,9.977,10.712,12.654,12.34
03/14/10 20:08,10.051,10.687,12.219,12.219
03/14/10 21:08,9.435,10.638,11.832,12.074
03/14/10 22:08,8.07,10.345,11.54,11.904
03/14/10 23:08,8.394,10.198,11.224,11.734
03/15/10 0:08,7.419,9.731,11.005,11.589
03/15/10 1:08,5.231,8.295,10.736,11.443
03/15/10 2:08,4.298,7.645,10.296,11.248
03/15/10 3:08,4.584,7.695,9.952,11.029
03/15/10 4:08,5.205,7.77,9.682,10.834
03/15/10 5:08,4.714,7.645,9.46,10.663
03/15/10 6:08,5.205,7.645,9.238,10.492
03/15/10 7:08,5.334,7.619,9.064,10.32
03/15/10 8:08,9.952,8.469,8.99,10.198
03/15/10 9:08,15.581,9.854,9.163,10.124
03/15/10 10:08,18.414,11.346,9.682,10.173
03/15/10 11:08,21.987,12.63,10.858,10.418
03/15/10 12:08,15.843,11.686,11.734,10.883
03/15/10 13:08,21.819,12.992,12.364,11.248
03/15/10 14:08,17.201,12.292,13.401,11.734
03/15/10 15:08,15.103,11.929,13.666,12.171
03/15/10 16:08,16.892,12.413,13.786,12.461
03/15/10 17:08,15.175,12.413,13.906,12.654
03/15/10 18:08,17.13,11.904,13.642,12.799
03/15/10 19:08,11.88,11.2,13.401,12.799
03/15/10 20:08,8.693,9.952,12.896,12.727
03/15/10 21:08,6.864,8.99,12.292,12.534
03/15/10 22:08,6.382,8.593,11.71,12.268
03/15/10 23:08,5.975,8.568,11.248,12.001
03/16/10 0:08,5.642,8.494,10.834,11.734
03/16/10 1:08,5.411,8.668,10.492,11.516
03/16/10 2:08,4.74,8.27,10.149,11.273
03/16/10 3:08,4.011,7.318,9.78,11.029
03/16/10 4:08,4.089,7.192,9.558,10.834
03/16/10 5:08,3.406,6.813,9.336,10.638
03/16/10 6:08,2.744,6.408,9.089,10.467
03/16/10 7:08,2.877,6.357,8.841,10.271
03/16/10 8:08,8.319,7.945,8.643,10.1
03/16/10 9:08,14.098,9.509,8.841,10.001
03/16/10 10:08,17.272,11.005,9.386,10.026
03/16/10 11:08,20.555,12.074,10.443,10.247
03/16/10 12:08,21.413,12.992,11.88,10.712
03/16/10 13:08,21.581,13.81,13.088,11.321
03/16/10 14:08,21.557,14.266,13.858,11.904
03/16/10 15:08,19.96,14.098,14.314,12.413
03/16/10 16:08,19.46,13.714,14.481,12.823
03/16/10 17:08,16.01,13.618,14.29,13.04
03/16/10 18:08,14.816,13.161,13.93,13.088
03/16/10 19:08,11.492,11.929,13.57,13.064
03/16/10 20:08,10.198,11.443,13.112,12.944
03/16/10 21:08,8.742,10.369,12.582,12.751
03/16/10 22:08,7.67,9.829,12.074,12.509
03/16/10 23:08,6.585,9.46,11.589,12.268
03/17/10 0:08,6.712,9.163,11.102,12.001
03/17/10 1:08,6.509,9.534,10.761,11.734
03/17/10 2:08,6.965,9.312,10.418,11.516
03/17/10 3:08,7.82,9.632,10.198,11.297
03/17/10 4:08,7.87,9.534,10.075,11.127
03/17/10 5:08,7.368,9.238,9.952,11.005
03/17/10 6:08,7.444,9.089,9.829,10.883
03/17/10 7:08,6.509,8.643,9.706,10.761
03/17/10 8:08,11.589,9.706,9.657,10.663
03/17/10 9:08,15.175,10.956,9.829,10.614
03/17/10 10:08,20.293,12.292,10.345,10.663
03/17/10 11:08,22.058,12.847,11.248,10.907
03/17/10 12:08,23.761,13.906,12.63,11.321
03/17/10 13:08,21.437,14.05,13.906,11.929
03/17/10 14:08,20.936,14.529,14.625,12.534
03/17/10 15:08,22.321,15.509,15.055,13.016
03/17/10 16:08,22.226,14.96,15.294,13.401
03/17/10 17:08,21.413,14.721,15.27,13.642
03/17/10 18:08,17.843,13.954,15.008,13.786
03/17/10 19:08,13.497,12.703,14.625,13.786
03/17/10 20:08,11.029,11.419,14.05,13.666
03/17/10 21:08,11.029,11.662,13.377,13.449
03/17/10 22:08,10.296,11.54,12.799,13.161
03/17/10 23:08,10.124,11.516,12.437,12.92
03/18/10 0:08,10.1,11.443,12.171,12.703
03/18/10 1:08,9.756,11.224,11.953,12.509
03/18/10 2:08,9.46,10.785,11.71,12.364
03/18/10 3:08,8.245,10.443,11.467,12.195
03/18/10 4:08,7.393,10.026,11.224,12.025
03/18/10 5:08,7.645,9.78,10.883,11.832
03/18/10 6:08,7.92,9.731,10.638,11.662
03/18/10 7:08,8.419,9.928,10.492,11.492
03/18/10 8:08,11.807,10.712,10.369,11.346
03/18/10 9:08,18.866,12.364,10.59,11.273
03/18/10 10:08,21.7,13.281,11.151,11.346
03/18/10 11:08,20.174,13.473,12.05,11.589
03/18/10 12:08,22.537,14.146,12.871,11.929
03/18/10 13:08,23.761,14.816,13.69,12.34
03/18/10 14:08,22.298,15.151,14.529,12.799
03/18/10 15:08,21.891,15.533,15.103,13.257
03/18/10 16:08,19.246,14.96,15.366,13.642
03/18/10 17:08,19.555,14.218,15.247,13.882
03/18/10 18:08,16.082,13.594,15.031,13.978
03/18/10 19:08,13.016,12.654,14.577,13.93
03/18/10 20:08,11.297,12.219,14.002,13.786
03/18/10 21:08,10.687,11.953,13.473,13.57
03/18/10 22:08,10.59,11.71,13.04,13.353
03/18/10 23:08,10.051,11.467,12.703,13.137
03/19/10 0:08,9.534,11.175,12.413,12.944
03/19/10 1:08,9.583,10.907,12.147,12.751
03/19/10 2:08,9.879,10.638,11.953,12.582
03/19/10 3:08,10.075,10.271,11.807,12.437
03/19/10 4:08,9.238,10.1,11.637,12.316
03/19/10 5:08,9.336,9.854,11.467,12.171
03/19/10 6:08,8.593,9.558,11.297,12.074
03/19/10 7:08,9.238,9.706,11.127,11.929
03/19/10 8:08,8.792,9.706,11.053,11.832
03/19/10 9:08,14.697,10.394,11.029,11.734
03/19/10 10:08,16.034,10.834,11.321,11.734
03/19/10 11:08,15.199,11.224,11.977,11.832
03/19/10 12:08,16.558,11.832,12.534,12.074
03/19/10 13:08,16.225,12.074,13.377,12.364
03/19/10 14:08,15.748,11.88,13.497,12.678
03/19/10 15:08,15.867,12.243,13.666,12.871
03/19/10 16:08,14.816,12.219,13.762,13.016
03/19/10 17:08,15.438,12.509,13.762,13.112
03/19/10 18:08,13.088,11.929,13.642,13.161
03/19/10 19:08,12.534,11.807,13.377,13.137
03/19/10 20:08,11.88,11.613,13.088,13.064
03/19/10 21:08,11.637,11.467,12.799,12.944
03/19/10 22:08,10.98,11.127,12.509,12.799
03/19/10 23:08,10.418,10.883,12.219,12.654
03/20/10 0:08,10.565,10.858,11.953,12.509
03/20/10 1:08,10.614,10.956,11.734,12.34
03/20/10 2:08,10.443,10.883,11.565,12.219
03/20/10 3:08,10.712,10.956,11.419,12.098
03/20/10 4:08,10.956,11.053,11.321,12.001
03/20/10 5:08,10.785,11.102,11.273,11.904
03/20/10 6:08,10.858,11.127,11.2,11.856
03/20/10 7:08,11.102,11.2,11.175,11.783
03/20/10 8:08,15.031,12.001,11.248,11.734
03/20/10 9:08,17.796,12.727,11.589,11.783
03/20/10 10:08,19.555,13.353,12.122,11.929
03/20/10 11:08,20.603,14.098,12.968,12.171
03/20/10 12:08,21.963,14.505,14.122,12.582
03/20/10 13:08,17.034,13.522,14.673,13.064
03/20/10 14:08,18.152,13.93,14.745,13.353
03/20/10 15:08,20.889,14.553,15.008,13.594
03/20/10 16:08,18.557,14.122,15.223,13.81
03/20/10 17:08,16.249,13.401,15.103,13.978
03/20/10 18:08,15.414,13.161,14.768,14.002
03/20/10 19:08,13.93,12.823,14.433,13.954
03/20/10 20:08,13.401,12.654,14.026,13.81
03/20/10 21:08,12.727,12.389,13.666,13.666
03/20/10 22:08,12.34,12.268,13.353,13.497
03/20/10 23:08,12.461,12.316,13.112,13.329
03/21/10 0:08,11.734,12.05,12.92,13.185
03/21/10 1:08,12.147,12.074,12.751,13.064
03/21/10 2:08,12.147,12.074,12.63,12.968
03/21/10 3:08,12.001,11.953,12.534,12.871
03/21/10 4:08,11.807,11.88,12.461,12.799
03/21/10 5:08,11.346,11.589,12.389,12.727
03/21/10 6:08,10.614,11.2,12.268,12.654
03/21/10 7:08,10.075,10.858,12.098,12.582
03/21/10 8:08,10.001,10.222,11.953,12.485
03/21/10 9:08,13.04,10.075,11.856,12.389
03/21/10 10:08,14.409,10.565,12.098,12.34
03/21/10 11:08,15.366,11.443,12.727,12.437
03/21/10 12:08,16.201,12.001,13.449,12.678
03/21/10 13:08,15.843,12.171,14.098,13.016
03/21/10 14:08,14.96,11.904,14.457,13.305
03/21/10 15:08,15.605,11.783,14.577,13.546
03/21/10 16:08,19.318,12.413,14.601,13.69
03/21/10 17:08,15.676,11.321,14.29,13.786
03/21/10 18:08,12.34,10.541,13.834,13.714
03/21/10 19:08,7.619,9.361,13.449,13.57
03/21/10 20:08,4.61,8.02,12.823,13.377
03/21/10 21:08,4.298,7.795,12.122,13.064
03/21/10 22:08,3.354,7.318,11.516,12.727
03/21/10 23:08,2.823,6.661,11.029,12.389
03/22/10 0:08,2.744,7.066,10.59,12.074
03/22/10 1:08,2.209,7.594,10.1,11.783
03/22/10 2:08,2.503,6.839,9.731,11.492
03/22/10 3:08,1.371,6.331,9.361,11.224
03/22/10 4:08,0.88,5.565,9.064,10.956
03/22/10 5:08,-0.958,4.688,8.767,10.712
03/22/10 6:08,-0.395,4.636,8.469,10.492
03/22/10 7:08,0.88,6.357,8.17,10.247
03/22/10 8:08,4.714,7.066,7.92,10.026
03/22/10 9:08,10.1,8.668,8.095,9.879
03/22/10 10:08,14.266,10.222,8.593,9.879
03/22/10 11:08,17.058,11.053,9.534,10.051
03/22/10 12:08,16.439,11.321,10.565,10.418
03/22/10 13:08,17.724,12.147,11.297,10.81
03/22/10 14:08,17.32,11.832,11.759,11.2
03/22/10 15:08,17.034,12.316,12.025,11.516
03/22/10 16:08,22.824,13.401,12.195,11.734
03/22/10 17:08,18.057,12.751,12.534,11.953
03/22/10 18:08,14.792,11.807,12.558,12.147
03/22/10 19:08,8.792,10.149,12.364,12.219
03/22/10 20:08,6.889,8.916,11.88,12.171
03/22/10 21:08,5.334,8.02,11.37,12.001
03/22/10 22:08,5.924,8.07,10.907,11.783
03/22/10 23:08,5.205,7.795,10.541,11.565
03/23/10 0:08,5.719,7.695,10.247,11.37
03/23/10 1:08,4.792,6.788,10.001,11.2
03/23/10 2:08,4.869,6.433,9.706,11.005
03/23/10 3:08,5.334,6.281,9.435,10.834
03/23/10 4:08,3.38,6.051,9.238,10.663
03/23/10 5:08,3.854,5.847,8.99,10.492
03/23/10 6:08,5.102,6.179,8.817,10.32
03/23/10 7:08,5.616,6.382,8.693,10.198
03/23/10 8:08,9.163,7.494,8.618,10.075
03/23/10 9:08,14.337,9.163,8.841,10.026
03/23/10 10:08,17.249,10.565,9.312,10.075
03/23/10 11:08,19.912,11.929,10.124,10.271
03/23/10 12:08,20.246,12.823,11.151,10.614
03/23/10 13:08,20.77,13.257,11.977,11.053
03/23/10 14:08,20.293,13.546,12.558,11.467
03/23/10 15:08,18.889,13.233,12.944,11.856
03/23/10 16:08,22.633,13.93,12.992,12.122
03/23/10 17:08,20.889,14.026,13.161,12.316
03/23/10 18:08,16.749,12.775,13.137,12.461
03/23/10 19:08,11.953,11.127,12.871,12.509
03/23/10 20:08,9.805,10.492,12.316,12.437
03/23/10 21:08,8.02,10.051,11.686,12.243
03/23/10 22:08,6.382,9.163,11.2,12.001
03/23/10 23:08,5.898,9.064,10.761,11.759
03/24/10 0:08,4.895,8.767,10.443,11.516
03/24/10 1:08,4.246,8.145,10.026,11.297
03/24/10 2:08,4.74,8.792,9.682,11.053
03/24/10 3:08,5.024,8.866,9.485,10.858
03/24/10 4:08,4.636,8.742,9.287,10.687
03/24/10 5:08,4.454,8.419,9.114,10.541
03/24/10 6:08,4.376,8.245,8.891,10.394
03/24/10 7:08,3.932,8.195,8.693,10.247
03/24/10 8:08,6.331,8.469,8.593,10.1
03/24/10 9:08,10.736,9.632,8.693,10.026
03/24/10 10:08,14.625,10.858,9.089,10.026
03/24/10 11:08,17.629,11.88,10.001,10.173
03/24/10 12:08,19.722,12.847,11.273,10.565
03/24/10 13:08,20.269,13.329,12.243,11.053
03/24/10 14:08,20.507,13.81,12.871,11.565
03/24/10 15:08,18.771,13.546,13.401,11.977
03/24/10 16:08,20.77,13.81,13.642,12.34
03/24/10 17:08,19.389,14.074,13.618,12.558
03/24/10 18:08,16.796,13.762,13.425,12.678
03/24/10 19:08,11.321,12.268,13.016,12.678
03/24/10 20:08,7.494,9.608,12.34,12.558
03/24/10 21:08,5.847,9.04,11.662,12.316
03/24/10 22:08,5.179,9.089,11.078,12.025
03/24/10 23:08,4.74,8.866,10.565,11.734
03/25/10 0:08,6.839,8.668,10.173,11.443
03/25/10 1:08,7.945,8.891,10.001,11.2
03/25/10 2:08,8.643,9.089,9.879,11.029
03/25/10 3:08,9.312,9.46,9.805,10.907
03/25/10 4:08,8.27,9.262,9.756,10.81
03/25/10 5:08,6.509,8.469,9.706,10.736
03/25/10 6:08,7.066,8.22,9.558,10.638
03/25/10 7:08,6.889,8.369,9.435,10.565
03/25/10 8:08,10.271,9.064,9.361,10.467
03/25/10 9:08,15.199,10.492,9.509,10.418
03/25/10 10:08,17.272,11.565,10.026,10.467
03/25/10 11:08,21.652,12.799,11.053,10.687
03/25/10 12:08,21.27,13.497,12.147,11.078
03/25/10 13:08,19.294,13.281,13.137,11.589
03/25/10 14:08,19.103,14.002,13.69,12.074
03/25/10 15:08,20.674,14.936,14.05,12.461
03/25/10 16:08,20.341,14.888,14.29,12.799
03/25/10 17:08,18.889,14.337,14.242,13.016
03/25/10 18:08,15.867,13.401,13.978,13.112
03/25/10 19:08,11.734,12.098,13.594,13.088
03/25/10 20:08,9.632,11.102,12.968,12.968
03/25/10 21:08,8.593,10.32,12.389,12.727
03/25/10 22:08,8.817,10.394,11.953,12.485
03/25/10 23:08,8.494,10.026,11.589,12.268
03/26/10 0:08,7.895,9.78,11.273,12.05
03/26/10 1:08,7.142,9.756,10.98,11.856
03/26/10 2:08,8.344,9.805,10.712,11.662
03/26/10 3:08,9.485,9.977,10.565,11.492
03/26/10 4:08,9.485,10.001,10.516,11.37
03/26/10 5:08,9.312,9.854,10.467,11.297
03/26/10 6:08,9.558,9.854,10.394,11.224
03/26/10 7:08,9.238,9.608,10.369,11.151
03/26/10 8:08,10.907,9.854,10.345,11.102
03/26/10 9:08,13.594,10.443,10.492,11.078
03/26/10 10:08,15.39,11.734,10.956,11.127
03/26/10 11:08,15.509,11.953,11.565,11.321
03/26/10 12:08,16.249,12.364,12.074,11.565
03/26/10 13:08,17.772,13.257,12.703,11.856
03/26/10 14:08,18.271,13.401,13.281,12.195
03/26/10 15:08,19.532,14.242,13.714,12.509
03/26/10 16:08,19.27,14.266,14.074,12.799
03/26/10 17:08,20.77,14.409,14.17,13.04
03/26/10 18:08,15.485,12.92,13.93,13.161
03/26/10 19:08,11.492,11.589,13.57,13.161
03/26/10 20:08,9.509,10.614,13.064,13.04
03/26/10 21:08,10.687,10.736,12.582,12.847
03/26/10 22:08,9.04,10.149,12.292,12.654
03/26/10 23:08,8.444,9.731,11.904,12.461
03/27/10 0:08,8.693,9.903,11.613,12.292
03/27/10 1:08,7.82,9.386,11.394,12.122
03/27/10 2:08,9.188,9.78,11.175,11.953
03/27/10 3:08,9.336,9.879,11.053,11.807
03/27/10 4:08,9.928,9.731,10.98,11.71
03/27/10 5:08,10.198,9.756,10.883,11.613
03/27/10 6:08,10.541,9.854,10.81,11.54
03/27/10 7:08,9.854,9.731,10.736,11.467
03/27/10 8:08,10.736,9.952,10.638,11.394
03/27/10 9:08,15.676,11.151,10.736,11.346
03/27/10 10:08,18.557,12.316,11.151,11.37
03/27/10 11:08,22.848,13.834,11.977,11.54
03/27/10 12:08,22.729,14.481,13.064,11.904
03/27/10 13:08,21.915,14.577,14.026,12.389
03/27/10 14:08,19.817,14.409,14.697,12.871
03/27/10 15:08,18.58,14.122,14.888,13.257
03/27/10 16:08,19.865,14.098,14.936,13.497
03/27/10 17:08,16.463,13.257,14.888,13.642
03/27/10 18:08,14.505,12.678,14.601,13.714
03/27/10 19:08,12.703,12.219,14.17,13.666
03/27/10 20:08,10.149,11.321,13.618,13.522
03/27/10 21:08,10.59,11.321,13.088,13.305
03/27/10 22:08,10.418,11.394,12.751,13.088
03/27/10 23:08,9.04,10.907,12.389,12.871
03/28/10 0:08,9.903,10.98,12.074,12.654
03/28/10 1:08,9.952,11.053,11.929,12.485
03/28/10 2:08,9.583,10.907,11.783,12.364
03/28/10 3:08,9.509,10.736,11.613,12.243
03/28/10 4:08,9.756,10.687,11.516,12.147
03/28/10 5:08,10.1,10.541,11.419,12.05
03/28/10 6:08,10.001,10.443,11.321,11.953
03/28/10 7:08,9.238,10.394,11.224,11.88
03/28/10 8:08,9.977,10.369,11.102,11.807
03/28/10 9:08,15.676,11.54,11.078,11.71
03/28/10 10:08,20.817,13.401,11.516,11.71
03/28/10 11:08,20.269,13.858,12.292,11.88
03/28/10 12:08,17.106,13.137,12.896,12.171
03/28/10 13:08,19.103,13.522,13.329,12.461
03/28/10 14:08,19.032,13.69,13.81,12.751
03/28/10 15:08,20.103,14.05,14.122,13.016
03/28/10 16:08,18.224,14.098,14.409,13.257
03/28/10 17:08,15.652,13.209,14.409,13.425
03/28/10 18:08,12.074,12.098,14.218,13.497
03/28/10 19:08,11.662,11.734,13.738,13.473
03/28/10 20:08,11.151,11.419,13.329,13.329
03/28/10 21:08,10.638,11.078,13.04,13.161
03/28/10 22:08,9.952,10.883,12.751,13.016
03/28/10 23:08,10.001,10.663,12.534,12.871
03/29/10 0:08,9.583,10.418,12.316,12.727
03/29/10 1:08,9.485,10.247,12.147,12.582
03/29/10 2:08,9.46,10.149,11.977,12.485
03/29/10 3:08,9.435,10.075,11.856,12.364
03/29/10 4:08,9.139,9.928,11.734,12.268
03/29/10 5:08,9.583,10.124,11.637,12.171
03/29/10 6:08,9.731,10.222,11.54,12.098
03/29/10 7:08,9.657,10.173,11.492,12.025
03/29/10 8:08,9.731,10.198,11.419,11.977
03/29/10 9:08,9.805,10.222,11.37,11.904
03/29/10 10:08,10.149,10.418,11.394,11.856
03/29/10 11:08,11.127,10.712,11.443,11.856
03/29/10 12:08,12.098,11.102,11.686,11.88
03/29/10 13:08,11.929,11.053,11.953,11.977
03/29/10 14:08,11.102,11.2,12.219,12.098
03/29/10 15:08,11.953,11.37,12.413,12.243
03/29/10 16:08,11.613,11.273,12.678,12.389
03/29/10 17:08,13.064,11.88,12.896,12.509
03/29/10 18:08,10.883,10.932,12.944,12.654
03/29/10 19:08,9.238,10.443,12.727,12.678
03/29/10 20:08,7.995,9.952,12.389,12.606
03/29/10 21:08,6.737,9.262,12.001,12.461
03/29/10 22:08,6.077,8.941,11.565,12.268
03/29/10 23:08,6.56,9.139,11.224,12.05
03/30/10 0:08,7.469,9.361,10.98,11.856
03/30/10 1:08,8.145,9.534,10.81,11.686
03/30/10 2:08,7.217,9.114,10.687,11.565
03/30/10 3:08,7.469,9.139,10.516,11.443
03/30/10 4:08,6.306,8.693,10.369,11.297
03/30/10 5:08,6.23,8.618,10.198,11.2
03/30/10 6:08,6.509,8.693,10.026,11.053
03/30/10 7:08,6.179,8.668,9.879,10.932
03/30/10 8:08,7.041,8.817,9.731,10.81
03/30/10 9:08,10.051,9.435,9.756,10.736
03/30/10 10:08,17.843,11.807,10.173,10.736
03/30/10 11:08,14.385,11.54,10.907,10.907
03/30/10 12:08,18.699,12.171,11.759,11.224
03/30/10 13:08,21.581,13.257,12.654,11.637
03/30/10 14:08,18.366,13.401,13.161,12.074
03/30/10 15:08,17.177,13.112,13.137,12.364
03/30/10 16:08,13.978,12.654,13.064,12.509
03/30/10 17:08,11.565,12.34,12.847,12.558
03/30/10 18:08,10.1,11.71,12.509,12.509
03/30/10 19:08,9.188,11.297,12.147,12.413
03/30/10 20:08,8.568,11.029,11.807,12.268
03/30/10 21:08,8.045,10.81,11.54,12.098
03/30/10 22:08,7.72,10.687,11.273,11.953
03/30/10 23:08,7.469,10.492,11.053,11.807
03/31/10 0:08,7.318,10.394,10.834,11.662
03/31/10 1:08,7.192,10.296,10.663,11.54
03/31/10 2:08,7.015,10.222,10.516,11.394
03/31/10 3:08,6.077,9.952,10.394,11.273
03/31/10 4:08,4.35,8.643,10.149,11.175
03/31/10 5:08,6.56,8.841,9.952,11.005
03/31/10 6:08,6.763,8.965,9.903,10.907
03/31/10 7:08,6.281,8.742,9.879,10.81
03/31/10 8:08,7.494,8.668,9.805,10.761
03/31/10 9:08,11.832,9.706,9.854,10.687
03/31/10 10:08,16.32,10.736,10.149,10.712
03/31/10 11:08,20.555,12.63,10.858,10.834
03/31/10 12:08,22.417,13.329,11.977,11.2
03/31/10 13:08,16.677,12.968,12.485,11.637
03/31/10 14:08,16.582,13.112,12.509,11.904
03/31/10 15:08,17.51,13.449,12.678,12.05
03/31/10 16:08,15.939,13.401,12.92,12.243
03/31/10 17:08,14.122,12.968,12.799,12.389
03/31/10 18:08,11.443,12.389,12.606,12.413
03/31/10 19:08,9.706,11.832,12.292,12.364
03/31/10 20:08,8.99,11.297,11.929,12.243
03/31/10 21:08,8.02,10.736,11.565,12.098
03/31/10 22:08,6.179,10.222,11.224,11.904
03/31/10 23:08,5.462,9.213,10.761,11.71
04/1/10 0:08,4.324,8.668,10.32,11.467
04/1/10 1:08,2.983,7.695,9.952,11.224
04/1/10 2:08,3.142,7.217,9.682,11.005
04/1/10 3:08,4.636,7.594,9.46,10.785
04/1/10 4:08,4.61,7.569,9.262,10.614
04/1/10 5:08,5.36,7.895,9.139,10.467
04/1/10 6:08,4.037,7.419,9.04,10.345
04/1/10 7:08,3.036,6.737,8.866,10.198
04/1/10 8:08,6.585,7.268,8.693,10.075
04/1/10 9:08,11.929,8.891,8.767,9.977
04/1/10 10:08,14.792,9.928,9.114,9.977
04/1/10 11:08,16.01,10.663,9.854,10.124
04/1/10 12:08,16.773,11.346,10.907,10.443
04/1/10 13:08,19.199,11.977,11.832,10.907
04/1/10 14:08,17.439,12.461,12.461,11.37
04/1/10 15:08,17.867,12.944,12.847,11.734
04/1/10 16:08,16.558,13.137,12.968,12.025
04/1/10 17:08,14.96,12.896,12.847,12.195
04/1/10 18:08,12.92,12.364,12.606,12.243
04/1/10 19:08,11.224,11.904,12.34,12.219
04/1/10 20:08,9.558,11.248,11.953,12.122
04/1/10 21:08,8.618,10.712,11.613,11.977
04/1/10 22:08,7.695,10.296,11.175,11.807
04/1/10 23:08,6.382,9.879,10.712,11.613
04/2/10 0:08,6.484,9.706,10.394,11.37
04/2/10 1:08,6.965,9.731,10.198,11.175
04/2/10 2:08,7.167,9.78,10.075,11.029
04/2/10 3:08,6.077,9.756,9.952,10.932
04/2/10 4:08,6.636,9.509,9.756,10.81
04/2/10 5:08,6.56,9.534,9.657,10.687
04/2/10 6:08,5.924,9.386,9.509,10.59
04/2/10 7:08,4.141,8.965,9.287,10.492
04/2/10 8:08,5.205,8.767,9.04,10.32
04/2/10 9:08,8.643,9.238,9.015,10.198
04/2/10 10:08,14.505,10.369,9.262,10.149
04/2/10 11:08,18.176,11.297,10.051,10.271
04/2/10 12:08,19.912,12.413,11.053,10.59
04/2/10 13:08,18.152,12.799,11.734,11.005
04/2/10 14:08,17.391,12.944,12.122,11.346
04/2/10 15:08,15.819,12.799,12.34,11.613
04/2/10 16:08,13.401,12.485,12.413,11.832
04/2/10 17:08,11.613,11.832,12.195,11.929
04/2/10 18:08,9.903,11.37,11.904,11.904
04/2/10 19:08,8.792,11.005,11.589,11.832
04/2/10 20:08,8.245,10.687,11.273,11.71
04/2/10 21:08,7.945,10.443,10.98,11.565
04/2/10 22:08,7.469,10.198,10.736,11.419
04/2/10 23:08,7.293,10.1,10.516,11.273
04/3/10 0:08,6.281,9.805,10.296,11.151
04/3/10 1:08,5.719,9.336,10.026,11.005
04/3/10 2:08,6.128,9.41,9.805,10.834
04/3/10 3:08,6.026,9.361,9.682,10.712
04/3/10 4:08,4.999,9.163,9.534,10.59
04/3/10 5:08,4.973,8.866,9.287,10.467
04/3/10 6:08,3.88,8.519,9.089,10.32
04/3/10 7:08,3.827,8.22,8.866,10.173
04/3/10 8:08,4.61,8.17,8.693,10.026
04/3/10 9:08,10.932,8.767,8.668,9.903
04/3/10 10:08,13.858,9.952,8.99,9.854
04/3/10 11:08,16.511,11.005,9.632,10.001
04/3/10 12:08,16.225,11.759,10.614,10.271
04/3/10 13:08,16.868,12.292,11.565,10.687
04/3/10 14:08,17.177,12.799,12.195,11.127
04/3/10 15:08,16.177,12.243,12.509,11.516
04/3/10 16:08,12.968,11.759,12.485,11.783
04/3/10 17:08,12.074,11.589,12.292,11.88
04/3/10 18:08,10.32,11.273,12.025,11.88
04/3/10 19:08,8.841,10.736,11.686,11.832
04/3/10 20:08,8.195,10.418,11.297,11.686
04/3/10 21:08,7.594,10.124,10.98,11.54
04/3/10 22:08,7.293,9.928,10.712,11.394
04/3/10 23:08,6.94,9.78,10.443,11.224
04/4/10 0:08,6.687,9.632,10.222,11.078
04/4/10 1:08,6.509,9.534,10.026,10.932
04/4/10 2:08,6.408,9.509,9.879,10.81
04/4/10 3:08,6.255,9.41,9.731,10.687
04/4/10 4:08,6.128,9.312,9.583,10.59
04/4/10 5:08,5.77,9.238,9.46,10.467
04/4/10 6:08,4.011,8.295,9.262,10.369
04/4/10 7:08,2.877,7.544,8.941,10.222
04/4/10 8:08,5.872,7.945,8.643,10.051
04/4/10 9:08,12.751,8.866,8.643,9.903
04/4/10 10:08,15.079,10.369,9.064,9.854
04/4/10 11:08,15.867,10.345,9.78,10.001
04/4/10 12:08,13.618,10.369,10.712,10.296
04/4/10 13:08,16.249,10.98,11.029,10.638
04/4/10 14:08,19.175,11.904,11.419,10.858
04/4/10 15:08,14.673,11.856,11.759,11.151
04/4/10 16:08,12.413,11.443,11.613,11.321
04/4/10 17:08,11.467,11.2,11.419,11.346
04/4/10 18:08,10.271,10.834,11.2,11.321
04/4/10 19:08,9.188,10.541,10.956,11.273
04/4/10 20:08,8.668,10.271,10.761,11.175
04/4/10 21:08,7.87,9.879,10.59,11.078
04/4/10 22:08,6.128,8.891,10.345,10.98
04/4/10 23:08,4.402,7.945,9.977,10.834
04/5/10 0:08,3.749,7.393,9.583,10.638
04/5/10 1:08,4.089,7.444,9.262,10.443
04/5/10 2:08,5.591,7.67,8.99,10.247
04/5/10 3:08,5.745,7.845,8.866,10.075
04/5/10 4:08,3.617,6.94,8.817,9.952
04/5/10 5:08,2.396,6.102,8.593,9.854
04/5/10 6:08,1.724,5.847,8.369,9.706
04/5/10 7:08,1.832,5.668,8.145,9.558
04/5/10 8:08,4.037,6.484,7.97,9.435
04/5/10 9:08,12.243,7.995,8.02,9.312
04/5/10 10:08,14.337,9.608,8.444,9.312
04/5/10 11:08,18.152,11.029,9.139,9.435
04/5/10 12:08,20.913,12.122,10.173,9.756
04/5/10 13:08,20.341,12.485,11.54,10.271
04/5/10 14:08,19.365,12.944,12.509,10.883
04/5/10 15:08,21.103,13.786,13.329,11.443
04/5/10 16:08,18.794,12.678,13.906,11.953
04/5/10 17:08,13.281,12.001,13.57,12.292
04/5/10 18:08,11.029,11.346,12.944,12.316
04/5/10 19:08,10.418,10.858,12.364,12.195
04/5/10 20:08,9.657,10.59,11.832,12.001
04/5/10 21:08,9.312,10.345,11.443,11.783
04/5/10 22:08,7.945,10.026,11.102,11.589
04/5/10 23:08,7.293,9.682,10.736,11.419
04/6/10 0:08,5.282,9.163,10.32,11.2
04/6/10 1:08,4.298,8.394,9.903,10.956
04/6/10 2:08,4.089,8.369,9.485,10.712
04/6/10 3:08,3.801,8.22,9.139,10.467
04/6/10 4:08,3.538,8.07,8.841,10.247
04/6/10 5:08,3.168,7.091,8.593,10.026
04/6/10 6:08,4.662,7.293,8.444,9.854
04/6/10 7:08,4.74,7.368,8.369,9.706
04/6/10 8:08,6.102,7.519,8.344,9.608
04/6/10 9:08,9.485,8.344,8.419,9.534
04/6/10 10:08,14.864,9.46,8.742,9.558
04/6/10 11:08,16.987,10.541,9.312,9.682
04/6/10 12:08,17.986,11.565,10.026,9.903
04/6/10 13:08,20.889,12.582,10.858,10.222
04/6/10 14:08,16.582,11.734,11.71,10.687
04/6/10 15:08,15.915,11.443,11.929,11.053
04/6/10 16:08,15.7,11.929,12.05,11.273
04/6/10 17:08,12.147,11.078,11.977,11.443
04/6/10 18:08,11.053,10.638,11.686,11.467
04/6/10 19:08,8.891,9.903,11.37,11.419
04/6/10 20:08,8.394,9.731,11.029,11.321
04/6/10 21:08,8.369,9.657,10.761,11.175
04/6/10 22:08,9.015,9.731,10.59,11.053
04/6/10 23:08,8.965,9.706,10.492,10.956
04/7/10 0:08,8.668,9.558,10.394,10.883
04/7/10 1:08,8.693,9.485,10.32,10.834
04/7/10 2:08,8.742,9.485,10.247,10.761
04/7/10 3:08,8.742,9.509,10.173,10.712
04/7/10 4:08,8.866,9.534,10.124,10.663
04/7/10 5:08,8.891,9.386,10.075,10.614
04/7/10 6:08,8.841,9.386,10.051,10.59
04/7/10 7:08,8.618,9.312,10.026,10.541
04/7/10 8:08,8.99,9.41,10.001,10.516
04/7/10 9:08,9.829,9.632,10.001,10.492
04/7/10 10:08,10.369,9.854,10.1,10.492
04/7/10 11:08,10.761,9.952,10.296,10.516
04/7/10 12:08,11.175,10.026,10.492,10.614
04/7/10 13:08,10.492,10.124,10.687,10.712
04/7/10 14:08,12.558,10.443,10.81,10.81
04/7/10 15:08,10.124,10.149,10.956,10.932
04/7/10 16:08,10.001,10.124,10.956,10.98
04/7/10 17:08,10.271,10.124,10.932,11.005
04/7/10 18:08,9.682,10.026,10.907,11.029
04/7/10 19:08,9.361,9.805,10.81,11.005
04/7/10 20:08,8.916,9.632,10.712,10.98
04/7/10 21:08,8.643,9.386,10.59,10.907
04/7/10 22:08,9.139,9.46,10.467,10.858
04/7/10 23:08,7.995,9.015,10.369,10.81
04/8/10 0:08,7.519,8.693,10.271,10.761
04/8/10 1:08,7.167,8.519,10.149,10.687
04/8/10 2:08,7.142,8.295,10.026,10.614
04/8/10 3:08,6.737,8.12,9.928,10.541
04/8/10 4:08,5.796,7.645,9.829,10.467
04/8/10 5:08,6.23,7.67,9.682,10.394
04/8/10 6:08,6.357,7.645,9.608,10.32
04/8/10 7:08,6.484,7.695,9.534,10.247
04/8/10 8:08,6.636,7.594,9.435,10.173
04/8/10 9:08,7.091,7.795,9.41,10.124
04/8/10 10:08,9.534,8.27,9.485,10.1
04/8/10 11:08,11.904,9.188,9.756,10.124
04/8/10 12:08,12.098,9.435,10.271,10.271
04/8/10 13:08,11.589,9.558,10.638,10.467
04/8/10 14:08,13.04,9.977,10.932,10.663
04/8/10 15:08,11.613,9.608,11.005,10.834
04/8/10 16:08,12.63,9.977,10.956,10.932
04/8/10 17:08,11.953,9.903,10.858,10.956
04/8/10 18:08,10.124,9.854,10.712,10.956
04/8/10 19:08,7.72,9.682,10.418,10.883
04/8/10 20:08,7.519,9.46,10.173,10.785
04/8/10 21:08,7.419,9.361,9.952,10.638
04/8/10 22:08,6.687,9.188,9.78,10.516
04/8/10 23:08,5.411,8.891,9.46,10.394
04/9/10 0:08,4.973,8.693,9.139,10.222
04/9/10 1:08,4.324,8.444,8.866,10.051
04/9/10 2:08,4.063,8.195,8.618,9.879
04/9/10 3:08,3.722,8.22,8.419,9.706
04/9/10 4:08,3.221,7.82,8.245,9.558
04/9/10 5:08,2.557,7.67,8.045,9.41
04/9/10 6:08,3.248,7.469,7.87,9.262
04/9/10 7:08,1.48,6,7.645,9.139
04/9/10 8:08,5.257,6.179,7.469,8.99
04/9/10 9:08,11.029,7.77,7.569,8.866
04/9/10 10:08,16.677,8.941,7.995,8.866
04/9/10 11:08,17.558,10.247,8.767,9.04
04/9/10 12:08,19.365,10.883,9.731,9.361
04/9/10 13:08,17.558,11.273,10.541,9.78
04/9/10 14:08,17.819,11.2,11.102,10.198
04/9/10 15:08,16.153,11.467,11.516,10.565
04/9/10 16:08,11.856,10.369,11.71,10.858
04/9/10 17:08,12.195,10.247,11.637,11.053
04/9/10 18:08,8.593,9.435,11.516,11.102
04/9/10 19:08,7.368,8.792,11.224,11.127
04/9/10 20:08,7.015,8.444,10.883,11.029
04/9/10 21:08,6.636,8.17,10.59,10.907
04/9/10 22:08,6.255,7.92,10.296,10.785
04/9/10 23:08,5.949,7.242,10.026,10.638
04/10/10 0:08,4.688,7.066,9.756,10.492
04/10/10 1:08,4.636,6.94,9.46,10.32
04/10/10 2:08,4.22,6.357,9.213,10.173
04/10/10 3:08,4.61,6.408,8.99,10.001
04/10/10 4:08,5.514,6.712,8.866,9.854
04/10/10 5:08,5.693,6.864,8.817,9.756
04/10/10 6:08,5.385,6.813,8.792,9.682
04/10/10 7:08,5.821,7.015,8.767,9.632
04/10/10 8:08,6.535,7.192,8.792,9.583
04/10/10 9:08,7.368,7.544,8.866,9.558
04/10/10 10:08,10.369,8.419,9.114,9.608
04/10/10 11:08,9.41,8.593,9.485,9.706
04/10/10 12:08,10.394,8.817,9.805,9.879
04/10/10 13:08,10.467,8.965,10.149,10.026
04/10/10 14:08,9.879,9.015,10.443,10.222
04/10/10 15:08,8.717,8.742,10.541,10.369
04/10/10 16:08,8.17,8.543,10.492,10.467
04/10/10 17:08,8.095,8.568,10.394,10.492
04/10/10 18:08,8.22,8.593,10.247,10.467
04/10/10 19:08,8.344,8.668,10.124,10.418
04/10/10 20:08,8.394,8.717,10.026,10.369
04/10/10 21:08,7.77,8.543,9.928,10.32
04/10/10 22:08,7.091,8.195,9.805,10.271
04/10/10 23:08,6.661,7.895,9.682,10.198
04/11/10 0:08,6.763,7.77,9.583,10.124
04/11/10 1:08,6.23,7.594,9.46,10.075
04/11/10 2:08,5.668,7.217,9.361,10.001
04/11/10 3:08,5.616,6.99,9.238,9.928
04/11/10 4:08,5.719,6.94,9.139,9.854
04/11/10 5:08,5.462,6.737,9.04,9.78
04/11/10 6:08,5.462,6.687,8.965,9.706
04/11/10 7:08,4.766,6.331,8.866,9.632
04/11/10 8:08,4.844,6.281,8.767,9.583
04/11/10 9:08,4.973,6.204,8.693,9.509
04/11/10 10:08,5.539,6.255,8.668,9.46
04/11/10 11:08,4.688,5.949,8.693,9.435
04/11/10 12:08,3.801,5.591,8.767,9.41
04/11/10 13:08,4.141,5.591,8.792,9.41
04/11/10 14:08,2.557,4.869,8.742,9.435
04/11/10 15:08,0.66,3.749,8.618,9.386
04/11/10 16:08,1.751,3.485,8.394,9.287
04/11/10 17:08,0.907,3.327,8.369,9.213
04/11/10 18:08,0.079,3.009,8.195,9.163
04/11/10 19:08,-0.535,2.69,7.92,9.04
04/11/10 20:08,-0.816,2.477,7.619,8.891
04/11/10 21:08,-1.156,2.182,7.368,8.717
04/11/10 22:08,-1.698,1.994,7.116,8.543
04/11/10 23:08,-1.384,1.778,6.864,8.369
04/12/10 0:08,-2.304,1.453,6.661,8.195
04/12/10 1:08,-2.391,1.317,6.433,8.045
04/12/10 2:08,-1.612,1.262,6.23,7.87
04/12/10 3:08,-1.213,1.398,6.128,7.72
04/12/10 4:08,-1.27,1.425,6.051,7.619
04/12/10 5:08,-1.213,1.697,6,7.544
04/12/10 6:08,-1.498,1.724,5.975,7.444
04/12/10 7:08,-1.498,1.534,5.898,7.393
04/12/10 8:08,-0.816,1.751,5.796,7.318
04/12/10 9:08,0.163,2.074,5.821,7.242
04/12/10 10:08,2.823,2.584,6.026,7.242
04/12/10 11:08,4.48,3.88,6.382,7.293
04/12/10 12:08,5.437,4.22,6.737,7.444
04/12/10 13:08,6.813,4.921,7.217,7.619
04/12/10 14:08,6.484,5.05,7.444,7.82
04/12/10 15:08,7.343,5.282,7.594,7.97
04/12/10 16:08,5.898,5.024,7.745,8.12
04/12/10 17:08,5.898,5.154,7.67,8.22
04/12/10 18:08,3.354,4.688,7.469,8.22
04/12/10 19:08,1.289,4.037,7.217,8.145
04/12/10 20:08,1.099,3.906,6.914,8.02
04/12/10 21:08,2.101,4.48,6.712,7.895
04/12/10 22:08,1.534,4.895,6.509,7.77
04/12/10 23:08,-0.199,4.246,6.306,7.645
04/13/10 0:08,0.079,3.775,6.051,7.494
04/13/10 1:08,-0.479,3.591,5.77,7.343
04/13/10 2:08,-1.441,3.327,5.488,7.167
04/13/10 3:08,-1.441,3.433,5.205,6.99
04/13/10 4:08,-0.675,3.801,4.947,6.813
04/13/10 5:08,-0.845,3.958,4.766,6.636
04/13/10 6:08,-0.311,4.168,4.61,6.509
04/13/10 7:08,-0.563,4.089,4.506,6.382
04/13/10 8:08,0.246,4.089,4.402,6.255
04/13/10 9:08,3.564,4.766,4.428,6.153
04/13/10 10:08,8.27,5.591,4.895,6.153
04/13/10 11:08,10.345,6.382,5.745,6.331
04/13/10 12:08,11.734,6.864,6.636,6.687
04/13/10 13:08,12.534,7.217,7.393,7.066
04/13/10 14:08,12.364,7.469,7.92,7.469
04/13/10 15:08,11.467,7.77,8.27,7.795
04/13/10 16:08,11.686,7.87,8.419,8.045
04/13/10 17:08,11.029,8.02,8.444,8.245
04/13/10 18:08,7.745,7.82,8.27,8.319
04/13/10 19:08,4.48,7.293,7.945,8.319
04/13/10 20:08,3.301,6.839,7.544,8.22
04/13/10 21:08,2.343,6.382,7.116,8.045
04/13/10 22:08,1.94,6.077,6.737,7.87
04/13/10 23:08,1.967,5.821,6.458,7.67
04/14/10 0:08,1.805,5.872,6.255,7.519
04/14/10 1:08,1.534,5.898,6.077,7.393
04/14/10 2:08,0.852,5.539,5.872,7.242
04/14/10 3:08,-1.384,3.591,5.642,7.116
04/14/10 4:08,-0.227,3.485,5.385,6.94
04/14/10 5:08,2.289,3.354,5.205,6.788
04/14/10 6:08,2.316,3.168,5.128,6.661
04/14/10 7:08,-0.199,2.744,5.024,6.56
04/14/10 8:08,3.617,3.327,4.895,6.458
04/14/10 9:08,9.78,4.947,4.921,6.357
04/14/10 10:08,12.678,6.051,5.36,6.382
04/14/10 11:08,15.461,7.343,6.255,6.56
04/14/10 12:08,13.473,7.142,7.192,6.914
04/14/10 13:08,13.834,7.795,8.02,7.343
04/14/10 14:08,14.026,8.444,8.668,7.77
04/14/10 15:08,15.867,8.891,9.139,8.17
04/14/10 16:08,15.485,9.41,9.534,8.519
04/14/10 17:08,9.879,8.295,9.558,8.792
04/14/10 18:08,8.618,7.945,9.262,8.891
04/14/10 19:08,4.35,6.56,8.817,8.866
04/14/10 20:08,2.69,5.231,8.145,8.693
04/14/10 21:08,0.715,4.532,7.594,8.469
04/14/10 22:08,1.262,4.141,7.116,8.22
04/14/10 23:08,-0.283,3.168,6.763,7.97
04/15/10 0:08,-0.311,2.717,6.382,7.72
04/15/10 1:08,0.135,2.797,6.077,7.519
04/15/10 2:08,1.778,2.77,5.847,7.318
04/15/10 3:08,1.371,2.93,5.616,7.116
04/15/10 4:08,1.615,2.557,5.437,6.965
04/15/10 5:08,1.859,2.182,5.231,6.813
04/15/10 6:08,-0.059,1.886,5.102,6.687
04/15/10 7:08,-0.929,1.561,4.947,6.535
04/15/10 8:08,2.396,2.797,4.766,6.408
04/15/10 9:08,8.494,4.454,4.844,6.306
04/15/10 10:08,12.775,5.719,5.282,6.306
04/15/10 11:08,14.194,6.813,6.102,6.484
04/15/10 12:08,15.318,7.72,7.192,6.813
04/15/10 13:08,15.7,8.444,8.145,7.293
04/15/10 14:08,16.201,8.965,8.767,7.745
04/15/10 15:08,14.314,9.089,9.213,8.17
04/15/10 16:08,14.505,9.089,9.386,8.469
04/15/10 17:08,13.954,9.213,9.485,8.693
04/15/10 18:08,10.173,8.891,9.336,8.817
04/15/10 19:08,6.788,8.145,8.965,8.841
04/15/10 20:08,5.847,7.619,8.494,8.767
04/15/10 21:08,4.869,7.268,8.12,8.593
04/15/10 22:08,4.141,6.99,7.745,8.444
04/15/10 23:08,3.67,6.636,7.444,8.27
04/16/10 0:08,3.221,6.128,7.142,8.095
04/16/10 1:08,1.724,5.591,6.839,7.895
04/16/10 2:08,1.289,4.947,6.56,7.72
04/16/10 3:08,3.009,4.999,6.281,7.544
04/16/10 4:08,4.973,5.437,6.153,7.368
04/16/10 5:08,4.869,5.591,6.077,7.268
04/16/10 6:08,4.921,5.745,6.051,7.192
04/16/10 7:08,4.714,5.693,6.026,7.116
04/16/10 8:08,6.331,5.745,5.975,7.066
04/16/10 9:08,10.1,6.737,6.102,7.041
04/16/10 10:08,12.654,7.845,6.509,7.091
04/16/10 11:08,14.816,8.643,7.268,7.268
04/16/10 12:08,15.27,9.188,8.295,7.594
04/16/10 13:08,16.034,9.46,9.188,8.07
04/16/10 14:08,15.581,9.928,9.706,8.494
04/16/10 15:08,15.986,10.614,10.075,8.866
04/16/10 16:08,16.01,10.541,10.271,9.139
04/16/10 17:08,15.557,10.614,10.222,9.336
04/16/10 18:08,10.907,9.608,10.026,9.435
04/16/10 19:08,6.458,7.97,9.608,9.41
04/16/10 20:08,4.22,6.99,8.941,9.262
04/16/10 21:08,3.459,6.965,8.344,9.015
04/16/10 22:08,2.956,6.661,7.82,8.742
04/16/10 23:08,2.717,6.56,7.419,8.469
04/17/10 0:08,3.168,6.179,7.091,8.245
04/17/10 1:08,3.354,6.484,6.889,8.045
04/17/10 2:08,4.011,6.433,6.763,7.87
04/17/10 3:08,4.246,6.23,6.661,7.745
04/17/10 4:08,3.643,6.23,6.585,7.67
04/17/10 5:08,3.591,5.924,6.509,7.569
04/17/10 6:08,3.221,5.796,6.357,7.494
04/17/10 7:08,4.662,5.77,6.23,7.393
04/17/10 8:08,6.281,6,6.153,7.318
04/17/10 9:08,10.565,7.268,6.255,7.242
04/17/10 10:08,13.064,8.319,6.687,7.268
04/17/10 11:08,16.511,9.213,7.519,7.469
04/17/10 12:08,16.701,9.854,8.543,7.82
04/17/10 13:08,16.225,10.026,9.435,8.295
04/17/10 14:08,14.529,10.026,9.928,8.717
04/17/10 15:08,16.511,11.078,10.198,9.04
04/17/10 16:08,14.601,10.736,10.369,9.312
04/17/10 17:08,14.984,10.736,10.296,9.485
04/17/10 18:08,10.785,9.805,10.075,9.558
04/17/10 19:08,6.204,7.77,9.682,9.534
04/17/10 20:08,4.089,7.015,9.015,9.386
04/17/10 21:08,4.22,7.015,8.469,9.139
04/17/10 22:08,3.932,7.066,8.045,8.891
04/17/10 23:08,4.115,7.091,7.72,8.668
04/18/10 0:08,4.089,6.763,7.469,8.469
04/18/10 1:08,4.558,6.99,7.242,8.295
04/18/10 2:08,4.792,7.041,7.116,8.145
04/18/10 3:08,4.818,6.914,7.015,8.02
04/18/10 4:08,5.462,6.788,6.94,7.92
04/18/10 5:08,5.821,6.914,6.864,7.845
04/18/10 6:08,5.616,6.914,6.889,7.795
04/18/10 7:08,3.854,6.179,6.839,7.745
04/18/10 8:08,6.99,6.585,6.636,7.67
04/18/10 9:08,12.219,8.07,6.788,7.619
04/18/10 10:08,14.361,9.287,7.217,7.67
04/18/10 11:08,15.103,9.46,7.77,7.845
04/18/10 12:08,18.295,10.247,8.419,8.095
04/18/10 13:08,17.701,10.932,9.558,8.469
04/18/10 14:08,17.558,10.81,10.247,8.941
04/18/10 15:08,18.438,11.102,10.614,9.336
04/18/10 16:08,16.106,10.81,10.883,9.657
04/18/10 17:08,15.629,10.761,10.81,9.879
04/18/10 18:08,11.662,10.075,10.565,9.952
04/18/10 19:08,6.611,7.945,10.124,9.928
04/18/10 20:08,5.102,7.67,9.485,9.756
04/18/10 21:08,4.532,7.293,8.941,9.509
04/18/10 22:08,3.958,6.965,8.444,9.262
04/18/10 23:08,4.506,6.94,8.095,9.015
04/19/10 0:08,4.973,7.091,7.845,8.817
04/19/10 1:08,4.714,6.99,7.67,8.643
04/19/10 2:08,4.999,7.066,7.519,8.494
04/19/10 3:08,4.089,6.864,7.393,8.369
04/19/10 4:08,3.274,6.56,7.142,8.245
04/19/10 5:08,2.69,6.23,6.914,8.095
04/19/10 6:08,2.289,5.898,6.661,7.945
04/19/10 7:08,3.564,6.281,6.509,7.795
04/19/10 8:08,3.801,6.433,6.433,7.67
04/19/10 9:08,10.541,7.619,6.484,7.594
04/19/10 10:08,15.342,9.163,6.889,7.594
04/19/10 11:08,17.296,10.075,7.795,7.77
04/19/10 12:08,19.365,10.858,9.04,8.145
04/19/10 13:08,17.772,10.956,9.952,8.668
04/19/10 14:08,16.249,10.81,10.418,9.139
04/19/10 15:08,16.654,10.834,10.712,9.485
04/19/10 16:08,16.892,11.005,10.858,9.756
04/19/10 17:08,14.05,10.663,10.932,9.928
04/19/10 18:08,11.734,10.222,10.834,10.051
04/19/10 19:08,8.344,8.792,10.492,10.075
04/19/10 20:08,6.382,8.27,9.879,9.977
04/19/10 21:08,5.949,8.12,9.312,9.756
04/19/10 22:08,5.745,8.045,8.916,9.534
04/19/10 23:08,5.334,7.895,8.568,9.312
04/20/10 0:08,5.642,7.845,8.295,9.114
04/20/10 1:08,6.611,7.82,8.095,8.941
04/20/10 2:08,7.343,7.97,7.97,8.792
04/20/10 3:08,8.02,8.145,7.92,8.693
04/20/10 4:08,8.519,8.369,7.895,8.618
04/20/10 5:08,8.693,8.444,7.92,8.568
04/20/10 6:08,9.04,8.618,7.92,8.543
04/20/10 7:08,9.04,8.742,7.97,8.519
04/20/10 8:08,9.064,8.693,8.07,8.543
04/20/10 9:08,10.1,8.965,8.17,8.543
04/20/10 10:08,12.968,9.903,8.419,8.618
04/20/10 11:08,13.281,10.369,9.04,8.767
04/20/10 12:08,10.907,9.731,9.435,9.015
04/20/10 13:08,15.676,10.467,9.608,9.188
04/20/10 14:08,13.954,10.761,10.149,9.41
04/20/10 15:08,10.32,9.928,10.394,9.657
04/20/10 16:08,10.687,9.312,10.149,9.78
04/20/10 17:08,10.761,9.706,10.026,9.805
04/20/10 18:08,10.296,9.608,10.001,9.805
04/20/10 19:08,8.866,9.139,9.928,9.805
04/20/10 20:08,8.568,8.965,9.731,9.78
04/20/10 21:08,8.841,8.941,9.534,9.706
04/20/10 22:08,9.015,9.064,9.386,9.632
04/20/10 23:08,8.369,8.767,9.287,9.558
04/21/10 0:08,7.569,8.394,9.188,9.509
04/21/10 1:08,7.97,8.394,9.04,9.435
04/21/10 2:08,8.02,8.444,8.916,9.361
04/21/10 3:08,8.568,8.767,8.841,9.287
04/21/10 4:08,8.792,8.742,8.767,9.238
04/21/10 5:08,9.287,9.04,8.717,9.188
04/21/10 6:08,9.015,9.064,8.717,9.139
04/21/10 7:08,9.336,9.139,8.742,9.139
04/21/10 8:08,9.534,9.262,8.792,9.114
04/21/10 9:08,9.78,9.336,8.841,9.139
04/21/10 10:08,11.467,9.657,8.965,9.163
04/21/10 11:08,12.871,10.173,9.262,9.238
04/21/10 12:08,14.098,11.151,9.756,9.386
04/21/10 13:08,9.78,9.952,10.198,9.632
04/21/10 14:08,15.724,11.419,10.492,9.829
04/21/10 15:08,11.102,10.883,11.175,10.1
04/21/10 16:08,10.736,10.271,11.224,10.394
04/21/10 17:08,10.345,10.1,11.053,10.516
04/21/10 18:08,9.928,9.952,10.883,10.516
04/21/10 19:08,8.12,9.04,10.59,10.492
04/21/10 20:08,6.914,8.494,10.271,10.369
04/21/10 21:08,5.898,7.895,9.928,10.247
04/21/10 22:08,6.357,7.795,9.608,10.075
04/21/10 23:08,6.585,7.87,9.336,9.903
04/22/10 0:08,6.889,7.97,9.163,9.756
04/22/10 1:08,6.788,7.995,8.965,9.608
04/22/10 2:08,6.687,7.92,8.792,9.485
04/22/10 3:08,7.142,7.945,8.618,9.361
04/22/10 4:08,7.066,7.92,8.519,9.238
04/22/10 5:08,7.015,7.845,8.419,9.139
04/22/10 6:08,6.889,7.87,8.319,9.064
04/22/10 7:08,6.94,7.945,8.22,8.99
04/22/10 8:08,8.045,8.195,8.145,8.916
04/22/10 9:08,11.419,9.089,8.22,8.866
04/22/10 10:08,11.467,9.46,8.519,8.866
04/22/10 11:08,11.783,9.854,8.891,8.99
04/22/10 12:08,12.025,10.026,9.361,9.163
04/22/10 13:08,13.257,10.222,9.583,9.361
04/22/10 14:08,13.714,10.369,9.903,9.534
04/22/10 15:08,11.637,10.1,10.1,9.706
04/22/10 16:08,11.151,10.198,10.296,9.854
04/22/10 17:08,10.687,10.026,10.296,9.977
04/22/10 18:08,10.247,9.829,10.198,10.026
04/22/10 19:08,9.46,9.608,10.075,10.026
04/22/10 20:08,9.682,9.632,9.903,10.001
04/22/10 21:08,8.767,9.287,9.756,9.928
04/22/10 22:08,8.568,9.238,9.558,9.854
04/22/10 23:08,8.444,9.089,9.386,9.78
04/23/10 0:08,8.22,8.916,9.213,9.682
04/23/10 1:08,8.643,8.99,9.089,9.583
04/23/10 2:08,8.07,8.965,9.04,9.509
04/23/10 3:08,7.82,8.742,8.916,9.46
04/23/10 4:08,8.17,8.792,8.841,9.386
04/23/10 5:08,7.92,8.643,8.792,9.336
04/23/10 6:08,7.419,8.419,8.717,9.287
04/23/10 7:08,7.217,8.245,8.643,9.238
04/23/10 8:08,7.795,8.245,8.568,9.163
04/23/10 9:08,8.643,8.444,8.593,9.139
04/23/10 10:08,9.928,8.717,8.742,9.139
04/23/10 11:08,10.883,9.04,9.04,9.188
04/23/10 12:08,13.57,10.026,9.558,9.336
04/23/10 13:08,13.786,10.32,10.296,9.632
04/23/10 14:08,14.481,11.078,10.98,9.977
04/23/10 15:08,14.84,11.078,11.613,10.345
04/23/10 16:08,11.394,10.394,11.759,10.663
04/23/10 17:08,10.614,10.075,11.492,10.81
04/23/10 18:08,10.271,9.952,11.175,10.81
04/23/10 19:08,9.977,9.805,10.883,10.736
04/23/10 20:08,10.149,9.682,10.638,10.638
04/23/10 21:08,10.369,9.632,10.443,10.541
04/23/10 22:08,10.1,9.509,10.271,10.443
04/23/10 23:08,10.394,9.583,10.124,10.345
04/24/10 0:08,9.928,9.534,10.026,10.247
04/24/10 1:08,9.534,9.435,9.928,10.173
04/24/10 2:08,9.213,9.287,9.829,10.124
04/24/10 3:08,8.17,8.742,9.756,10.051
04/24/10 4:08,8.095,8.618,9.657,10.001
04/24/10 5:08,7.82,8.394,9.534,9.952
04/24/10 6:08,8.145,8.519,9.46,9.879
04/24/10 7:08,7.945,8.369,9.386,9.805
04/24/10 8:08,7.995,8.419,9.336,9.756
04/24/10 9:08,8.22,8.469,9.287,9.706
04/24/10 10:08,8.519,8.543,9.262,9.682
04/24/10 11:08,8.717,8.668,9.262,9.657
04/24/10 12:08,8.643,8.693,9.287,9.657
04/24/10 13:08,8.319,8.618,9.312,9.632
04/24/10 14:08,8.444,8.543,9.287,9.632
04/24/10 15:08,8.494,8.593,9.287,9.632
04/24/10 16:08,8.519,8.543,9.262,9.608
04/24/10 17:08,7.82,7.795,9.163,9.583
04/24/10 18:08,5.924,7.091,8.99,9.509
04/24/10 19:08,5.231,6.585,8.866,9.435
04/24/10 20:08,5.437,6.788,8.693,9.336
04/24/10 21:08,5.975,6.839,8.593,9.262
04/24/10 22:08,5.514,6.763,8.519,9.188
04/24/10 23:08,4.272,6.153,8.444,9.139
04/25/10 0:08,4.324,5.924,8.319,9.064
04/25/10 1:08,3.775,5.693,8.22,8.99
04/25/10 2:08,2.93,5.257,8.095,8.916
04/25/10 3:08,1.859,4.61,7.945,8.817
04/25/10 4:08,1.262,4.141,7.745,8.717
04/25/10 5:08,0.825,3.749,7.544,8.593
04/25/10 6:08,-0.255,3.433,7.343,8.469
04/25/10 7:08,0.135,3.512,7.142,8.319
04/25/10 8:08,0.356,3.274,6.839,8.195
04/25/10 9:08,4.532,4.454,6.56,7.995
04/25/10 10:08,8.494,6.102,6.661,7.87
04/25/10 11:08,9.163,6.433,7.041,7.87
04/25/10 12:08,11.419,7.192,7.544,7.995
04/25/10 13:08,12.606,7.645,8.07,8.195
04/25/10 14:08,8.643,6.99,8.319,8.419
04/25/10 15:08,10.492,7.444,8.543,8.568
04/25/10 16:08,7.87,6.509,8.891,8.767
04/25/10 17:08,7.268,6.382,8.891,8.916
04/25/10 18:08,5.128,6.433,8.618,8.965
04/25/10 19:08,3.67,6.306,8.07,8.866
04/25/10 20:08,2.53,6.128,7.519,8.668
04/25/10 21:08,1.967,5.975,7.116,8.419
04/25/10 22:08,1.289,5.796,6.737,8.195
04/25/10 23:08,0.605,5.693,6.484,7.97
04/26/10 0:08,0.107,5.565,6.204,7.77
04/26/10 1:08,1.289,5.437,5.949,7.594
04/26/10 2:08,0.467,4.895,5.668,7.393
04/26/10 3:08,-1.128,3.538,5.437,7.217
04/26/10 4:08,-3.005,3.089,5.205,7.015
04/26/10 5:08,-4.895,1.832,4.999,6.864
04/26/10 6:08,-5.233,1.453,4.792,6.687
04/26/10 7:08,-5.202,1.126,4.61,6.535
04/26/10 8:08,-2.888,0.989,4.48,6.357
04/26/10 9:08,1.886,1.588,4.48,6.255
04/26/10 10:08,6.153,2.903,4.714,6.204
04/26/10 11:08,9.903,4.973,5.308,6.255
04/26/10 12:08,10.663,5.796,6.204,6.509
04/26/10 13:08,9.952,6.153,7.091,6.889
04/26/10 14:08,10.663,6.839,7.645,7.268
04/26/10 15:08,10.614,7.444,7.995,7.594
04/26/10 16:08,10.834,7.72,8.27,7.87
04/26/10 17:08,7.343,7.142,8.344,8.07
04/26/10 18:08,4.506,6.153,8.145,8.17
04/26/10 19:08,2.155,5.411,7.82,8.17
04/26/10 20:08,-0.087,4.115,7.343,8.045
04/26/10 21:08,0.051,3.433,6.889,7.87
04/26/10 22:08,0.632,3.406,6.585,7.67
04/26/10 23:08,0.218,3.116,6.382,7.494
04/27/10 0:08,0.522,2.93,6.204,7.368
04/27/10 1:08,0.522,2.85,6.051,7.242
04/27/10 2:08,0.522,2.797,5.924,7.116
04/27/10 3:08,1.071,2.93,5.821,7.015
04/27/10 4:08,1.153,3.063,5.77,6.94
04/27/10 5:08,1.235,3.195,5.745,6.889
04/27/10 6:08,1.099,3.168,5.745,6.839
04/27/10 7:08,1.371,3.327,5.745,6.813
04/27/10 8:08,1.534,3.485,5.745,6.788
04/27/10 9:08,1.94,3.564,5.745,6.763
04/27/10 10:08,1.886,3.617,5.796,6.737
04/27/10 11:08,1.994,3.617,5.847,6.763
04/27/10 12:08,2.236,3.643,5.898,6.763
04/27/10 13:08,2.477,3.696,5.949,6.788
04/27/10 14:08,3.142,3.985,6.077,6.813
04/27/10 15:08,2.77,4.011,6.179,6.864
04/27/10 16:08,2.37,3.958,6.204,6.889
04/27/10 17:08,2.343,3.775,6.179,6.914
04/27/10 18:08,2.289,3.775,6.128,6.914
04/27/10 19:08,2.343,3.775,6.102,6.889
04/27/10 20:08,2.61,3.932,6.051,6.864
04/27/10 21:08,2.61,3.906,6,6.839
04/27/10 22:08,2.717,3.932,5.975,6.839
04/27/10 23:08,2.877,3.985,5.949,6.813
04/28/10 0:08,3.089,4.063,5.949,6.788
04/28/10 1:08,3.089,4.115,5.949,6.763
04/28/10 2:08,2.77,3.932,5.924,6.763
04/28/10 3:08,2.209,3.749,5.898,6.737
04/28/10 4:08,2.128,3.643,5.847,6.712
04/28/10 5:08,1.643,3.301,5.796,6.687
04/28/10 6:08,0.687,2.85,5.719,6.661
04/28/10 7:08,0.218,2.477,5.616,6.611
04/28/10 8:08,-0.255,2.128,5.488,6.535
04/28/10 9:08,0.605,2.477,5.437,6.458
04/28/10 10:08,2.155,2.823,5.539,6.433
04/28/10 11:08,3.958,3.38,5.821,6.484
04/28/10 12:08,3.38,3.38,6.357,6.611
04/28/10 13:08,4.74,3.801,6.813,6.813
04/28/10 14:08,3.801,3.88,7.217,7.041
04/28/10 15:08,3.801,3.906,7.419,7.242
04/28/10 16:08,3.696,4.037,7.544,7.393
04/28/10 17:08,1.994,3.38,7.444,7.519
04/28/10 18:08,1.371,3.036,7.192,7.494
04/28/10 19:08,1.425,3.063,6.864,7.419
04/28/10 20:08,1.48,3.036,6.611,7.293
04/28/10 21:08,1.67,3.142,6.382,7.192
04/28/10 22:08,1.805,3.301,6.255,7.066
04/28/10 23:08,1.859,3.274,6.128,6.965
04/29/10 0:08,2.074,3.327,6.026,6.889
04/29/10 1:08,2.128,3.354,5.949,6.813
04/29/10 2:08,2.101,3.354,5.872,6.737
04/29/10 3:08,2.209,3.38,5.796,6.687
04/29/10 4:08,2.37,3.485,5.745,6.636
04/29/10 5:08,2.717,3.591,5.719,6.585
04/29/10 6:08,2.637,3.538,5.693,6.535
04/29/10 7:08,2.85,3.643,5.668,6.509
04/29/10 8:08,2.956,3.696,5.642,6.484
04/29/10 9:08,4.194,3.88,5.668,6.458
04/29/10 10:08,5.539,4.714,5.847,6.458
04/29/10 11:08,7.343,5.437,6.281,6.56
04/29/10 12:08,7.72,6,6.864,6.763
04/29/10 13:08,7.845,6.306,7.393,7.041
04/29/10 14:08,6.306,6.102,7.845,7.318
04/29/10 15:08,6.408,5.796,7.97,7.544
04/29/10 16:08,6.255,5.796,8.045,7.695
04/29/10 17:08,4.844,5.514,8.12,7.795
04/29/10 18:08,2.289,4.428,7.92,7.87
04/29/10 19:08,1.67,3.722,7.519,7.795
04/29/10 20:08,1.18,3.433,7.091,7.67
04/29/10 21:08,1.071,3.248,6.737,7.494
04/29/10 22:08,0.88,3.354,6.433,7.293
04/29/10 23:08,0.218,3.063,6.153,7.116
04/30/10 0:08,0.079,3.195,5.847,6.94
04/30/10 1:08,0.356,3.564,5.565,6.763
04/30/10 2:08,0.301,3.906,5.282,6.585
04/30/10 3:08,0.577,3.906,5.102,6.408
04/30/10 4:08,0.88,4.089,4.921,6.255
04/30/10 5:08,0.66,4.194,4.792,6.128
04/30/10 6:08,0.605,4.194,4.688,6
04/30/10 7:08,0.715,4.141,4.584,5.924
04/30/10 8:08,1.18,4.246,4.506,5.821
04/30/10 9:08,4.272,4.584,4.532,5.745
04/30/10 10:08,8.965,4.895,4.844,5.745
04/30/10 11:08,10.369,5.668,5.488,5.847
04/30/10 12:08,11.759,6.357,6.306,6.128
04/30/10 13:08,11.759,6.99,7.066,6.484
04/30/10 14:08,10.81,7.142,7.569,6.864
04/30/10 15:08,9.682,7.192,7.87,7.167
04/30/10 16:08,10.075,7.419,7.995,7.393
04/30/10 17:08,8.295,7.318,7.97,7.569
04/30/10 18:08,6.204,6.965,7.72,7.619
04/30/10 19:08,4.74,6.585,7.419,7.569
04/30/10 20:08,2.289,5.257,7.041,7.469
04/30/10 21:08,0.55,5.102,6.56,7.318
04/30/10 22:08,0.88,5.102,6.102,7.091
04/30/10 23:08,0.577,4.999,5.745,6.889
05/1/10 0:08,0.19,4.558,5.437,6.661
05/1/10 1:08,0.989,4.063,5.205,6.484
05/1/10 2:08,2.128,4.141,5.076,6.306
05/1/10 3:08,4.246,4.766,5.05,6.179
05/1/10 4:08,4.298,4.999,5.128,6.128
05/1/10 5:08,4.298,5.05,5.257,6.128
05/1/10 6:08,4.063,4.947,5.36,6.128
05/1/10 7:08,4.011,4.973,5.411,6.153
05/1/10 8:08,4.141,5.024,5.488,6.179
05/1/10 9:08,4.74,5.076,5.539,6.204
05/1/10 10:08,6.306,5.36,5.719,6.255
05/1/10 11:08,6.813,5.591,6,6.331
05/1/10 12:08,10.247,6.179,6.357,6.484
05/1/10 13:08,8.742,6.306,7.015,6.712
05/1/10 14:08,9.336,6.864,7.519,6.99
05/1/10 15:08,9.41,7.268,7.895,7.268
05/1/10 16:08,9.287,7.343,8.095,7.519
05/1/10 17:08,7.645,6.94,8.045,7.67
05/1/10 18:08,4.818,6.23,7.87,7.72
05/1/10 19:08,4.636,5.693,7.544,7.67
05/1/10 20:08,4.35,5.539,7.268,7.594
05/1/10 21:08,4.115,5.437,7.091,7.494
05/1/10 22:08,1.615,4.688,6.839,7.393
05/1/10 23:08,2.021,4.48,6.458,7.242
05/2/10 0:08,3.009,4.662,6.204,7.066
05/2/10 1:08,2.85,4.61,6.077,6.94
05/2/10 2:08,2.877,4.454,5.949,6.839
05/2/10 3:08,2.262,4.272,5.872,6.737
05/2/10 4:08,1.913,3.801,5.745,6.661
05/2/10 5:08,1.859,3.643,5.591,6.56
05/2/10 6:08,1.588,3.248,5.462,6.458
05/2/10 7:08,1.208,2.69,5.308,6.357
05/2/10 8:08,2.396,2.744,5.154,6.255
05/2/10 9:08,4.714,3.433,5.128,6.179
05/2/10 10:08,8.145,4.376,5.334,6.128
05/2/10 11:08,10.198,5.642,5.898,6.204
05/2/10 12:08,12.292,6.712,6.661,6.433
05/2/10 13:08,11.2,7.192,7.368,6.763
05/2/10 14:08,11.321,7.444,7.745,7.091
05/2/10 15:08,9.879,7.594,7.995,7.343
05/2/10 16:08,12.05,7.569,8.095,7.544
05/2/10 17:08,7.066,6.889,8.095,7.67
05/2/10 18:08,5.924,6.433,7.87,7.72
05/2/10 19:08,5.36,6.026,7.569,7.695
05/2/10 20:08,2.77,5.102,7.217,7.594
05/2/10 21:08,2.316,4.662,6.813,7.444
05/2/10 22:08,1.453,4.324,6.458,7.268
05/2/10 23:08,0.77,4.011,6.077,7.066
05/3/10 0:08,0.273,4.141,5.745,6.864
05/3/10 1:08,0.19,4.115,5.437,6.661
05/3/10 2:08,-0.283,3.67,5.179,6.484
05/3/10 3:08,0.273,3.88,4.947,6.306
05/3/10 4:08,0.715,3.827,4.818,6.128
05/3/10 5:08,1.859,4.115,4.688,6.026
05/3/10 6:08,2.209,4.272,4.636,5.898
05/3/10 7:08,2.85,4.324,4.584,5.821
05/3/10 8:08,3.354,4.48,4.558,5.77
05/3/10 9:08,8.17,5.385,4.61,5.719
05/3/10 10:08,11.492,6.484,4.973,5.719
05/3/10 11:08,13.016,7.167,5.693,5.872
05/3/10 12:08,13.618,7.619,6.585,6.179
05/3/10 13:08,12.413,7.77,7.368,6.585
05/3/10 14:08,11.686,7.82,7.845,6.99
05/3/10 15:08,12.171,8.469,8.12,7.293
05/3/10 16:08,10.834,8.344,8.295,7.519
05/3/10 17:08,9.188,8.045,8.22,7.695
05/3/10 18:08,6.204,7.217,7.995,7.745
05/3/10 19:08,4.115,6.408,7.619,7.695
05/3/10 20:08,3.564,6.128,7.192,7.594
05/3/10 21:08,3.485,5.975,6.839,7.419
05/3/10 22:08,3.485,5.821,6.585,7.242
05/3/10 23:08,3.932,5.796,6.357,7.116
05/4/10 0:08,3.67,5.693,6.23,6.99
05/4/10 1:08,3.248,5.488,6.077,6.889
05/4/10 2:08,2.93,5.179,5.924,6.788
05/4/10 3:08,4.063,5.128,5.821,6.687
05/4/10 4:08,4.168,5.102,5.77,6.611
05/4/10 5:08,4.089,5.05,5.719,6.56
05/4/10 6:08,5.898,5.616,5.745,6.509
05/4/10 7:08,6.484,6.077,5.821,6.484
05/4/10 8:08,6.255,6.23,5.949,6.509
05/4/10 9:08,6.179,6.102,6.026,6.56
05/4/10 10:08,5.05,6.077,6.128,6.585
05/4/10 11:08,7.469,6.331,6.204,6.636
05/4/10 12:08,7.116,6.484,6.382,6.687
05/4/10 13:08,7.192,6.56,6.509,6.763
05/4/10 14:08,7.217,6.636,6.611,6.839
05/4/10 15:08,7.368,6.788,6.737,6.914
05/4/10 16:08,7.995,7.041,6.839,6.965
05/4/10 17:08,7.97,7.116,6.965,7.041
05/4/10 18:08,6.102,6.712,6.99,7.116
05/4/10 19:08,5.128,6.128,6.889,7.142
05/4/10 20:08,4.999,5.719,6.712,7.116
05/4/10 21:08,4.844,5.539,6.56,7.066
05/4/10 22:08,4.74,5.462,6.458,6.99
05/4/10 23:08,4.324,5.334,6.382,6.94
05/5/10 0:08,4.688,5.514,6.306,6.889
05/5/10 1:08,4.194,5.308,6.281,6.864
05/5/10 2:08,0.467,3.142,6.153,6.839
05/5/10 3:08,0.218,3.116,5.719,6.712
05/5/10 4:08,0.163,2.93,5.488,6.535
05/5/10 5:08,0.135,2.69,5.36,6.382
05/5/10 6:08,0.19,2.77,5.231,6.281
05/5/10 7:08,0.135,2.637,5.154,6.179
05/5/10 8:08,-0.171,2.289,5.05,6.102
05/5/10 9:08,-0.115,2.182,4.921,6.026
05/5/10 10:08,-0.059,2.262,4.869,5.924
05/5/10 11:08,-0.031,1.967,4.947,5.872
05/5/10 12:08,0.742,2.155,5.179,5.898
05/5/10 13:08,0.934,2.236,5.539,6
05/5/10 14:08,0.962,2.209,5.872,6.153
05/5/10 15:08,1.099,2.477,5.924,6.281
05/5/10 16:08,0.742,2.477,5.949,6.357
05/5/10 17:08,0.273,2.262,5.975,6.382
05/5/10 18:08,-0.031,2.074,5.821,6.408
05/5/10 19:08,-0.283,1.859,5.565,6.331
05/5/10 20:08,-1.128,1.317,5.308,6.23
05/5/10 21:08,-0.816,1.534,5.102,6.102
05/5/10 22:08,-0.845,1.561,4.973,5.975
05/5/10 23:08,-0.704,1.507,4.844,5.872
05/6/10 0:08,-0.563,1.289,4.74,5.796
05/6/10 1:08,-0.479,1.317,4.61,5.719
05/6/10 2:08,-0.311,1.317,4.532,5.616
05/6/10 3:08,-0.283,1.398,4.48,5.565
05/6/10 4:08,-0.143,1.588,4.454,5.488
05/6/10 5:08,-0.227,1.507,4.402,5.437
05/6/10 6:08,-0.031,1.48,4.376,5.411
05/6/10 7:08,-0.004,1.561,4.324,5.36
05/6/10 8:08,-0.004,1.615,4.298,5.334
05/6/10 9:08,0.051,1.615,4.298,5.282
05/6/10 10:08,0.329,1.697,4.376,5.257
05/6/10 11:08,1.208,2.101,4.558,5.308
05/6/10 12:08,3.459,2.69,4.869,5.385
05/6/10 13:08,5.257,3.617,5.282,5.539
05/6/10 14:08,5.642,3.958,5.745,5.745
05/6/10 15:08,4.506,4.246,6.179,5.975
05/6/10 16:08,4.037,4.037,6.433,6.204
05/6/10 17:08,3.538,3.906,6.408,6.357
05/6/10 18:08,2.128,3.538,6.306,6.433
05/6/10 19:08,-0.004,2.77,6.102,6.433
05/6/10 20:08,-0.004,2.503,5.821,6.357
05/6/10 21:08,-0.788,2.236,5.514,6.23
05/6/10 22:08,-1.641,2.128,5.231,6.102
05/6/10 23:08,-1.27,1.697,4.921,5.949
05/7/10 0:08,-1.727,1.425,4.688,5.77
05/7/10 1:08,-2.829,1.099,4.402,5.616
05/7/10 2:08,-1.641,1.208,4.194,5.437
05/7/10 3:08,-0.788,1.289,4.037,5.308
05/7/10 4:08,-1.014,1.398,3.958,5.179
05/7/10 5:08,-0.451,1.751,3.932,5.102
05/7/10 6:08,-1.071,1.751,3.906,5.05
05/7/10 7:08,-0.675,1.48,3.827,4.999
05/7/10 8:08,-0.031,1.507,3.775,4.921
05/7/10 9:08,0.797,1.615,3.775,4.869
05/7/10 10:08,2.664,2.664,3.906,4.844
05/7/10 11:08,2.903,2.717,4.22,4.921
05/7/10 12:08,4.48,3.274,4.532,5.024
05/7/10 13:08,6.99,4.037,4.973,5.205
05/7/10 14:08,6.839,4.636,5.462,5.411
05/7/10 15:08,7.116,5.05,5.924,5.668
05/7/10 16:08,5.308,4.766,6.204,5.898
05/7/10 17:08,4.688,4.61,6.306,6.102
05/7/10 18:08,3.906,4.298,6.255,6.204
05/7/10 19:08,3.722,4.246,6.102,6.255
05/7/10 20:08,3.749,4.246,5.949,6.23
05/7/10 21:08,3.617,4.168,5.821,6.179
05/7/10 22:08,3.696,4.194,5.719,6.128
05/7/10 23:08,3.749,4.246,5.642,6.102
05/8/10 0:08,3.827,4.272,5.591,6.051
05/8/10 1:08,4.011,4.376,5.539,6.026
05/8/10 2:08,4.22,4.402,5.514,6
05/8/10 3:08,4.376,4.558,5.488,5.975
05/8/10 4:08,4.402,4.61,5.462,5.949
05/8/10 5:08,4.74,4.714,5.462,5.949
05/8/10 6:08,4.869,4.844,5.462,5.949
05/8/10 7:08,4.714,4.844,5.462,5.924
05/8/10 8:08,5.076,4.947,5.462,5.924
05/8/10 9:08,6,5.231,5.514,5.924
05/8/10 10:08,7.192,5.745,5.693,5.975
05/8/10 11:08,9.015,6.382,6.077,6.051
05/8/10 12:08,10.173,6.864,6.687,6.255
05/8/10 13:08,10.296,7.116,7.192,6.535
05/8/10 14:08,11.321,7.419,7.469,6.788
05/8/10 15:08,11.151,7.82,7.745,7.015
05/8/10 16:08,9.952,7.67,7.895,7.192
05/8/10 17:08,8.344,7.192,7.82,7.343
05/8/10 18:08,4.895,6.102,7.619,7.368
05/8/10 19:08,2.236,4.792,7.167,7.318
05/8/10 20:08,1.18,4.115,6.661,7.142
05/8/10 21:08,0.66,3.168,6.179,6.94
05/8/10 22:08,-1.128,2.903,5.796,6.712
05/8/10 23:08,0.079,2.664,5.411,6.484
05/9/10 0:08,-0.031,2.343,5.154,6.255
05/9/10 1:08,1.453,2.45,4.947,6.077
05/9/10 2:08,2.557,2.717,4.792,5.924
05/9/10 3:08,1.778,2.637,4.636,5.77
05/9/10 4:08,2.236,2.37,4.48,5.642
05/9/10 5:08,1.778,2.503,4.376,5.539
05/9/10 6:08,2.209,2.61,4.246,5.437
05/9/10 7:08,2.128,2.69,4.141,5.334
05/9/10 8:08,0.577,2.85,4.011,5.231
05/9/10 9:08,6.077,3.643,3.958,5.154
05/9/10 10:08,9.756,4.506,4.141,5.102
05/9/10 11:08,11.102,5.076,4.714,5.179
05/9/10 12:08,11.443,5.514,5.488,5.411
05/9/10 13:08,11.88,6.128,6.179,5.719
05/9/10 14:08,11.419,6.839,6.661,6.051
05/9/10 15:08,11.37,7.544,6.99,6.357
05/9/10 16:08,10.492,7.594,7.192,6.585
05/9/10 17:08,7.116,6.661,7.192,6.763
05/9/10 18:08,4.141,5.616,6.94,6.839
05/9/10 19:08,1.859,4.61,6.509,6.788
05/9/10 20:08,0.439,4.011,5.975,6.611
05/9/10 21:08,-0.115,4.011,5.514,6.408
05/9/10 22:08,0.051,3.617,5.128,6.179
05/9/10 23:08,-0.647,3.722,4.792,5.975
05/10/10 0:08,-1.469,3.168,4.48,5.77
05/10/10 1:08,-0.619,2.343,4.194,5.565
05/10/10 2:08,-0.255,2.343,4.011,5.385
05/10/10 3:08,-0.339,2.477,3.854,5.231
05/10/10 4:08,0.301,2.717,3.722,5.102
05/10/10 5:08,-0.816,2.557,3.617,4.973
05/10/10 6:08,-0.171,2.236,3.512,4.869
05/10/10 7:08,-0.367,2.262,3.459,4.792
05/10/10 8:08,-0.76,2.209,3.38,4.714
05/10/10 9:08,4.921,3.433,3.327,4.636
05/10/10 10:08,9.632,4.818,3.538,4.61
05/10/10 11:08,10.467,5.488,4.141,4.688
05/10/10 12:08,9.632,5.872,4.921,4.921
05/10/10 13:08,9.213,5.924,5.514,5.231
05/10/10 14:08,10.614,6.077,5.898,5.539
05/10/10 15:08,8.145,6.281,6.331,5.796
05/10/10 16:08,8.319,6.026,6.611,6.077
05/10/10 17:08,5.745,5.411,6.636,6.255
05/10/10 18:08,4.246,4.895,6.484,6.357
05/10/10 19:08,3.827,4.636,6.23,6.357
05/10/10 20:08,2.69,4.089,6,6.306
05/10/10 21:08,3.617,4.168,5.719,6.204
05/10/10 22:08,4.089,4.428,5.591,6.102
05/10/10 23:08,4.22,4.558,5.514,6.051
05/11/10 0:08,4.298,4.636,5.488,6
05/11/10 1:08,4.35,4.688,5.462,5.975
05/11/10 2:08,4.402,4.74,5.437,5.949
05/11/10 3:08,4.272,4.766,5.411,5.924
05/11/10 4:08,3.775,4.558,5.385,5.898
05/11/10 5:08,3.009,4.324,5.36,5.898
05/11/10 6:08,2.396,3.932,5.282,5.872
05/11/10 7:08,1.886,3.591,5.179,5.821
05/11/10 8:08,1.913,3.327,5.05,5.77
05/11/10 9:08,2.236,3.38,4.973,5.693
05/11/10 10:08,1.994,3.485,5.024,5.668
05/11/10 11:08,1.235,2.797,4.999,5.668
05/11/10 12:08,-0.199,2.209,4.973,5.642
05/11/10 13:08,1.832,2.69,5.179,5.616
05/11/10 14:08,1.615,2.262,5.539,5.745
05/11/10 15:08,1.724,2.343,5.668,5.847
05/11/10 16:08,1.805,2.155,5.796,5.949
05/11/10 17:08,-0.171,1.48,5.821,6.026
05/11/10 18:08,-1.784,1.017,5.539,6.026
05/11/10 19:08,-2.508,0.715,5.205,5.924
05/11/10 20:08,-2.362,0.495,4.818,5.796
05/11/10 21:08,-3.657,0.384,4.48,5.591
05/11/10 22:08,-3.956,0.163,4.168,5.437
05/11/10 23:08,-4.166,0.107,3.88,5.231
05/12/10 0:08,-4.499,-0.004,3.617,5.05
05/12/10 1:08,-4.378,-0.115,3.38,4.895
05/12/10 2:08,-4.408,-0.171,3.142,4.714
05/12/10 3:08,-4.347,-0.255,2.93,4.558
05/12/10 4:08,-3.419,-0.199,2.77,4.402
05/12/10 5:08,-3.478,-0.199,2.637,4.272
05/12/10 6:08,-2.946,-0.143,2.53,4.168
05/12/10 7:08,-2.566,-0.087,2.423,4.063
05/12/10 8:08,-2.044,-0.031,2.37,3.958
05/12/10 9:08,-0.591,-0.004,2.289,3.88
05/12/10 10:08,1.425,-0.004,2.289,3.827
05/12/10 11:08,2.983,0.051,2.396,3.801
05/12/10 12:08,3.459,0.135,2.637,3.801
05/12/10 13:08,4.61,0.384,3.009,3.88
05/12/10 14:08,4.324,1.371,3.327,4.037
05/12/10 15:08,3.591,2.423,3.591,4.194
05/12/10 16:08,3.433,2.717,3.722,4.324
05/12/10 17:08,1.507,2.584,3.722,4.402
05/12/10 18:08,-0.059,2.637,3.538,4.428
05/12/10 19:08,-1.128,2.021,3.301,4.376
05/12/10 20:08,-3.005,0.934,3.063,4.272
05/12/10 21:08,-3.123,0.66,2.85,4.168
05/12/10 22:08,-3.035,0.439,2.69,4.063
05/12/10 23:08,-1.986,0.907,2.557,3.958
05/13/10 0:08,-1.67,1.18,2.45,3.854
05/13/10 1:08,-1.612,1.48,2.37,3.775
05/13/10 2:08,-1.043,1.643,2.316,3.696
05/13/10 3:08,-0.873,1.534,2.262,3.643
05/13/10 4:08,-0.507,1.697,2.236,3.591
05/13/10 5:08,-0.143,1.832,2.236,3.564
05/13/10 6:08,0.273,1.994,2.262,3.538
05/13/10 7:08,0.495,2.155,2.316,3.512
05/13/10 8:08,0.907,2.289,2.396,3.512
05/13/10 9:08,2.209,2.61,2.503,3.538
05/13/10 10:08,4.61,3.195,2.77,3.591
05/13/10 11:08,6.763,3.801,3.221,3.722
05/13/10 12:08,7.845,4.246,3.749,3.932
05/13/10 13:08,8.07,4.454,4.246,4.194
05/13/10 14:08,8.045,4.688,4.61,4.454
05/13/10 15:08,8.12,4.844,4.895,4.662
05/13/10 16:08,7.318,4.895,5.05,4.895
05/13/10 17:08,5.36,4.714,5.05,5.024
05/13/10 18:08,3.538,4.246,4.895,5.076
05/13/10 19:08,2.664,4.063,4.636,5.076
05/13/10 20:08,2.396,3.958,4.402,4.999
05/13/10 21:08,2.289,3.906,4.272,4.921
05/13/10 22:08,1.425,3.722,4.141,4.869
05/13/10 23:08,1.262,3.564,3.958,4.792
05/14/10 0:08,0.989,3.485,3.801,4.688
05/14/10 1:08,1.344,3.538,3.722,4.61
05/14/10 2:08,1.044,3.591,3.722,4.558
05/14/10 3:08,-0.423,3.116,3.643,4.532
05/14/10 4:08,-0.255,3.063,3.485,4.454
05/14/10 5:08,0.135,3.142,3.327,4.376
05/14/10 6:08,-0.171,3.142,3.195,4.298
05/14/10 7:08,-0.423,3.063,3.116,4.22
05/14/10 8:08,0.024,2.956,2.956,4.141
05/14/10 9:08,1.886,3.274,2.877,4.063
05/14/10 10:08,3.591,3.617,3.063,4.011
05/14/10 11:08,4.636,3.88,3.406,4.063
05/14/10 12:08,5.796,4.168,3.88,4.194
05/14/10 13:08,6.94,4.532,4.35,4.376
05/14/10 14:08,7.116,4.714,4.714,4.61
05/14/10 15:08,6.813,4.792,4.947,4.818
05/14/10 16:08,6.255,4.921,5.102,4.973
05/14/10 17:08,5.488,4.947,5.102,5.102
05/14/10 18:08,2.85,4.558,4.973,5.154
05/14/10 19:08,0.605,3.775,4.61,5.128
05/14/10 20:08,0.107,3.591,4.22,5.024
05/14/10 21:08,0.079,3.538,3.958,4.869
05/14/10 22:08,-0.199,3.301,3.722,4.714
05/14/10 23:08,-0.227,3.221,3.512,4.584
05/15/10 0:08,-0.115,3.221,3.38,4.48
05/15/10 1:08,-0.339,3.248,3.301,4.376
05/15/10 2:08,0.024,2.983,3.168,4.298
05/15/10 3:08,-1.441,2.343,3.009,4.22
05/15/10 4:08,-2.246,1.398,2.877,4.115
05/15/10 5:08,-2.566,0.962,2.77,4.011
05/15/10 6:08,-2.976,0.715,2.664,3.932
05/15/10 7:08,-2.333,0.907,2.557,3.854
05/15/10 8:08,-2.072,0.907,2.45,3.775
05/15/10 9:08,2.236,1.994,2.477,3.696
05/15/10 10:08,6.535,2.85,2.717,3.696
05/15/10 11:08,9.41,3.591,3.221,3.775
05/15/10 12:08,11.37,4.48,3.932,3.985
05/15/10 13:08,11.053,5.411,4.688,4.272
05/15/10 14:08,10.883,5.668,5.205,4.636
05/15/10 15:08,9.977,5.668,5.565,4.947
05/15/10 16:08,10.687,6.204,5.745,5.179
05/15/10 17:08,8.742,5.821,5.77,5.36
05/15/10 18:08,4.532,5.308,5.668,5.462
05/15/10 19:08,1.317,3.722,5.257,5.462
05/15/10 20:08,-0.227,3.036,4.74,5.334
05/15/10 21:08,-1.099,2.637,4.324,5.154
05/15/10 22:08,-1.899,2.155,3.958,4.973
05/15/10 23:08,-2.072,1.697,3.617,4.766
05/16/10 0:08,-1.043,1.778,3.354,4.584
05/16/10 1:08,-0.704,1.832,3.195,4.428
05/16/10 2:08,-1.784,1.48,3.036,4.298
05/16/10 3:08,-2.333,1.344,2.93,4.168
05/16/10 4:08,-1.698,1.017,2.744,4.063
05/16/10 5:08,-1.756,0.825,2.637,3.932
05/16/10 6:08,-1.67,0.852,2.53,3.854
05/16/10 7:08,-2.362,0.632,2.423,3.749
05/16/10 8:08,-2.8,0.632,2.316,3.67
05/16/10 9:08,3.274,1.778,2.289,3.591
05/16/10 10:08,8.394,3.301,2.45,3.564
05/16/10 11:08,10.565,4.115,3.036,3.617
05/16/10 12:08,11.102,4.818,3.801,3.827
05/16/10 13:08,11.88,5.257,4.506,4.141
05/16/10 14:08,11.224,5.719,5.024,4.48
05/16/10 15:08,10.614,6.306,5.385,4.792
05/16/10 16:08,9.829,6.382,5.591,5.05
05/16/10 17:08,7.192,5.796,5.591,5.205
05/16/10 18:08,3.433,4.766,5.334,5.308
05/16/10 19:08,1.126,3.643,4.869,5.257
05/16/10 20:08,0.577,3.327,4.402,5.102
05/16/10 21:08,0.079,2.744,4.063,4.921
05/16/10 22:08,-0.675,2.37,3.722,4.74
05/16/10 23:08,-1.842,2.101,3.433,4.584
05/17/10 0:08,-2.015,1.453,3.168,4.402
05/17/10 1:08,-1.584,1.398,2.956,4.246
05/17/10 2:08,-0.227,1.643,2.85,4.115
05/17/10 3:08,-1.156,1.697,2.744,4.011
05/17/10 4:08,-1.612,1.398,2.69,3.906
05/17/10 5:08,-1.584,1.071,2.584,3.827
05/17/10 6:08,-1.156,1.099,2.53,3.749
05/17/10 7:08,-0.958,0.962,2.503,3.696
05/17/10 8:08,-0.704,1.099,2.45,3.643
05/17/10 9:08,1.153,1.425,2.423,3.617
05/17/10 10:08,6.585,2.69,2.61,3.591
05/17/10 11:08,10.932,3.827,3.142,3.67
05/17/10 12:08,11.929,4.688,3.958,3.88
05/17/10 13:08,10.516,4.973,4.636,4.194
05/17/10 14:08,12.292,5.36,5.05,4.532
05/17/10 15:08,13.714,6.077,5.462,4.818