02/8/10 13:00,24.702,20.15,16.153,15.39
02/8/10 14:00,33.261,22.106,16.392,15.581
02/8/10 15:00,25.331,21.557,16.796,15.772
02/8/10 16:00,32.665,23.136,17.058,16.01
02/8/10 17:00,30.016,21.915,17.344,16.201
02/8/10 18:00,22.441,20.15,17.439,16.392
02/8/10 19:00,19.103,19.032,17.391,16.511
02/8/10 20:00,15.605,17.677,17.272,16.582
02/8/10 21:00,12.703,16.225,17.034,16.606
02/8/10 22:00,10.785,15.438,16.773,16.558
02/8/10 23:00,9.41,14.673,16.511,16.463
02/9/10 0:00,9.41,14.242,16.272,16.344
02/9/10 1:00,12.727,14.984,16.034,16.225
02/9/10 2:00,11.977,14.529,15.939,16.106
02/9/10 3:00,11.929,14.17,15.843,16.01
02/9/10 4:00,12.195,14.122,15.724,15.939
02/9/10 5:00,12.364,14.026,15.652,15.843
02/9/10 6:00,12.025,13.834,15.557,15.748
02/9/10 7:00,10.98,13.522,15.461,15.676
02/9/10 8:00,16.654,14.457,15.366,15.581
02/9/10 9:00,22.776,15.772,15.366,15.533
02/9/10 10:00,28.295,18.652,15.509,15.509
02/9/10 11:00,30.343,20.96,15.843,15.557
02/9/10 12:00,22.944,20.079,16.249,15.7
02/9/10 13:00,21.509,20.77,16.582,15.915
02/9/10 14:00,23.569,21.366,16.82,16.082
02/9/10 15:00,25.623,21.151,17.011,16.225
02/9/10 16:00,21.175,20.388,17.249,16.392
02/9/10 17:00,17.296,18.295,17.32,16.534
02/9/10 18:00,23.208,18.794,17.201,16.606
02/9/10 19:00,17.653,18.081,17.153,16.63
02/9/10 20:00,14.768,16.796,17.106,16.654
02/9/10 21:00,13.257,15.772,16.939,16.63
02/9/10 22:00,10.59,14.816,16.701,16.558
02/9/10 23:00,10.075,14.242,16.463,16.463
02/10/10 0:00,7.945,13.449,16.225,16.344
02/10/10 1:00,7.217,12.92,15.986,16.201
02/10/10 2:00,6.636,12.364,15.724,16.058
02/10/10 3:00,7.92,12.461,15.485,15.915
02/10/10 4:00,10.149,12.703,15.27,15.724
02/10/10 5:00,11.102,12.775,15.151,15.581
02/10/10 6:00,10.565,12.799,15.055,15.461
02/10/10 7:00,9.238,12.437,14.96,15.366
02/10/10 8:00,16.106,13.522,14.864,15.27
02/10/10 9:00,21.461,15.175,14.864,15.175
02/10/10 10:00,26.867,16.963,15.031,15.151
02/10/10 11:00,29.74,19.294,15.318,15.199
02/10/10 12:00,32.073,20.579,15.7,15.318
02/10/10 13:00,26.549,20.746,16.106,15.509
02/10/10 14:00,20.698,19.318,16.415,15.7
02/10/10 15:00,12.703,14.074,16.511,15.891
02/10/10 16:00,15.843,16.201,16.153,15.915
02/10/10 17:00,13.93,15.629,16.01,15.867
02/10/10 18:00,17.796,16.558,15.891,15.819
02/10/10 19:00,14.792,16.034,15.891,15.772
02/10/10 20:00,12.534,15.151,15.867,15.772
02/10/10 21:00,11.443,14.768,15.748,15.748
02/10/10 22:00,9.682,14.026,15.652,15.724
02/10/10 23:00,10.638,13.906,15.533,15.652
02/11/10 0:00,12.485,14.17,15.414,15.581
02/11/10 1:00,12.195,14.074,15.342,15.509
02/11/10 2:00,12.678,14.002,15.294,15.438
02/11/10 3:00,12.678,13.978,15.223,15.39
02/11/10 4:00,13.064,13.978,15.175,15.342
02/11/10 5:00,12.171,13.69,15.127,15.294
02/11/10 6:00,13.233,13.522,15.055,15.223
02/11/10 7:00,12.944,13.522,14.984,15.175
02/11/10 8:00,13.978,13.546,14.912,15.127
02/11/10 9:00,21.151,14.936,14.888,15.055
02/11/10 10:00,20.055,16.296,14.96,15.031
02/11/10 11:00,29.941,19.246,15.127,15.055
02/11/10 12:00,29.865,20.65,15.39,15.127
02/11/10 13:00,26.451,22.058,15.796,15.27
02/11/10 14:00,30.444,22.992,16.272,15.485
02/11/10 15:00,31.103,23.569,16.725,15.748
02/11/10 16:00,28.171,23.521,17.082,16.01
02/11/10 17:00,27.776,22.321,17.296,16.249
02/11/10 18:00,18.842,20.079,17.344,16.415
02/11/10 19:00,16.796,18.438,17.272,16.534
02/11/10 20:00,14.936,17.677,17.153,16.606
02/11/10 21:00,11.029,5.36,16.153,15.986
02/11/10 22:00,13.81,10.614,15.151,15.796
02/11/10 23:00,13.618,12.823,14.745,15.509
02/12/10 0:00,13.449,13.329,14.768,15.318
02/12/10 1:00,13.425,13.425,14.816,15.223
02/12/10 2:00,14.074,13.714,14.84,15.175
02/12/10 3:00,13.329,13.834,14.84,15.127
02/12/10 4:00,13.377,14.002,14.84,15.079
02/12/10 5:00,13.064,14.074,14.84,15.055
02/12/10 6:00,13.088,14.002,14.84,15.031
02/12/10 7:00,12.558,13.858,14.816,14.984
02/12/10 8:00,12.461,13.858,14.768,14.96
02/12/10 9:00,12.992,14.074,14.721,14.912
02/12/10 10:00,13.81,14.553,14.721,14.888
02/12/10 11:00,13.81,14.888,14.721,14.84
02/12/10 12:00,16.677,16.654,14.745,14.84
02/12/10 13:00,20.913,18.152,14.864,14.84
02/12/10 14:00,29.966,19.365,15.103,14.912
02/12/10 15:00,32.717,21.199,15.485,15.008
02/12/10 16:00,22.537,21.318,16.01,15.247
02/12/10 17:00,19.46,18.533,16.272,15.485
02/12/10 18:00,14.026,16.82,16.201,15.629
02/12/10 19:00,12.485,16.058,16.034,15.676
02/12/10 20:00,11.832,15.461,15.867,15.676
02/12/10 21:00,11.613,15.127,15.724,15.652
02/12/10 22:00,10.932,14.816,15.605,15.605
02/12/10 23:00,10.687,14.481,15.485,15.557
02/13/10 0:00,10.345,14.194,15.39,15.485
02/13/10 1:00,10.443,14.026,15.27,15.438
02/13/10 2:00,10.418,13.954,15.151,15.366
02/13/10 3:00,10.59,13.93,15.079,15.294
02/13/10 4:00,10.687,13.954,15.008,15.223
02/13/10 5:00,10.001,13.738,14.96,15.175
02/13/10 6:00,10.541,13.618,14.912,15.127
02/13/10 7:00,9.854,13.161,14.864,15.079
02/13/10 8:00,12.654,14.409,14.816,15.031
02/13/10 9:00,13.137,14.864,14.816,14.96
02/13/10 10:00,14.314,15.461,14.84,14.96
02/13/10 11:00,20.055,17.391,14.936,14.96
02/13/10 12:00,16.249,17.058,15.079,14.984
02/13/10 13:00,23.088,19.508,15.223,15.031
02/13/10 14:00,31.689,22.034,15.509,15.151
02/13/10 15:00,22.345,20.579,15.915,15.294
02/13/10 16:00,22.848,20.507,16.129,15.485
02/13/10 17:00,21.939,20.507,16.272,15.629
02/13/10 18:00,17.296,19.127,16.439,15.772
02/13/10 19:00,14.864,17.701,16.463,15.891
02/13/10 20:00,12.025,16.272,16.415,15.963
02/13/10 21:00,10.98,15.414,16.272,15.986
02/13/10 22:00,10.565,14.864,16.129,15.939
02/13/10 23:00,11.224,14.673,15.963,15.891
02/14/10 0:00,10.173,14.29,15.819,15.819
02/14/10 1:00,9.928,14.002,15.676,15.724
02/14/10 2:00,9.534,13.642,15.533,15.629
02/14/10 3:00,9.336,13.377,15.39,15.557
02/14/10 4:00,9.558,13.137,15.27,15.461
02/14/10 5:00,9.287,12.92,15.127,15.366
02/14/10 6:00,8.344,12.727,15.008,15.27
02/14/10 7:00,9.015,12.485,14.888,15.175
02/14/10 8:00,11.734,13.064,14.745,15.055
02/14/10 9:00,13.425,13.473,14.649,14.96
02/14/10 10:00,16.129,14.194,14.625,14.888
02/14/10 11:00,16.106,14.721,14.625,14.84
02/14/10 12:00,16.487,14.697,14.673,14.792
02/14/10 13:00,22.13,16.987,14.697,14.792
02/14/10 14:00,14.96,15.629,14.864,14.816
02/14/10 15:00,14.625,15.509,14.936,14.864
02/14/10 16:00,14.314,15.724,14.936,14.888
02/14/10 17:00,16.034,15.676,14.936,14.888
02/14/10 18:00,15.342,16.106,14.96,14.912
02/14/10 19:00,11.929,14.433,14.984,14.936
02/14/10 20:00,11.297,14.146,14.888,14.936
02/14/10 21:00,11.175,13.906,14.792,14.912
02/14/10 22:00,10.59,13.546,14.745,14.888
02/14/10 23:00,10.198,13.064,14.649,14.84
02/15/10 0:00,10.1,12.92,14.529,14.768
02/15/10 1:00,9.485,12.292,14.385,14.673
02/15/10 2:00,9.312,12.292,14.194,14.553
02/15/10 3:00,9.238,11.832,14.026,14.433
02/15/10 4:00,9.386,11.127,13.834,14.29
02/15/10 5:00,9.188,10.907,13.57,14.098
02/15/10 6:00,8.767,10.051,13.257,13.882
02/15/10 7:00,8.593,9.583,12.896,13.594
02/15/10 8:00,8.693,9.805,12.534,13.281
02/15/10 9:00,8.891,9.731,12.243,13.016
02/15/10 10:00,9.089,10.149,12.074,12.775
02/15/10 11:00,9.706,10.222,11.977,12.654
02/15/10 12:00,9.928,10.467,11.88,12.485
02/15/10 13:00,10.736,10.883,11.832,12.389
02/15/10 14:00,11.565,11.88,11.832,12.34
02/15/10 15:00,9.854,11.565,11.904,12.34
02/15/10 16:00,9.879,11.321,11.977,12.364
02/15/10 17:00,9.262,11.248,11.977,12.364
02/15/10 18:00,8.693,10.761,11.977,12.364
02/15/10 19:00,7.87,10.345,11.929,12.364
02/15/10 20:00,6.661,9.608,11.856,12.316
02/15/10 21:00,6.408,9.064,11.71,12.292
02/15/10 22:00,5.539,8.543,11.565,12.195
02/15/10 23:00,6.153,8.543,11.394,12.098
02/16/10 0:00,6.509,8.792,11.273,12.001
02/16/10 1:00,6.611,8.841,11.2,11.929
02/16/10 2:00,5.719,8.593,11.151,11.856
02/16/10 3:00,5.488,8.369,11.053,11.783
02/16/10 4:00,5.514,8.568,10.98,11.71
02/16/10 5:00,5.385,8.593,10.907,11.637
02/16/10 6:00,5.334,8.394,10.883,11.589
02/16/10 7:00,5.257,8.369,10.834,11.516
02/16/10 8:00,6.051,8.643,10.761,11.467
02/16/10 9:00,11.029,9.485,10.712,11.419
02/16/10 10:00,17.296,10.858,10.761,11.37
02/16/10 11:00,23.593,12.509,10.907,11.37
02/16/10 12:00,26.182,14.361,11.175,11.443
02/16/10 13:00,27.875,15.843,11.54,11.565
02/16/10 14:00,32.278,17.32,11.953,11.759
02/16/10 15:00,32.227,18.152,12.413,12.025
02/16/10 16:00,32.15,18.937,12.847,12.292
02/16/10 17:00,28.766,18.01,13.185,12.534
02/16/10 18:00,24.871,16.511,13.353,12.751
02/16/10 19:00,12.92,14.936,13.401,12.92
02/16/10 20:00,5.975,13.016,13.353,13.064
02/16/10 21:00,4.48,12.001,13.233,13.112
02/16/10 22:00,1.859,10.907,13.04,13.137
02/16/10 23:00,-1.698,9.287,12.823,13.088
02/17/10 0:00,-3.035,8.344,12.558,12.992
02/17/10 1:00,-3.597,7.695,12.268,12.871
02/17/10 2:00,-4.529,7.015,11.977,12.727
02/17/10 3:00,-4.408,6.585,11.686,12.534
02/17/10 4:00,-1.412,6.864,11.443,12.364
02/17/10 5:00,4.168,7.494,11.273,12.195
02/17/10 6:00,4.141,7.72,11.175,12.05
02/17/10 7:00,6.23,8.195,11.151,11.929
02/17/10 8:00,10.932,8.965,11.127,11.856
02/17/10 9:00,16.201,10.198,11.175,11.783
02/17/10 10:00,22.202,12.074,11.297,11.783
02/17/10 11:00,27.899,13.786,11.492,11.807
02/17/10 12:00,30.469,14.984,11.783,11.88
02/17/10 13:00,35.985,16.272,12.171,12.025
02/17/10 14:00,38.504,17.249,12.558,12.243
02/17/10 15:00,33.287,18.818,12.968,12.485
02/17/10 16:00,29.09,18.889,13.305,12.703
02/17/10 17:00,24.291,18.604,13.57,12.944
02/17/10 18:00,20.055,16.987,13.738,13.137
02/17/10 19:00,15.915,15.891,13.81,13.281
02/17/10 20:00,10.345,14.146,13.786,13.401
02/17/10 21:00,9.952,13.377,13.666,13.449
02/17/10 22:00,7.368,11.929,13.522,13.473
02/17/10 23:00,3.433,10.051,13.281,13.425
02/18/10 0:00,1.832,9.361,12.944,13.329
02/18/10 1:00,1.371,8.618,12.654,13.185
02/18/10 2:00,0.495,8.045,12.34,13.04
02/18/10 3:00,-0.675,7.569,12.05,12.847
02/18/10 4:00,-1.784,7.519,11.832,12.678
02/18/10 5:00,-1.441,7.293,11.637,12.509
02/18/10 6:00,-1.27,7.066,11.467,12.364
02/18/10 7:00,-3.064,6.535,11.321,12.195
02/18/10 8:00,6.661,7.544,11.151,12.05
02/18/10 9:00,18.699,9.287,11.102,11.929
02/18/10 10:00,24.726,11.273,11.2,11.856
02/18/10 11:00,29.79,13.161,11.419,11.856
02/18/10 12:00,32.639,15.485,11.759,11.929
02/18/10 13:00,35.049,17.106,12.171,12.074
02/18/10 14:00,36.96,18.129,12.63,12.292
02/18/10 15:00,35.315,19.127,13.112,12.534
02/18/10 16:00,33.6,19.603,13.473,12.799
02/18/10 17:00,29.115,18.771,13.738,13.016
02/18/10 18:00,24.026,17.153,13.834,13.209
02/18/10 19:00,14.409,15.533,13.834,13.329
02/18/10 20:00,6.788,13.522,13.738,13.425
02/18/10 21:00,2.503,11.783,13.57,13.473
02/18/10 22:00,0.825,10.541,13.329,13.449
02/18/10 23:00,0.19,9.879,13.064,13.353
02/19/10 0:00,4.089,10.124,12.799,13.257
02/19/10 1:00,6.737,10.345,12.63,13.137
02/19/10 2:00,6.331,10.149,12.558,13.04
02/19/10 3:00,6.382,10.051,12.485,12.968
02/19/10 4:00,6.509,9.879,12.413,12.896
02/19/10 5:00,6.813,9.78,12.364,12.823
02/19/10 6:00,5.77,9.583,12.292,12.751
02/19/10 7:00,3.38,9.188,12.219,12.678
02/19/10 8:00,10.638,10.026,12.122,12.606
02/19/10 9:00,20.079,11.297,12.098,12.534
02/19/10 10:00,27.136,13.233,12.195,12.509
02/19/10 11:00,30.016,16.796,12.413,12.534
02/19/10 12:00,20.198,16.773,12.823,12.654
02/19/10 13:00,25.914,18.295,13.161,12.823
02/19/10 14:00,22.896,20.341,13.642,13.04
02/19/10 15:00,19.651,19.151,14.122,13.305
02/19/10 16:00,18.628,18.675,14.409,13.57
02/19/10 17:00,27.579,20.103,14.577,13.762
02/19/10 18:00,19.698,18.747,14.745,13.93
02/19/10 19:00,16.344,17.106,14.864,14.098
02/19/10 20:00,10.687,14.792,14.84,14.218
02/19/10 21:00,8.344,13.449,14.697,14.29
02/19/10 22:00,8.618,12.703,14.505,14.266
02/19/10 23:00,7.142,12.219,14.29,14.218
02/20/10 0:00,4.818,11.321,14.098,14.122
02/20/10 1:00,7.97,11.443,13.858,14.026
02/20/10 2:00,7.569,11.224,13.69,13.906
02/20/10 3:00,7.619,11.005,13.546,13.81
02/20/10 4:00,8.195,10.907,13.425,13.69
02/20/10 5:00,8.045,10.687,13.305,13.618
02/20/10 6:00,7.895,10.516,13.161,13.497
02/20/10 7:00,7.619,10.32,13.064,13.401
02/20/10 8:00,10.956,10.761,12.92,13.305
02/20/10 9:00,15.867,11.783,12.871,13.209
02/20/10 10:00,19.936,13.81,12.871,13.161
02/20/10 11:00,17.843,15.342,12.992,13.137
02/20/10 12:00,20.055,15.963,13.137,13.161
02/20/10 13:00,21.175,17.058,13.305,13.209
02/20/10 14:00,19.484,18.58,13.546,13.305
02/20/10 15:00,26.207,19.413,13.834,13.425
02/20/10 16:00,27.481,19.96,14.098,13.594
02/20/10 17:00,18.081,17.938,14.337,13.738
02/20/10 18:00,16.82,16.606,14.385,13.882
02/20/10 19:00,14.433,15.605,14.385,13.978
02/20/10 20:00,13.834,14.768,14.337,14.05
02/20/10 21:00,13.281,14.194,14.266,14.05
02/20/10 22:00,13.281,13.834,14.194,14.05
02/20/10 23:00,13.209,13.738,14.098,14.05
02/21/10 0:00,11.807,13.233,14.05,14.026
02/21/10 1:00,11.565,12.847,13.978,13.978
02/21/10 2:00,11.832,12.751,13.906,13.93
02/21/10 3:00,11.88,12.63,13.81,13.906
02/21/10 4:00,11.759,12.461,13.738,13.858
02/21/10 5:00,11.419,12.292,13.69,13.81
02/21/10 6:00,11.589,12.147,13.618,13.762
02/21/10 7:00,11.127,12.364,13.546,13.69
02/21/10 8:00,11.807,12.775,13.473,13.642
02/21/10 9:00,12.703,13.714,13.473,13.618
02/21/10 10:00,14.242,15.461,13.522,13.594
02/21/10 11:00,16.392,16.32,13.642,13.594
02/21/10 12:00,14.697,16.106,13.786,13.642
02/21/10 13:00,19.841,17.534,13.906,13.714
02/21/10 14:00,16.963,16.415,14.026,13.786
02/21/10 15:00,26.549,19.555,14.17,13.858
02/21/10 16:00,15.031,17.13,14.433,13.954
02/21/10 17:00,12.485,12.05,14.122,13.954
02/21/10 18:00,12.001,12.92,13.858,13.882
02/21/10 19:00,11.929,13.185,13.762,13.834
02/21/10 20:00,11.005,12.944,13.714,13.786
02/21/10 21:00,11.102,12.751,13.666,13.738
02/21/10 22:00,10.638,12.558,13.594,13.714
02/21/10 23:00,10.883,12.461,13.546,13.666
02/22/10 0:00,11.273,12.558,13.473,13.618
02/22/10 1:00,11.346,12.558,13.425,13.57
02/22/10 2:00,11.2,12.534,13.401,13.546
02/22/10 3:00,11.297,12.509,13.377,13.497
02/22/10 4:00,10.81,12.389,13.329,13.473
02/22/10 5:00,11.151,12.389,13.305,13.449
02/22/10 6:00,11.2,12.413,13.257,13.401
02/22/10 7:00,11.346,12.437,13.233,13.377
02/22/10 8:00,11.394,12.461,13.233,13.353
02/22/10 9:00,11.589,12.461,13.185,13.329
02/22/10 10:00,11.613,12.461,13.161,13.305
02/22/10 11:00,11.807,12.63,13.137,13.257
02/22/10 12:00,11.88,12.775,13.137,13.233
02/22/10 13:00,12.074,12.799,13.112,13.209
02/22/10 14:00,12.05,13.04,13.088,13.185
02/22/10 15:00,12.292,12.992,13.088,13.161
02/22/10 16:00,12.34,12.92,13.088,13.137
02/22/10 17:00,12.025,12.823,13.112,13.137
02/22/10 18:00,11.807,12.751,13.088,13.137
02/22/10 19:00,11.637,12.606,13.088,13.137
02/22/10 20:00,10.394,12.05,13.064,13.137
02/22/10 21:00,9.386,11.637,13.016,13.112
02/22/10 22:00,9.361,11.346,12.92,13.064
02/22/10 23:00,8.369,10.785,12.823,13.04
02/23/10 0:00,7.444,10.467,12.703,12.968
02/23/10 1:00,7.217,10.198,12.582,12.896
02/23/10 2:00,5.821,9.854,12.461,12.799
02/23/10 3:00,5.154,9.485,12.34,12.727
02/23/10 4:00,2.77,8.767,12.195,12.63
02/23/10 5:00,1.044,8.045,12.05,12.534
02/23/10 6:00,-0.479,7.268,11.88,12.413
02/23/10 7:00,-0.367,6.535,11.613,12.268
02/23/10 8:00,2.503,6.255,11.297,12.098
02/23/10 9:00,9.78,6.99,11.029,11.904
02/23/10 10:00,14.601,7.895,10.834,11.734
02/23/10 11:00,19.555,9.336,10.785,11.589
02/23/10 12:00,22.345,10.687,10.858,11.492
02/23/10 13:00,28.221,12.727,11.029,11.492
02/23/10 14:00,29.315,13.738,11.321,11.565
02/23/10 15:00,28.543,15.151,11.637,11.662
02/23/10 16:00,27.481,15.055,11.953,11.832
02/23/10 17:00,25.21,14.697,12.171,11.977
02/23/10 18:00,21.008,13.978,12.243,12.098
02/23/10 19:00,9.731,12.606,12.268,12.195
02/23/10 20:00,4.844,10.956,12.219,12.268
02/23/10 21:00,3.538,9.903,12.074,12.292
02/23/10 22:00,2.877,9.46,11.88,12.268
02/23/10 23:00,5.642,9.731,11.71,12.195
02/24/10 0:00,3.221,9.238,11.613,12.147
02/24/10 1:00,-1.043,8.095,11.516,12.074
02/24/10 2:00,-4.803,6.839,11.37,12.001
02/24/10 3:00,-4.956,6.23,11.151,11.88
02/24/10 4:00,1.94,7.066,10.932,11.759
02/24/10 5:00,3.327,7.268,10.81,11.613
02/24/10 6:00,4.688,7.544,10.736,11.516
02/24/10 7:00,4.74,7.645,10.687,11.443
02/24/10 8:00,8.145,8.12,10.663,11.346
02/24/10 9:00,14.529,9.262,10.687,11.297
02/24/10 10:00,19.127,11.029,10.761,11.248
02/24/10 11:00,23.424,13.04,10.932,11.273
02/24/10 12:00,31.357,15.031,11.224,11.321
02/24/10 13:00,34.387,17.867,11.662,11.492
02/24/10 14:00,32.562,18.771,12.268,11.734
02/24/10 15:00,29.615,19.27,12.775,12.025
02/24/10 16:00,28.717,18.129,13.137,12.316
02/24/10 17:00,29.365,18.033,13.329,12.558
02/24/10 18:00,17.034,16.296,13.449,12.751
02/24/10 19:00,12.992,14.816,13.449,12.896
02/24/10 20:00,7.77,13.064,13.353,12.992
02/24/10 21:00,6.204,12.001,13.185,13.016
02/24/10 22:00,5.076,11.102,12.968,12.992
02/24/10 23:00,4.089,10.443,12.751,12.944
02/25/10 0:00,2.77,9.977,12.534,12.847
02/25/10 1:00,1.832,9.558,12.364,12.751
02/25/10 2:00,-0.199,8.693,12.195,12.63
02/25/10 3:00,-0.395,8.319,12.001,12.534
02/25/10 4:00,4.895,8.792,11.807,12.413
02/25/10 5:00,5.668,9.04,11.686,12.292
02/25/10 6:00,5.334,9.015,11.662,12.195
02/25/10 7:00,5.154,8.866,11.613,12.122
02/25/10 8:00,9.509,9.46,11.565,12.05
02/25/10 9:00,17.272,10.712,11.565,12.001
02/25/10 10:00,26.158,12.292,11.662,11.953
02/25/10 11:00,29.24,14.673,11.856,11.977
02/25/10 12:00,33.105,16.058,12.243,12.098
02/25/10 13:00,35.342,17.748,12.654,12.268
02/25/10 14:00,34.572,19.199,13.088,12.485
02/25/10 15:00,34.704,19.77,13.546,12.751
02/25/10 16:00,33.235,19.817,13.93,13.016
02/25/10 17:00,29.464,19.032,14.122,13.233
02/25/10 18:00,24.146,17.605,14.17,13.401
02/25/10 19:00,14.745,16.034,14.146,13.546
02/25/10 20:00,9.015,14.337,14.05,13.618
02/25/10 21:00,6.661,13.305,13.906,13.666
02/25/10 22:00,2.744,11.686,13.714,13.642
02/25/10 23:00,2.53,11.029,13.449,13.594
02/26/10 0:00,2.047,10.345,13.209,13.497
02/26/10 1:00,1.994,9.854,12.968,13.377
02/26/10 2:00,5.821,10.394,12.751,13.233
02/26/10 3:00,5.128,10.247,12.654,13.137
02/26/10 4:00,5.282,10.051,12.582,13.016
02/26/10 5:00,5.642,9.879,12.485,12.944
02/26/10 6:00,5.745,9.805,12.413,12.847
02/26/10 7:00,6.484,9.756,12.34,12.775
02/26/10 8:00,9.977,10.271,12.268,12.703
02/26/10 9:00,15.819,11.419,12.268,12.63
02/26/10 10:00,21.27,12.992,12.316,12.582
02/26/10 11:00,26.109,14.984,12.437,12.582
02/26/10 12:00,27.604,16.939,12.703,12.654
02/26/10 13:00,30.621,18.628,13.064,12.775
02/26/10 14:00,29.439,19.96,13.522,12.968
02/26/10 15:00,31.23,20.46,13.978,13.209
02/26/10 16:00,29.991,20.841,14.409,13.497
02/26/10 17:00,27.235,20.079,14.697,13.738
02/26/10 18:00,24.532,18.485,14.84,13.954
02/26/10 19:00,14.984,16.654,14.888,14.122
02/26/10 20:00,8.593,14.385,14.792,14.218
02/26/10 21:00,6.382,13.064,14.577,14.266
02/26/10 22:00,7.469,12.509,14.337,14.218
02/26/10 23:00,8.593,12.316,14.122,14.146
02/27/10 0:00,9.361,12.243,13.954,14.05
02/27/10 1:00,9.534,11.977,13.81,13.954
02/27/10 2:00,10.81,12.34,13.69,13.882
02/27/10 3:00,10.907,12.195,13.594,13.786
02/27/10 4:00,11.273,12.147,13.522,13.714
02/27/10 5:00,11.102,12.05,13.425,13.642
02/27/10 6:00,10.492,11.686,13.353,13.57
02/27/10 7:00,10.369,11.516,13.281,13.497
02/27/10 8:00,13.93,12.703,13.185,13.425
02/27/10 9:00,10.614,12.654,13.161,13.377
02/27/10 10:00,10.761,12.606,13.161,13.329
02/27/10 11:00,11.321,13.497,13.137,13.305
02/27/10 12:00,11.127,12.92,13.137,13.281
02/27/10 13:00,18.889,16.225,13.112,13.233
02/27/10 14:00,17.368,16.868,13.257,13.233
02/27/10 15:00,22.321,17.272,13.473,13.305
02/27/10 16:00,25.258,18.675,13.69,13.377
02/27/10 17:00,18.747,18.01,13.954,13.522
02/27/10 18:00,16.677,16.749,14.122,13.642
02/27/10 19:00,13.93,15.294,14.194,13.762
02/27/10 20:00,9.632,13.81,14.194,13.858
02/27/10 21:00,8.17,12.92,14.074,13.882
02/27/10 22:00,7.419,12.098,13.93,13.858
02/27/10 23:00,5.514,11.613,13.738,13.81
02/28/10 0:00,5.642,11.029,13.57,13.738
02/28/10 1:00,10.712,12.171,13.377,13.618
02/28/10 2:00,11.005,12.364,13.329,13.546
02/28/10 3:00,10.761,12.413,13.329,13.497
02/28/10 4:00,9.534,12.074,13.281,13.449
02/28/10 5:00,8.99,11.516,13.257,13.401
02/28/10 6:00,10.026,11.54,13.185,13.353
02/28/10 7:00,9.657,11.662,13.137,13.329
02/28/10 8:00,11.005,12.098,13.088,13.257
02/28/10 9:00,13.522,12.847,13.064,13.233
02/28/10 10:00,13.786,14.242,13.088,13.209
02/28/10 11:00,19.032,15.963,13.209,13.185
02/28/10 12:00,16.272,15.342,13.353,13.233
02/28/10 13:00,26.158,17.225,13.546,13.305
02/28/10 14:00,28.419,19.294,13.858,13.425
02/28/10 15:00,20.603,18.771,14.17,13.594
02/28/10 16:00,14.505,16.915,14.481,13.762
02/28/10 17:00,12.413,15.151,14.505,13.93
02/28/10 18:00,14.026,14.816,14.361,14.002
02/28/10 19:00,9.46,13.57,14.218,14.002
02/28/10 20:00,5.796,11.686,14.026,13.978
02/28/10 21:00,5.205,10.638,13.714,13.882
02/28/10 22:00,5.024,10.247,13.377,13.762
02/28/10 23:00,2.289,9.04,13.088,13.594
03/1/10 0:00,2.45,8.519,12.751,13.401
03/1/10 1:00,1.832,7.945,12.437,13.209
03/1/10 2:00,1.967,7.695,12.122,13.016
03/1/10 3:00,2.074,7.645,11.832,12.799
03/1/10 4:00,2.128,7.619,11.613,12.606
03/1/10 5:00,1.94,7.519,11.443,12.413
03/1/10 6:00,2.074,7.469,11.273,12.268
03/1/10 7:00,2.128,7.242,11.127,12.098
03/1/10 8:00,2.877,7.569,10.98,11.977
03/1/10 9:00,7.77,9.163,10.883,11.832
03/1/10 10:00,14.96,10.075,10.907,11.734
03/1/10 11:00,11.419,12.171,11.029,11.686
03/1/10 12:00,16.844,13.497,11.224,11.686
03/1/10 13:00,22.537,14.888,11.443,11.759
03/1/10 14:00,18.366,15.031,11.71,11.832
03/1/10 15:00,22.082,14.792,11.904,11.953
03/1/10 16:00,20.198,15.294,12.098,12.05
03/1/10 17:00,17.177,14.553,12.243,12.171
03/1/10 18:00,15.629,13.546,12.292,12.243
03/1/10 19:00,8.742,12.292,12.268,12.292
03/1/10 20:00,6.026,11.102,12.171,12.316
03/1/10 21:00,5.539,10.712,12.05,12.316
03/1/10 22:00,5.205,10.418,11.929,12.292
03/1/10 23:00,4.74,10.149,11.856,12.243
03/2/10 0:00,4.402,9.78,11.759,12.195
03/2/10 1:00,4.324,9.41,11.662,12.147
03/2/10 2:00,0.989,8.344,11.54,12.074
03/2/10 3:00,-1.27,7.544,11.346,12.001
03/2/10 4:00,0.301,7.066,11.151,11.88
03/2/10 5:00,-0.901,6.889,10.932,11.759
03/2/10 6:00,-1.698,6.585,10.785,11.613
03/2/10 7:00,-1.498,6.306,10.614,11.492
03/2/10 8:00,4.818,7.041,10.467,11.37
03/2/10 9:00,15.342,8.27,10.394,11.248
03/2/10 10:00,22.226,9.583,10.443,11.175
03/2/10 11:00,25.598,10.834,10.59,11.151
03/2/10 12:00,27.431,12.509,10.785,11.175
03/2/10 13:00,29.59,14.505,11.078,11.273
03/2/10 14:00,32.484,14.84,11.443,11.394
03/2/10 15:00,31.535,15.676,11.783,11.589
03/2/10 16:00,30.394,16.177,12.098,11.759
03/2/10 17:00,26.158,15.414,12.316,11.929
03/2/10 18:00,22.298,14.433,12.413,12.074
03/2/10 19:00,11.516,13.233,12.437,12.195
03/2/10 20:00,6.23,11.662,12.364,12.268
03/2/10 21:00,4.714,10.932,12.243,12.316
03/2/10 22:00,3.827,10.516,12.098,12.316
03/2/10 23:00,0.66,9.657,11.977,12.268
03/3/10 0:00,0.962,9.312,11.856,12.243
03/3/10 1:00,-0.535,8.444,11.686,12.171
03/3/10 2:00,-0.958,7.97,11.54,12.074
03/3/10 3:00,-1.128,7.569,11.346,11.977
03/3/10 4:00,-1.043,7.393,11.151,11.856
03/3/10 5:00,-1.355,7.091,10.98,11.734
03/3/10 6:00,-1.555,6.839,10.834,11.613
03/3/10 7:00,-1.469,6.661,10.687,11.492
03/3/10 8:00,4.35,7.242,10.541,11.37
03/3/10 9:00,19.222,9.632,10.541,11.273
03/3/10 10:00,28.048,11.734,10.712,11.224
03/3/10 11:00,32.691,13.954,11.053,11.273
03/3/10 12:00,34.466,16.034,11.492,11.419
03/3/10 13:00,37.37,17.106,11.977,11.589
03/3/10 14:00,39.065,17.962,12.437,11.856
03/3/10 15:00,36.606,19.341,12.896,12.122
03/3/10 16:00,33.992,19.508,13.233,12.389
03/3/10 17:00,30.343,18.58,13.473,12.63
03/3/10 18:00,24.774,17.082,13.57,12.823
03/3/10 19:00,15.867,15.629,13.546,12.944
03/3/10 20:00,8.394,13.738,13.473,13.064
03/3/10 21:00,4.662,12.219,13.305,13.088
03/3/10 22:00,3.221,11.273,13.088,13.088
03/3/10 23:00,4.037,10.81,12.847,13.016
03/4/10 0:00,5.898,10.834,12.654,12.944
03/4/10 1:00,6.788,10.736,12.509,12.847
03/4/10 2:00,2.956,10.075,12.413,12.775
03/4/10 3:00,6.687,10.124,12.292,12.678
03/4/10 4:00,8.444,10.345,12.195,12.606
03/4/10 5:00,6.458,10.051,12.147,12.534
03/4/10 6:00,7.795,9.928,12.098,12.485
03/4/10 7:00,8.593,10.001,12.025,12.413
03/4/10 8:00,11.71,10.858,11.977,12.364
03/4/10 9:00,16.129,11.953,12.001,12.316
03/4/10 10:00,23.112,14.098,12.074,12.292
03/4/10 11:00,19.77,14.002,12.243,12.34
03/4/10 12:00,22.968,16.701,12.437,12.389
03/4/10 13:00,29.365,19.008,12.775,12.509
03/4/10 14:00,27.85,20.269,13.233,12.678
03/4/10 15:00,25.89,19.579,13.714,12.92
03/4/10 16:00,23.28,18.889,14.026,13.185
03/4/10 17:00,20.889,17.486,14.194,13.377
03/4/10 18:00,20.627,17.058,14.218,13.522
03/4/10 19:00,15.151,15.557,14.218,13.618
03/4/10 20:00,11.734,14.026,14.122,13.69
03/4/10 21:00,10.956,13.57,13.954,13.69
03/4/10 22:00,9.756,12.968,13.81,13.666
03/4/10 23:00,10.369,12.896,13.666,13.618
03/5/10 0:00,10.32,12.751,13.57,13.57
03/5/10 1:00,10.565,12.606,13.473,13.522
03/5/10 2:00,10.467,12.364,13.401,13.449
03/5/10 3:00,11.151,12.316,13.329,13.401
03/5/10 4:00,11.029,12.268,13.257,13.353
03/5/10 5:00,9.829,11.637,13.185,13.305
03/5/10 6:00,9.854,11.589,13.112,13.257
03/5/10 7:00,10.345,11.759,13.04,13.185
03/5/10 8:00,11.224,12.074,12.968,13.161
03/5/10 9:00,12.823,13.04,12.944,13.112
03/5/10 10:00,12.847,13.425,12.968,13.064
03/5/10 11:00,12.703,13.546,13.016,13.064
03/5/10 12:00,14.625,14.481,13.064,13.064
03/5/10 13:00,15.533,15.175,13.137,13.088
03/5/10 14:00,16.058,15.796,13.233,13.112
03/5/10 15:00,15.819,16.106,13.377,13.161
03/5/10 16:00,13.978,15.533,13.522,13.233
03/5/10 17:00,13.281,14.792,13.594,13.305
03/5/10 18:00,13.112,14.529,13.618,13.353
03/5/10 19:00,12.582,14.002,13.642,13.401
03/5/10 20:00,12.316,13.642,13.618,13.425
03/5/10 21:00,12.413,13.449,13.594,13.449
03/5/10 22:00,12.437,13.329,13.546,13.425
03/5/10 23:00,12.461,13.257,13.522,13.425
03/6/10 0:00,12.558,13.185,13.473,13.401
03/6/10 1:00,12.606,13.161,13.449,13.377
03/6/10 2:00,12.582,13.137,13.425,13.377
03/6/10 3:00,12.63,13.088,13.425,13.353
03/6/10 4:00,12.703,13.088,13.401,13.329
03/6/10 5:00,12.799,13.064,13.377,13.329
03/6/10 6:00,12.558,13.064,13.353,13.305
03/6/10 7:00,11.492,12.775,13.353,13.305
03/6/10 8:00,11.953,12.871,13.329,13.281
03/6/10 9:00,13.642,13.642,13.305,13.281
03/6/10 10:00,17.653,14.242,13.329,13.257
03/6/10 11:00,23.304,15.509,13.401,13.281
03/6/10 12:00,28.543,16.773,13.594,13.329
03/6/10 13:00,31.944,19.27,13.93,13.425
03/6/10 14:00,30.571,20.031,14.409,13.618
03/6/10 15:00,27.136,19.484,14.792,13.882
03/6/10 16:00,28.295,21.103,15.055,14.098
03/6/10 17:00,25.574,20.484,15.342,14.314
03/6/10 18:00,16.987,18.129,15.533,14.529
03/6/10 19:00,15.986,17.296,15.533,14.697
03/6/10 20:00,12.364,15.724,15.485,14.792
03/6/10 21:00,9.336,14.433,15.342,14.84
03/6/10 22:00,12.243,14.553,15.127,14.84
03/6/10 23:00,13.233,14.816,14.96,14.768
03/7/10 0:00,11.443,12.751,14.745,14.721
03/7/10 1:00,11.929,13.401,14.505,14.601
03/7/10 2:00,11.88,13.522,14.361,14.481
03/7/10 3:00,11.904,13.546,14.29,14.385
03/7/10 4:00,12.025,13.522,14.218,14.337
03/7/10 5:00,12.413,13.594,14.17,14.266
03/7/10 6:00,12.558,13.546,14.146,14.218
03/7/10 7:00,11.589,13.353,14.122,14.17
03/7/10 8:00,11.297,13.209,14.074,14.146
03/7/10 9:00,11.807,13.425,14.002,14.098
03/7/10 10:00,11.929,13.425,13.978,14.05
03/7/10 11:00,11.2,13.137,13.954,14.026
03/7/10 12:00,10.736,12.92,13.906,14.002
03/7/10 13:00,10.663,12.534,13.81,13.93
03/7/10 14:00,14.816,14.122,13.69,13.858
03/7/10 15:00,12.534,13.618,13.69,13.786
03/7/10 16:00,11.637,13.185,13.714,13.762
03/7/10 17:00,11.589,12.896,13.69,13.738
03/7/10 18:00,11.102,12.678,13.594,13.69
03/7/10 19:00,11.102,12.509,13.522,13.642
03/7/10 20:00,11.346,12.461,13.425,13.594
03/7/10 21:00,10.932,12.364,13.353,13.522
03/7/10 22:00,11.2,12.413,13.281,13.473
03/7/10 23:00,11.37,12.461,13.257,13.425
03/8/10 0:00,11.807,12.534,13.233,13.377
03/8/10 1:00,12.074,12.63,13.233,13.353
03/8/10 2:00,12.171,12.678,13.209,13.329
03/8/10 3:00,11.88,12.63,13.209,13.329
03/8/10 4:00,10.98,12.098,13.185,13.305
03/8/10 5:00,10.81,12.074,13.137,13.257
03/8/10 6:00,9.657,11.856,13.064,13.209
03/8/10 7:00,9.608,11.686,12.992,13.161
03/8/10 8:00,8.817,11.346,12.896,13.112
03/8/10 9:00,8.916,11.783,12.799,13.04
03/8/10 10:00,9.015,12.074,12.727,12.968
03/8/10 11:00,12.92,13.666,12.654,12.92
03/8/10 12:00,14.05,13.93,12.678,12.871
03/8/10 13:00,18.414,13.954,12.727,12.871
03/8/10 14:00,12.582,13.882,12.751,12.871
03/8/10 15:00,11.419,13.522,12.775,12.871
03/8/10 16:00,10.124,12.727,12.775,12.871
03/8/10 17:00,8.568,12.098,12.727,12.847
03/8/10 18:00,7.091,11.127,12.63,12.823
03/8/10 19:00,7.343,10.712,12.509,12.775
03/8/10 20:00,6.611,10.345,12.364,12.678
03/8/10 21:00,6.077,9.336,12.195,12.582
03/8/10 22:00,6.077,8.941,11.977,12.437
03/8/10 23:00,6.535,8.767,11.686,12.219
03/9/10 0:00,6.864,8.693,11.443,11.977
03/9/10 1:00,7.041,8.519,11.175,11.71
03/9/10 2:00,7.318,8.643,10.956,11.467
03/9/10 3:00,7.217,8.742,10.785,11.273
03/9/10 4:00,7.343,8.717,10.663,11.127
03/9/10 5:00,7.469,8.767,10.565,10.98
03/9/10 6:00,7.444,8.817,10.467,10.883
03/9/10 7:00,6.94,8.643,10.418,10.81
03/9/10 8:00,7.519,8.841,10.345,10.736
03/9/10 9:00,8.27,9.386,10.32,10.687
03/9/10 10:00,9.706,10.443,10.32,10.663
03/9/10 11:00,11.029,10.858,10.369,10.638
03/9/10 12:00,11.492,11.248,10.418,10.638
03/9/10 13:00,9.952,11.321,10.492,10.687
03/9/10 14:00,8.965,11.224,10.565,10.712
03/9/10 15:00,9.188,11.102,10.614,10.761
03/9/10 16:00,7.97,10.736,10.663,10.785
03/9/10 17:00,9.04,10.614,10.663,10.81
03/9/10 18:00,8.145,10.638,10.663,10.834
03/9/10 19:00,6.839,9.854,10.687,10.858
03/9/10 20:00,6.458,9.386,10.663,10.858
03/9/10 21:00,4.714,8.817,10.614,10.858
03/9/10 22:00,3.749,7.97,10.565,10.834
03/9/10 23:00,2.396,7.494,10.467,10.81
03/10/10 0:00,1.697,7.015,10.345,10.736
03/10/10 1:00,1.208,6.737,10.198,10.663
03/10/10 2:00,1.017,6.535,10.075,10.59
03/10/10 3:00,0.66,6.051,9.952,10.492
03/10/10 4:00,-1.043,5.385,9.829,10.394
03/10/10 5:00,0.079,5.514,9.682,10.296
03/10/10 6:00,1.262,5.77,9.485,10.173
03/10/10 7:00,0.135,4.947,9.287,10.051
03/10/10 8:00,1.398,4.869,9.064,9.903
03/10/10 9:00,4.766,5.872,8.891,9.756
03/10/10 10:00,9.829,7.343,8.792,9.632
03/10/10 11:00,13.305,9.163,8.841,9.534
03/10/10 12:00,15.939,11.589,9.015,9.509
03/10/10 13:00,13.954,12.219,9.312,9.583
03/10/10 14:00,23.833,13.209,9.608,9.682
03/10/10 15:00,17.106,13.497,9.952,9.829
03/10/10 16:00,20.817,12.292,10.198,10.026
03/10/10 17:00,13.209,11.613,10.345,10.149
03/10/10 18:00,7.594,9.805,10.369,10.271
03/10/10 19:00,4.324,8.693,10.222,10.32
03/10/10 20:00,3.274,8.095,10.026,10.32
03/10/10 21:00,2.37,7.318,9.854,10.271
03/10/10 22:00,2.637,7.268,9.657,10.198
03/10/10 23:00,2.37,7.167,9.485,10.124
03/11/10 0:00,2.316,6.99,9.386,10.051
03/11/10 1:00,-0.087,6.026,9.287,9.977
03/11/10 2:00,-0.507,5.514,9.139,9.903
03/11/10 3:00,-0.76,5.282,8.965,9.805
03/11/10 4:00,-1.327,5.128,8.841,9.682
03/11/10 5:00,-2.683,4.792,8.717,9.583
03/11/10 6:00,-2.072,4.818,8.618,9.46
03/11/10 7:00,-2.829,4.402,8.494,9.361
03/11/10 8:00,-1.899,4.506,8.394,9.287
03/11/10 9:00,5.334,5.565,8.295,9.163
03/11/10 10:00,13.618,7.116,8.295,9.089
03/11/10 11:00,19.436,8.767,8.419,9.064
03/11/10 12:00,22.729,10.883,8.668,9.089
03/11/10 13:00,26.989,12.195,9.04,9.188
03/11/10 14:00,27.653,12.823,9.435,9.361
03/11/10 15:00,26.744,13.81,9.805,9.558
03/11/10 16:00,24.195,13.714,10.149,9.78
03/11/10 17:00,19.984,12.871,10.394,9.977
03/11/10 18:00,14.529,12.05,10.492,10.149
03/11/10 19:00,8.195,10.883,10.492,10.271
03/11/10 20:00,3.827,9.46,10.418,10.345
03/11/10 21:00,2.021,8.593,10.271,10.394
03/11/10 22:00,-0.816,7.293,10.124,10.394
03/11/10 23:00,-1.612,6.611,9.928,10.345
03/12/10 0:00,-3.153,5.924,9.731,10.271
03/12/10 1:00,-4.438,5.385,9.509,10.149
03/12/10 2:00,-4.773,4.844,9.287,10.051
03/12/10 3:00,-6.199,4.089,9.089,9.928
03/12/10 4:00,-6.42,3.749,8.866,9.756
03/12/10 5:00,-6.293,3.459,8.643,9.608
03/12/10 6:00,-6.578,3.327,8.444,9.435
03/12/10 7:00,-6.801,2.983,8.27,9.287
03/12/10 8:00,-4.136,3.327,8.07,9.139
03/12/10 9:00,7.87,4.973,7.945,8.99
03/12/10 10:00,16.439,7.116,7.97,8.891
03/12/10 11:00,22.393,8.916,8.145,8.841
03/12/10 12:00,25.55,10.907,8.444,8.891
03/12/10 13:00,27.554,12.703,8.817,8.99
03/12/10 14:00,29.464,13.69,9.238,9.163
03/12/10 15:00,27.014,14.361,9.731,9.386
03/12/10 16:00,23.954,14.337,10.1,9.657
03/12/10 17:00,19.532,13.738,10.369,9.879
03/12/10 18:00,15.533,12.558,10.516,10.051
03/12/10 19:00,8.916,11.37,10.565,10.222
03/12/10 20:00,5.128,9.928,10.492,10.32
03/12/10 21:00,2.69,8.916,10.369,10.369
03/12/10 22:00,4.454,8.965,10.222,10.394
03/12/10 23:00,6.433,9.583,10.124,10.345
03/13/10 0:00,1.208,7.845,10.075,10.345
03/13/10 1:00,-1.014,6.661,9.977,10.32
03/13/10 2:00,1.262,6.914,9.78,10.247
03/13/10 3:00,1.643,6.839,9.632,10.149
03/13/10 4:00,1.425,6.636,9.534,10.075
03/13/10 5:00,0.852,6.357,9.435,10.026
03/13/10 6:00,0.024,5.975,9.336,9.928
03/13/10 7:00,-0.647,5.796,9.213,9.854
03/13/10 8:00,2.983,6.306,9.114,9.756
03/13/10 9:00,10.1,7.619,9.015,9.657
03/13/10 10:00,16.296,8.841,9.089,9.583
03/13/10 11:00,22.776,10.541,9.213,9.583
03/13/10 12:00,26.598,12.799,9.485,9.657
03/13/10 13:00,21.915,12.992,9.854,9.78
03/13/10 14:00,18.771,13.185,10.173,9.928
03/13/10 15:00,19.841,14.074,10.394,10.1
03/13/10 16:00,21.246,14.122,10.614,10.271
03/13/10 17:00,19.912,13.618,10.834,10.418
03/13/10 18:00,15.7,12.871,10.956,10.565
03/13/10 19:00,9.262,11.419,10.98,10.663
03/13/10 20:00,3.801,9.78,10.907,10.761
03/13/10 21:00,0.577,8.245,10.761,10.785
03/13/10 22:00,-1.014,7.268,10.516,10.736
03/13/10 23:00,-1.842,6.56,10.247,10.663
03/14/10 0:00,-1.986,6.204,10.001,10.541
03/14/10 1:00,-2.8,5.642,9.78,10.418
03/14/10 2:00,-1.928,5.591,9.558,10.271
03/14/10 3:00,0.66,6.077,9.386,10.124
03/14/10 4:00,1.208,6.128,9.262,10.026
03/14/10 5:00,2.343,6.204,9.213,9.903
03/14/10 6:00,0.356,5.796,9.163,9.829
03/14/10 7:00,0.66,5.719,9.089,9.756
03/14/10 8:00,3.354,6.382,8.99,9.682
03/14/10 9:00,10.761,7.72,8.965,9.583
03/14/10 10:00,18.2,9.534,9.064,9.558
03/14/10 11:00,21.604,12.074,9.238,9.558
03/14/10 12:00,20.913,13.329,9.558,9.657
03/14/10 13:00,32.124,17.058,9.977,9.78
03/14/10 14:00,32.355,17.415,10.516,10.026
03/14/10 15:00,30.243,17.344,11.102,10.296
03/14/10 16:00,16.534,14.84,11.492,10.614
03/14/10 17:00,12.727,13.618,11.613,10.858
03/14/10 18:00,12.727,13.522,11.589,11.005
03/14/10 19:00,10.271,12.461,11.589,11.127
03/14/10 20:00,9.928,11.783,11.54,11.2
03/14/10 21:00,8.866,11.297,11.467,11.224
03/14/10 22:00,6.813,10.516,11.37,11.248
03/14/10 23:00,7.67,10.418,11.248,11.224
03/15/10 0:00,6.585,10.051,11.151,11.175
03/15/10 1:00,3.301,8.841,11.053,11.151
03/15/10 2:00,1.48,7.895,10.883,11.078
03/15/10 3:00,2.53,7.845,10.687,11.005
03/15/10 4:00,4.063,7.945,10.516,10.883
03/15/10 5:00,4.011,7.87,10.418,10.81
03/15/10 6:00,4.921,7.895,10.32,10.712
03/15/10 7:00,4.869,7.795,10.247,10.638
03/15/10 8:00,6.484,7.945,10.173,10.565
03/15/10 9:00,11.613,8.99,10.124,10.516
03/15/10 10:00,18.105,11.467,10.173,10.467
03/15/10 11:00,22.034,12.871,10.296,10.467
03/15/10 12:00,14.314,11.88,10.541,10.516
03/15/10 13:00,24.557,14.96,10.736,10.59
03/15/10 14:00,16.796,15.151,11.053,10.712
03/15/10 15:00,15.652,14.768,11.346,10.883
03/15/10 16:00,22.992,15.7,11.565,11.053
03/15/10 17:00,16.963,15.247,11.783,11.224
03/15/10 18:00,15.748,14.218,11.953,11.37
03/15/10 19:00,12.268,13.088,12.001,11.492
03/15/10 20:00,7.318,11.224,11.953,11.589
03/15/10 21:00,5.539,10.198,11.832,11.589
03/15/10 22:00,4.818,9.657,11.662,11.589
03/15/10 23:00,3.327,8.99,11.492,11.54
03/16/10 0:00,2.637,8.643,11.297,11.443
03/16/10 1:00,1.805,8.045,11.078,11.346
03/16/10 2:00,0.962,7.444,10.883,11.224
03/16/10 3:00,1.534,7.368,10.663,11.102
03/16/10 4:00,1.724,7.167,10.492,10.98
03/16/10 5:00,1.153,6.889,10.345,10.858
03/16/10 6:00,-0.732,6.357,10.198,10.736
03/16/10 7:00,-1.612,5.719,10.026,10.614
03/16/10 8:00,3.564,6.763,9.829,10.492
03/16/10 9:00,11.759,8.195,9.731,10.345
03/16/10 10:00,18.461,9.854,9.78,10.271
03/16/10 11:00,23.256,11.686,9.952,10.247
03/16/10 12:00,28.866,13.112,10.247,10.32
03/16/10 13:00,31.816,14.409,10.59,10.443
03/16/10 14:00,30.874,15.557,10.98,10.614
03/16/10 15:00,29.215,16.153,11.37,10.81
03/16/10 16:00,19.436,15.103,11.71,11.029
03/16/10 17:00,15.772,14.673,11.856,11.224
03/16/10 18:00,15.103,14.266,11.929,11.37
03/16/10 19:00,10.443,12.654,11.953,11.492
03/16/10 20:00,9.632,12.05,11.904,11.565
03/16/10 21:00,7.469,11.005,11.832,11.613
03/16/10 22:00,5.514,10.247,11.71,11.613
03/16/10 23:00,3.168,9.312,11.565,11.589
03/17/10 0:00,3.906,9.163,11.37,11.54
03/17/10 1:00,2.477,8.593,11.175,11.443
03/17/10 2:00,5.024,8.792,11.005,11.37
03/17/10 3:00,7.142,9.04,10.883,11.273
03/17/10 4:00,6.864,8.916,10.858,11.2
03/17/10 5:00,6.712,8.817,10.81,11.127
03/17/10 6:00,5.898,8.593,10.736,11.078
03/17/10 7:00,5.488,8.444,10.687,11.029
03/17/10 8:00,8.195,8.792,10.638,10.98
03/17/10 9:00,13.233,9.805,10.614,10.932
03/17/10 10:00,17.748,11.127,10.663,10.883
03/17/10 11:00,21.032,12.268,10.785,10.883
03/17/10 12:00,25.72,14.266,10.932,10.932
03/17/10 13:00,28.717,15.796,11.248,11.029
03/17/10 14:00,30.495,16.868,11.637,11.2
03/17/10 15:00,28.717,17.486,12.074,11.419
03/17/10 16:00,29.815,17.51,12.485,11.662
03/17/10 17:00,24.919,16.796,12.775,11.88
03/17/10 18:00,19.555,15.533,12.968,12.122
03/17/10 19:00,13.185,14.098,12.992,12.268
03/17/10 20:00,10.026,12.799,12.944,12.389
03/17/10 21:00,10.026,12.243,12.799,12.413
03/17/10 22:00,9.46,11.832,12.606,12.413
03/17/10 23:00,9.139,11.492,12.461,12.389
03/18/10 0:00,8.841,11.321,12.316,12.34
03/18/10 1:00,7.116,10.883,12.219,12.268
03/18/10 2:00,5.514,10.247,12.122,12.219
03/18/10 3:00,4.037,9.485,12.001,12.147
03/18/10 4:00,2.797,8.841,11.807,12.074
03/18/10 5:00,5.076,9.213,11.637,11.953
03/18/10 6:00,5.154,9.064,11.492,11.832
03/18/10 7:00,6.636,9.287,11.394,11.734
03/18/10 8:00,9.706,9.78,11.321,11.662
03/18/10 9:00,15.605,10.98,11.297,11.589
03/18/10 10:00,20.126,12.413,11.37,11.565
03/18/10 11:00,22.058,14.936,11.516,11.565
03/18/10 12:00,22.011,16.32,11.759,11.613
03/18/10 13:00,25.186,17.368,12.025,11.734
03/18/10 14:00,28.593,17.439,12.34,11.88
03/18/10 15:00,26.891,17.415,12.703,12.074
03/18/10 16:00,23.208,17.772,13.016,12.268
03/18/10 17:00,21.461,16.558,13.209,12.437
03/18/10 18:00,16.058,15.151,13.281,12.606
03/18/10 19:00,12.509,13.81,13.281,12.703
03/18/10 20:00,10.907,12.775,13.161,12.751
03/18/10 21:00,10.59,12.268,13.016,12.775
03/18/10 22:00,10.614,11.88,12.896,12.727
03/18/10 23:00,10.663,11.613,12.775,12.678
03/19/10 0:00,10.026,11.2,12.654,12.63
03/19/10 1:00,10.443,11.127,12.534,12.582
03/19/10 2:00,10.418,11.102,12.413,12.509
03/19/10 3:00,10.394,10.81,12.316,12.437
03/19/10 4:00,9.682,10.492,12.219,12.364
03/19/10 5:00,9.238,10.222,12.098,12.292
03/19/10 6:00,8.543,9.854,12.001,12.219
03/19/10 7:00,9.731,10.124,11.88,12.122
03/19/10 8:00,8.941,10.075,11.783,12.05
03/19/10 9:00,11.88,10.736,11.71,11.977
03/19/10 10:00,14.529,11.856,11.662,11.904
03/19/10 11:00,15.223,13.401,11.71,11.88
03/19/10 12:00,18.176,14.912,11.832,11.88
03/19/10 13:00,14.912,14.673,12.001,11.904
03/19/10 14:00,14.984,14.457,12.147,11.977
03/19/10 15:00,16.415,15.199,12.243,12.05
03/19/10 16:00,16.058,14.768,12.364,12.122
03/19/10 17:00,18.2,14.385,12.437,12.171
03/19/10 18:00,13.161,13.088,12.485,12.243
03/19/10 19:00,12.678,12.678,12.485,12.268
03/19/10 20:00,11.832,12.195,12.461,12.292
03/19/10 21:00,11.467,11.88,12.413,12.316
03/19/10 22:00,10.296,11.224,12.364,12.292
03/19/10 23:00,9.435,10.785,12.292,12.268
03/20/10 0:00,9.608,10.614,12.195,12.243
03/20/10 1:00,9.854,10.565,12.122,12.195
03/20/10 2:00,9.632,10.467,12.05,12.147
03/20/10 3:00,10.001,10.492,11.977,12.098
03/20/10 4:00,10.222,10.516,11.929,12.05
03/20/10 5:00,10.467,10.614,11.904,12.025
03/20/10 6:00,10.638,10.663,11.88,11.977
03/20/10 7:00,10.614,10.687,11.856,11.953
03/20/10 8:00,12.558,11.516,11.832,11.929
03/20/10 9:00,15.986,12.582,11.856,11.929
03/20/10 10:00,17.13,13.642,11.953,11.929
03/20/10 11:00,21.509,15.031,12.098,11.953
03/20/10 12:00,24.026,16.296,12.268,12.025
03/20/10 13:00,17.106,15.772,12.485,12.122
03/20/10 14:00,20.77,16.487,12.654,12.243
03/20/10 15:00,24.823,16.368,12.823,12.364
03/20/10 16:00,19.746,16.296,12.992,12.461
03/20/10 17:00,18.747,15.438,13.112,12.582
03/20/10 18:00,15.509,14.625,13.112,12.654
03/20/10 19:00,13.978,13.762,13.088,12.727
03/20/10 20:00,12.92,12.992,13.04,12.751
03/20/10 21:00,12.025,12.558,12.992,12.751
03/20/10 22:00,11.832,12.389,12.92,12.751
03/20/10 23:00,12.316,12.485,12.871,12.751
03/21/10 0:00,11.419,12.098,12.799,12.703
03/21/10 1:00,11.88,12.195,12.751,12.678
03/21/10 2:00,12.147,12.316,12.727,12.654
03/21/10 3:00,12.001,12.243,12.678,12.63
03/21/10 4:00,11.71,12.147,12.63,12.606
03/21/10 5:00,11.297,11.904,12.606,12.582
03/21/10 6:00,10.32,11.492,12.558,12.558
03/21/10 7:00,10.026,11.248,12.485,12.509
03/21/10 8:00,10.051,11.053,12.389,12.485
03/21/10 9:00,13.233,11.029,12.292,12.413
03/21/10 10:00,15.414,11.467,12.171,12.364
03/21/10 11:00,16.415,13.112,12.122,12.292
03/21/10 12:00,19.77,13.377,12.171,12.268
03/21/10 13:00,20.317,14.074,12.268,12.268
03/21/10 14:00,22.393,14.601,12.389,12.292
03/21/10 15:00,21.246,14.625,12.534,12.34
03/21/10 16:00,24.195,14.864,12.654,12.413
03/21/10 17:00,18.461,13.497,12.775,12.485
03/21/10 18:00,13.81,12.775,12.799,12.558
03/21/10 19:00,7.268,11.273,12.751,12.606
03/21/10 20:00,3.089,9.608,12.606,12.582
03/21/10 21:00,2.557,8.916,12.34,12.534
03/21/10 22:00,2.85,8.643,12.098,12.413
03/21/10 23:00,0.934,7.87,11.88,12.292
03/22/10 0:00,-2.829,6.839,11.662,12.171
03/22/10 1:00,-0.647,6.864,11.394,12.025
03/22/10 2:00,-1.928,6.458,11.102,11.856
03/22/10 3:00,-1.27,6.204,10.883,11.686
03/22/10 4:00,-3.567,5.539,10.687,11.516
03/22/10 5:00,-4.166,4.947,10.467,11.346
03/22/10 6:00,-5.263,4.558,10.247,11.175
03/22/10 7:00,-2.159,4.921,10.026,11.005
03/22/10 8:00,1.153,5.308,9.805,10.834
03/22/10 9:00,9.336,6.636,9.657,10.687
03/22/10 10:00,17.32,8.22,9.657,10.565
03/22/10 11:00,24.412,9.854,9.805,10.492
03/22/10 12:00,26.231,10.761,10.026,10.516
03/22/10 13:00,27.998,11.734,10.271,10.59
03/22/10 14:00,31.868,13.137,10.565,10.687
03/22/10 15:00,30.646,13.257,10.858,10.834
03/22/10 16:00,26.549,13.978,11.102,10.956
03/22/10 17:00,22.896,14.146,11.346,11.102
03/22/10 18:00,15.247,13.016,11.565,11.248
03/22/10 19:00,8.469,11.321,11.662,11.419
03/22/10 20:00,6.535,10.149,11.589,11.492
03/22/10 21:00,4.089,9.238,11.467,11.54
03/22/10 22:00,4.766,8.891,11.297,11.516
03/22/10 23:00,4.584,8.643,11.151,11.467
03/23/10 0:00,4.688,8.519,11.029,11.394
03/23/10 1:00,2.236,7.845,10.932,11.346
03/23/10 2:00,0.825,7.318,10.81,11.273
03/23/10 3:00,1.317,7.142,10.638,11.175
03/23/10 4:00,1.071,6.763,10.467,11.053
03/23/10 5:00,-0.143,6.281,10.32,10.956
03/23/10 6:00,1.643,6.535,10.149,10.834
03/23/10 7:00,1.071,6.509,10.051,10.736
03/23/10 8:00,3.564,6.737,9.928,10.638
03/23/10 9:00,12.219,8.045,9.879,10.541
03/23/10 10:00,18.58,9.238,9.903,10.467
03/23/10 11:00,24.581,10.492,10.026,10.443
03/23/10 12:00,27.628,11.589,10.222,10.492
03/23/10 13:00,30.571,12.485,10.467,10.565
03/23/10 14:00,35.022,13.882,10.712,10.687
03/23/10 15:00,29.24,13.978,11.053,10.834
03/23/10 16:00,28.742,14.433,11.297,10.98
03/23/10 17:00,24.05,14.337,11.467,11.127
03/23/10 18:00,16.82,13.281,11.589,11.248
03/23/10 19:00,9.731,11.71,11.662,11.37
03/23/10 20:00,7.041,10.369,11.589,11.467
03/23/10 21:00,5.154,9.854,11.394,11.467
03/23/10 22:00,4.999,9.386,11.248,11.443
03/23/10 23:00,5.745,9.287,11.127,11.419
03/24/10 0:00,3.38,8.643,11.005,11.346
03/24/10 1:00,-1.498,6.864,10.858,11.297
03/24/10 2:00,2.69,7.645,10.638,11.2
03/24/10 3:00,3.38,7.469,10.492,11.078
03/24/10 4:00,2.823,7.167,10.345,10.98
03/24/10 5:00,2.236,6.788,10.222,10.883
03/24/10 6:00,2.717,6.535,10.075,10.785
03/24/10 7:00,1.805,6.23,9.903,10.663
03/24/10 8:00,4.324,6.535,9.756,10.565
03/24/10 9:00,10.565,7.645,9.657,10.443
03/24/10 10:00,17.891,9.213,9.682,10.369
03/24/10 11:00,22.513,10.687,9.829,10.345
03/24/10 12:00,28.518,12.292,10.051,10.369
03/24/10 13:00,30.925,13.449,10.345,10.467
03/24/10 14:00,31.204,14.816,10.712,10.614
03/24/10 15:00,29.389,15.318,11.078,10.785
03/24/10 16:00,26.622,14.936,11.394,10.956
03/24/10 17:00,22.058,14.17,11.589,11.127
03/24/10 18:00,16.106,13.281,11.662,11.273
03/24/10 19:00,9.064,11.54,11.662,11.394
03/24/10 20:00,1.859,9.238,11.565,11.443
03/24/10 21:00,0.605,8.319,11.297,11.443
03/24/10 22:00,-0.901,7.444,11.029,11.37
03/24/10 23:00,-0.986,7.167,10.785,11.273
03/25/10 0:00,5.076,7.945,10.565,11.151
03/25/10 1:00,6.763,8.319,10.467,11.029
03/25/10 2:00,7.72,8.394,10.467,10.98
03/25/10 3:00,8.568,8.618,10.443,10.932
03/25/10 4:00,8.295,8.693,10.492,10.883
03/25/10 5:00,6.788,8.369,10.492,10.858
03/25/10 6:00,6.965,8.12,10.467,10.834
03/25/10 7:00,7.192,8.145,10.418,10.81
03/25/10 8:00,8.02,8.22,10.369,10.761
03/25/10 9:00,12.654,9.064,10.345,10.736
03/25/10 10:00,16.939,10.418,10.369,10.712
03/25/10 11:00,20.484,11.977,10.492,10.712
03/25/10 12:00,23.809,13.497,10.687,10.761
03/25/10 13:00,24.944,14.529,10.956,10.834
03/25/10 14:00,27.628,15.342,11.273,10.98
03/25/10 15:00,25.768,16.153,11.589,11.151
03/25/10 16:00,24.074,16.129,11.904,11.346
03/25/10 17:00,21.199,15.318,12.147,11.516
03/25/10 18:00,16.082,14.146,12.268,11.662
03/25/10 19:00,10.222,12.268,12.292,11.807
03/25/10 20:00,9.534,11.346,12.171,11.88
03/25/10 21:00,8.145,10.614,12.025,11.88
03/25/10 22:00,8.543,10.32,11.88,11.88
03/25/10 23:00,8.543,10.149,11.759,11.832
03/26/10 0:00,8.045,9.805,11.662,11.783
03/26/10 1:00,6.56,9.238,11.565,11.71
03/26/10 2:00,6.864,9.015,11.419,11.662
03/26/10 3:00,8.742,9.386,11.321,11.589
03/26/10 4:00,8.941,9.509,11.248,11.516
03/26/10 5:00,8.866,9.435,11.2,11.467
03/26/10 6:00,8.841,9.386,11.151,11.419
03/26/10 7:00,8.817,9.435,11.127,11.37
03/26/10 8:00,9.879,9.682,11.078,11.321
03/26/10 9:00,13.209,10.418,11.029,11.297
03/26/10 10:00,19.532,12.823,11.053,11.248
03/26/10 11:00,18.319,13.57,11.175,11.248
03/26/10 12:00,18.01,14.29,11.346,11.297
03/26/10 13:00,27.949,14.936,11.516,11.37
03/26/10 14:00,20.055,15.485,11.734,11.467
03/26/10 15:00,27.628,17.177,11.977,11.589
03/26/10 16:00,24.508,16.296,12.243,11.71
03/26/10 17:00,23.737,15.819,12.437,11.88
03/26/10 18:00,15.963,13.762,12.582,12.025
03/26/10 19:00,11.419,12.606,12.558,12.122
03/26/10 20:00,8.593,11.394,12.437,12.147
03/26/10 21:00,10.443,11.613,12.292,12.147
03/26/10 22:00,7.594,10.736,12.195,12.122
03/26/10 23:00,6.535,10.173,12.05,12.098
03/27/10 0:00,7.242,10.296,11.88,12.025
03/27/10 1:00,5.616,9.583,11.759,11.953
03/27/10 2:00,8.295,10.075,11.637,11.88
03/27/10 3:00,8.99,10.026,11.565,11.783
03/27/10 4:00,9.435,9.903,11.492,11.734
03/27/10 5:00,9.558,9.879,11.443,11.686
03/27/10 6:00,9.485,9.756,11.394,11.637
03/27/10 7:00,8.916,9.558,11.321,11.565
03/27/10 8:00,9.682,9.706,11.273,11.54
03/27/10 9:00,13.666,10.296,11.224,11.467
03/27/10 10:00,17.677,11.54,11.248,11.443
03/27/10 11:00,23.04,13.137,11.321,11.443
03/27/10 12:00,26.475,14.745,11.516,11.467
03/27/10 13:00,29.215,16.272,11.807,11.565
03/27/10 14:00,23.665,17.891,12.171,11.71
03/27/10 15:00,23.304,17.938,12.485,11.88
03/27/10 16:00,19.365,16.868,12.678,12.05
03/27/10 17:00,18.557,16.106,12.823,12.195
03/27/10 18:00,14.816,14.409,12.871,12.316
03/27/10 19:00,12.509,13.353,12.823,12.389
03/27/10 20:00,8.543,11.565,12.751,12.437
03/27/10 21:00,9.756,11.783,12.582,12.413
03/27/10 22:00,9.262,11.516,12.437,12.389
03/27/10 23:00,6.509,10.296,12.316,12.316
03/28/10 0:00,8.494,10.956,12.171,12.268
03/28/10 1:00,8.419,10.834,12.074,12.195
03/28/10 2:00,8.02,10.59,12.001,12.122
03/28/10 3:00,8.145,10.369,11.904,12.074
03/28/10 4:00,9.977,10.761,11.856,12.025
03/28/10 5:00,9.952,10.467,11.807,11.977
03/28/10 6:00,9.435,10.32,11.759,11.929
03/28/10 7:00,9.46,10.1,11.686,11.88
03/28/10 8:00,10.026,10.173,11.637,11.832
03/28/10 9:00,12.847,10.712,11.589,11.783
03/28/10 10:00,18.295,12.389,11.589,11.759
03/28/10 11:00,20.055,14.601,11.686,11.759
03/28/10 12:00,17.344,15.318,11.856,11.783
03/28/10 13:00,19.698,16.296,12.025,11.856
03/28/10 14:00,21.915,16.915,12.195,11.929
03/28/10 15:00,20.913,16.725,12.364,12.025
03/28/10 16:00,22.13,16.915,12.509,12.122
03/28/10 17:00,15.963,15.629,12.678,12.243
03/28/10 18:00,12.582,14.05,12.727,12.316
03/28/10 19:00,11.37,12.751,12.703,12.413
03/28/10 20:00,10.663,12.364,12.606,12.413
03/28/10 21:00,10.443,11.929,12.509,12.389
03/28/10 22:00,10.001,11.88,12.413,12.364
03/28/10 23:00,9.952,11.637,12.34,12.316
03/29/10 0:00,9.534,11.419,12.268,12.268
03/29/10 1:00,9.386,11.224,12.171,12.243
03/29/10 2:00,9.312,11.053,12.098,12.195
03/29/10 3:00,9.386,10.956,12.025,12.147
03/29/10 4:00,9.139,10.858,11.953,12.074
03/29/10 5:00,9.485,10.81,11.88,12.025
03/29/10 6:00,9.583,10.834,11.832,11.977
03/29/10 7:00,9.485,10.81,11.783,11.929
03/29/10 8:00,9.706,10.565,11.71,11.88
03/29/10 9:00,9.805,10.687,11.637,11.807
03/29/10 10:00,10.198,10.98,11.589,11.734
03/29/10 11:00,11.516,11.419,11.54,11.686
03/29/10 12:00,11.71,12.243,11.565,11.662
03/29/10 13:00,12.147,12.582,11.613,11.637
03/29/10 14:00,12.025,12.944,11.686,11.637
03/29/10 15:00,15.891,13.401,11.759,11.686
03/29/10 16:00,12.992,13.425,11.832,11.71
03/29/10 17:00,16.392,13.69,11.904,11.759
03/29/10 18:00,11.029,12.485,12.001,11.807
03/29/10 19:00,9.485,11.637,12.025,11.856
03/29/10 20:00,7.619,10.785,11.977,11.88
03/29/10 21:00,6.179,10.051,11.88,11.88
03/29/10 22:00,2.744,8.792,11.759,11.832
03/29/10 23:00,4.792,9.089,11.565,11.759
03/30/10 0:00,6.763,9.262,11.419,11.686
03/30/10 1:00,8.369,9.583,11.321,11.589
03/30/10 2:00,6.611,9.139,11.248,11.54
03/30/10 3:00,6.737,8.99,11.2,11.467
03/30/10 4:00,5.462,8.717,11.127,11.394
03/30/10 5:00,4.844,8.444,11.053,11.346
03/30/10 6:00,5.796,8.419,10.956,11.273
03/30/10 7:00,5.77,8.419,10.858,11.2
03/30/10 8:00,5.949,8.444,10.785,11.127
03/30/10 9:00,8.295,9.04,10.736,11.053
03/30/10 10:00,17.51,11.637,10.712,11.005
03/30/10 11:00,20.507,11.419,10.834,10.98
03/30/10 12:00,18.961,12.63,10.98,11.005
03/30/10 13:00,23.424,14.768,11.2,11.078
03/30/10 14:00,16.272,14.242,11.516,11.2
03/30/10 15:00,17.867,14.601,11.686,11.346
03/30/10 16:00,13.594,13.377,11.807,11.467
03/30/10 17:00,10.638,12.63,11.856,11.54
03/30/10 18:00,9.114,11.637,11.807,11.589
03/30/10 19:00,8.22,11.029,11.734,11.637
03/30/10 20:00,7.745,10.81,11.613,11.613
03/30/10 21:00,7.066,10.565,11.516,11.589
03/30/10 22:00,6.839,10.296,11.443,11.54
03/30/10 23:00,6.433,10.075,11.346,11.516
03/31/10 0:00,6.281,9.829,11.248,11.467
03/31/10 1:00,6.23,9.706,11.151,11.394
03/31/10 2:00,6.128,9.657,11.078,11.346
03/31/10 3:00,5.462,9.238,11.005,11.273
03/31/10 4:00,2.637,8.045,10.932,11.224
03/31/10 5:00,5.719,8.618,10.785,11.151
03/31/10 6:00,6.433,8.866,10.712,11.078
03/31/10 7:00,5.719,8.668,10.687,11.029
03/31/10 8:00,5.488,8.469,10.638,10.98
03/31/10 9:00,8.866,9.139,10.59,10.932
03/31/10 10:00,15.127,9.928,10.59,10.883
03/31/10 11:00,22.058,12.171,10.663,10.858
03/31/10 12:00,23.16,14.409,10.883,10.883
03/31/10 13:00,14.888,13.329,11.2,10.98
03/31/10 14:00,16.749,13.906,11.37,11.102
03/31/10 15:00,18.224,14.266,11.54,11.224
03/31/10 16:00,14.409,13.546,11.662,11.321
03/31/10 17:00,14.385,13.233,11.734,11.419
03/31/10 18:00,10.638,12.074,11.734,11.492
03/31/10 19:00,9.163,11.419,11.71,11.516
03/31/10 20:00,8.27,10.883,11.637,11.54
03/31/10 21:00,6.23,10.173,11.516,11.54
03/31/10 22:00,5.847,9.731,11.419,11.492
03/31/10 23:00,4.376,9.114,11.297,11.443
04/1/10 0:00,2.021,8.22,11.127,11.394
04/1/10 1:00,0.77,7.569,10.956,11.297
04/1/10 2:00,1.425,7.368,10.761,11.2
04/1/10 3:00,3.722,7.594,10.565,11.053
04/1/10 4:00,4.402,7.645,10.443,10.956
04/1/10 5:00,5.36,7.82,10.369,10.858
04/1/10 6:00,3.67,7.494,10.32,10.785
04/1/10 7:00,2.85,7.192,10.247,10.712
04/1/10 8:00,3.906,7.142,10.149,10.638
04/1/10 9:00,8.817,7.845,10.075,10.541
04/1/10 10:00,14.912,8.841,10.051,10.492
04/1/10 11:00,21.294,9.879,10.124,10.443
04/1/10 12:00,25.623,11.151,10.247,10.443
04/1/10 13:00,28.965,12.413,10.467,10.492
04/1/10 14:00,21.724,14.361,10.761,10.59
04/1/10 15:00,18.771,14.098,11.151,10.761
04/1/10 16:00,16.082,13.57,11.394,10.932
04/1/10 17:00,15.963,13.353,11.516,11.078
04/1/10 18:00,12.606,12.606,11.565,11.2
04/1/10 19:00,10.222,11.88,11.565,11.273
04/1/10 20:00,9.089,11.248,11.516,11.346
04/1/10 21:00,8.941,11.053,11.443,11.346
04/1/10 22:00,6.965,10.149,11.346,11.346
04/1/10 23:00,5.076,9.46,11.2,11.321
04/2/10 0:00,6.077,9.534,11.078,11.273
04/2/10 1:00,6.484,9.558,10.98,11.224
04/2/10 2:00,6.382,9.336,10.883,11.151
04/2/10 3:00,5.257,9.04,10.81,11.102
04/2/10 4:00,5.975,9.015,10.712,11.029
04/2/10 5:00,5.514,8.792,10.614,10.956
04/2/10 6:00,4.921,8.494,10.541,10.907
04/2/10 7:00,2.93,7.745,10.443,10.834
04/2/10 8:00,4.246,7.87,10.296,10.761
04/2/10 9:00,7.645,9.04,10.198,10.663
04/2/10 10:00,10.32,9.756,10.173,10.59
04/2/10 11:00,19.841,10.785,10.222,10.565
04/2/10 12:00,23.352,11.977,10.369,10.565
04/2/10 13:00,20.913,12.485,10.614,10.614
04/2/10 14:00,19.674,13.906,10.834,10.712
04/2/10 15:00,17.249,13.69,11.053,10.834
04/2/10 16:00,15.199,13.161,11.224,10.932
04/2/10 17:00,11.273,12.268,11.297,11.053
04/2/10 18:00,9.312,11.637,11.297,11.102
04/2/10 19:00,7.82,10.956,11.248,11.151
04/2/10 20:00,7.393,10.59,11.175,11.151
04/2/10 21:00,7.066,10.222,11.078,11.151
04/2/10 22:00,6.281,9.829,11.005,11.127
04/2/10 23:00,6.611,9.854,10.932,11.102
04/3/10 0:00,3.958,8.891,10.858,11.078
04/3/10 1:00,3.142,8.22,10.761,11.029
04/3/10 2:00,5.154,8.767,10.614,10.956
04/3/10 3:00,5.205,8.668,10.516,10.883
04/3/10 4:00,2.262,7.745,10.443,10.81
04/3/10 5:00,2.503,7.569,10.345,10.761
04/3/10 6:00,1.697,7.066,10.222,10.663
04/3/10 7:00,1.344,6.864,10.075,10.59
04/3/10 8:00,2.074,6.94,9.952,10.492
04/3/10 9:00,7.645,7.67,9.854,10.394
04/3/10 10:00,13.81,9.04,9.805,10.296
04/3/10 11:00,19.579,10.883,9.903,10.247
04/3/10 12:00,20.698,11.71,10.075,10.271
04/3/10 13:00,21.008,13.546,10.32,10.345
04/3/10 14:00,20.579,14.385,10.614,10.443
04/3/10 15:00,23.665,13.786,10.858,10.59
04/3/10 16:00,12.364,12.871,11.029,10.712
04/3/10 17:00,12.751,12.268,11.078,10.81
04/3/10 18:00,9.78,11.71,11.078,10.883
04/3/10 19:00,8.045,10.834,11.029,10.932
04/3/10 20:00,7.192,10.394,10.956,10.956
04/3/10 21:00,6.484,9.903,10.858,10.932
04/3/10 22:00,6.179,9.78,10.785,10.932
04/3/10 23:00,5.898,9.435,10.687,10.883
04/4/10 0:00,5.488,9.262,10.614,10.858
04/4/10 1:00,5.385,9.089,10.516,10.81
04/4/10 2:00,5.334,9.04,10.443,10.761
04/4/10 3:00,5.076,8.817,10.369,10.712
04/4/10 4:00,4.999,8.668,10.296,10.663
04/4/10 5:00,4.818,8.568,10.222,10.614
04/4/10 6:00,2.53,7.645,10.173,10.541
04/4/10 7:00,0.19,6.788,10.051,10.492
04/4/10 8:00,-0.479,6.357,9.903,10.394
04/4/10 9:00,8.07,7.393,9.756,10.296
04/4/10 10:00,15.461,8.792,9.706,10.222
04/4/10 11:00,20.936,9.854,9.805,10.173
04/4/10 12:00,16.201,11.248,9.952,10.173
04/4/10 13:00,15.175,11.273,10.149,10.247
04/4/10 14:00,14.888,12.606,10.296,10.296
04/4/10 15:00,12.485,11.977,10.516,10.394
04/4/10 16:00,11.2,11.589,10.638,10.492
04/4/10 17:00,10.712,11.394,10.687,10.565
04/4/10 18:00,8.916,10.712,10.712,10.614
04/4/10 19:00,8.319,10.369,10.712,10.663
04/4/10 20:00,8.12,10.1,10.663,10.687
04/4/10 21:00,7.544,9.903,10.638,10.663
04/4/10 22:00,3.617,8.519,10.59,10.663
04/4/10 23:00,2.53,7.87,10.467,10.638
04/5/10 0:00,1.94,7.318,10.32,10.59
04/5/10 1:00,3.301,7.343,10.124,10.492
04/5/10 2:00,4.636,7.393,10.026,10.418
04/5/10 3:00,4.558,7.569,9.928,10.345
04/5/10 4:00,2.477,6.99,9.879,10.271
04/5/10 5:00,1.317,6.357,9.78,10.222
04/5/10 6:00,-0.507,5.898,9.657,10.124
04/5/10 7:00,0.66,5.924,9.509,10.051
04/5/10 8:00,-0.367,5.616,9.361,9.928
04/5/10 9:00,7.645,6.763,9.238,9.829
04/5/10 10:00,14.721,8.742,9.188,9.731
04/5/10 11:00,17.677,10.492,9.312,9.682
04/5/10 12:00,19.817,13.064,9.534,9.706
04/5/10 13:00,22.729,14.242,9.854,9.805
04/5/10 14:00,29.615,14.745,10.222,9.952
04/5/10 15:00,23.256,15.939,10.614,10.124
04/5/10 16:00,20.817,16.106,11.005,10.369
04/5/10 17:00,11.686,12.944,11.248,10.59
04/5/10 18:00,10.663,12.025,11.224,10.736
04/5/10 19:00,9.509,11.419,11.175,10.834
04/5/10 20:00,8.444,10.712,11.102,10.858
04/5/10 21:00,8.419,10.614,10.98,10.883
04/5/10 22:00,4.532,9.386,10.907,10.858
04/5/10 23:00,2.155,8.245,10.785,10.834
04/6/10 0:00,1.126,7.519,10.59,10.785
04/6/10 1:00,0.384,7.091,10.394,10.687
04/6/10 2:00,0.797,6.889,10.173,10.59
04/6/10 3:00,-0.311,6.357,10.001,10.467
04/6/10 4:00,0.495,6.357,9.829,10.345
04/6/10 5:00,1.317,6.357,9.657,10.222
04/6/10 6:00,2.584,6.585,9.509,10.1
04/6/10 7:00,4.089,6.788,9.41,10.001
04/6/10 8:00,4.22,6.889,9.361,9.903
04/6/10 9:00,7.695,7.67,9.336,9.829
04/6/10 10:00,12.654,8.841,9.336,9.78
04/6/10 11:00,12.703,10.394,9.41,9.756
04/6/10 12:00,16.558,12.461,9.608,9.78
04/6/10 13:00,24.532,13.81,9.879,9.854
04/6/10 14:00,14.29,13.594,10.198,9.977
04/6/10 15:00,13.064,13.329,10.467,10.124
04/6/10 16:00,14.146,13.738,10.638,10.271
04/6/10 17:00,10.222,11.929,10.736,10.394
04/6/10 18:00,9.015,11.248,10.761,10.467
04/6/10 19:00,7.945,10.369,10.736,10.541
04/6/10 20:00,7.77,9.928,10.663,10.565
04/6/10 21:00,7.77,9.682,10.565,10.541
04/6/10 22:00,8.618,9.928,10.492,10.516
04/6/10 23:00,8.519,9.879,10.443,10.492
04/7/10 0:00,8.195,9.756,10.418,10.467
04/7/10 1:00,8.27,9.632,10.369,10.443
04/7/10 2:00,8.319,9.608,10.345,10.418
04/7/10 3:00,8.295,9.583,10.296,10.394
04/7/10 4:00,8.469,9.583,10.271,10.369
04/7/10 5:00,8.618,9.312,10.247,10.345
04/7/10 6:00,8.543,9.41,10.222,10.32
04/7/10 7:00,8.394,9.361,10.173,10.271
04/7/10 8:00,8.593,9.41,10.124,10.247
04/7/10 9:00,8.99,9.731,10.1,10.198
04/7/10 10:00,10.32,10.173,10.1,10.198
04/7/10 11:00,10.394,10.663,10.124,10.173
04/7/10 12:00,10.32,10.932,10.173,10.173
04/7/10 13:00,10.516,11.102,10.222,10.198
04/7/10 14:00,11.127,11.394,10.296,10.222
04/7/10 15:00,10.124,10.907,10.369,10.271
04/7/10 16:00,10.075,10.907,10.418,10.296
04/7/10 17:00,10.001,10.785,10.443,10.345
04/7/10 18:00,9.509,10.59,10.467,10.369
04/7/10 19:00,8.99,10.247,10.467,10.394
04/7/10 20:00,8.965,10.1,10.443,10.394
04/7/10 21:00,8.543,9.879,10.418,10.394
04/7/10 22:00,8.965,9.829,10.369,10.394
04/7/10 23:00,7.92,9.632,10.345,10.369
04/8/10 0:00,7.469,9.336,10.296,10.369
04/8/10 1:00,7.116,9.213,10.247,10.32
04/8/10 2:00,7.116,9.015,10.198,10.296
04/8/10 3:00,6.737,8.866,10.124,10.271
04/8/10 4:00,5.975,8.593,10.051,10.222
04/8/10 5:00,6.153,8.494,10.001,10.173
04/8/10 6:00,6.306,8.494,9.928,10.124
04/8/10 7:00,6.56,8.469,9.854,10.075
04/8/10 8:00,6.636,8.444,9.829,10.026
04/8/10 9:00,7.97,9.089,9.78,10.001
04/8/10 10:00,11.565,9.558,9.756,9.952
04/8/10 11:00,13.088,10.565,9.805,9.928
04/8/10 12:00,13.546,11.248,9.903,9.928
04/8/10 13:00,16.344,12.074,10.051,9.977
04/8/10 14:00,20.889,12.122,10.198,10.051
04/8/10 15:00,15.509,11.953,10.345,10.124
04/8/10 16:00,14.816,11.734,10.418,10.222
04/8/10 17:00,12.171,11.224,10.443,10.271
04/8/10 18:00,9.509,10.32,10.418,10.32
04/8/10 19:00,5.949,9.213,10.345,10.32
04/8/10 20:00,6.102,9.064,10.247,10.32
04/8/10 21:00,6.408,8.965,10.124,10.296
04/8/10 22:00,5.616,8.693,10.051,10.247
04/8/10 23:00,3.512,7.77,9.952,10.198
04/9/10 0:00,2.903,7.268,9.805,10.149
04/9/10 1:00,1.913,6.864,9.632,10.051
04/9/10 2:00,2.744,6.636,9.46,9.952
04/9/10 3:00,1.859,6.484,9.312,9.854
04/9/10 4:00,0.934,6.128,9.188,9.756
04/9/10 5:00,-0.143,5.796,9.064,9.657
04/9/10 6:00,-0.004,5.642,8.941,9.558
04/9/10 7:00,-1.071,5.05,8.817,9.46
04/9/10 8:00,-1.213,4.869,8.668,9.336
04/9/10 9:00,5.847,6,8.543,9.238
04/9/10 10:00,14.888,7.419,8.519,9.139
04/9/10 11:00,18.937,8.866,8.618,9.089
04/9/10 12:00,21.772,11.102,8.841,9.089
04/9/10 13:00,21.437,12.509,9.188,9.163
04/9/10 14:00,19.436,12.968,9.534,9.312
04/9/10 15:00,17.772,13.714,9.829,9.485
04/9/10 16:00,13.714,12.654,10.1,9.657
04/9/10 17:00,12.799,12.05,10.247,9.829
04/9/10 18:00,9.04,11.151,10.296,9.952
04/9/10 19:00,7.519,10.296,10.32,10.026
04/9/10 20:00,7.091,9.78,10.247,10.075
04/9/10 21:00,6.306,9.238,10.149,10.075
04/9/10 22:00,5.77,8.965,10.075,10.051
04/9/10 23:00,6.306,8.643,10.001,10.051
04/10/10 0:00,4.115,7.845,9.879,10.001
04/10/10 1:00,3.985,7.594,9.756,9.952
04/10/10 2:00,3.643,7.293,9.657,9.879
04/10/10 3:00,4.324,7.318,9.534,9.829
04/10/10 4:00,5.308,7.544,9.41,9.731
04/10/10 5:00,5.591,7.67,9.336,9.657
04/10/10 6:00,5.36,7.695,9.287,9.608
04/10/10 7:00,5.77,7.82,9.238,9.534
04/10/10 8:00,6.331,7.92,9.213,9.485
04/10/10 9:00,7.318,8.444,9.188,9.46
04/10/10 10:00,9.928,9.509,9.188,9.41
04/10/10 11:00,10.051,10.247,9.262,9.41
04/10/10 12:00,10.32,10.638,9.336,9.41
04/10/10 13:00,10.418,11.175,9.435,9.46
04/10/10 14:00,10.663,11.151,9.534,9.485
04/10/10 15:00,9.015,10.467,9.632,9.558
04/10/10 16:00,8.444,10.001,9.682,9.608
04/10/10 17:00,8.245,9.706,9.682,9.632
04/10/10 18:00,8.22,9.509,9.682,9.657
04/10/10 19:00,8.245,9.312,9.682,9.682
04/10/10 20:00,8.344,9.262,9.657,9.682
04/10/10 21:00,7.945,9.139,9.657,9.657
04/10/10 22:00,7.268,8.916,9.608,9.657
04/10/10 23:00,6.611,8.668,9.583,9.657
04/11/10 0:00,6.737,8.543,9.509,9.632
04/11/10 1:00,6.204,8.419,9.46,9.583
04/11/10 2:00,5.668,8.195,9.41,9.558
04/11/10 3:00,5.668,7.995,9.336,9.534
04/11/10 4:00,5.719,7.92,9.262,9.485
04/11/10 5:00,5.334,7.795,9.213,9.435
04/11/10 6:00,5.411,7.645,9.139,9.386
04/11/10 7:00,4.792,7.469,9.064,9.336
04/11/10 8:00,4.973,7.368,8.99,9.287
04/11/10 9:00,4.869,7.343,8.891,9.238
04/11/10 10:00,4.921,7.469,8.817,9.163
04/11/10 11:00,4.61,7.469,8.742,9.089
04/11/10 12:00,3.801,7.569,8.643,9.015
04/11/10 13:00,4.558,7.444,8.568,8.941
04/11/10 14:00,3.406,6.94,8.469,8.841
04/11/10 15:00,1.235,6.051,8.319,8.717
04/11/10 16:00,3.009,5.796,8.145,8.618
04/11/10 17:00,1.48,5.821,7.945,8.469
04/11/10 18:00,0.218,5.05,7.82,8.369
04/11/10 19:00,-0.339,4.61,7.695,8.245
04/11/10 20:00,-1.071,4.115,7.569,8.145
04/11/10 21:00,-0.873,4.063,7.444,8.02
04/11/10 22:00,-1.813,3.67,7.293,7.92
04/11/10 23:00,-1.298,3.538,7.167,7.82
04/12/10 0:00,-2.391,3.168,7.015,7.72
04/12/10 1:00,-2.683,2.903,6.889,7.594
04/12/10 2:00,-1.612,2.956,6.763,7.494
04/12/10 3:00,-1.071,3.142,6.636,7.368
04/12/10 4:00,-1.071,3.195,6.56,7.268
04/12/10 5:00,-1.128,3.301,6.458,7.167
04/12/10 6:00,-1.469,3.301,6.382,7.091
04/12/10 7:00,-1.498,3.142,6.331,6.99
04/12/10 8:00,-0.619,3.301,6.281,6.94
04/12/10 9:00,0.135,3.722,6.23,6.864
04/12/10 10:00,3.827,3.932,6.204,6.813
04/12/10 11:00,7.594,5.514,6.179,6.737
04/12/10 12:00,9.46,6.914,6.204,6.712
04/12/10 13:00,13.666,7.82,6.331,6.712
04/12/10 14:00,10.736,7.293,6.535,6.763
04/12/10 15:00,11.127,7.569,6.687,6.839
04/12/10 16:00,9.706,7.318,6.813,6.914
04/12/10 17:00,9.485,6.712,6.864,6.99
04/12/10 18:00,3.617,5.924,6.889,7.041
04/12/10 19:00,1.18,5.282,6.864,7.091
04/12/10 20:00,-0.059,4.818,6.813,7.091
04/12/10 21:00,1.289,5.154,6.737,7.091
04/12/10 22:00,0.384,4.636,6.687,7.066
04/12/10 23:00,-1.128,3.906,6.611,7.041
04/13/10 0:00,-3.094,3.221,6.535,6.99
04/13/10 1:00,-3.926,3.036,6.408,6.965
04/13/10 2:00,-5.171,2.744,6.306,6.889
04/13/10 3:00,-3.419,2.584,6.179,6.813
04/13/10 4:00,-2.624,2.396,6.051,6.737
04/13/10 5:00,-2.683,2.262,5.898,6.636
04/13/10 6:00,-2.159,2.101,5.77,6.535
04/13/10 7:00,-2.188,1.994,5.616,6.433
04/13/10 8:00,-0.76,1.832,5.488,6.331
04/13/10 9:00,3.958,2.477,5.385,6.23
04/13/10 10:00,11.078,4.011,5.308,6.128
04/13/10 11:00,16.201,5.308,5.36,6.077
04/13/10 12:00,17.915,6.077,5.591,6.077
04/13/10 13:00,19.96,6.889,5.821,6.128
04/13/10 14:00,23.04,7.745,6.051,6.23
04/13/10 15:00,21.748,8.295,6.306,6.357
04/13/10 16:00,19.912,8.494,6.56,6.509
04/13/10 17:00,14.457,8.02,6.763,6.636
04/13/10 18:00,8.095,7.167,6.839,6.763
04/13/10 19:00,3.354,6.102,6.839,6.839
04/13/10 20:00,2.182,5.385,6.788,6.914
04/13/10 21:00,2.584,4.766,6.661,6.94
04/13/10 22:00,2.262,4.376,6.535,6.914
04/13/10 23:00,1.967,4.037,6.382,6.864
04/14/10 0:00,1.615,3.985,6.281,6.839
04/14/10 1:00,1.588,3.906,6.179,6.788
04/14/10 2:00,-2.683,3.327,6.128,6.737
04/14/10 3:00,-5.11,2.37,6.051,6.661
04/14/10 4:00,-1.957,2.637,5.949,6.611
04/14/10 5:00,0.907,2.877,5.847,6.535
04/14/10 6:00,0.989,2.877,5.821,6.458
04/14/10 7:00,0.495,2.77,5.796,6.408
04/14/10 8:00,1.235,2.77,5.745,6.357
04/14/10 9:00,6.255,3.406,5.719,6.306
04/14/10 10:00,13.449,4.688,5.719,6.255
04/14/10 11:00,18.39,6.204,5.821,6.255
04/14/10 12:00,18.723,7.695,6,6.255
04/14/10 13:00,24.171,8.792,6.23,6.331
04/14/10 14:00,19.579,9.756,6.509,6.458
04/14/10 15:00,19.199,9.977,6.839,6.611
04/14/10 16:00,21.987,10.271,7.142,6.788
04/14/10 17:00,12.147,9.213,7.393,6.965
04/14/10 18:00,8.17,8.22,7.494,7.142
04/14/10 19:00,-0.087,6.026,7.519,7.268
04/14/10 20:00,-0.929,5.076,7.343,7.318
04/14/10 21:00,-3.986,4.22,7.116,7.293
04/14/10 22:00,-4.987,3.433,6.889,7.242
04/14/10 23:00,-5.079,3.142,6.687,7.142
04/15/10 0:00,-4.317,3.036,6.484,7.041
04/15/10 1:00,-1.526,3.116,6.306,6.914
04/15/10 2:00,0.962,3.063,6.204,6.813
04/15/10 3:00,0.934,3.036,6.128,6.737
04/15/10 4:00,0.051,2.85,6.051,6.661
04/15/10 5:00,-1.756,2.61,6,6.585
04/15/10 6:00,-3.33,2.316,5.898,6.509
04/15/10 7:00,-4.257,2.021,5.77,6.433
04/15/10 8:00,-3.776,1.994,5.668,6.331
04/15/10 9:00,6.458,3.142,5.539,6.23
04/15/10 10:00,14.601,4.532,5.514,6.153
04/15/10 11:00,19.96,5.77,5.616,6.102
04/15/10 12:00,22.968,7.217,5.796,6.128
04/15/10 13:00,25.744,8.444,6.026,6.179
04/15/10 14:00,28.766,9.336,6.331,6.306
04/15/10 15:00,21.103,10.198,6.636,6.458
04/15/10 16:00,21.413,9.928,6.914,6.636
04/15/10 17:00,15.843,9.583,7.116,6.788
04/15/10 18:00,9.287,8.543,7.268,6.94
04/15/10 19:00,4.999,7.368,7.293,7.066
04/15/10 20:00,4.246,6.763,7.217,7.142
04/15/10 21:00,1.67,6.102,7.142,7.167
04/15/10 22:00,0.687,5.642,7.066,7.192
04/15/10 23:00,-1.241,4.792,6.965,7.167
04/16/10 0:00,-2.275,4.22,6.839,7.142
04/16/10 1:00,-3.212,3.749,6.687,7.091
04/16/10 2:00,-3.182,3.512,6.535,6.99
04/16/10 3:00,-1.469,3.591,6.382,6.914
04/16/10 4:00,2.903,4.246,6.281,6.839
04/16/10 5:00,3.643,4.454,6.255,6.763
04/16/10 6:00,3.985,4.584,6.281,6.737
04/16/10 7:00,4.141,4.584,6.306,6.712
04/16/10 8:00,4.402,4.662,6.306,6.687
04/16/10 9:00,8.02,5.231,6.331,6.687
04/16/10 10:00,12.654,6.255,6.382,6.661
04/16/10 11:00,16.654,7.419,6.509,6.687
04/16/10 12:00,19.484,8.618,6.661,6.737
04/16/10 13:00,22.753,9.78,6.889,6.813
04/16/10 14:00,24.267,10.736,7.167,6.94
04/16/10 15:00,25.55,11.248,7.494,7.091
04/16/10 16:00,23.737,11.053,7.795,7.293
04/16/10 17:00,17.011,10.736,8.045,7.494
04/16/10 18:00,10.565,9.706,8.17,7.67
04/16/10 19:00,2.021,7.444,8.22,7.82
04/16/10 20:00,-0.929,5.975,8.07,7.895
04/16/10 21:00,-1.043,5.411,7.845,7.895
04/16/10 22:00,-1.184,4.999,7.619,7.82
04/16/10 23:00,0.412,5.154,7.419,7.745
04/17/10 0:00,1.588,5.205,7.293,7.67
04/17/10 1:00,3.195,5.334,7.217,7.594
04/17/10 2:00,3.827,5.334,7.167,7.519
04/17/10 3:00,4.063,5.308,7.142,7.494
04/17/10 4:00,4.011,5.231,7.116,7.444
04/17/10 5:00,2.316,4.973,7.091,7.393
04/17/10 6:00,1.859,4.714,7.041,7.368
04/17/10 7:00,3.932,4.869,6.99,7.318
04/17/10 8:00,3.643,4.921,6.914,7.268
04/17/10 9:00,8.245,5.539,6.889,7.242
04/17/10 10:00,12.606,6.661,6.94,7.192
04/17/10 11:00,17.368,7.87,7.015,7.192
04/17/10 12:00,22.178,9.089,7.192,7.242
04/17/10 13:00,24.412,10.345,7.393,7.318
04/17/10 14:00,21.485,10.614,7.695,7.419
04/17/10 15:00,27.21,11.37,7.995,7.569
04/17/10 16:00,20.341,10.761,8.27,7.745
04/17/10 17:00,16.296,10.663,8.444,7.92
04/17/10 18:00,10.394,9.756,8.543,8.07
04/17/10 19:00,2.021,7.519,8.568,8.195
04/17/10 20:00,-0.563,6.204,8.419,8.245
04/17/10 21:00,0.439,5.975,8.17,8.22
04/17/10 22:00,1.832,6.051,7.97,8.17
04/17/10 23:00,0.356,5.668,7.845,8.095
04/18/10 0:00,1.643,5.591,7.72,8.02
04/18/10 1:00,4.272,5.719,7.594,7.945
04/18/10 2:00,5.05,5.872,7.544,7.87
04/18/10 3:00,4.428,5.796,7.519,7.82
04/18/10 4:00,4.662,5.77,7.494,7.77
04/18/10 5:00,5.282,5.924,7.469,7.745
04/18/10 6:00,4.22,6.051,7.444,7.695
04/18/10 7:00,1.751,5.334,7.419,7.67
04/18/10 8:00,3.142,5.385,7.343,7.645
04/18/10 9:00,9.015,6.204,7.293,7.594
04/18/10 10:00,17.439,8.543,7.318,7.544
04/18/10 11:00,15.605,9.46,7.469,7.569
04/18/10 12:00,21.509,10.222,7.67,7.619
04/18/10 13:00,24.363,12.509,7.92,7.72
04/18/10 14:00,20.555,13.088,8.27,7.845
04/18/10 15:00,20.126,13.329,8.593,8.045
04/18/10 16:00,17.677,12.558,8.866,8.245
04/18/10 17:00,15.247,11.053,9.04,8.419
04/18/10 18:00,10.785,10.247,9.089,8.543
04/18/10 19:00,3.142,8.245,9.064,8.643
04/18/10 20:00,0.19,6.864,8.891,8.693
04/18/10 21:00,-0.647,6.179,8.643,8.643
04/18/10 22:00,1.262,6.128,8.419,8.568
04/18/10 23:00,2.182,6.23,8.22,8.469
04/19/10 0:00,2.047,6.128,8.095,8.394
04/19/10 1:00,0.632,5.591,7.995,8.295
04/19/10 2:00,1.371,5.616,7.87,8.22
04/19/10 3:00,0.19,5.282,7.745,8.12
04/19/10 4:00,-1.727,4.61,7.645,8.045
04/19/10 5:00,-1.784,4.324,7.494,7.945
04/19/10 6:00,-2.508,3.958,7.343,7.845
04/19/10 7:00,0.412,4.584,7.192,7.745
04/19/10 8:00,0.66,4.662,7.091,7.645
04/19/10 9:00,9.336,5.975,7.041,7.569
04/19/10 10:00,14.026,6.839,7.066,7.494
04/19/10 11:00,20.65,8.792,7.192,7.469
04/19/10 12:00,23.689,10.883,7.444,7.519
04/19/10 13:00,18.557,11.953,7.77,7.619
04/19/10 14:00,23.088,12.799,8.12,7.77
04/19/10 15:00,17.011,12.413,8.419,7.945
04/19/10 16:00,17.344,12.534,8.643,8.12
04/19/10 17:00,14.457,11.759,8.841,8.295
04/19/10 18:00,11.759,10.736,8.99,8.444
04/19/10 19:00,5.616,8.941,9.04,8.568
04/19/10 20:00,2.584,7.72,8.941,8.643
04/19/10 21:00,3.089,7.242,8.742,8.643
04/19/10 22:00,3.248,6.99,8.543,8.593
04/19/10 23:00,2.93,6.737,8.419,8.543
04/20/10 0:00,5.462,6.839,8.295,8.469
04/20/10 1:00,6.255,6.94,8.22,8.419
04/20/10 2:00,6.763,7.015,8.17,8.369
04/20/10 3:00,7.192,7.142,8.17,8.344
04/20/10 4:00,7.92,7.318,8.17,8.295
04/20/10 5:00,7.895,7.368,8.195,8.295
04/20/10 6:00,8.519,7.594,8.195,8.295
04/20/10 7:00,8.866,7.995,8.22,8.295
04/20/10 8:00,8.643,8.12,8.27,8.295
04/20/10 9:00,9.336,8.419,8.295,8.295
04/20/10 10:00,13.954,9.854,8.344,8.319
04/20/10 11:00,14.194,10.858,8.444,8.344
04/20/10 12:00,11.151,10.369,8.593,8.394
04/20/10 13:00,14.314,11.589,8.717,8.494
04/20/10 14:00,14.266,12.316,8.866,8.543
04/20/10 15:00,11.37,11.224,9.04,8.668
04/20/10 16:00,10.883,10.247,9.139,8.767
04/20/10 17:00,11.929,10.541,9.163,8.841
04/20/10 18:00,10.98,10.32,9.188,8.891
04/20/10 19:00,8.742,9.657,9.238,8.941
04/20/10 20:00,8.17,9.163,9.238,8.99
04/20/10 21:00,7.845,8.891,9.188,8.99
04/20/10 22:00,8.841,9.015,9.139,9.015
04/20/10 23:00,8.245,8.891,9.114,8.99
04/21/10 0:00,7.419,8.618,9.114,8.99
04/21/10 1:00,7.393,8.27,9.064,8.99
04/21/10 2:00,7.77,8.27,9.015,8.965
04/21/10 3:00,8.344,8.469,8.965,8.941
04/21/10 4:00,8.145,8.195,8.941,8.916
04/21/10 5:00,9.114,8.519,8.916,8.916
04/21/10 6:00,8.941,8.593,8.916,8.891
04/21/10 7:00,9.213,8.742,8.916,8.891
04/21/10 8:00,9.435,8.916,8.941,8.891
04/21/10 9:00,10.026,9.287,8.941,8.891
04/21/10 10:00,10.541,9.583,8.99,8.891
04/21/10 11:00,12.34,10.541,9.04,8.916
04/21/10 12:00,19.246,12.074,9.139,8.941
04/21/10 13:00,10.418,10.443,9.262,8.99
04/21/10 14:00,14.194,11.71,9.287,9.064
04/21/10 15:00,12.316,12.437,9.485,9.114
04/21/10 16:00,11.102,11.224,9.657,9.213
04/21/10 17:00,10.81,10.858,9.706,9.312
04/21/10 18:00,10.271,10.638,9.731,9.361
04/21/10 19:00,8.22,9.829,9.731,9.435
04/21/10 20:00,6.813,9.238,9.682,9.46
04/21/10 21:00,5.36,8.643,9.583,9.46
04/21/10 22:00,5.591,8.27,9.485,9.435
04/21/10 23:00,5.975,8.095,9.386,9.386
04/22/10 0:00,6.077,7.895,9.287,9.336
04/22/10 1:00,6.128,7.795,9.238,9.287
04/22/10 2:00,5.898,7.619,9.139,9.238
04/22/10 3:00,6.204,7.519,9.064,9.188
04/22/10 4:00,6.281,7.444,8.99,9.139
04/22/10 5:00,6.331,7.393,8.941,9.064
04/22/10 6:00,5.668,7.268,8.866,9.015
04/22/10 7:00,6.331,7.192,8.817,8.965
04/22/10 8:00,7.091,7.318,8.767,8.916
04/22/10 9:00,10.271,8.17,8.717,8.866
04/22/10 10:00,10.834,8.817,8.742,8.841
04/22/10 11:00,12.219,9.731,8.817,8.841
04/22/10 12:00,12.025,10.051,8.941,8.841
04/22/10 13:00,12.509,9.977,9.04,8.891
04/22/10 14:00,12.558,10.565,9.114,8.941
04/22/10 15:00,12.678,10.712,9.238,9.015
04/22/10 16:00,11.516,10.541,9.312,9.064
04/22/10 17:00,11.2,10.345,9.386,9.139
04/22/10 18:00,10.051,9.928,9.435,9.188
04/22/10 19:00,8.941,9.534,9.46,9.238
04/22/10 20:00,9.608,9.435,9.46,9.262
04/22/10 21:00,8.494,9.04,9.435,9.287
04/22/10 22:00,8.394,8.792,9.41,9.287
04/22/10 23:00,8.02,8.568,9.361,9.287
04/23/10 0:00,7.72,8.419,9.312,9.287
04/23/10 1:00,8.295,8.519,9.287,9.262
04/23/10 2:00,7.995,8.444,9.238,9.238
04/23/10 3:00,7.116,8.095,9.213,9.213
04/23/10 4:00,7.995,8.295,9.163,9.188
04/23/10 5:00,7.544,8.145,9.139,9.163
04/23/10 6:00,7.116,7.92,9.089,9.139
04/23/10 7:00,6.788,7.82,9.04,9.114
04/23/10 8:00,7.594,7.97,8.99,9.064
04/23/10 9:00,8.668,8.494,8.965,9.04
04/23/10 10:00,9.829,9.064,8.941,9.015
04/23/10 11:00,10.222,9.632,8.965,8.99
04/23/10 12:00,16.272,11.224,9.04,8.99
04/23/10 13:00,15.485,11.686,9.163,9.015
04/23/10 14:00,19.365,13.161,9.336,9.089
04/23/10 15:00,14.361,12.944,9.534,9.188
04/23/10 16:00,11.807,11.807,9.731,9.287
04/23/10 17:00,10.394,10.883,9.805,9.386
04/23/10 18:00,10.124,10.492,9.829,9.46
04/23/10 19:00,9.854,10.198,9.829,9.509
04/23/10 20:00,10.051,9.952,9.805,9.558
04/23/10 21:00,10.075,9.78,9.78,9.583
04/23/10 22:00,9.78,9.632,9.756,9.583
04/23/10 23:00,10.173,9.583,9.731,9.583
04/24/10 0:00,9.928,9.558,9.706,9.583
04/24/10 1:00,9.287,9.46,9.682,9.558
04/24/10 2:00,9.064,9.386,9.657,9.558
04/24/10 3:00,8.12,9.139,9.632,9.558
04/24/10 4:00,8.145,8.941,9.583,9.534
04/24/10 5:00,7.745,8.817,9.534,9.509
04/24/10 6:00,8.02,8.792,9.46,9.485
04/24/10 7:00,7.845,8.668,9.41,9.46
04/24/10 8:00,7.97,8.618,9.361,9.41
04/24/10 9:00,8.145,8.593,9.287,9.361
04/24/10 10:00,8.369,8.668,9.238,9.312
04/24/10 11:00,8.543,8.841,9.188,9.238
04/24/10 12:00,8.543,8.841,9.163,9.188
04/24/10 13:00,8.394,8.866,9.139,9.163
04/24/10 14:00,8.195,8.742,9.114,9.114
04/24/10 15:00,8.344,8.668,9.089,9.089
04/24/10 16:00,7.995,8.568,9.04,9.064
04/24/10 17:00,7.041,7.695,8.99,9.015
04/24/10 18:00,5.924,7.67,8.916,8.965
04/24/10 19:00,4.74,7.091,8.792,8.916
04/24/10 20:00,5.616,7.293,8.668,8.841
04/24/10 21:00,5.719,7.167,8.593,8.767
04/24/10 22:00,5.437,7.242,8.519,8.717
04/24/10 23:00,4.246,6.889,8.469,8.668
04/25/10 0:00,4.298,6.687,8.394,8.618
04/25/10 1:00,3.958,6.585,8.319,8.568
04/25/10 2:00,3.301,6.281,8.245,8.519
04/25/10 3:00,1.561,5.668,8.145,8.444
04/25/10 4:00,1.017,5.179,8.02,8.369
04/25/10 5:00,0.687,5.024,7.895,8.295
04/25/10 6:00,-0.311,4.558,7.745,8.195
04/25/10 7:00,0.051,4.532,7.619,8.095
04/25/10 8:00,-0.199,4.115,7.519,7.995
04/25/10 9:00,1.453,4.194,7.368,7.895
04/25/10 10:00,5.847,5.154,7.217,7.77
04/25/10 11:00,11.419,5.693,7.167,7.67
04/25/10 12:00,16.106,6.535,7.217,7.619
04/25/10 13:00,20.913,7.645,7.293,7.619
04/25/10 14:00,13.906,8.17,7.419,7.619
04/25/10 15:00,17.629,8.841,7.569,7.67
04/25/10 16:00,15.772,8.319,7.745,7.745
04/25/10 17:00,11.224,8.319,7.845,7.82
04/25/10 18:00,4.688,7.318,7.92,7.895
04/25/10 19:00,1.208,5.949,7.845,7.945
04/25/10 20:00,0.107,5.128,7.67,7.945
04/25/10 21:00,-0.339,4.818,7.469,7.87
04/25/10 22:00,-1.071,4.402,7.268,7.795
04/25/10 23:00,-1.298,4.298,7.116,7.695
04/26/10 0:00,-2.362,3.985,6.965,7.619
04/26/10 1:00,-2.508,3.643,6.839,7.519
04/26/10 2:00,-4.076,3.301,6.687,7.419
04/26/10 3:00,-3.538,2.93,6.56,7.318
04/26/10 4:00,-7.058,2.557,6.484,7.217
04/26/10 5:00,-6.388,2.101,6.357,7.116
04/26/10 6:00,-5.791,2.021,6.23,7.015
04/26/10 7:00,-5.48,1.913,6.128,6.889
04/26/10 8:00,-6.262,1.751,6,6.788
04/26/10 9:00,-1.241,1.994,5.898,6.687
04/26/10 10:00,5.05,2.477,5.796,6.585
04/26/10 11:00,12.122,3.168,5.745,6.509
04/26/10 12:00,15.414,4.558,5.745,6.408
04/26/10 13:00,18.557,6.357,5.872,6.382
04/26/10 14:00,17.772,7.293,6.077,6.408
04/26/10 15:00,15.581,8.045,6.331,6.484
04/26/10 16:00,14.529,8.319,6.585,6.585
04/26/10 17:00,8.792,7.845,6.788,6.712
04/26/10 18:00,3.564,6.788,6.914,6.839
04/26/10 19:00,1.317,5.975,6.94,6.914
04/26/10 20:00,-0.845,4.895,6.889,6.99
04/26/10 21:00,-1.184,4.376,6.788,6.99
04/26/10 22:00,-0.059,4.324,6.661,6.965
04/26/10 23:00,-0.004,4.194,6.535,6.914
04/27/10 0:00,0.19,3.958,6.458,6.864
04/27/10 1:00,0.19,3.854,6.331,6.813
04/27/10 2:00,0.163,3.696,6.255,6.737
04/27/10 3:00,0.797,3.722,6.153,6.661
04/27/10 4:00,1.044,3.932,6.102,6.611
04/27/10 5:00,1.153,4.063,6.051,6.535
04/27/10 6:00,0.88,4.063,6,6.484
04/27/10 7:00,1.371,4.194,5.975,6.433
04/27/10 8:00,1.561,4.298,5.949,6.382
04/27/10 9:00,1.94,4.428,5.924,6.331
04/27/10 10:00,2.047,4.584,5.924,6.306
04/27/10 11:00,2.262,4.688,5.924,6.281
04/27/10 12:00,2.477,4.766,5.898,6.255
04/27/10 13:00,3.063,4.973,5.898,6.255
04/27/10 14:00,3.406,5.36,5.898,6.23
04/27/10 15:00,2.85,5.231,5.924,6.23
04/27/10 16:00,2.236,5.05,5.949,6.23
04/27/10 17:00,2.503,4.844,5.949,6.23
04/27/10 18:00,2.289,4.714,5.924,6.23
04/27/10 19:00,2.37,4.636,5.898,6.204
04/27/10 20:00,2.557,4.636,5.898,6.179
04/27/10 21:00,2.584,4.61,5.872,6.179
04/27/10 22:00,2.69,4.584,5.847,6.153
04/27/10 23:00,2.877,4.584,5.847,6.128
04/28/10 0:00,3.089,4.636,5.821,6.102
04/28/10 1:00,3.116,4.636,5.821,6.102
04/28/10 2:00,2.797,4.532,5.796,6.077
04/28/10 3:00,2.477,4.402,5.77,6.051
04/28/10 4:00,2.182,4.35,5.745,6.051
04/28/10 5:00,1.507,4.115,5.719,6.026
04/28/10 6:00,0.715,3.801,5.668,6
04/28/10 7:00,0.577,3.591,5.591,5.949
04/28/10 8:00,-0.143,3.195,5.514,5.924
04/28/10 9:00,1.262,3.696,5.411,5.872
04/28/10 10:00,3.168,3.958,5.36,5.796
04/28/10 11:00,6.611,4.246,5.334,5.745
04/28/10 12:00,6.357,4.844,5.334,5.719
04/28/10 13:00,6.661,5.591,5.385,5.719
04/28/10 14:00,7.945,6,5.437,5.719
04/28/10 15:00,5.128,5.898,5.514,5.719
04/28/10 16:00,5.128,5.821,5.565,5.745
04/28/10 17:00,2.209,5.179,5.616,5.77
04/28/10 18:00,1.507,4.584,5.591,5.796
04/28/10 19:00,1.453,4.324,5.565,5.821
04/28/10 20:00,1.453,4.194,5.514,5.796
04/28/10 21:00,1.643,4.115,5.462,5.77
04/28/10 22:00,1.751,4.168,5.437,5.77
04/28/10 23:00,1.832,4.115,5.411,5.745
04/29/10 0:00,2.074,4.089,5.385,5.719
04/29/10 1:00,2.128,4.037,5.36,5.693
04/29/10 2:00,2.128,4.011,5.334,5.668
04/29/10 3:00,2.128,3.985,5.308,5.642
04/29/10 4:00,2.343,4.037,5.282,5.616
04/29/10 5:00,2.69,4.037,5.257,5.565
04/29/10 6:00,2.557,4.037,5.231,5.539
04/29/10 7:00,2.797,4.063,5.231,5.514
04/29/10 8:00,2.823,4.063,5.205,5.488
04/29/10 9:00,3.009,4.22,5.205,5.462
04/29/10 10:00,6.255,5.257,5.205,5.462
04/29/10 11:00,8.319,6.102,5.257,5.462
04/29/10 12:00,9.386,7.066,5.385,5.488
04/29/10 13:00,8.568,7.444,5.539,5.539
04/29/10 14:00,7.142,7.519,5.693,5.616
04/29/10 15:00,6.331,7.167,5.821,5.719
04/29/10 16:00,6.965,7.192,5.924,5.796
04/29/10 17:00,5.462,6.965,6,5.872
04/29/10 18:00,2.37,5.488,6.051,5.949
04/29/10 19:00,1.289,4.636,6,6
04/29/10 20:00,0.77,4.22,5.924,6.026
04/29/10 21:00,0.356,3.958,5.847,6
04/29/10 22:00,0.301,3.749,5.77,5.975
04/29/10 23:00,-0.031,3.512,5.693,5.924
04/30/10 0:00,-0.732,3.327,5.591,5.872
04/30/10 1:00,-1.043,3.168,5.514,5.821
04/30/10 2:00,-0.845,3.036,5.385,5.77
04/30/10 3:00,-1.441,2.877,5.282,5.693
04/30/10 4:00,-0.171,2.797,5.205,5.616
04/30/10 5:00,-0.004,2.77,5.102,5.565
04/30/10 6:00,0.107,2.69,4.999,5.488
04/30/10 7:00,0.273,2.584,4.921,5.411
04/30/10 8:00,0.107,2.61,4.869,5.36
04/30/10 9:00,2.289,2.903,4.792,5.308
04/30/10 10:00,9.064,3.854,4.792,5.231
04/30/10 11:00,13.69,4.844,4.869,5.205
04/30/10 12:00,17.867,5.821,5.024,5.231
04/30/10 13:00,23.28,6.687,5.205,5.282
04/30/10 14:00,24.508,7.217,5.411,5.385
04/30/10 15:00,17.153,7.619,5.642,5.488
04/30/10 16:00,14.553,7.494,5.796,5.616
04/30/10 17:00,8.494,7.116,5.924,5.719
04/30/10 18:00,6.026,6.636,5.975,5.796
04/30/10 19:00,3.67,6,6,5.872
04/30/10 20:00,-1.584,4.402,5.975,5.949
04/30/10 21:00,-2.976,3.538,5.847,5.949
04/30/10 22:00,-3.064,3.221,5.719,5.924
04/30/10 23:00,-3.182,2.956,5.539,5.872
05/1/10 0:00,-2.159,3.063,5.411,5.821
05/1/10 1:00,-0.339,3.116,5.334,5.745
05/1/10 2:00,0.632,3.142,5.257,5.693
05/1/10 3:00,2.983,3.67,5.205,5.642
05/1/10 4:00,4.22,4.22,5.231,5.591
05/1/10 5:00,4.22,4.558,5.282,5.591
05/1/10 6:00,3.958,4.636,5.308,5.591
05/1/10 7:00,3.749,4.714,5.36,5.591
05/1/10 8:00,4.089,4.818,5.385,5.591
05/1/10 9:00,4.636,5.102,5.411,5.616
05/1/10 10:00,6.408,5.872,5.462,5.616
05/1/10 11:00,6.535,6.357,5.514,5.642
05/1/10 12:00,12.678,7.217,5.616,5.668
05/1/10 13:00,11.71,7.494,5.719,5.719
05/1/10 14:00,17.391,7.92,5.872,5.796
05/1/10 15:00,18.057,8.12,6.051,5.898
05/1/10 16:00,13.858,8.12,6.23,6
05/1/10 17:00,8.195,7.519,6.357,6.102
05/1/10 18:00,5.36,6.889,6.458,6.204
05/1/10 19:00,4.558,6.204,6.458,6.281
05/1/10 20:00,4.376,6.179,6.408,6.306
05/1/10 21:00,3.722,5.898,6.382,6.331
05/1/10 22:00,0.989,4.921,6.331,6.357
05/1/10 23:00,1.398,4.48,6.255,6.331
05/2/10 0:00,2.823,4.688,6.153,6.306
05/2/10 1:00,2.53,4.506,6.102,6.281
05/2/10 2:00,2.316,4.35,6.026,6.23
05/2/10 3:00,1.967,4.506,5.975,6.179
05/2/10 4:00,1.18,3.932,5.924,6.153
05/2/10 5:00,1.344,3.749,5.847,6.102
05/2/10 6:00,0.852,3.433,5.77,6.051
05/2/10 7:00,-0.171,3.142,5.668,6
05/2/10 8:00,0.273,2.903,5.565,5.924
05/2/10 9:00,2.584,3.168,5.462,5.847
05/2/10 10:00,8.319,3.88,5.411,5.77
05/2/10 11:00,14.337,5.05,5.385,5.719
05/2/10 12:00,18.414,6.255,5.462,5.693
05/2/10 13:00,20.436,7.318,5.616,5.719
05/2/10 14:00,22.465,7.845,5.821,5.77
05/2/10 15:00,20.317,8.22,6.051,5.872
05/2/10 16:00,19.103,8.693,6.255,5.975
05/2/10 17:00,9.805,8.145,6.458,6.102
05/2/10 18:00,5.591,7.015,6.56,6.23
05/2/10 19:00,5.179,6.712,6.585,6.331
05/2/10 20:00,1.534,5.565,6.56,6.382
05/2/10 21:00,-0.311,4.792,6.458,6.433
05/2/10 22:00,-2.159,4.063,6.306,6.408
05/2/10 23:00,-3.33,3.406,6.153,6.357
05/3/10 0:00,-4.106,2.903,5.975,6.306
05/3/10 1:00,-4.499,2.61,5.821,6.204
05/3/10 2:00,-3.986,2.557,5.668,6.102
05/3/10 3:00,-2.391,2.77,5.514,6
05/3/10 4:00,-2.508,2.744,5.411,5.924
05/3/10 5:00,-1.156,2.797,5.334,5.821
05/3/10 6:00,0.577,2.877,5.257,5.745
05/3/10 7:00,0.632,2.956,5.231,5.693
05/3/10 8:00,0.989,3.036,5.205,5.642
05/3/10 9:00,3.485,3.221,5.154,5.565
05/3/10 10:00,10.001,4.376,5.154,5.539
05/3/10 11:00,14.409,5.719,5.205,5.514
05/3/10 12:00,18.414,6.763,5.334,5.539
05/3/10 13:00,20.722,7.695,5.539,5.591
05/3/10 14:00,20.103,8.27,5.77,5.668
05/3/10 15:00,20.15,8.593,6.026,5.796
05/3/10 16:00,15.438,8.568,6.23,5.924
05/3/10 17:00,10.026,8.045,6.382,6.077
05/3/10 18:00,5.205,7.066,6.509,6.179
05/3/10 19:00,3.168,6,6.509,6.281
05/3/10 20:00,3.195,5.539,6.458,6.331
05/3/10 21:00,3.248,5.282,6.382,6.357
05/3/10 22:00,3.485,5.128,6.331,6.382
05/3/10 23:00,3.958,5.076,6.281,6.357
05/4/10 0:00,3.617,4.921,6.23,6.331
05/4/10 1:00,3.301,4.714,6.179,6.306
05/4/10 2:00,3.142,4.506,6.128,6.281
05/4/10 3:00,3.854,4.662,6.077,6.255
05/4/10 4:00,3.801,4.636,6.026,6.204
05/4/10 5:00,4.115,4.714,6,6.179
05/4/10 6:00,5.616,5.128,5.949,6.153
05/4/10 7:00,6.281,5.642,5.949,6.128
05/4/10 8:00,6.458,5.898,6,6.102
05/4/10 9:00,5.975,5.872,6.051,6.128
05/4/10 10:00,6.102,6.077,6.077,6.128
05/4/10 11:00,6.712,6.204,6.128,6.153
05/4/10 12:00,6.712,6.535,6.153,6.179
05/4/10 13:00,6.737,6.611,6.204,6.204
05/4/10 14:00,6.94,6.737,6.255,6.23
05/4/10 15:00,7.116,6.839,6.306,6.255
05/4/10 16:00,7.72,7.091,6.382,6.281
05/4/10 17:00,7.619,7.217,6.458,6.357
05/4/10 18:00,6.051,6.56,6.509,6.382
05/4/10 19:00,5.024,5.949,6.535,6.433
05/4/10 20:00,4.947,5.642,6.509,6.458
05/4/10 21:00,5.05,5.514,6.458,6.458
05/4/10 22:00,4.844,5.462,6.408,6.458
05/4/10 23:00,4.063,5.36,6.357,6.433
05/5/10 0:00,4.506,5.488,6.306,6.408
05/5/10 1:00,4.35,5.488,6.281,6.382
05/5/10 2:00,0.273,4.063,6.23,6.357
05/5/10 3:00,0.135,3.696,6.128,6.306
05/5/10 4:00,0.107,3.538,5.975,6.23
05/5/10 5:00,0.218,3.433,5.821,6.153
05/5/10 6:00,0.19,3.485,5.719,6.051
05/5/10 7:00,-0.059,3.354,5.616,5.975
05/5/10 8:00,-0.115,2.903,5.539,5.898
05/5/10 9:00,-0.619,2.877,5.437,5.821
05/5/10 10:00,-0.171,3.221,5.36,5.745
05/5/10 11:00,-0.031,3.221,5.282,5.668
05/5/10 12:00,1.588,3.354,5.231,5.591
05/5/10 13:00,4.011,3.67,5.179,5.539
05/5/10 14:00,3.722,3.958,5.154,5.488
05/5/10 15:00,3.142,4.037,5.154,5.437
05/5/10 16:00,2.477,4.194,5.128,5.411
05/5/10 17:00,1.017,3.827,5.128,5.385
05/5/10 18:00,0.19,3.221,5.102,5.36
05/5/10 19:00,-0.115,2.85,5.05,5.308
05/5/10 20:00,-2.015,2.503,4.999,5.282
05/5/10 21:00,-0.873,2.53,4.921,5.231
05/5/10 22:00,-0.873,2.53,4.869,5.179
05/5/10 23:00,-0.675,2.503,4.792,5.128
05/6/10 0:00,-0.619,2.37,4.714,5.102
05/6/10 1:00,-0.367,2.37,4.662,5.024
05/6/10 2:00,-0.283,2.262,4.584,4.973
05/6/10 3:00,-0.283,2.343,4.532,4.921
05/6/10 4:00,-0.143,2.423,4.48,4.869
05/6/10 5:00,-0.255,2.37,4.454,4.818
05/6/10 6:00,-0.059,2.316,4.402,4.792
05/6/10 7:00,-0.059,2.343,4.376,4.74
05/6/10 8:00,-0.059,2.37,4.324,4.714
05/6/10 9:00,0.218,2.45,4.298,4.662
05/6/10 10:00,0.934,2.877,4.272,4.636
05/6/10 11:00,2.074,3.433,4.272,4.61
05/6/10 12:00,3.538,4.168,4.298,4.584
05/6/10 13:00,5.334,5.128,4.324,4.558
05/6/10 14:00,5.205,5.642,4.428,4.584
05/6/10 15:00,5.719,6.051,4.558,4.61
05/6/10 16:00,5.05,5.796,4.714,4.688
05/6/10 17:00,4.48,5.385,4.818,4.74
05/6/10 18:00,1.48,4.714,4.869,4.818
05/6/10 19:00,-0.732,3.67,4.895,4.869
05/6/10 20:00,-0.395,3.433,4.844,4.895
05/6/10 21:00,-1.27,2.903,4.792,4.895
05/6/10 22:00,-3.389,2.584,4.714,4.895
05/6/10 23:00,-2.015,2.316,4.636,4.869
05/7/10 0:00,-3.064,2.155,4.558,4.818
05/7/10 1:00,-4.529,1.913,4.48,4.766
05/7/10 2:00,-2.188,1.805,4.402,4.714
05/7/10 3:00,-1.184,1.832,4.324,4.662
05/7/10 4:00,-1.441,1.859,4.246,4.61
05/7/10 5:00,-0.704,2.021,4.168,4.532
05/7/10 6:00,-1.498,2.021,4.141,4.48
05/7/10 7:00,-1.099,1.697,4.089,4.454
05/7/10 8:00,-0.647,1.751,4.037,4.376
05/7/10 9:00,0.356,2.021,3.985,4.35
05/7/10 10:00,5.924,2.77,3.932,4.298
05/7/10 11:00,2.903,3.116,3.906,4.246
05/7/10 12:00,4.714,4.037,3.958,4.246
05/7/10 13:00,8.494,4.999,4.037,4.246
05/7/10 14:00,11.102,5.924,4.141,4.272
05/7/10 15:00,10.516,6.408,4.324,4.324
05/7/10 16:00,6.255,6.281,4.48,4.402
05/7/10 17:00,5.385,5.719,4.636,4.506
05/7/10 18:00,3.643,4.947,4.714,4.584
05/7/10 19:00,3.564,4.818,4.766,4.662
05/7/10 20:00,3.643,4.74,4.792,4.714
05/7/10 21:00,3.485,4.662,4.792,4.766
05/7/10 22:00,3.538,4.61,4.818,4.792
05/7/10 23:00,3.617,4.584,4.818,4.818
05/8/10 0:00,3.696,4.584,4.844,4.844
05/8/10 1:00,4.037,4.584,4.844,4.869
05/8/10 2:00,4.037,4.584,4.869,4.895
05/8/10 3:00,4.324,4.662,4.895,4.895
05/8/10 4:00,4.324,4.688,4.895,4.921
05/8/10 5:00,4.636,4.714,4.921,4.947
05/8/10 6:00,4.792,4.792,4.947,4.947
05/8/10 7:00,4.714,4.818,4.973,4.973
05/8/10 8:00,4.895,4.869,4.999,4.999
05/8/10 9:00,5.872,5.257,5.024,5.024
05/8/10 10:00,10.051,5.462,5.076,5.05
05/8/10 11:00,12.896,5.796,5.154,5.076
05/8/10 12:00,17.772,6.509,5.231,5.128
05/8/10 13:00,24.557,7.116,5.36,5.179
05/8/10 14:00,16.511,7.72,5.539,5.282
05/8/10 15:00,18.438,8.17,5.745,5.385
05/8/10 16:00,16.749,8.12,5.949,5.514
05/8/10 17:00,10.345,7.619,6.102,5.642
05/8/10 18:00,3.195,6.611,6.153,5.77
05/8/10 19:00,-1.043,5.076,6.153,5.847
05/8/10 20:00,-2.508,4.428,6.026,5.898
05/8/10 21:00,-2.275,3.906,5.872,5.872
05/8/10 22:00,-3.836,3.433,5.719,5.847
05/8/10 23:00,-2.13,3.301,5.591,5.77
05/9/10 0:00,-2.537,3.089,5.437,5.719
05/9/10 1:00,0.19,2.956,5.308,5.642
05/9/10 2:00,0.907,2.85,5.231,5.539
05/9/10 3:00,1.235,2.717,5.128,5.462
05/9/10 4:00,1.913,2.584,5.05,5.385
05/9/10 5:00,2.021,2.503,4.973,5.334
05/9/10 6:00,1.317,2.45,4.869,5.257
05/9/10 7:00,1.615,2.37,4.818,5.179
05/9/10 8:00,1.208,2.262,4.74,5.102
05/9/10 9:00,4.999,2.343,4.662,5.05
05/9/10 10:00,13.449,2.744,4.61,4.973
05/9/10 11:00,17.819,3.67,4.584,4.921
05/9/10 12:00,19.27,4.844,4.61,4.895
05/9/10 13:00,22.298,5.872,4.74,4.895
05/9/10 14:00,20.341,6.889,4.921,4.921
05/9/10 15:00,18.057,7.444,5.128,4.999
05/9/10 16:00,13.714,7.444,5.36,5.102
05/9/10 17:00,8.17,6.864,5.539,5.231
05/9/10 18:00,3.248,5.821,5.642,5.36
05/9/10 19:00,-1.355,4.376,5.642,5.462
05/9/10 20:00,-2.946,3.591,5.565,5.488
05/9/10 21:00,-5.573,2.69,5.411,5.488
05/9/10 22:00,-5.666,2.343,5.257,5.462
05/9/10 23:00,-5.822,2.101,5.102,5.385
05/10/10 0:00,-6.993,1.643,4.947,5.308
05/10/10 1:00,-2.362,1.886,4.792,5.205
05/10/10 2:00,-2.478,1.832,4.662,5.102
05/10/10 3:00,-2.449,1.778,4.558,5.024
05/10/10 4:00,-2.712,1.697,4.48,4.947
05/10/10 5:00,-2.829,1.534,4.402,4.869
05/10/10 6:00,-1.842,1.507,4.324,4.792
05/10/10 7:00,-1.584,1.534,4.246,4.714
05/10/10 8:00,-2.624,1.453,4.168,4.636
05/10/10 9:00,1.344,1.507,4.115,4.558
05/10/10 10:00,11.88,1.913,4.063,4.506
05/10/10 11:00,16.582,2.903,4.063,4.454
05/10/10 12:00,18.818,4.402,4.115,4.428
05/10/10 13:00,8.916,5.282,4.246,4.428
05/10/10 14:00,14.96,6,4.376,4.48
05/10/10 15:00,10.026,6.94,4.532,4.532
05/10/10 16:00,8.941,6.788,4.74,4.636
05/10/10 17:00,5.128,6.026,4.869,4.714
05/10/10 18:00,4.115,5.385,4.947,4.818
05/10/10 19:00,3.617,5.024,4.973,4.895
05/10/10 20:00,2.209,4.298,4.973,4.947
05/10/10 21:00,3.274,4.194,4.947,4.973
05/10/10 22:00,3.801,4.506,4.921,4.973
05/10/10 23:00,4.011,4.636,4.921,4.973
05/11/10 0:00,4.115,4.688,4.921,4.999
05/11/10 1:00,4.168,4.714,4.947,4.999
05/11/10 2:00,4.246,4.74,4.973,5.024
05/11/10 3:00,4.063,4.74,4.973,5.024
05/11/10 4:00,3.538,4.636,4.999,5.024
05/11/10 5:00,2.797,4.428,4.999,5.05
05/11/10 6:00,2.316,4.141,4.999,5.05
05/11/10 7:00,1.697,3.827,4.947,5.05
05/11/10 8:00,1.615,3.643,4.895,5.024
05/11/10 9:00,2.074,3.827,4.844,5.024
05/11/10 10:00,2.343,4.141,4.818,4.973
05/11/10 11:00,0.687,3.564,4.792,4.947
05/11/10 12:00,0.934,3.722,4.714,4.921
05/11/10 13:00,7.895,4.246,4.662,4.895
05/11/10 14:00,8.866,4.324,4.662,4.869
05/11/10 15:00,5.77,4.766,4.688,4.844
05/11/10 16:00,5.257,4.947,4.714,4.844
05/11/10 17:00,0.246,4.063,4.714,4.844
05/11/10 18:00,-1.526,3.274,4.688,4.844
05/11/10 19:00,-2.858,2.45,4.61,4.818
05/11/10 20:00,-2.188,2.343,4.506,4.792
05/11/10 21:00,-3.896,1.994,4.428,4.714
05/11/10 22:00,-4.347,1.588,4.324,4.662
05/11/10 23:00,-4.62,1.289,4.22,4.61
05/12/10 0:00,-4.712,1.153,4.089,4.532
05/12/10 1:00,-5.294,0.934,4.011,4.454
05/12/10 2:00,-4.803,0.825,3.906,4.376
05/12/10 3:00,-5.542,0.66,3.801,4.298
05/12/10 4:00,-3.389,0.77,3.696,4.22
05/12/10 5:00,-4.046,0.632,3.617,4.141
05/12/10 6:00,-4.166,0.522,3.538,4.063
05/12/10 7:00,-3.508,0.495,3.433,3.985
05/12/10 8:00,-3.36,0.467,3.327,3.906
05/12/10 9:00,-1.584,0.495,3.248,3.827
05/12/10 10:00,0.715,0.66,3.168,3.749
05/12/10 11:00,2.021,1.126,3.116,3.696
05/12/10 12:00,3.354,1.643,3.063,3.617
05/12/10 13:00,7.519,1.967,3.036,3.591
05/12/10 14:00,11.005,2.85,3.036,3.538
05/12/10 15:00,8.22,2.717,3.063,3.512
05/12/10 16:00,6.965,2.69,3.142,3.512
05/12/10 17:00,1.697,2.047,3.195,3.538
05/12/10 18:00,-2.101,1.507,3.168,3.538
05/12/10 19:00,-3.896,1.289,3.168,3.538
05/12/10 20:00,-5.387,1.044,3.116,3.512
05/12/10 21:00,-5.11,0.825,3.089,3.512
05/12/10 22:00,-4.257,0.742,3.063,3.485
05/12/10 23:00,-2.77,0.66,3.009,3.459
05/13/10 0:00,-2.741,0.605,2.956,3.433
05/13/10 1:00,-2.976,0.605,2.903,3.406
05/13/10 2:00,-2.275,0.522,2.85,3.38
05/13/10 3:00,-1.871,0.577,2.823,3.327
05/13/10 4:00,-1.298,0.577,2.797,3.301
05/13/10 5:00,-0.901,0.66,2.744,3.274
05/13/10 6:00,-0.171,0.934,2.717,3.221
05/13/10 7:00,0.051,1.099,2.717,3.195
05/13/10 8:00,0.55,1.371,2.69,3.168
05/13/10 9:00,2.155,1.832,2.69,3.142
05/13/10 10:00,5.102,2.664,2.717,3.142
05/13/10 11:00,8.916,3.485,2.823,3.142
05/13/10 12:00,12.34,4.063,2.983,3.168
05/13/10 13:00,14.29,4.298,3.195,3.248
05/13/10 14:00,12.558,4.921,3.38,3.354
05/13/10 15:00,9.336,4.818,3.538,3.433
05/13/10 16:00,6.484,4.818,3.67,3.538
05/13/10 17:00,3.906,4.298,3.801,3.643
05/13/10 18:00,2.101,3.722,3.827,3.722
05/13/10 19:00,1.561,3.221,3.827,3.775
05/13/10 20:00,1.425,3.036,3.775,3.827
05/13/10 21:00,1.317,2.956,3.749,3.827
05/13/10 22:00,-0.227,2.396,3.722,3.854
05/13/10 23:00,0.412,2.289,3.643,3.854
05/14/10 0:00,-0.143,2.047,3.591,3.827
05/14/10 1:00,0.273,2.503,3.538,3.801
05/14/10 2:00,-0.647,2.557,3.512,3.775
05/14/10 3:00,-2.188,2.021,3.512,3.749
05/14/10 4:00,-0.845,1.778,3.512,3.749
05/14/10 5:00,-0.535,1.697,3.459,3.722
05/14/10 6:00,-0.591,1.534,3.38,3.696
05/14/10 7:00,-1.156,1.344,3.327,3.67
05/14/10 8:00,-1.298,1.099,3.274,3.617
05/14/10 9:00,0.356,1.208,3.221,3.591
05/14/10 10:00,7.795,1.751,3.168,3.564
05/14/10 11:00,12.316,2.209,3.142,3.512
05/14/10 12:00,15.533,3.036,3.195,3.485
05/14/10 13:00,18.461,3.906,3.301,3.512
05/14/10 14:00,17.368,4.402,3.459,3.538
05/14/10 15:00,16.582,4.688,3.617,3.591
05/14/10 16:00,11.273,4.74,3.749,3.696
05/14/10 17:00,6.611,4.376,3.854,3.775
05/14/10 18:00,-0.367,3.433,3.906,3.854
05/14/10 19:00,-2.275,2.69,3.88,3.906
05/14/10 20:00,-0.507,2.37,3.801,3.906
05/14/10 21:00,-0.958,2.021,3.696,3.906
05/14/10 22:00,-2.508,1.561,3.617,3.88
05/14/10 23:00,-1.928,1.425,3.538,3.854
05/15/10 0:00,-1.327,1.561,3.433,3.801
05/15/10 1:00,-1.928,1.507,3.38,3.775
05/15/10 2:00,-2.683,1.398,3.354,3.722
05/15/10 3:00,-5.263,1.099,3.301,3.696
05/15/10 4:00,-6.961,0.577,3.248,3.643
05/15/10 5:00,-6.104,0.577,3.195,3.617
05/15/10 6:00,-6.42,0.522,3.142,3.564
05/15/10 7:00,-7.09,0.273,3.063,3.512
05/15/10 8:00,-7.575,0.246,2.983,3.459
05/15/10 9:00,-2.508,0.273,2.93,3.406
05/15/10 10:00,8.866,0.962,2.877,3.354
05/15/10 11:00,16.892,1.832,2.85,3.301
05/15/10 12:00,20.007,2.85,2.877,3.274
05/15/10 13:00,22.633,4.194,2.983,3.248
05/15/10 14:00,21.604,5.05,3.168,3.301
05/15/10 15:00,20.031,5.334,3.406,3.38
05/15/10 16:00,16.439,5.565,3.617,3.485
05/15/10 17:00,8.394,5.231,3.801,3.591
05/15/10 18:00,1.126,4.089,3.906,3.696
05/15/10 19:00,-4.834,2.155,3.906,3.801
05/15/10 20:00,-6.23,1.371,3.775,3.827
05/15/10 21:00,-7.477,0.934,3.67,3.827
05/15/10 22:00,-7.38,0.66,3.538,3.801
05/15/10 23:00,-8,0.55,3.406,3.749
05/16/10 0:00,-1.555,0.825,3.327,3.696
05/16/10 1:00,-1.957,1.044,3.221,3.643
05/16/10 2:00,-2.015,1.044,3.195,3.591
05/16/10 3:00,-2.246,0.962,3.142,3.538
05/16/10 4:00,-1.584,0.907,3.089,3.512
05/16/10 5:00,-1.184,0.825,3.063,3.459
05/16/10 6:00,-2.275,0.715,3.009,3.433
05/16/10 7:00,-1.871,0.605,2.983,3.38
05/16/10 8:00,-5.916,0.467,2.93,3.327
05/16/10 9:00,-2.683,0.246,2.877,3.301
05/16/10 10:00,12.823,0.742,2.823,3.248
05/16/10 11:00,16.606,1.643,2.797,3.195
05/16/10 12:00,21.223,2.717,2.823,3.168
05/16/10 13:00,23.448,3.801,2.93,3.195
05/16/10 14:00,23.569,4.921,3.089,3.195
05/16/10 15:00,20.388,5.514,3.301,3.274
05/16/10 16:00,15.533,5.565,3.538,3.38
05/16/10 17:00,8.841,5.205,3.696,3.485
05/16/10 18:00,-0.986,3.274,3.801,3.617
05/16/10 19:00,-4.773,2.182,3.749,3.696
05/16/10 20:00,-4.956,1.805,3.643,3.722
05/16/10 21:00,-7.607,1.017,3.538,3.722
05/16/10 22:00,-7.315,0.632,3.406,3.67
05/16/10 23:00,-8.396,0.356,3.301,3.643
05/17/10 0:00,-5.356,0.301,3.195,3.564
05/17/10 1:00,-5.542,0.467,3.089,3.512
05/17/10 2:00,-2.595,0.577,3.009,3.459
05/17/10 3:00,-2.77,0.687,2.956,3.406
05/17/10 4:00,-2.537,0.687,2.903,3.354
05/17/10 5:00,-2.829,0.66,2.877,3.301
05/17/10 6:00,-2.653,0.77,2.823,3.274
05/17/10 7:00,-2.362,0.687,2.797,3.221
05/17/10 8:00,-2.537,0.687,2.77,3.168
05/17/10 9:00,0.19,0.825,2.717,3.142
05/17/10 10:00,6,1.534,2.717,3.116
05/17/10 11:00,16.558,2.343,2.717,3.063
05/17/10 12:00,22.489,3.354,2.77,3.063
05/17/10 13:00,16.963,3.906,2.877,3.063
05/17/10 14:00,17.796,5.205,3.009,3.089