03/4/10 11:00,17.701,15.318,12.437,12.461
03/4/10 12:00,19.936,17.843,12.92,12.606
03/4/10 13:00,25.283,22.345,13.497,12.823
03/4/10 14:00,29.439,25.744,14.314,13.137
03/4/10 15:00,27.087,24.05,15.079,13.546
03/4/10 16:00,24.944,22.369,15.461,13.93
03/4/10 17:00,26.036,21.724,15.605,14.218
03/4/10 18:00,23.713,19.746,15.652,14.433
03/4/10 19:00,18.723,17.534,15.557,14.529
03/4/10 20:00,13.112,14.816,15.342,14.577
03/4/10 21:00,12.268,13.978,14.984,14.505
03/4/10 22:00,11.151,13.353,14.625,14.409
03/4/10 23:00,11.297,13.016,14.29,14.242
03/5/10 0:00,11.492,12.968,14.026,14.098
03/5/10 1:00,11.54,12.847,13.81,13.954
03/5/10 2:00,11.151,12.606,13.618,13.81
03/5/10 3:00,11.662,12.582,13.449,13.69
03/5/10 4:00,11.613,12.558,13.353,13.594
03/5/10 5:00,11.053,12.025,13.233,13.473
03/5/10 6:00,10.834,11.953,13.112,13.377
03/5/10 7:00,11.029,12.122,12.992,13.281
03/5/10 8:00,11.662,12.485,12.92,13.209
03/5/10 9:00,13.064,13.449,12.896,13.137
03/5/10 10:00,13.473,14.098,12.992,13.088
03/5/10 11:00,13.906,14.409,13.088,13.112
03/5/10 12:00,15.39,15.652,13.209,13.137
03/5/10 13:00,16.177,15.772,13.377,13.185
03/5/10 14:00,16.844,16.725,13.594,13.257
03/5/10 15:00,17.605,17.486,13.858,13.377
03/5/10 16:00,15.414,16.82,14.17,13.522
03/5/10 17:00,14.816,15.724,14.361,13.69
03/5/10 18:00,13.882,15.27,14.433,13.81
03/5/10 19:00,13.088,14.337,14.457,13.906
03/5/10 20:00,12.654,13.834,14.361,13.954
03/5/10 21:00,12.727,13.594,14.218,13.93
03/5/10 22:00,12.775,13.425,14.074,13.906
03/5/10 23:00,12.751,13.329,13.978,13.834
03/6/10 0:00,12.823,13.257,13.882,13.786
03/6/10 1:00,12.871,13.233,13.786,13.738
03/6/10 2:00,12.847,13.161,13.714,13.69
03/6/10 3:00,12.847,13.112,13.642,13.642
03/6/10 4:00,12.944,13.112,13.57,13.594
03/6/10 5:00,13.04,13.088,13.522,13.546
03/6/10 6:00,12.606,13.064,13.497,13.497
03/6/10 7:00,11.589,12.558,13.449,13.473
03/6/10 8:00,12.098,12.775,13.377,13.425
03/6/10 9:00,13.786,13.906,13.329,13.401
03/6/10 10:00,15.127,14.505,13.449,13.377
03/6/10 11:00,19.936,16.82,13.762,13.425
03/6/10 12:00,22.896,19.151,14.433,13.594
03/6/10 13:00,26.989,24.171,15.39,13.954
03/6/10 14:00,25.137,22.106,16.296,14.457
03/6/10 15:00,25.21,22.513,16.558,14.888
03/6/10 16:00,32.536,27.702,16.796,15.151
03/6/10 17:00,26.451,23.088,17.153,15.438
03/6/10 18:00,19.674,19.46,17.153,15.676
03/6/10 19:00,16.892,17.296,16.915,15.772
03/6/10 20:00,13.93,15.605,16.558,15.748
03/6/10 21:00,11.102,13.906,16.153,15.629
03/6/10 22:00,12.847,14.242,15.676,15.461
03/6/10 23:00,13.377,14.553,15.342,15.247
03/7/10 0:00,12.703,14.098,14.912,15.008
03/7/10 1:00,12.727,13.978,14.529,14.816
03/7/10 2:00,12.703,13.834,14.385,14.625
03/7/10 3:00,12.654,13.642,14.314,14.505
03/7/10 4:00,12.558,13.497,14.218,14.409
03/7/10 5:00,12.847,13.618,14.146,14.314
03/7/10 6:00,12.63,13.425,14.074,14.218
03/7/10 7:00,12.219,13.329,14.002,14.146
03/7/10 8:00,12.147,13.305,13.93,14.098
03/7/10 9:00,12.775,13.642,13.882,14.026
03/7/10 10:00,12.751,13.473,13.858,13.978
03/7/10 11:00,12.316,13.137,13.81,13.93
03/7/10 12:00,11.783,12.678,13.714,13.882
03/7/10 13:00,11.686,13.112,13.522,13.786
03/7/10 14:00,15.772,15.008,13.377,13.69
03/7/10 15:00,13.185,14.266,13.473,13.618
03/7/10 16:00,12.534,13.738,13.594,13.642
03/7/10 17:00,12.413,13.425,13.57,13.642
03/7/10 18:00,12.098,13.233,13.473,13.618
03/7/10 19:00,12.05,12.944,13.377,13.57
03/7/10 20:00,11.734,12.871,13.281,13.497
03/7/10 21:00,11.613,12.775,13.185,13.449
03/7/10 22:00,11.686,12.727,13.137,13.377
03/7/10 23:00,11.856,12.751,13.088,13.329
03/8/10 0:00,12.025,12.775,13.064,13.305
03/8/10 1:00,12.292,12.799,13.04,13.257
03/8/10 2:00,12.413,12.775,13.04,13.233
03/8/10 3:00,12.243,12.582,13.04,13.209
03/8/10 4:00,11.273,11.856,12.968,13.161
03/8/10 5:00,10.98,11.832,12.871,13.112
03/8/10 6:00,10.222,11.565,12.799,13.04
03/8/10 7:00,9.928,11.102,12.727,12.992
03/8/10 8:00,10.1,11.419,12.63,12.944
03/8/10 9:00,8.494,10.712,12.582,12.871
03/8/10 10:00,8.693,11.102,12.558,12.823
03/8/10 11:00,9.509,11.783,12.582,12.799
03/8/10 12:00,11.127,12.025,12.678,12.799
03/8/10 13:00,13.618,14.098,12.847,12.823
03/8/10 14:00,11.37,13.016,13.088,12.896
03/8/10 15:00,10.59,13.305,13.209,12.992
03/8/10 16:00,9.534,11.467,13.281,13.064
03/8/10 17:00,8.344,10.81,13.209,13.088
03/8/10 18:00,7.242,9.213,13.064,13.088
03/8/10 19:00,7.444,9.04,12.606,12.968
03/8/10 20:00,6.94,7.77,12.316,12.775
03/8/10 21:00,5.719,7.845,11.977,12.582
03/8/10 22:00,6.255,7.343,11.467,12.292
03/8/10 23:00,6.864,7.645,11.029,11.953
03/9/10 0:00,7.015,7.72,10.81,11.662
03/9/10 1:00,7.318,7.845,10.59,11.419
03/9/10 2:00,7.544,8.07,10.467,11.248
03/9/10 3:00,7.419,8.145,10.418,11.127
03/9/10 4:00,7.569,8.22,10.443,11.078
03/9/10 5:00,7.67,8.369,10.467,11.053
03/9/10 6:00,7.494,8.394,10.492,11.053
03/9/10 7:00,7.192,8.295,10.516,11.029
03/9/10 8:00,7.444,8.568,10.516,11.029
03/9/10 9:00,8.394,9.312,10.565,11.029
03/9/10 10:00,8.717,10.296,10.687,11.029
03/9/10 11:00,9.262,11.394,10.956,11.102
03/9/10 12:00,11.127,13.04,11.321,11.224
03/9/10 13:00,12.243,14.002,11.856,11.419
03/9/10 14:00,9.04,12.074,12.389,11.686
03/9/10 15:00,15.27,15.557,12.654,11.953
03/9/10 16:00,9.188,12.799,12.896,12.171
03/9/10 17:00,8.767,11.273,12.992,12.34
03/9/10 18:00,7.895,10.345,12.92,12.437
03/9/10 19:00,7.041,9.41,12.775,12.485
03/9/10 20:00,6.56,8.767,12.582,12.461
03/9/10 21:00,5.514,8.319,12.364,12.389
03/9/10 22:00,4.869,7.77,12.098,12.292
03/9/10 23:00,3.985,7.318,11.856,12.171
03/10/10 0:00,3.142,6.839,11.589,12.025
03/10/10 1:00,2.77,6.382,11.321,11.856
03/10/10 2:00,2.61,6.077,11.053,11.71
03/10/10 3:00,0.962,5.128,10.81,11.54
03/10/10 4:00,0.356,4.558,10.516,11.37
03/10/10 5:00,1.615,5.128,10.247,11.175
03/10/10 6:00,2.477,6,10.001,10.98
03/10/10 7:00,0.55,4.947,9.854,10.81
03/10/10 8:00,2.584,5.77,9.682,10.663
03/10/10 9:00,6.204,7.895,9.558,10.541
03/10/10 10:00,8.394,9.361,9.682,10.443
03/10/10 11:00,12.92,12.025,9.952,10.467
03/10/10 12:00,14.936,12.63,10.394,10.565
03/10/10 13:00,18.105,16.558,10.932,10.736
03/10/10 14:00,20.746,18.176,11.71,11.029
03/10/10 15:00,27.186,20.674,12.413,11.419
03/10/10 16:00,29.765,22.633,12.944,11.807
03/10/10 17:00,23.184,18.747,13.305,12.147
03/10/10 18:00,10.565,14.409,13.305,12.413
03/10/10 19:00,6.331,11.467,13.064,12.509
03/10/10 20:00,4.636,9.928,12.703,12.485
03/10/10 21:00,3.827,9.015,12.34,12.389
03/10/10 22:00,3.564,8.568,11.977,12.243
03/10/10 23:00,4.194,8.22,11.662,12.074
03/11/10 0:00,3.512,7.82,11.419,11.904
03/11/10 1:00,0.989,6.484,11.175,11.734
03/11/10 2:00,0.384,5.565,10.883,11.565
03/11/10 3:00,-0.619,4.48,10.565,11.394
03/11/10 4:00,-1.67,3.749,10.222,11.175
03/11/10 5:00,-1.756,3.354,9.879,10.932
03/11/10 6:00,-0.76,3.722,9.509,10.712
03/11/10 7:00,-2.246,3.036,9.238,10.492
03/11/10 8:00,-0.395,3.195,8.965,10.271
03/11/10 9:00,3.354,5.154,8.742,10.075
03/11/10 10:00,10.173,8.07,8.717,9.903
03/11/10 11:00,17.32,11.759,9.04,9.829
03/11/10 12:00,21.318,14.457,9.829,9.952
03/11/10 13:00,23.809,19.246,10.956,10.296
03/11/10 14:00,32.794,23.184,12.074,10.81
03/11/10 15:00,34.071,24.581,12.992,11.346
03/11/10 16:00,33.261,23.521,13.618,11.88
03/11/10 17:00,32.51,19.984,13.882,12.292
03/11/10 18:00,21.819,16.01,13.81,12.558
03/11/10 19:00,14.721,13.906,13.57,12.654
03/11/10 20:00,7.469,10.492,13.209,12.654
03/11/10 21:00,3.009,8.618,12.727,12.558
03/11/10 22:00,1.398,7.142,12.171,12.364
03/11/10 23:00,2.477,6.965,11.637,12.122
03/12/10 0:00,2.584,6.763,11.175,11.856
03/12/10 1:00,-0.087,5.616,10.785,11.589
03/12/10 2:00,-1.014,4.714,10.443,11.346
03/12/10 3:00,-1.871,4.037,10.075,11.102
03/12/10 4:00,-2.478,3.722,9.706,10.858
03/12/10 5:00,-2.624,3.274,9.386,10.614
03/12/10 6:00,-3.064,3.036,9.064,10.369
03/12/10 7:00,-3.389,2.664,8.792,10.149
03/12/10 8:00,-1.241,3.274,8.519,9.928
03/12/10 9:00,4.584,5.462,8.319,9.706
03/12/10 10:00,12.437,8.717,8.319,9.558
03/12/10 11:00,19.603,12.509,8.742,9.509
03/12/10 12:00,23.472,15.175,9.657,9.682
03/12/10 13:00,25.574,20.174,10.883,10.075
03/12/10 14:00,34.466,24.074,12.098,10.638
03/12/10 15:00,35.555,24.919,13.04,11.224
03/12/10 16:00,35.182,24.098,13.642,11.759
03/12/10 17:00,31.128,20.269,13.906,12.195
03/12/10 18:00,22.848,16.749,13.858,12.485
03/12/10 19:00,15.748,14.481,13.618,12.606
03/12/10 20:00,8.369,11.175,13.257,12.63
03/12/10 21:00,5.668,9.706,12.751,12.534
03/12/10 22:00,7.217,9.632,12.243,12.34
03/12/10 23:00,8.444,10.149,11.832,12.122
03/13/10 0:00,3.036,8.095,11.589,11.929
03/13/10 1:00,1.017,6.839,11.273,11.759
03/13/10 2:00,0.934,6.408,10.883,11.565
03/13/10 3:00,0.797,5.898,10.516,11.346
03/13/10 4:00,0.024,5.488,10.173,11.127
03/13/10 5:00,-0.339,5.128,9.879,10.883
03/13/10 6:00,-0.535,4.714,9.583,10.687
03/13/10 7:00,-1.412,4.376,9.312,10.467
03/13/10 8:00,0.273,4.688,9.064,10.271
03/13/10 9:00,6.813,6.914,8.841,10.075
03/13/10 10:00,12.654,9.632,8.916,9.928
03/13/10 11:00,20.269,13.137,9.386,9.928
03/13/10 12:00,20.698,14.601,10.222,10.1
03/13/10 13:00,26.989,21.294,11.273,10.443
03/13/10 14:00,34.519,25.065,12.34,10.932
03/13/10 15:00,32.562,23.954,13.185,11.467
03/13/10 16:00,36.146,24.363,13.762,11.977
03/13/10 17:00,33.521,20.817,14.002,12.364
03/13/10 18:00,23.208,17.225,13.954,12.63
03/13/10 19:00,13.185,13.93,13.69,12.727
03/13/10 20:00,8.344,11.127,13.305,12.727
03/13/10 21:00,4.869,9.485,12.799,12.63
03/13/10 22:00,3.036,8.344,12.268,12.437
03/13/10 23:00,2.69,7.695,11.759,12.195
03/14/10 0:00,3.38,7.419,11.321,11.929
03/14/10 1:00,1.859,6.611,10.932,11.686
03/14/10 2:00,0.439,6.102,10.59,11.443
03/14/10 3:00,0.495,5.668,10.271,11.224
03/14/10 4:00,0.577,5.437,9.977,11.005
03/14/10 5:00,1.588,5.668,9.706,10.785
03/14/10 6:00,0.135,5.024,9.46,10.59
03/14/10 7:00,-0.115,4.714,9.213,10.394
03/14/10 8:00,1.099,5.102,9.015,10.222
03/14/10 9:00,7.444,7.343,8.841,10.026
03/14/10 10:00,9.903,9.04,8.965,9.903
03/14/10 11:00,15.963,12.074,9.312,9.903
03/14/10 12:00,15.676,13.016,9.78,10.001
03/14/10 13:00,16.106,13.546,10.173,10.173
03/14/10 14:00,16.201,13.69,10.541,10.369
03/14/10 15:00,15.39,13.329,10.834,10.541
03/14/10 16:00,13.57,13.04,11.078,10.736
03/14/10 17:00,12.678,12.171,11.224,10.883
03/14/10 18:00,12.437,12.171,11.273,10.98
03/14/10 19:00,10.565,10.932,11.321,11.078
03/14/10 20:00,9.879,10.296,11.248,11.127
03/14/10 21:00,8.965,9.756,11.151,11.127
03/14/10 22:00,7.368,8.99,11.005,11.102
03/14/10 23:00,7.494,8.866,10.834,11.053
03/15/10 0:00,6.484,8.444,10.687,10.98
03/15/10 1:00,3.195,6.839,10.516,10.907
03/15/10 2:00,1.94,5.949,10.271,10.81
03/15/10 3:00,3.485,5.949,9.977,10.663
03/15/10 4:00,2.637,5.642,9.731,10.516
03/15/10 5:00,3.354,5.872,9.509,10.345
03/15/10 6:00,5.36,6.484,9.312,10.198
03/15/10 7:00,4.532,6.382,9.139,10.075
03/15/10 8:00,5.102,6.611,8.99,9.928
03/15/10 9:00,8.519,8.095,8.891,9.805
03/15/10 10:00,11.904,9.928,8.99,9.731
03/15/10 11:00,16.701,13.016,9.41,9.756
03/15/10 12:00,17.534,15.939,10.198,9.928
03/15/10 13:00,17.177,16.677,11.224,10.296
03/15/10 14:00,23.208,18.533,12.001,10.761
03/15/10 15:00,15.175,14.409,12.413,11.151
03/15/10 16:00,17.51,15.461,12.582,11.443
03/15/10 17:00,16.201,14.864,12.678,11.662
03/15/10 18:00,17.796,14.361,12.678,11.807
03/15/10 19:00,13.088,12.63,12.606,11.904
03/15/10 20:00,9.114,10.369,12.461,11.929
03/15/10 21:00,6.179,8.841,12.171,11.929
03/15/10 22:00,3.958,7.845,11.783,11.807
03/15/10 23:00,4.999,7.544,11.37,11.637
03/16/10 0:00,3.722,7.217,11.005,11.467
03/16/10 1:00,3.538,6.839,10.687,11.273
03/16/10 2:00,2.823,6.306,10.418,11.078
03/16/10 3:00,1.615,5.821,10.149,10.883
03/16/10 4:00,1.044,5.411,9.879,10.712
03/16/10 5:00,0.962,5.179,9.632,10.541
03/16/10 6:00,0.522,4.895,9.386,10.345
03/16/10 7:00,0.024,4.558,9.163,10.173
03/16/10 8:00,1.534,4.818,8.965,10.026
03/16/10 9:00,7.745,7.167,8.792,9.854
03/16/10 10:00,14.122,10.051,8.916,9.731
03/16/10 11:00,20.388,13.473,9.386,9.756
03/16/10 12:00,24.388,16.058,10.247,9.952
03/16/10 13:00,26.916,20.936,11.37,10.32
03/16/10 14:00,35.155,24.412,12.485,10.858
03/16/10 15:00,38.421,25.671,13.401,11.443
03/16/10 16:00,35.075,23.112,13.906,11.953
03/16/10 17:00,19.484,17.272,13.978,12.34
03/16/10 18:00,17.225,15.7,13.834,12.534
03/16/10 19:00,12.896,13.618,13.618,12.63
03/16/10 20:00,11.248,12.34,13.281,12.606
03/16/10 21:00,6.661,10.296,12.896,12.534
03/16/10 22:00,5.411,9.312,12.461,12.389
03/16/10 23:00,4.532,8.568,12.001,12.195
03/17/10 0:00,4.402,8.195,11.613,12.001
03/17/10 1:00,3.617,7.645,11.273,11.759
03/17/10 2:00,5.282,7.72,10.932,11.565
03/17/10 3:00,4.454,7.469,10.663,11.346
03/17/10 4:00,4.688,7.293,10.394,11.151
03/17/10 5:00,5.205,7.419,10.198,10.98
03/17/10 6:00,6.585,7.87,10.026,10.81
03/17/10 7:00,7.393,8.17,9.903,10.687
03/17/10 8:00,9.78,8.891,9.829,10.565
03/17/10 9:00,11.904,9.78,9.854,10.467
03/17/10 10:00,15.079,11.321,10.051,10.443
03/17/10 11:00,18.105,13.088,10.394,10.516
03/17/10 12:00,19.888,14.984,10.98,10.638
03/17/10 13:00,22.202,19.127,11.953,10.956
03/17/10 14:00,26.549,22.298,12.944,11.394
03/17/10 15:00,30.041,24.484,13.738,11.88
03/17/10 16:00,33.053,24.653,14.242,12.34
03/17/10 17:00,32.562,21.748,14.457,12.703
03/17/10 18:00,24.026,17.986,14.385,12.944
03/17/10 19:00,16.344,15.342,14.194,13.064
03/17/10 20:00,11.71,12.606,13.882,13.064
03/17/10 21:00,7.695,10.907,13.449,12.992
03/17/10 22:00,6.889,10.124,12.968,12.847
03/17/10 23:00,7.444,9.879,12.534,12.654
03/18/10 0:00,6.585,9.41,12.171,12.437
03/18/10 1:00,7.293,9.558,11.88,12.243
03/18/10 2:00,5.539,8.717,11.637,12.05
03/18/10 3:00,5.437,8.444,11.394,11.88
03/18/10 4:00,4.688,7.97,11.151,11.71
03/18/10 5:00,5.308,8.095,10.932,11.565
03/18/10 6:00,6.813,8.145,10.736,11.394
03/18/10 7:00,7.091,8.369,10.541,11.248
03/18/10 8:00,8.344,8.965,10.394,11.102
03/18/10 9:00,12.654,10.638,10.345,11.005
03/18/10 10:00,16.439,12.63,10.541,10.932
03/18/10 11:00,18.557,14.721,10.98,10.98
03/18/10 12:00,19.722,17.153,11.516,11.151
03/18/10 13:00,23.016,20.055,12.05,11.394
03/18/10 14:00,27.899,22.489,12.823,11.686
03/18/10 15:00,26.109,23.521,13.618,12.074
03/18/10 16:00,22.345,21.987,14.098,12.485
03/18/10 17:00,21.557,19.865,14.266,12.799
03/18/10 18:00,18.509,16.654,14.194,12.992
03/18/10 19:00,14.721,14.457,13.954,13.064
03/18/10 20:00,11.54,12.485,13.666,13.064
03/18/10 21:00,11.492,12.147,13.305,12.992
03/18/10 22:00,11.151,11.613,12.992,12.847
03/18/10 23:00,11.248,11.516,12.703,12.727
03/19/10 0:00,10.541,11.053,12.509,12.582
03/19/10 1:00,10.785,10.98,12.292,12.461
03/19/10 2:00,11.734,10.956,12.122,12.34
03/19/10 3:00,11.832,10.785,12.001,12.219
03/19/10 4:00,11.467,10.565,11.88,12.122
03/19/10 5:00,11.102,10.345,11.734,12.025
03/19/10 6:00,10.614,9.977,11.589,11.929
03/19/10 7:00,10.932,10.296,11.467,11.832
03/19/10 8:00,11.029,10.173,11.37,11.734
03/19/10 9:00,11.856,10.736,11.273,11.662
03/19/10 10:00,14.697,12.34,11.273,11.589
03/19/10 11:00,14.697,14.05,11.467,11.565
03/19/10 12:00,15.605,15.533,11.783,11.637
03/19/10 13:00,14.529,15.151,12.268,11.759
03/19/10 14:00,14.529,14.505,12.63,11.977
03/19/10 15:00,15.342,15.819,12.799,12.147
03/19/10 16:00,16.415,15.986,12.968,12.292
03/19/10 17:00,23.954,16.963,13.064,12.413
03/19/10 18:00,14.074,13.69,13.064,12.485
03/19/10 19:00,13.497,12.944,12.968,12.534
03/19/10 20:00,13.281,12.437,12.823,12.534
03/19/10 21:00,12.775,12.122,12.654,12.485
03/19/10 22:00,12.098,11.516,12.509,12.437
03/19/10 23:00,11.637,11.175,12.316,12.364
03/20/10 0:00,11.977,11.248,12.147,12.268
03/20/10 1:00,11.71,11.224,11.977,12.171
03/20/10 2:00,11.394,11.005,11.88,12.098
03/20/10 3:00,11.516,11.005,11.759,12.001
03/20/10 4:00,11.613,11.029,11.662,11.929
03/20/10 5:00,12.074,11.248,11.589,11.856
03/20/10 6:00,12.243,11.346,11.54,11.807
03/20/10 7:00,12.098,11.37,11.516,11.759
03/20/10 8:00,12.992,12.05,11.516,11.734
03/20/10 9:00,14.146,13.04,11.589,11.71
03/20/10 10:00,15.103,14.194,11.783,11.734
03/20/10 11:00,18.247,16.153,12.074,11.807
03/20/10 12:00,20.722,17.391,12.558,11.953
03/20/10 13:00,18.271,17.819,13.161,12.195
03/20/10 14:00,20.079,18.247,13.594,12.461
03/20/10 15:00,20.531,19.77,13.93,12.727
03/20/10 16:00,19.008,19.674,14.146,12.944
03/20/10 17:00,16.249,16.225,14.194,13.112
03/20/10 18:00,16.32,15.796,14.026,13.209
03/20/10 19:00,14.745,14.29,13.882,13.233
03/20/10 20:00,13.81,13.377,13.69,13.209
03/20/10 21:00,13.257,12.847,13.449,13.137
03/20/10 22:00,12.896,12.582,13.209,13.064
03/20/10 23:00,12.606,12.389,13.04,12.944
03/21/10 0:00,12.219,12.001,12.871,12.871
03/21/10 1:00,12.727,12.171,12.703,12.775
03/21/10 2:00,12.703,12.292,12.582,12.654
03/21/10 3:00,12.437,12.171,12.485,12.606
03/21/10 4:00,12.389,11.977,12.413,12.534
03/21/10 5:00,11.88,11.565,12.34,12.461
03/21/10 6:00,11.589,11.248,12.243,12.413
03/21/10 7:00,11.346,11.151,12.122,12.34
03/21/10 8:00,10.956,11.005,12.025,12.268
03/21/10 9:00,12.195,11.151,11.929,12.195
03/21/10 10:00,13.714,11.953,11.88,12.122
03/21/10 11:00,15.294,14.433,12.001,12.098
03/21/10 12:00,16.487,15.079,12.389,12.147
03/21/10 13:00,17.13,17.463,12.968,12.292
03/21/10 14:00,20.96,20.579,13.594,12.558
03/21/10 15:00,24.532,21.724,14.098,12.823
03/21/10 16:00,27.702,22.513,14.361,13.112
03/21/10 17:00,25.598,19.389,14.409,13.305
03/21/10 18:00,18.105,15.724,14.17,13.377
03/21/10 19:00,10.614,12.534,13.858,13.377
03/21/10 20:00,6.864,10.051,13.449,13.257
03/21/10 21:00,5.514,8.916,12.92,13.112
03/21/10 22:00,4.818,8.444,12.389,12.871
03/21/10 23:00,4.141,7.393,11.953,12.606
03/22/10 0:00,1.507,6.179,11.565,12.364
03/22/10 1:00,-0.619,5.179,11.151,12.098
03/22/10 2:00,-0.929,4.584,10.785,11.856
03/22/10 3:00,-1.871,4.089,10.418,11.589
03/22/10 4:00,-1.355,3.854,10.075,11.346
03/22/10 5:00,-0.479,3.932,9.78,11.102
03/22/10 6:00,-2.712,3.274,9.485,10.883
03/22/10 7:00,-2.946,3.036,9.238,10.638
03/22/10 8:00,-0.732,3.749,8.99,10.443
03/22/10 9:00,4.194,6.051,8.792,10.247
03/22/10 10:00,11.394,9.312,8.841,10.1
03/22/10 11:00,18.461,12.847,9.238,10.075
03/22/10 12:00,20.627,14.84,10.001,10.198
03/22/10 13:00,21.963,19.436,11.127,10.516
03/22/10 14:00,29.966,23.545,12.219,10.98
03/22/10 15:00,35.582,25.525,13.064,11.492
03/22/10 16:00,34.071,24.46,13.546,11.953
03/22/10 17:00,31.459,21.461,13.69,12.292
03/22/10 18:00,19.722,16.606,13.546,12.509
03/22/10 19:00,11.856,13.762,13.281,12.582
03/22/10 20:00,8.767,11.175,12.896,12.534
03/22/10 21:00,6.382,9.435,12.461,12.437
03/22/10 22:00,4.999,8.494,11.977,12.268
03/22/10 23:00,5.719,8.17,11.54,12.05
03/23/10 0:00,5.565,8.145,11.151,11.807
03/23/10 1:00,4.402,7.368,10.834,11.613
03/23/10 2:00,2.503,6.128,10.541,11.394
03/23/10 3:00,3.063,6.204,10.222,11.2
03/23/10 4:00,1.534,5.437,9.952,11.005
03/23/10 5:00,1.94,5.334,9.706,10.81
03/23/10 6:00,1.994,5.231,9.485,10.614
03/23/10 7:00,0.605,4.688,9.287,10.443
03/23/10 8:00,2.503,5.257,9.089,10.271
03/23/10 9:00,9.386,7.77,8.965,10.124
03/23/10 10:00,13.69,10.149,9.114,10.026
03/23/10 11:00,18.794,13.016,9.534,10.051
03/23/10 12:00,22.609,15.438,10.271,10.198
03/23/10 13:00,24.243,20.174,11.346,10.541
03/23/10 14:00,34.44,24.968,12.413,11.005
03/23/10 15:00,32.82,26.378,13.257,11.516
03/23/10 16:00,37.261,25.768,13.714,11.977
03/23/10 17:00,36.146,21.843,13.81,12.316
03/23/10 18:00,22.298,17.296,13.666,12.509
03/23/10 19:00,15.39,14.84,13.401,12.582
03/23/10 20:00,9.46,11.029,13.04,12.558
03/23/10 21:00,4.999,8.717,12.509,12.437
03/23/10 22:00,4.947,8.245,12.001,12.243
03/23/10 23:00,4.506,7.619,11.54,12.001
03/24/10 0:00,4.869,7.619,11.151,11.783
03/24/10 1:00,1.805,6.077,10.834,11.589
03/24/10 2:00,1.017,5.591,10.467,11.37
03/24/10 3:00,0.605,5.257,10.173,11.127
03/24/10 4:00,1.967,5.179,9.879,10.932
03/24/10 5:00,2.37,5.282,9.608,10.736
03/24/10 6:00,0.77,4.714,9.41,10.541
03/24/10 7:00,1.507,4.688,9.213,10.369
03/24/10 8:00,4.324,6.102,9.015,10.198
03/24/10 9:00,8.444,7.845,8.916,10.051
03/24/10 10:00,13.93,10.712,9.089,9.952
03/24/10 11:00,19.96,13.954,9.509,10.001
03/24/10 12:00,23.304,16.296,10.222,10.149
03/24/10 13:00,24.75,21.008,11.248,10.467
03/24/10 14:00,33.861,25.283,12.268,10.907
03/24/10 15:00,36.471,25.841,13.088,11.394
03/24/10 16:00,35.877,24.871,13.546,11.856
03/24/10 17:00,33.183,20.984,13.69,12.195
03/24/10 18:00,21.461,17.058,13.57,12.389
03/24/10 19:00,12.171,13.257,13.329,12.485
03/24/10 20:00,6.255,9.509,12.896,12.461
03/24/10 21:00,3.643,8.02,12.34,12.34
03/24/10 22:00,2.664,7.066,11.783,12.122
03/24/10 23:00,1.94,6.484,11.297,11.88
03/25/10 0:00,2.584,6.331,10.883,11.637
03/25/10 1:00,4.558,6.94,10.541,11.394
03/25/10 2:00,4.844,7.116,10.296,11.175
03/25/10 3:00,9.41,8.543,10.1,11.005
03/25/10 4:00,8.916,8.742,10.001,10.834
03/25/10 5:00,7.77,8.295,9.977,10.736
03/25/10 6:00,7.343,7.895,9.928,10.663
03/25/10 7:00,7.82,8.045,9.829,10.59
03/25/10 8:00,7.87,8.17,9.731,10.516
03/25/10 9:00,10.565,9.386,9.682,10.418
03/25/10 10:00,14.194,11.492,9.829,10.394
03/25/10 11:00,17.962,13.93,10.198,10.443
03/25/10 12:00,20.889,15.986,10.834,10.59
03/25/10 13:00,22.345,19.722,11.759,10.883
03/25/10 14:00,26.182,22.872,12.678,11.297
03/25/10 15:00,30.343,24.726,13.329,11.71
03/25/10 16:00,30.773,24.339,13.714,12.098
03/25/10 17:00,28.394,21.557,13.834,12.413
03/25/10 18:00,20.388,17.486,13.714,12.582
03/25/10 19:00,13.762,14.194,13.449,12.654
03/25/10 20:00,10.858,11.832,13.088,12.63
03/25/10 21:00,10.075,11.224,12.63,12.509
03/25/10 22:00,9.089,10.296,12.243,12.364
03/25/10 23:00,8.866,10.001,11.904,12.195
03/26/10 0:00,8.891,9.854,11.637,12.025
03/26/10 1:00,8.593,9.509,11.419,11.856
03/26/10 2:00,8.643,9.287,11.2,11.71
03/26/10 3:00,10.443,9.952,11.029,11.565
03/26/10 4:00,10.712,10.026,10.932,11.467
03/26/10 5:00,11.053,9.805,10.883,11.37
03/26/10 6:00,11.127,9.805,10.785,11.297
03/26/10 7:00,10.932,9.928,10.712,11.224
03/26/10 8:00,11.346,10.173,10.638,11.151
03/26/10 9:00,12.582,11.102,10.614,11.078
03/26/10 10:00,16.392,14.361,10.736,11.053
03/26/10 11:00,16.32,15.247,11.102,11.102
03/26/10 12:00,16.558,15.891,11.492,11.224
03/26/10 13:00,21.915,20.222,11.953,11.394
03/26/10 14:00,19.008,19.341,12.703,11.662
03/26/10 15:00,28.196,22.513,13.185,11.977
03/26/10 16:00,29.565,23.136,13.546,12.268
03/26/10 17:00,25.307,19.579,13.738,12.509
03/26/10 18:00,18.628,16.32,13.69,12.678
03/26/10 19:00,13.906,13.81,13.473,12.751
03/26/10 20:00,9.188,11.127,13.161,12.727
03/26/10 21:00,10.712,11.467,12.751,12.63
03/26/10 22:00,8.419,10.516,12.437,12.485
03/26/10 23:00,8.742,9.952,12.171,12.34
03/27/10 0:00,8.742,9.977,11.88,12.195
03/27/10 1:00,6.889,8.668,11.662,12.05
03/27/10 2:00,8.17,9.41,11.419,11.904
03/27/10 3:00,9.213,9.706,11.248,11.759
03/27/10 4:00,11.151,9.977,11.127,11.637
03/27/10 5:00,11.467,10.173,11.053,11.54
03/27/10 6:00,11.467,10.222,11.005,11.467
03/27/10 7:00,11.102,10.075,10.956,11.394
03/27/10 8:00,11.37,10.222,10.907,11.346
03/27/10 9:00,12.727,10.883,10.858,11.273
03/27/10 10:00,14.96,12.437,10.932,11.248
03/27/10 11:00,18.461,14.697,11.2,11.273
03/27/10 12:00,19.793,16.392,11.71,11.37
03/27/10 13:00,21.223,19.318,12.582,11.613
03/27/10 14:00,18.723,20.031,13.353,11.977
03/27/10 15:00,20.936,20.579,13.69,12.34
03/27/10 16:00,18.557,18.675,13.81,12.582
03/27/10 17:00,24.532,19.888,13.858,12.727
03/27/10 18:00,16.415,15.748,13.858,12.847
03/27/10 19:00,14.122,13.978,13.69,12.92
03/27/10 20:00,10.222,11.346,13.425,12.896
03/27/10 21:00,10.541,11.346,13.016,12.823
03/27/10 22:00,10.467,11.151,12.703,12.678
03/27/10 23:00,6.864,9.336,12.437,12.534
03/28/10 0:00,9.657,10.516,12.171,12.413
03/28/10 1:00,10.296,10.712,11.953,12.243
03/28/10 2:00,10.149,10.565,11.832,12.122
03/28/10 3:00,8.717,9.805,11.734,12.05
03/28/10 4:00,9.903,10.394,11.613,11.953
03/28/10 5:00,10.149,10.296,11.492,11.856
03/28/10 6:00,9.952,10.173,11.394,11.783
03/28/10 7:00,9.756,9.854,11.321,11.71
03/28/10 8:00,10.638,10.051,11.224,11.637
03/28/10 9:00,12.582,11.078,11.151,11.565
03/28/10 10:00,15.533,13.016,11.224,11.492
03/28/10 11:00,18.628,16.344,11.565,11.516
03/28/10 12:00,16.487,16.439,12.025,11.637
03/28/10 13:00,18.01,17.534,12.364,11.832
03/28/10 14:00,18.485,18.081,12.654,12.001
03/28/10 15:00,19.365,17.368,12.944,12.171
03/28/10 16:00,23.978,19.746,13.209,12.316
03/28/10 17:00,16.487,16.368,13.425,12.509
03/28/10 18:00,13.257,14.194,13.425,12.654
03/28/10 19:00,11.516,12.05,13.257,12.727
03/28/10 20:00,10.932,11.613,12.968,12.678
03/28/10 21:00,10.59,11.37,12.751,12.606
03/28/10 22:00,10.124,11.175,12.582,12.534
03/28/10 23:00,10.075,10.907,12.413,12.437
03/29/10 0:00,9.706,10.736,12.292,12.364
03/29/10 1:00,9.657,10.565,12.171,12.292
03/29/10 2:00,9.509,10.443,12.074,12.219
03/29/10 3:00,9.534,10.345,11.977,12.147
03/29/10 4:00,9.312,10.271,11.88,12.074
03/29/10 5:00,9.731,10.271,11.807,12.025
03/29/10 6:00,9.928,10.296,11.734,11.953
03/29/10 7:00,9.756,10.198,11.662,11.88
03/29/10 8:00,9.977,10.051,11.516,11.783
03/29/10 9:00,10.001,10.345,11.443,11.686
03/29/10 10:00,10.565,10.883,11.443,11.662
03/29/10 11:00,11.783,11.953,11.467,11.613
03/29/10 12:00,12.582,13.185,11.613,11.637
03/29/10 13:00,12.92,13.954,11.929,11.71
03/29/10 14:00,11.977,13.834,12.292,11.856
03/29/10 15:00,12.316,13.786,12.582,12.05
03/29/10 16:00,12.147,13.642,12.775,12.195
03/29/10 17:00,21.056,15.318,12.944,12.364
03/29/10 18:00,11.516,12.944,13.04,12.485
03/29/10 19:00,10.149,11.807,12.968,12.558
03/29/10 20:00,8.941,10.81,12.799,12.558
03/29/10 21:00,6.306,9.386,12.534,12.509
03/29/10 22:00,4.063,8.22,12.243,12.389
03/29/10 23:00,5.77,8.568,11.904,12.243
03/30/10 0:00,7.419,8.792,11.637,12.074
03/30/10 1:00,8.12,9.04,11.419,11.929
03/30/10 2:00,7.519,8.965,11.273,11.783
03/30/10 3:00,6.56,8.319,11.127,11.662
03/30/10 4:00,6.382,8.27,10.956,11.54
03/30/10 5:00,5.796,7.795,10.761,11.419
03/30/10 6:00,6.153,7.97,10.565,11.273
03/30/10 7:00,3.88,7.217,10.394,11.127
03/30/10 8:00,4.973,7.242,10.222,11.005
03/30/10 9:00,8.742,8.693,10.051,10.883
03/30/10 10:00,9.485,9.558,10.075,10.761
03/30/10 11:00,14.984,12.171,10.296,10.736
03/30/10 12:00,20.031,15.103,10.81,10.81
03/30/10 13:00,22.034,16.749,11.662,11.053
03/30/10 14:00,18.533,16.249,12.243,11.419
03/30/10 15:00,18.129,16.344,12.558,11.71
03/30/10 16:00,15.103,14.768,12.775,11.953
03/30/10 17:00,12.171,13.257,12.799,12.122
03/30/10 18:00,9.78,12.074,12.678,12.195
03/30/10 19:00,8.965,11.297,12.509,12.219
03/30/10 20:00,8.419,10.687,12.292,12.171
03/30/10 21:00,8.295,10.369,12.074,12.098
03/30/10 22:00,7.895,10.051,11.904,12.001
03/30/10 23:00,7.494,9.756,11.734,11.929
03/31/10 0:00,7.419,9.509,11.565,11.832
03/31/10 1:00,7.544,9.312,11.419,11.734
03/31/10 2:00,7.619,9.139,11.297,11.637
03/31/10 3:00,6.712,8.693,11.175,11.54
03/31/10 4:00,3.38,7.015,11.029,11.467
03/31/10 5:00,4.921,7.343,10.81,11.346
03/31/10 6:00,6.281,7.72,10.565,11.2
03/31/10 7:00,6.484,7.97,10.369,11.053
03/31/10 8:00,6.611,8.095,10.198,10.932
03/31/10 9:00,8.195,8.866,10.1,10.81
03/31/10 10:00,11.662,10.247,10.124,10.712
03/31/10 11:00,16.296,12.219,10.394,10.712
03/31/10 12:00,17.582,13.353,10.883,10.81
03/31/10 13:00,20.841,15.963,11.394,11.005
03/31/10 14:00,19.151,16.82,11.856,11.248
03/31/10 15:00,16.796,15.27,12.292,11.516
03/31/10 16:00,16.129,14.768,12.461,11.734
03/31/10 17:00,15.151,13.81,12.509,11.904
03/31/10 18:00,13.81,12.92,12.509,12.001
03/31/10 19:00,10.761,11.37,12.413,12.025
03/31/10 20:00,8.717,10.198,12.219,12.025
03/31/10 21:00,6.051,9.089,11.977,11.977
03/31/10 22:00,6.813,8.742,11.662,11.856
03/31/10 23:00,7.82,9.386,11.394,11.71
04/1/10 0:00,7.242,9.188,11.224,11.589
04/1/10 1:00,2.236,7.015,11.078,11.467
04/1/10 2:00,1.751,6.077,10.81,11.37
04/1/10 3:00,3.564,6.179,10.467,11.175
04/1/10 4:00,4.688,6.889,10.173,11.005
04/1/10 5:00,5.949,7.318,9.928,10.81
04/1/10 6:00,2.61,6.026,9.731,10.638
04/1/10 7:00,1.317,5.282,9.534,10.467
04/1/10 8:00,2.956,5.591,9.336,10.32
04/1/10 9:00,6.331,7.091,9.163,10.173
04/1/10 10:00,9.558,8.717,9.139,10.051
04/1/10 11:00,14.361,10.907,9.386,10.001
04/1/10 12:00,17.724,12.92,9.903,10.075
04/1/10 13:00,20.579,16.415,10.761,10.32
04/1/10 14:00,28.568,19.722,11.734,10.712
04/1/10 15:00,25.21,19.222,12.558,11.175
04/1/10 16:00,21.366,17.32,12.944,11.613
04/1/10 17:00,17.724,15.39,13.016,11.904
04/1/10 18:00,14.266,13.449,12.92,12.074
04/1/10 19:00,11.734,12.001,12.703,12.122
04/1/10 20:00,10.271,11.053,12.437,12.122
04/1/10 21:00,7.67,10.271,12.147,12.025
04/1/10 22:00,7.444,9.485,11.856,11.929
04/1/10 23:00,7.015,8.891,11.565,11.783
04/2/10 0:00,5.975,8.419,11.273,11.637
04/2/10 1:00,6.99,8.717,11.029,11.467
04/2/10 2:00,7.343,8.891,10.858,11.346
04/2/10 3:00,4.063,7.569,10.736,11.2
04/2/10 4:00,3.591,6.611,10.541,11.102
04/2/10 5:00,5.102,7.268,10.271,10.956
04/2/10 6:00,4.844,7.217,10.124,10.81
04/2/10 7:00,1.913,6.153,10.001,10.687
04/2/10 8:00,2.983,5.821,9.829,10.59
04/2/10 9:00,7.469,8.394,9.632,10.443
04/2/10 10:00,10.81,10.32,9.632,10.32
04/2/10 11:00,16.892,12.195,9.879,10.296
04/2/10 12:00,20.484,14.17,10.369,10.394
04/2/10 13:00,23.93,17.51,11.2,10.614
04/2/10 14:00,21.772,17.558,11.953,10.98
04/2/10 15:00,21.103,17.272,12.389,11.346
04/2/10 16:00,17.486,15.533,12.654,11.637
04/2/10 17:00,13.954,13.858,12.678,11.832
04/2/10 18:00,11.516,12.558,12.534,11.929
04/2/10 19:00,9.361,11.151,12.34,11.953
04/2/10 20:00,8.792,10.516,12.074,11.904
04/2/10 21:00,8.145,10.149,11.832,11.832
04/2/10 22:00,7.343,9.583,11.613,11.734
04/2/10 23:00,7.393,9.287,11.419,11.613
04/3/10 0:00,5.024,8.319,11.2,11.492
04/3/10 1:00,4.584,7.242,10.98,11.37
04/3/10 2:00,6.611,8.22,10.687,11.224
04/3/10 3:00,5.539,7.67,10.516,11.078
04/3/10 4:00,4.376,7.015,10.369,10.956
04/3/10 5:00,4.115,6.636,10.198,10.834
04/3/10 6:00,2.236,5.975,9.977,10.687
04/3/10 7:00,1.643,5.514,9.756,10.565
04/3/10 8:00,4.506,6.382,9.534,10.394
04/3/10 9:00,7.594,8.045,9.41,10.247
04/3/10 10:00,11.394,9.608,9.509,10.173
04/3/10 11:00,12.63,10.712,9.805,10.173
04/3/10 12:00,20.198,14.002,10.222,10.247
04/3/10 13:00,16.963,14.673,10.834,10.443
04/3/10 14:00,18.913,15.605,11.248,10.712
04/3/10 15:00,27.112,17.391,11.589,10.932
04/3/10 16:00,16.487,15.127,11.929,11.151
04/3/10 17:00,14.649,13.786,12.05,11.37
04/3/10 18:00,13.353,12.727,12.025,11.492
04/3/10 19:00,9.657,11.102,11.88,11.54
04/3/10 20:00,8.22,10.296,11.686,11.516
04/3/10 21:00,7.242,9.756,11.467,11.467
04/3/10 22:00,7.066,9.435,11.248,11.394
04/3/10 23:00,7.015,9.188,11.053,11.297
04/4/10 0:00,6.94,9.015,10.883,11.175
04/4/10 1:00,6.484,8.792,10.761,11.078
04/4/10 2:00,6.535,8.668,10.614,10.98
04/4/10 3:00,6.535,8.469,10.492,10.883
04/4/10 4:00,6.306,8.22,10.394,10.81
04/4/10 5:00,6.458,8.07,10.271,10.736
04/4/10 6:00,5.796,7.645,10.173,10.638
04/4/10 7:00,1.126,5.616,10.051,10.565
04/4/10 8:00,1.126,5.282,9.78,10.467
04/4/10 9:00,5.642,6.914,9.509,10.296
04/4/10 10:00,11.662,9.238,9.435,10.173
04/4/10 11:00,13.353,11.637,9.682,10.124
04/4/10 12:00,13.666,12.389,10.149,10.173
04/4/10 13:00,15.175,12.896,10.59,10.345
04/4/10 14:00,18.842,15.079,10.932,10.541
04/4/10 15:00,25.065,15.724,11.273,10.761
04/4/10 16:00,13.834,12.678,11.492,10.932
04/4/10 17:00,12.098,11.759,11.516,11.078
04/4/10 18:00,11.078,11.224,11.443,11.151
04/4/10 19:00,9.706,10.222,11.321,11.151
04/4/10 20:00,9.238,9.854,11.175,11.151
04/4/10 21:00,7.066,9.089,11.029,11.078
04/4/10 22:00,4.662,7.895,10.858,11.029
04/4/10 23:00,2.664,6.94,10.614,10.932
04/5/10 0:00,1.344,6.026,10.32,10.81
04/5/10 1:00,1.588,5.719,9.977,10.638
04/5/10 2:00,3.958,5.898,9.682,10.467
04/5/10 3:00,3.775,6.128,9.41,10.271
04/5/10 4:00,1.126,5.308,9.213,10.1
04/5/10 5:00,-0.004,4.662,9.015,9.952
04/5/10 6:00,0.412,4.272,8.792,9.805
04/5/10 7:00,0.135,4.35,8.568,9.632
04/5/10 8:00,0.218,4.246,8.394,9.46
04/5/10 9:00,5.257,5.898,8.22,9.312
04/5/10 10:00,11.37,9.386,8.22,9.188
04/5/10 11:00,15.461,10.98,8.543,9.163
04/5/10 12:00,14.553,12.582,9.04,9.262
04/5/10 13:00,18.533,15.366,9.756,9.46
04/5/10 14:00,20.579,16.439,10.516,9.829
04/5/10 15:00,30.849,18.794,11.053,10.173
04/5/10 16:00,19.722,16.892,11.637,10.516
04/5/10 17:00,13.233,12.703,11.904,10.858
04/5/10 18:00,11.394,11.467,11.783,11.053
04/5/10 19:00,10.051,10.663,11.565,11.102
04/5/10 20:00,9.485,10.1,11.321,11.102
04/5/10 21:00,9.238,9.854,11.102,11.029
04/5/10 22:00,6.687,8.618,10.932,10.956
04/5/10 23:00,6.611,7.995,10.712,10.883
04/6/10 0:00,5.282,7.419,10.443,10.761
04/6/10 1:00,2.637,6.306,10.173,10.638
04/6/10 2:00,2.074,5.821,9.879,10.467
04/6/10 3:00,2.717,5.462,9.608,10.32
04/6/10 4:00,1.534,4.999,9.361,10.149
04/6/10 5:00,1.398,5.076,9.114,9.977
04/6/10 6:00,2.021,5.102,8.916,9.805
04/6/10 7:00,3.749,5.539,8.717,9.657
04/6/10 8:00,5.024,6.281,8.568,9.509
04/6/10 9:00,7.419,7.444,8.469,9.386
04/6/10 10:00,10.418,9.015,8.543,9.287
04/6/10 11:00,13.353,11.102,8.792,9.312
04/6/10 12:00,16.701,13.834,9.213,9.386
04/6/10 13:00,20.15,15.676,9.78,9.558
04/6/10 14:00,14.912,14.433,10.492,9.829
04/6/10 15:00,14.122,13.738,10.932,10.173
04/6/10 16:00,18.723,15.175,11.151,10.418
04/6/10 17:00,11.734,11.977,11.297,10.614
04/6/10 18:00,10.81,10.98,11.224,10.736
04/6/10 19:00,8.444,9.854,11.078,10.785
04/6/10 20:00,8.344,9.41,10.907,10.785
04/6/10 21:00,8.295,9.188,10.712,10.736
04/6/10 22:00,9.188,9.534,10.565,10.663
04/6/10 23:00,9.064,9.509,10.467,10.59
04/7/10 0:00,8.693,9.361,10.394,10.541
04/7/10 1:00,8.792,9.287,10.32,10.492
04/7/10 2:00,8.792,9.287,10.271,10.443
04/7/10 3:00,8.568,9.188,10.222,10.394
04/7/10 4:00,8.717,9.188,10.124,10.369
04/7/10 5:00,8.792,9.064,10.001,10.271
04/7/10 6:00,8.767,9.015,9.903,10.198
04/7/10 7:00,8.668,8.916,9.805,10.124
04/7/10 8:00,8.792,9.089,9.78,10.075
04/7/10 9:00,9.163,9.41,9.78,10.051
04/7/10 10:00,10.001,10.149,9.805,10.026
04/7/10 11:00,10.075,10.345,9.952,10.051
04/7/10 12:00,10.296,10.638,10.124,10.1
04/7/10 13:00,10.858,11.297,10.271,10.173
04/7/10 14:00,10.883,11.127,10.418,10.271
04/7/10 15:00,10.149,10.785,10.663,10.394
04/7/10 16:00,9.977,10.687,10.736,10.516
04/7/10 17:00,10.001,10.443,10.761,10.565
04/7/10 18:00,9.485,10.149,10.761,10.614
04/7/10 19:00,9.139,9.706,10.736,10.638
04/7/10 20:00,8.891,9.509,10.663,10.638
04/7/10 21:00,8.519,9.238,10.59,10.614
04/7/10 22:00,8.941,9.262,10.516,10.59
04/7/10 23:00,8.045,8.965,10.443,10.565
04/8/10 0:00,7.594,8.643,10.369,10.516
04/8/10 1:00,7.444,8.543,10.296,10.467
04/8/10 2:00,7.041,8.12,10.222,10.418
04/8/10 3:00,6.94,8.195,10.124,10.369
04/8/10 4:00,6.408,8.12,10.026,10.296
04/8/10 5:00,6.23,7.97,9.952,10.247
04/8/10 6:00,6.509,7.97,9.879,10.198
04/8/10 7:00,6.788,8.02,9.829,10.149
04/8/10 8:00,7.015,8.17,9.78,10.1
04/8/10 9:00,7.72,8.866,9.731,10.051
04/8/10 10:00,8.668,9.41,9.78,10.026
04/8/10 11:00,12.558,11.102,9.903,10.026
04/8/10 12:00,12.147,12.074,10.173,10.1
04/8/10 13:00,12.654,13.185,10.565,10.222
04/8/10 14:00,17.51,15.008,11.005,10.418
04/8/10 15:00,14.697,14.218,11.419,10.663
04/8/10 16:00,18.961,15.438,11.637,10.883
04/8/10 17:00,12.171,13.305,11.759,11.053
04/8/10 18:00,10.932,12.05,11.759,11.175
04/8/10 19:00,7.343,10.026,11.613,11.224
04/8/10 20:00,6.94,9.361,11.37,11.2
04/8/10 21:00,5.924,8.767,11.102,11.127
04/8/10 22:00,4.818,7.67,10.834,11.005
04/8/10 23:00,4.168,7.116,10.541,10.883
04/9/10 0:00,2.289,5.924,10.247,10.712
04/9/10 1:00,1.751,5.411,9.903,10.541
04/9/10 2:00,0.522,4.766,9.608,10.345
04/9/10 3:00,1.697,4.999,9.312,10.124
04/9/10 4:00,0.246,4.376,9.064,9.952
04/9/10 5:00,-0.591,3.854,8.841,9.756
04/9/10 6:00,-0.901,3.643,8.593,9.583
04/9/10 7:00,-0.675,3.433,8.394,9.41
04/9/10 8:00,0.273,3.67,8.17,9.238
04/9/10 9:00,4.011,5.205,7.995,9.089
04/9/10 10:00,9.928,7.469,7.895,8.941
04/9/10 11:00,13.954,9.805,8.095,8.866
04/9/10 12:00,18.295,12.678,8.568,8.916
04/9/10 13:00,16.725,14.146,9.262,9.114
04/9/10 14:00,15.748,14.29,9.977,9.41
04/9/10 15:00,17.344,14.864,10.467,9.756
04/9/10 16:00,12.775,13.257,10.81,10.051
04/9/10 17:00,12.944,12.316,10.98,10.271
04/9/10 18:00,9.213,10.858,11.005,10.443
04/9/10 19:00,7.544,9.41,10.932,10.541
04/9/10 20:00,7.217,8.941,10.761,10.565
04/9/10 21:00,6.839,8.568,10.59,10.516
04/9/10 22:00,6.281,8.295,10.418,10.467
04/9/10 23:00,5.924,8.07,10.247,10.394
04/10/10 0:00,5.334,7.167,10.051,10.32
04/10/10 1:00,5.719,6.687,9.854,10.222
04/10/10 2:00,5.924,6.382,9.657,10.1
04/10/10 3:00,6.102,6.433,9.485,9.977
04/10/10 4:00,6.636,6.611,9.336,9.879
04/10/10 5:00,6.306,6.788,9.262,9.78
04/10/10 6:00,5.949,6.94,9.188,9.706
04/10/10 7:00,6.179,7.066,9.139,9.632
04/10/10 8:00,6.914,7.368,9.089,9.558
04/10/10 9:00,7.293,7.895,9.089,9.509
04/10/10 10:00,8.742,9.139,9.139,9.509
04/10/10 11:00,9.805,10.32,9.287,9.509
04/10/10 12:00,9.682,10.369,9.534,9.583
04/10/10 13:00,9.558,10.956,9.78,9.682
04/10/10 14:00,9.854,11.078,10.051,9.805
04/10/10 15:00,8.916,10.075,10.247,9.952
04/10/10 16:00,8.568,9.558,10.32,10.051
04/10/10 17:00,8.519,9.287,10.345,10.124
04/10/10 18:00,8.444,9.064,10.296,10.173
04/10/10 19:00,8.494,8.891,10.222,10.173
04/10/10 20:00,8.593,8.866,10.149,10.173
04/10/10 21:00,8.045,8.693,10.075,10.149
04/10/10 22:00,7.318,8.319,10.001,10.124
04/10/10 23:00,6.509,7.77,9.903,10.075
04/11/10 0:00,6.56,7.594,9.829,10.026
04/11/10 1:00,6.255,7.469,9.706,9.952
04/11/10 2:00,5.77,7.142,9.608,9.903
04/11/10 3:00,5.77,7.041,9.509,9.854
04/11/10 4:00,5.924,6.965,9.41,9.78
04/11/10 5:00,5.437,6.737,9.336,9.706
04/11/10 6:00,5.462,6.585,9.238,9.657
04/11/10 7:00,4.74,6.255,9.163,9.583
04/11/10 8:00,4.947,6.23,9.064,9.509
04/11/10 9:00,4.766,6.23,8.99,9.46
04/11/10 10:00,5.024,6.153,8.916,9.386
04/11/10 11:00,4.428,6.204,8.792,9.287
04/11/10 12:00,3.617,5.872,8.742,9.213
04/11/10 13:00,4.037,5.77,8.668,9.139
04/11/10 14:00,3.221,5.719,8.593,9.089
04/11/10 15:00,2.236,4.921,8.568,9.015
04/11/10 16:00,5.179,5.488,8.469,8.99
04/11/10 17:00,0.715,4.246,8.344,8.891
04/11/10 18:00,0.218,4.063,8.245,8.841
04/11/10 19:00,-0.115,3.643,8.12,8.767
04/11/10 20:00,-0.591,3.089,7.97,8.668
04/11/10 21:00,-0.704,2.903,7.795,8.568
04/11/10 22:00,-1.384,2.503,7.645,8.469
04/11/10 23:00,-1.213,2.343,7.494,8.369
04/12/10 0:00,-2.015,1.994,7.343,8.245
04/12/10 1:00,-2.13,1.697,7.192,8.12
04/12/10 2:00,-1.441,1.94,7.041,8.02
04/12/10 3:00,-0.845,2.074,6.914,7.895
04/12/10 4:00,-0.929,2.021,6.813,7.795
04/12/10 5:00,-1.27,2.074,6.737,7.72
04/12/10 6:00,-1.298,2.155,6.661,7.619
04/12/10 7:00,-0.986,2.262,6.611,7.544
04/12/10 8:00,-0.675,2.503,6.56,7.469
04/12/10 9:00,-0.087,2.797,6.509,7.419
04/12/10 10:00,0.852,3.274,6.484,7.368
04/12/10 11:00,3.538,4.999,6.56,7.343
04/12/10 12:00,6.94,7.116,6.813,7.368
04/12/10 13:00,7.695,8.866,7.242,7.469
04/12/10 14:00,9.238,9.903,7.77,7.67
04/12/10 15:00,13.954,11.078,8.245,7.92
04/12/10 16:00,11.321,10.761,8.643,8.17
04/12/10 17:00,6.128,8.369,8.841,8.394
04/12/10 18:00,5.77,7.217,8.792,8.543
04/12/10 19:00,2.983,5.745,8.643,8.593
04/12/10 20:00,2.021,4.818,8.394,8.568
04/12/10 21:00,2.557,5.179,8.145,8.494
04/12/10 22:00,2.37,4.869,7.945,8.394
04/12/10 23:00,0.079,3.512,7.745,8.295
04/13/10 0:00,-0.873,2.797,7.544,8.195
04/13/10 1:00,-2.044,1.94,7.293,8.045
04/13/10 2:00,-2.888,1.453,7.015,7.895
04/13/10 3:00,-2.595,1.371,6.788,7.745
04/13/10 4:00,-2.946,1.099,6.535,7.569
04/13/10 5:00,-2.159,1.371,6.306,7.419
04/13/10 6:00,-2.391,1.208,6.128,7.268
04/13/10 7:00,-1.698,1.425,5.949,7.116
04/13/10 8:00,-1.842,1.48,5.821,6.99
04/13/10 9:00,0.907,2.423,5.693,6.864
04/13/10 10:00,5.898,4.141,5.591,6.737
04/13/10 11:00,12.34,6.535,5.616,6.661
04/13/10 12:00,15.079,8.394,5.898,6.661
04/13/10 13:00,17.51,11.224,6.611,6.788
04/13/10 14:00,26.231,14.409,7.594,7.116
04/13/10 15:00,29.991,15.461,8.469,7.544
04/13/10 16:00,28.072,15.079,9.015,7.995
04/13/10 17:00,21.151,12.437,9.163,8.319
04/13/10 18:00,13.738,10.541,9.089,8.519
04/13/10 19:00,4.688,7.167,8.916,8.618
04/13/10 20:00,0.522,5.05,8.593,8.593
04/13/10 21:00,0.439,4.194,8.22,8.519
04/13/10 22:00,1.48,4.141,7.82,8.344
04/13/10 23:00,-0.423,3.433,7.519,8.17
04/14/10 0:00,-0.339,3.063,7.217,7.995
04/14/10 1:00,-2.275,2.289,6.965,7.82
04/14/10 2:00,-2.77,1.778,6.737,7.67
04/14/10 3:00,-3.449,1.317,6.509,7.494
04/14/10 4:00,-2.188,1.208,6.281,7.343
04/14/10 5:00,-1.241,1.48,6.077,7.192
04/14/10 6:00,0.19,2.262,5.898,7.041
04/14/10 7:00,-1.27,1.561,5.745,6.889
04/14/10 8:00,-0.059,1.994,5.616,6.763
04/14/10 9:00,5.668,3.301,5.488,6.661
04/14/10 10:00,9.657,4.947,5.437,6.56
04/14/10 11:00,12.727,6.712,5.539,6.509
04/14/10 12:00,13.377,8.319,5.898,6.535
04/14/10 13:00,16.368,10.296,6.535,6.687
04/14/10 14:00,16.439,11.613,7.318,6.94
04/14/10 15:00,22.561,12.847,7.97,7.318
04/14/10 16:00,26.012,13.858,8.469,7.67
04/14/10 17:00,14.96,11.102,8.717,7.945
04/14/10 18:00,12.727,9.583,8.717,8.17
04/14/10 19:00,1.94,5.924,8.543,8.27
04/14/10 20:00,0.962,4.48,8.22,8.27
04/14/10 21:00,-0.675,3.512,7.82,8.17
04/14/10 22:00,-2.304,2.584,7.469,8.02
04/14/10 23:00,-3.005,2.021,7.116,7.845
04/15/10 0:00,-3.33,1.615,6.813,7.645
04/15/10 1:00,-1.27,1.805,6.535,7.469
04/15/10 2:00,-2.015,1.615,6.281,7.293
04/15/10 3:00,-2.044,1.371,6.051,7.116
04/15/10 4:00,-2.888,1.262,5.872,6.965
04/15/10 5:00,-1.555,1.235,5.693,6.813
04/15/10 6:00,-4.016,0.715,5.514,6.687
04/15/10 7:00,-4.378,0.55,5.36,6.56
04/15/10 8:00,-4.347,0.439,5.205,6.408
04/15/10 9:00,0.77,1.48,5.076,6.281
04/15/10 10:00,7.945,4.558,4.973,6.179
04/15/10 11:00,14.242,7.116,5.024,6.077
04/15/10 12:00,18.509,9.287,5.334,6.102
04/15/10 13:00,22.465,12.727,6.077,6.23
04/15/10 14:00,30.268,15.581,7.167,6.585
04/15/10 15:00,28.295,16.344,8.12,7.066
04/15/10 16:00,29.29,15.414,8.693,7.544
04/15/10 17:00,21.127,13.185,8.891,7.895
04/15/10 18:00,15.318,11.248,8.916,8.145
04/15/10 19:00,6.458,8.195,8.792,8.295
04/15/10 20:00,3.459,6.255,8.519,8.319
04/15/10 21:00,4.089,5.872,8.17,8.245
04/15/10 22:00,1.044,4.921,7.82,8.145
04/15/10 23:00,0.55,4.194,7.544,7.995
04/16/10 0:00,0.079,3.985,7.268,7.87
04/16/10 1:00,-0.004,3.459,7.015,7.72
04/16/10 2:00,-0.929,2.956,6.788,7.569
04/16/10 3:00,-0.958,2.69,6.56,7.419
04/16/10 4:00,1.344,3.433,6.357,7.268
04/16/10 5:00,3.274,3.932,6.204,7.142
04/16/10 6:00,4.454,4.376,6.077,7.015
04/16/10 7:00,2.744,4.011,6.026,6.914
04/16/10 8:00,3.801,4.402,5.949,6.839
04/16/10 9:00,6.179,5.257,5.898,6.788
04/16/10 10:00,9.706,6.864,5.949,6.737
04/16/10 11:00,13.449,8.643,6.204,6.737
04/16/10 12:00,14.864,9.854,6.661,6.839
04/16/10 13:00,18.58,12.219,7.318,7.041
04/16/10 14:00,23.497,14.529,8.145,7.368
04/16/10 15:00,26.28,15.294,8.866,7.77
04/16/10 16:00,29.165,15.199,9.312,8.17
04/16/10 17:00,23.737,13.377,9.435,8.444
04/16/10 18:00,14.721,11.613,9.386,8.618
04/16/10 19:00,4.895,8.12,9.238,8.717
04/16/10 20:00,2.209,6.153,8.916,8.717
04/16/10 21:00,1.044,5.257,8.494,8.618
04/16/10 22:00,0.715,4.947,8.12,8.469
04/16/10 23:00,-0.087,4.194,7.77,8.319
04/17/10 0:00,0.522,3.906,7.469,8.12
04/17/10 1:00,2.61,4.298,7.192,7.945
04/17/10 2:00,4.194,5.024,6.99,7.77
04/17/10 3:00,4.428,5.154,6.839,7.645
04/17/10 4:00,4.558,5.179,6.763,7.519
04/17/10 5:00,4.011,5.05,6.712,7.444
04/17/10 6:00,3.485,4.818,6.636,7.368
04/17/10 7:00,5.642,5.179,6.535,7.293
04/17/10 8:00,6.484,5.591,6.484,7.217
04/17/10 9:00,8.245,6.382,6.484,7.167
04/17/10 10:00,10.565,7.594,6.585,7.142
04/17/10 11:00,14.026,9.238,6.839,7.192
04/17/10 12:00,16.844,10.638,7.242,7.293
04/17/10 13:00,19.27,13.329,7.87,7.494
04/17/10 14:00,24.774,15.819,8.717,7.82
04/17/10 15:00,27.949,16.368,9.435,8.22
04/17/10 16:00,27.677,15.915,9.879,8.593
04/17/10 17:00,23.352,13.834,9.977,8.891
04/17/10 18:00,15.414,11.929,9.903,9.064
04/17/10 19:00,5.154,8.394,9.706,9.139
04/17/10 20:00,2.983,6.763,9.336,9.114
04/17/10 21:00,4.324,6.281,8.916,9.015
04/17/10 22:00,2.503,5.898,8.543,8.841
04/17/10 23:00,1.534,5.205,8.245,8.693
04/18/10 0:00,0.384,4.584,7.945,8.519
04/18/10 1:00,0.135,4.194,7.695,8.344
04/18/10 2:00,1.398,4.298,7.444,8.195
04/18/10 3:00,2.557,4.61,7.217,8.02
04/18/10 4:00,4.792,5.102,7.041,7.87
04/18/10 5:00,4.61,5.334,6.914,7.745
04/18/10 6:00,4.48,5.642,6.839,7.645
04/18/10 7:00,1.371,4.402,6.813,7.544
04/18/10 8:00,1.289,4.115,6.712,7.494
04/18/10 9:00,6.509,5.693,6.611,7.393
04/18/10 10:00,9.287,7.293,6.636,7.318
04/18/10 11:00,12.122,9.089,6.839,7.318
04/18/10 12:00,17.938,11.71,7.192,7.393
04/18/10 13:00,15.986,12.558,7.82,7.569
04/18/10 14:00,19.294,14.553,8.519,7.87
04/18/10 15:00,27.825,16.034,9.163,8.195
04/18/10 16:00,18.937,14.625,9.608,8.543
04/18/10 17:00,20.484,13.281,9.879,8.841
04/18/10 18:00,15.461,11.783,9.879,9.04
04/18/10 19:00,5.179,8.394,9.731,9.139
04/18/10 20:00,2.983,6.788,9.386,9.139
04/18/10 21:00,2.637,6.128,8.99,9.064
04/18/10 22:00,1.94,5.616,8.643,8.916
04/18/10 23:00,2.983,5.642,8.319,8.767
04/19/10 0:00,3.274,5.693,8.045,8.593
04/19/10 1:00,3.406,5.565,7.845,8.444
04/19/10 2:00,4.48,5.924,7.67,8.295
04/19/10 3:00,2.021,5.205,7.569,8.195
04/19/10 4:00,0.495,4.324,7.444,8.095
04/19/10 5:00,0.024,3.932,7.268,7.97
04/19/10 6:00,-0.059,3.722,7.066,7.87
04/19/10 7:00,1.153,4.089,6.889,7.72
04/19/10 8:00,1.994,4.402,6.763,7.619
04/19/10 9:00,5.975,5.77,6.661,7.519
04/19/10 10:00,10.394,7.619,6.712,7.444
04/19/10 11:00,13.281,9.114,6.99,7.444
04/19/10 12:00,13.978,9.657,7.368,7.519
04/19/10 13:00,16.511,12.437,7.82,7.67
04/19/10 14:00,20.65,13.954,8.369,7.92
04/19/10 15:00,23.761,14.05,8.841,8.17
04/19/10 16:00,24.146,14.912,9.238,8.444
04/19/10 17:00,19.246,13.714,9.558,8.693
04/19/10 18:00,13.594,11.37,9.682,8.916
04/19/10 19:00,6.026,8.543,9.608,9.04
04/19/10 20:00,3.617,6.965,9.361,9.089
04/19/10 21:00,5.076,6.661,9.015,9.015
04/19/10 22:00,4.792,6.56,8.693,8.916
04/19/10 23:00,4.921,6.357,8.419,8.792
04/20/10 0:00,4.895,6.179,8.195,8.643
04/20/10 1:00,4.973,6.077,7.995,8.519
04/20/10 2:00,7.619,6.788,7.82,8.394
04/20/10 3:00,8.717,7.544,7.745,8.295
04/20/10 4:00,9.213,7.895,7.745,8.22
04/20/10 5:00,9.336,8.095,7.795,8.195
04/20/10 6:00,9.731,8.369,7.845,8.195
04/20/10 7:00,9.46,8.469,7.895,8.195
04/20/10 8:00,9.188,8.469,7.97,8.195
04/20/10 9:00,9.682,8.866,8.02,8.22
04/20/10 10:00,11.467,10.1,8.12,8.245
04/20/10 11:00,12.219,10.785,8.295,8.319
04/20/10 12:00,11.759,11.151,8.593,8.419
04/20/10 13:00,13.906,12.727,8.866,8.543
04/20/10 14:00,15.39,14.553,9.188,8.693
04/20/10 15:00,10.785,11.321,9.682,8.916
04/20/10 16:00,10.81,10.81,9.805,9.139
04/20/10 17:00,12.001,11.248,9.829,9.262
04/20/10 18:00,11.394,10.834,9.829,9.336
04/20/10 19:00,9.386,9.731,9.829,9.386
04/20/10 20:00,8.717,9.163,9.756,9.435
04/20/10 21:00,8.717,8.99,9.608,9.435
04/20/10 22:00,9.41,9.139,9.485,9.386
04/20/10 23:00,9.04,8.817,9.386,9.336
04/21/10 0:00,8.394,8.543,9.312,9.312
04/21/10 1:00,8.817,8.469,9.238,9.262
04/21/10 2:00,8.643,8.494,9.139,9.238
04/21/10 3:00,8.99,8.519,9.064,9.188
04/21/10 4:00,9.213,8.543,8.99,9.139
04/21/10 5:00,9.336,8.767,8.916,9.089
04/21/10 6:00,9.682,8.99,8.866,9.04
04/21/10 7:00,9.706,9.064,8.866,9.015
04/21/10 8:00,9.706,9.04,8.866,8.99
04/21/10 9:00,9.903,9.262,8.891,8.99
04/21/10 10:00,10.516,9.805,8.916,8.99
04/21/10 11:00,11.078,9.879,8.99,9.015
04/21/10 12:00,12.799,11.589,9.089,9.04
04/21/10 13:00,11.078,9.928,9.139,9.114
04/21/10 14:00,14.745,12.896,9.064,9.089
04/21/10 15:00,13.064,12.92,9.435,9.139
04/21/10 16:00,16.225,11.662,9.78,9.287
04/21/10 17:00,15.724,12.799,9.903,9.435
04/21/10 18:00,10.467,10.834,9.977,9.558
04/21/10 19:00,8.891,9.829,9.952,9.632
04/21/10 20:00,7.569,8.941,9.879,9.657
04/21/10 21:00,5.77,7.87,9.731,9.657
04/21/10 22:00,6,7.645,9.46,9.583
04/21/10 23:00,7.192,7.895,9.213,9.485
04/22/10 0:00,7.293,7.895,8.99,9.336
04/22/10 1:00,7.494,7.82,8.841,9.238
04/22/10 2:00,7.217,7.695,8.717,9.139
04/22/10 3:00,7.544,7.695,8.593,9.04
04/22/10 4:00,7.77,7.745,8.519,8.965
04/22/10 5:00,7.745,7.695,8.469,8.891
04/22/10 6:00,7.77,7.72,8.444,8.841
04/22/10 7:00,7.67,7.695,8.394,8.792
04/22/10 8:00,8.195,7.795,8.344,8.742
04/22/10 9:00,10.026,8.99,8.295,8.693
04/22/10 10:00,10.956,9.336,8.369,8.693
04/22/10 11:00,11.734,10.687,8.568,8.693
04/22/10 12:00,12.485,11.005,8.866,8.792
04/22/10 13:00,12.775,11.637,9.213,8.916
04/22/10 14:00,12.896,11.734,9.558,9.089
04/22/10 15:00,14.146,12.025,9.829,9.287
04/22/10 16:00,13.642,12.34,10.001,9.435
04/22/10 17:00,11.856,11.053,10.124,9.583
04/22/10 18:00,10.956,10.516,10.1,9.682
04/22/10 19:00,9.78,9.706,10.026,9.731
04/22/10 20:00,9.485,9.312,9.928,9.731
04/22/10 21:00,9.262,9.015,9.78,9.706
04/22/10 22:00,9.262,8.941,9.657,9.657
04/22/10 23:00,9.015,8.767,9.509,9.583
04/23/10 0:00,9.015,8.693,9.41,9.534
04/23/10 1:00,9.312,8.841,9.312,9.485
04/23/10 2:00,8.693,8.618,9.238,9.41
04/23/10 3:00,8.469,8.369,9.163,9.361
04/23/10 4:00,8.965,8.419,9.064,9.312
04/23/10 5:00,8.99,8.27,8.99,9.262
04/23/10 6:00,8.593,8.145,8.941,9.213
04/23/10 7:00,8.444,7.97,8.866,9.163
04/23/10 8:00,9.213,8.195,8.817,9.114
04/23/10 9:00,9.977,8.742,8.792,9.064
04/23/10 10:00,10.785,9.435,8.817,9.04
04/23/10 11:00,10.932,9.952,8.916,9.04
04/23/10 12:00,11.904,10.736,9.114,9.089
04/23/10 13:00,12.243,11.443,9.361,9.188
04/23/10 14:00,12.534,11.637,9.657,9.312
04/23/10 15:00,12.364,11.224,9.903,9.435
04/23/10 16:00,11.807,10.858,10.026,9.583
04/23/10 17:00,10.59,10.198,10.1,9.682
04/23/10 18:00,10.443,10.001,10.075,9.756
04/23/10 19:00,10.467,9.756,10.001,9.78
04/23/10 20:00,11.029,9.682,9.952,9.78
04/23/10 21:00,11.029,9.657,9.879,9.78
04/23/10 22:00,10.834,9.509,9.829,9.756
04/23/10 23:00,11.005,9.558,9.78,9.731
04/24/10 0:00,10.492,9.534,9.731,9.706
04/24/10 1:00,9.632,9.435,9.682,9.682
04/24/10 2:00,9.386,9.287,9.657,9.682
04/24/10 3:00,8.369,8.916,9.608,9.657
04/24/10 4:00,8.344,8.693,9.558,9.608
04/24/10 5:00,7.97,8.419,9.485,9.583
04/24/10 6:00,8.295,8.469,9.386,9.534
04/24/10 7:00,8.145,8.369,9.312,9.485
04/24/10 8:00,8.22,8.394,9.262,9.435
04/24/10 9:00,8.419,8.444,9.188,9.386
04/24/10 10:00,8.593,8.618,9.114,9.336
04/24/10 11:00,8.792,8.841,9.114,9.287
04/24/10 12:00,8.767,8.817,9.139,9.262
04/24/10 13:00,8.543,8.767,9.163,9.262
04/24/10 14:00,8.494,8.618,9.163,9.262
04/24/10 15:00,8.693,8.717,9.163,9.262
04/24/10 16:00,8.22,8.444,9.089,9.238
04/24/10 17:00,7.594,7.845,8.916,9.163
04/24/10 18:00,6.408,7.519,8.817,9.089
04/24/10 19:00,5.514,6.864,8.792,9.064
04/24/10 20:00,6.026,7.066,8.717,9.015
04/24/10 21:00,5.975,6.94,8.643,8.99
04/24/10 22:00,5.411,6.712,8.593,8.941
04/24/10 23:00,4.532,6.306,8.543,8.916
04/25/10 0:00,4.298,6,8.469,8.866
04/25/10 1:00,4.063,5.924,8.394,8.817
04/25/10 2:00,3.38,5.745,8.295,8.742
04/25/10 3:00,2.101,5.231,8.22,8.693
04/25/10 4:00,1.262,4.376,8.12,8.618
04/25/10 5:00,1.453,4.532,7.97,8.543
04/25/10 6:00,0.246,4.037,7.82,8.444
04/25/10 7:00,0.989,4.194,7.695,8.369
04/25/10 8:00,1.071,4.089,7.544,8.27
04/25/10 9:00,2.37,4.714,7.393,8.145
04/25/10 10:00,4.194,6.204,7.318,8.045
04/25/10 11:00,7.995,7.293,7.419,7.995
04/25/10 12:00,12.389,8.866,7.594,7.995
04/25/10 13:00,15.008,11.686,7.97,8.07
04/25/10 14:00,14.577,12.654,8.643,8.27
04/25/10 15:00,13.642,13.377,9.262,8.568
04/25/10 16:00,18.842,12.823,9.534,8.841
04/25/10 17:00,15.247,11.589,9.583,9.04
04/25/10 18:00,6.153,8.866,9.558,9.163
04/25/10 19:00,2.316,6.889,9.361,9.213
04/25/10 20:00,1.017,5.719,9.064,9.163
04/25/10 21:00,0.495,5.102,8.717,9.064
04/25/10 22:00,-0.004,4.636,8.394,8.916
04/25/10 23:00,0.495,4.168,8.095,8.742
04/26/10 0:00,-1.469,2.877,7.82,8.568
04/26/10 1:00,-2.391,2.074,7.569,8.394
04/26/10 2:00,-2.976,1.697,7.293,8.22
04/26/10 3:00,-2.653,1.507,7.015,8.02
04/26/10 4:00,-5.048,0.88,6.763,7.845
04/26/10 5:00,-5.48,0.687,6.509,7.645
04/26/10 6:00,-6.325,0.577,6.23,7.469
04/26/10 7:00,-5.14,0.577,6,7.268
04/26/10 8:00,-6.483,0.467,5.796,7.091
04/26/10 9:00,-2.246,0.742,5.591,6.914
04/26/10 10:00,0.88,1.317,5.411,6.763
04/26/10 11:00,5.462,3.775,5.308,6.611
04/26/10 12:00,8.742,5.847,5.257,6.484
04/26/10 13:00,11.346,7.87,5.437,6.408
04/26/10 14:00,13.161,9.238,6.051,6.509
04/26/10 15:00,14.433,10.026,6.712,6.737
04/26/10 16:00,18.366,10.394,7.142,6.99
04/26/10 17:00,12.63,9.238,7.343,7.192
04/26/10 18:00,5.411,7.217,7.419,7.368
04/26/10 19:00,0.687,5.05,7.318,7.444
04/26/10 20:00,0.495,4.037,7.091,7.469
04/26/10 21:00,0.495,3.459,6.813,7.393
04/26/10 22:00,0.522,3.142,6.56,7.268
04/26/10 23:00,0.77,3.009,6.357,7.167
04/27/10 0:00,1.017,2.903,6.204,7.066
04/27/10 1:00,0.962,2.903,6.102,6.94
04/27/10 2:00,1.126,2.877,6.026,6.864
04/27/10 3:00,1.805,3.248,5.949,6.788
04/27/10 4:00,1.913,3.512,5.898,6.712
04/27/10 5:00,1.67,3.459,5.898,6.661
04/27/10 6:00,1.561,3.485,5.872,6.636
04/27/10 7:00,1.94,3.591,5.872,6.611
04/27/10 8:00,1.994,3.67,5.872,6.56
04/27/10 9:00,2.396,3.932,5.872,6.56
04/27/10 10:00,2.343,4.089,5.898,6.535
04/27/10 11:00,2.584,4.22,5.949,6.535
04/27/10 12:00,2.477,4.298,5.975,6.535
04/27/10 13:00,2.823,4.48,6.026,6.56
04/27/10 14:00,3.301,4.818,6.102,6.585
04/27/10 15:00,3.036,4.792,6.179,6.585
04/27/10 16:00,2.637,4.402,6.255,6.636
04/27/10 17:00,2.983,4.376,6.281,6.661
04/27/10 18:00,2.744,4.246,6.281,6.687
04/27/10 19:00,2.717,4.115,6.255,6.687
04/27/10 20:00,2.823,4.115,6.23,6.687
04/27/10 21:00,2.956,4.089,6.23,6.687
04/27/10 22:00,3.063,4.141,6.179,6.661
04/27/10 23:00,3.221,4.22,6.128,6.636
04/28/10 0:00,3.327,4.246,6.128,6.611
04/28/10 1:00,3.116,4.22,6.102,6.611
04/28/10 2:00,2.477,3.827,6.102,6.585
04/28/10 3:00,2.744,3.827,6.051,6.56
04/28/10 4:00,2.101,3.591,6,6.535
04/28/10 5:00,1.724,3.274,5.975,6.509
04/28/10 6:00,1.017,2.823,5.898,6.484
04/28/10 7:00,0.273,2.316,5.821,6.408
04/28/10 8:00,0.135,2.021,5.693,6.357
04/28/10 9:00,0.687,2.45,5.591,6.281
04/28/10 10:00,1.48,2.797,5.514,6.204
04/28/10 11:00,2.744,3.221,5.514,6.179
04/28/10 12:00,3.722,4.037,5.565,6.153
04/28/10 13:00,4.35,4.895,5.719,6.153
04/28/10 14:00,6.712,5.385,6,6.23
04/28/10 15:00,6.788,5.488,6.255,6.331
04/28/10 16:00,6.128,5.693,6.382,6.458
04/28/10 17:00,2.797,4.506,6.433,6.535
04/28/10 18:00,1.832,3.643,6.408,6.585
04/28/10 19:00,1.697,3.354,6.306,6.585
04/28/10 20:00,1.724,3.327,6.204,6.585
04/28/10 21:00,1.994,3.354,6.102,6.535
04/28/10 22:00,2.074,3.459,6.026,6.484
04/28/10 23:00,2.074,3.433,5.975,6.458
04/29/10 0:00,2.503,3.433,5.924,6.408
04/29/10 1:00,2.53,3.459,5.872,6.357
04/29/10 2:00,2.45,3.485,5.821,6.331
04/29/10 3:00,3.036,3.538,5.77,6.281
04/29/10 4:00,2.983,3.696,5.745,6.255
04/29/10 5:00,3.512,3.88,5.719,6.23
04/29/10 6:00,2.77,3.827,5.719,6.204
04/29/10 7:00,2.983,3.827,5.693,6.179
04/29/10 8:00,2.93,3.88,5.693,6.153
04/29/10 9:00,3.617,4.141,5.693,6.153
04/29/10 10:00,4.662,4.921,5.693,6.128
04/29/10 11:00,6.128,5.77,5.821,6.153
04/29/10 12:00,6.889,6.509,6,6.204
04/29/10 13:00,7.845,7.569,6.281,6.306
04/29/10 14:00,10.075,8.568,6.737,6.458
04/29/10 15:00,9.952,8.693,7.142,6.687
04/29/10 16:00,7.77,8.07,7.368,6.889
04/29/10 17:00,6.535,7.67,7.444,7.041
04/29/10 18:00,3.775,5.975,7.444,7.142
04/29/10 19:00,2.343,4.662,7.368,7.192
04/29/10 20:00,1.994,4.141,7.142,7.192
04/29/10 21:00,1.805,3.958,6.914,7.142
04/29/10 22:00,1.071,3.512,6.712,7.041
04/29/10 23:00,0.577,3.274,6.509,6.94
04/30/10 0:00,0.246,2.93,6.281,6.839
04/30/10 1:00,-1.071,2.37,6.077,6.712
04/30/10 2:00,-1.327,1.913,5.872,6.585
04/30/10 3:00,-1.355,1.913,5.668,6.458
04/30/10 4:00,-0.845,1.805,5.488,6.306
04/30/10 5:00,-0.901,1.724,5.36,6.179
04/30/10 6:00,-0.423,1.724,5.205,6.077
04/30/10 7:00,-0.143,1.913,5.076,5.975
04/30/10 8:00,-0.423,1.778,4.973,5.872
04/30/10 9:00,1.18,2.423,4.869,5.77
04/30/10 10:00,4.947,3.932,4.792,5.693
04/30/10 11:00,9.213,5.411,4.766,5.616
04/30/10 12:00,13.93,7.167,4.818,5.591
04/30/10 13:00,17.962,9.977,5.154,5.616
04/30/10 14:00,23.617,12.316,5.949,5.77
04/30/10 15:00,22.681,12.389,6.687,6.102
04/30/10 16:00,19.936,11.589,7.091,6.433
04/30/10 17:00,11.88,9.829,7.268,6.712
04/30/10 18:00,8.419,8.195,7.318,6.889
04/30/10 19:00,5.796,6.813,7.242,6.99
04/30/10 20:00,0.742,4.714,7.091,7.041
04/30/10 21:00,-0.619,3.722,6.813,7.015
04/30/10 22:00,-1.043,3.221,6.509,6.914
04/30/10 23:00,-1.871,2.69,6.204,6.788
05/1/10 0:00,-0.311,2.637,5.949,6.636
05/1/10 1:00,-0.227,2.557,5.719,6.484
05/1/10 2:00,1.344,3.195,5.514,6.331
05/1/10 3:00,4.168,4.037,5.385,6.204
05/1/10 4:00,4.22,4.298,5.282,6.102
05/1/10 5:00,4.246,4.584,5.257,6.026
05/1/10 6:00,4.115,4.74,5.282,5.975
05/1/10 7:00,4.168,4.74,5.36,5.975
05/1/10 8:00,4.22,4.869,5.411,5.975
05/1/10 9:00,4.636,5.179,5.488,5.975
05/1/10 10:00,5.77,6,5.565,6
05/1/10 11:00,7.544,7.167,5.719,6.051
05/1/10 12:00,8.369,6.914,5.924,6.102
05/1/10 13:00,10.785,8.245,6.23,6.204
05/1/10 14:00,14.122,9.608,6.737,6.382
05/1/10 15:00,17.605,10.443,7.167,6.636
05/1/10 16:00,15.986,10.418,7.393,6.864
05/1/10 17:00,12.219,8.817,7.444,7.015
05/1/10 18:00,7.419,7.444,7.343,7.116
05/1/10 19:00,4.22,5.924,7.217,7.142
05/1/10 20:00,3.67,5.36,6.99,7.116
05/1/10 21:00,2.53,4.688,6.788,7.041
05/1/10 22:00,1.697,4.22,6.56,6.965
05/1/10 23:00,1.044,3.617,6.306,6.839
05/2/10 0:00,2.343,3.696,6.102,6.737
05/2/10 1:00,2.903,3.67,5.924,6.611
05/2/10 2:00,2.93,3.67,5.796,6.509
05/2/10 3:00,3.089,3.485,5.693,6.382
05/2/10 4:00,3.142,3.248,5.616,6.306
05/2/10 5:00,3.327,3.221,5.514,6.23
05/2/10 6:00,3.88,2.823,5.462,6.153
05/2/10 7:00,3.801,2.69,5.385,6.102
05/2/10 8:00,3.749,2.744,5.282,6.026
05/2/10 9:00,4.558,3.248,5.231,5.949
05/2/10 10:00,6.687,4.115,5.205,5.898
05/2/10 11:00,9.41,5.36,5.257,5.872
05/2/10 12:00,11.88,6.914,5.334,5.872
05/2/10 13:00,13.449,8.891,5.642,5.924
05/2/10 14:00,17.153,10.271,6.281,6.077
05/2/10 15:00,18.366,11.005,6.864,6.331
05/2/10 16:00,13.93,10.222,7.192,6.611
05/2/10 17:00,10.516,8.817,7.293,6.839
05/2/10 18:00,7.97,7.645,7.293,6.965
05/2/10 19:00,6.763,6.99,7.167,7.015
05/2/10 20:00,2.343,5.128,7.041,7.015
05/2/10 21:00,1.18,4.141,6.788,6.99
05/2/10 22:00,1.235,3.643,6.535,6.914
05/2/10 23:00,0.273,3.433,6.255,6.788
05/3/10 0:00,-1.099,2.744,6,6.661
05/3/10 1:00,-1.756,2.343,5.796,6.535
05/3/10 2:00,-1.67,1.994,5.591,6.382
05/3/10 3:00,-0.227,2.37,5.411,6.255
05/3/10 4:00,-0.311,2.182,5.231,6.102
05/3/10 5:00,0.356,2.316,5.102,6
05/3/10 6:00,-0.76,2.155,4.973,5.872
05/3/10 7:00,-0.901,1.994,4.844,5.77
05/3/10 8:00,1.886,2.584,4.714,5.668
05/3/10 9:00,2.262,2.956,4.636,5.591
05/3/10 10:00,6.636,4.74,4.584,5.514
05/3/10 11:00,8.593,6.051,4.61,5.462
05/3/10 12:00,11.078,7.368,4.74,5.437
05/3/10 13:00,13.305,9.089,5.128,5.488
05/3/10 14:00,19.413,10.81,5.796,5.693
05/3/10 15:00,17.629,11.053,6.408,5.975
05/3/10 16:00,18.176,10.712,6.763,6.255
05/3/10 17:00,15.318,9.657,6.889,6.484
05/3/10 18:00,8.22,7.77,6.889,6.636
05/3/10 19:00,5.411,6.23,6.813,6.712
05/3/10 20:00,4.454,5.616,6.636,6.712
05/3/10 21:00,3.854,5.154,6.458,6.687
05/3/10 22:00,3.906,4.947,6.281,6.636
05/3/10 23:00,4.947,5.076,6.128,6.56
05/4/10 0:00,4.402,4.895,6.026,6.484
05/4/10 1:00,4.402,4.766,5.949,6.408
05/4/10 2:00,4.168,4.532,5.872,6.357
05/4/10 3:00,5.205,4.74,5.796,6.306
05/4/10 4:00,5.462,4.792,5.745,6.255
05/4/10 5:00,5.462,4.766,5.745,6.23
05/4/10 6:00,6.128,5.334,5.719,6.204
05/4/10 7:00,6.763,6.026,5.77,6.179
05/4/10 8:00,6.889,6.281,5.847,6.204
05/4/10 9:00,6.433,6.153,5.924,6.204
05/4/10 10:00,6.255,6.255,6,6.255
05/4/10 11:00,6.737,6.408,6.077,6.281
05/4/10 12:00,6.813,6.661,6.153,6.331
05/4/10 13:00,6.864,6.864,6.255,6.382
05/4/10 14:00,6.864,6.839,6.331,6.433
05/4/10 15:00,7.116,7.167,6.433,6.509
05/4/10 16:00,7.619,7.393,6.535,6.56
05/4/10 17:00,7.519,7.242,6.636,6.611
05/4/10 18:00,6.687,6.712,6.687,6.687
05/4/10 19:00,6.179,5.949,6.687,6.712
05/4/10 20:00,6.408,5.591,6.636,6.737
05/4/10 21:00,6.535,5.514,6.535,6.737
05/4/10 22:00,6.509,5.488,6.484,6.712
05/4/10 23:00,4.688,5.257,6.408,6.687
05/5/10 0:00,4.792,5.385,6.306,6.636
05/5/10 1:00,4.61,5.308,6.255,6.585
05/5/10 2:00,0.742,1.588,6.204,6.56
05/5/10 3:00,0.246,2.209,6.026,6.509
05/5/10 4:00,0.135,2.53,5.796,6.382
05/5/10 5:00,0.135,2.61,5.616,6.281
05/5/10 6:00,0.135,2.343,5.488,6.153
05/5/10 7:00,0.163,1.18,5.385,6.077
05/5/10 8:00,-0.115,1.371,5.282,5.975
05/5/10 9:00,-0.451,1.453,5.179,5.898
05/5/10 10:00,-0.004,1.805,5.102,5.821
05/5/10 11:00,0.024,2.289,5.05,5.745
05/5/10 12:00,0.687,3.168,5.024,5.693
05/5/10 13:00,1.235,4.921,5.05,5.642
05/5/10 14:00,3.248,5.437,5.231,5.642
05/5/10 15:00,6.433,6,5.514,5.719
05/5/10 16:00,3.221,5.693,5.745,5.847
05/5/10 17:00,2.423,5.102,5.847,5.949
05/5/10 18:00,0.301,3.538,5.847,6.026
05/5/10 19:00,-0.143,2.717,5.77,6.051
05/5/10 20:00,-0.563,2.637,5.642,6.026
05/5/10 21:00,-0.535,2.343,5.514,5.975
05/5/10 22:00,-0.591,2.182,5.385,5.924
05/5/10 23:00,-0.367,2.209,5.282,5.847
05/6/10 0:00,-0.255,2.155,5.205,5.796
05/6/10 1:00,-0.087,2.209,5.128,5.719
05/6/10 2:00,-0.115,2.047,5.076,5.668
05/6/10 3:00,-0.004,2.047,5.024,5.616
05/6/10 4:00,0.051,2.101,4.973,5.565
05/6/10 5:00,0.024,2.128,4.921,5.514
05/6/10 6:00,0.107,2.101,4.869,5.488
05/6/10 7:00,0.135,2.074,4.818,5.437
05/6/10 8:00,0.218,2.128,4.792,5.411
05/6/10 9:00,0.577,2.343,4.74,5.36
05/6/10 10:00,1.913,3.38,4.766,5.334
05/6/10 11:00,3.089,4.194,4.844,5.334
05/6/10 12:00,4.246,5.437,5.024,5.36
05/6/10 13:00,5.154,6.56,5.308,5.437
05/6/10 14:00,4.921,6.153,5.616,5.565
05/6/10 15:00,4.869,6.255,5.872,5.719
05/6/10 16:00,5.411,6.585,6.077,5.872
05/6/10 17:00,3.459,5.308,6.204,6
05/6/10 18:00,1.615,4.037,6.204,6.102
05/6/10 19:00,0.467,3.354,6.077,6.128
05/6/10 20:00,0.495,2.983,5.924,6.102
05/6/10 21:00,0.051,2.557,5.719,6.051
05/6/10 22:00,-0.283,2.101,5.539,5.975
05/6/10 23:00,-0.732,1.805,5.36,5.872
05/7/10 0:00,-1.014,1.588,5.179,5.796
05/7/10 1:00,-2.188,1.044,4.999,5.668
05/7/10 2:00,-1.784,0.962,4.818,5.565
05/7/10 3:00,-1.071,1.18,4.636,5.437
05/7/10 4:00,-0.507,1.67,4.48,5.334
05/7/10 5:00,-0.395,1.588,4.376,5.231
05/7/10 6:00,-0.873,1.344,4.298,5.128
05/7/10 7:00,-0.507,1.289,4.22,5.05
05/7/10 8:00,-0.199,1.561,4.141,4.973
05/7/10 9:00,0.439,1.913,4.089,4.921
05/7/10 10:00,2.77,3.354,4.063,4.869
05/7/10 11:00,2.584,3.564,4.089,4.818
05/7/10 12:00,4.168,4.636,4.22,4.818
05/7/10 13:00,6.965,6.788,4.428,4.869
05/7/10 14:00,8.07,7.293,4.844,4.973
05/7/10 15:00,8.693,8.145,5.231,5.154
05/7/10 16:00,5.462,6.585,5.591,5.36
05/7/10 17:00,5.565,6.281,5.821,5.539
05/7/10 18:00,3.985,4.999,5.924,5.693
05/7/10 19:00,3.958,4.714,5.924,5.796
05/7/10 20:00,4.037,4.584,5.847,5.847
05/7/10 21:00,3.932,4.584,5.796,5.847
05/7/10 22:00,3.958,4.558,5.745,5.847
05/7/10 23:00,4.063,4.584,5.693,5.847
05/8/10 0:00,4.298,4.662,5.668,5.847
05/8/10 1:00,4.454,4.714,5.642,5.847
05/8/10 2:00,4.688,4.74,5.616,5.847
05/8/10 3:00,5.024,4.895,5.616,5.821
05/8/10 4:00,5.024,4.973,5.616,5.821
05/8/10 5:00,5.024,4.999,5.616,5.821
05/8/10 6:00,5.05,4.999,5.642,5.847
05/8/10 7:00,5.076,5.024,5.642,5.847
05/8/10 8:00,5.05,5.024,5.642,5.847
05/8/10 9:00,5.745,5.591,5.642,5.847
05/8/10 10:00,6.153,5.847,5.693,5.847
05/8/10 11:00,6.788,5.898,5.77,5.898
05/8/10 12:00,9.213,6.965,5.821,5.924
05/8/10 13:00,12.92,8.99,5.975,5.949
05/8/10 14:00,18.247,10.687,6.433,6.077
05/8/10 15:00,19.508,11.492,6.914,6.281
05/8/10 16:00,21.557,11.224,7.167,6.535
05/8/10 17:00,14.505,9.903,7.217,6.687
05/8/10 18:00,6.889,7.594,7.167,6.813
05/8/10 19:00,1.071,4.766,6.99,6.839
05/8/10 20:00,0.962,3.932,6.712,6.788
05/8/10 21:00,-0.479,3.116,6.382,6.687
05/8/10 22:00,-0.788,2.37,6.077,6.56
05/8/10 23:00,-1.641,1.886,5.821,6.382
05/9/10 0:00,-1.957,1.425,5.565,6.23
05/9/10 1:00,-2.217,1.262,5.334,6.077
05/9/10 2:00,0.577,1.67,5.128,5.949
05/9/10 3:00,-0.115,1.94,4.947,5.796
05/9/10 4:00,-0.004,2.021,4.792,5.668
05/9/10 5:00,-0.929,1.453,4.662,5.539
05/9/10 6:00,-0.395,1.615,4.532,5.437
05/9/10 7:00,1.453,1.778,4.428,5.334
05/9/10 8:00,-0.171,1.67,4.298,5.231
05/9/10 9:00,1.099,2.182,4.22,5.128
05/9/10 10:00,6.306,3.354,4.141,5.05
05/9/10 11:00,7.293,3.722,4.089,4.973
05/9/10 12:00,11.053,5.514,4.063,4.921
05/9/10 13:00,13.666,7.619,4.168,4.895
05/9/10 14:00,17.439,9.386,4.61,4.947
05/9/10 15:00,19.77,10.418,5.179,5.154
05/9/10 16:00,21.008,10.247,5.565,5.385
05/9/10 17:00,10.492,8.394,5.77,5.591
05/9/10 18:00,5.616,6.357,5.821,5.719
05/9/10 19:00,0.715,3.854,5.77,5.821
05/9/10 20:00,1.425,3.617,5.565,5.821
05/9/10 21:00,-1.441,2.262,5.385,5.796
05/9/10 22:00,-1.784,1.805,5.179,5.719
05/9/10 23:00,-1.842,1.398,4.973,5.616
05/10/10 0:00,-3.094,0.907,4.792,5.514
05/10/10 1:00,-3.035,0.632,4.61,5.411
05/10/10 2:00,-2.304,0.605,4.454,5.282
05/10/10 3:00,-2.478,0.577,4.298,5.179
05/10/10 4:00,-2.946,0.467,4.141,5.076
05/10/10 5:00,-2.246,0.495,4.011,4.973
05/10/10 6:00,-1.928,0.55,3.906,4.869
05/10/10 7:00,-2.333,0.384,3.775,4.766
05/10/10 8:00,-2.741,0.356,3.67,4.662
05/10/10 9:00,0.301,0.742,3.591,4.584
05/10/10 10:00,3.958,2.557,3.512,4.506
05/10/10 11:00,5.616,3.433,3.433,4.428
05/10/10 12:00,9.952,5.205,3.406,4.35
05/10/10 13:00,11.977,7.645,3.406,4.298
05/10/10 14:00,17.082,9.583,3.67,4.324
05/10/10 15:00,13.762,10.001,4.141,4.428
05/10/10 16:00,7.519,7.795,4.61,4.636
05/10/10 17:00,5.668,6.255,4.921,4.869
05/10/10 18:00,4.402,5.102,5.05,5.024
05/10/10 19:00,3.749,4.558,5.076,5.154
05/10/10 20:00,3.142,3.906,5.05,5.231
05/10/10 21:00,3.801,4.037,4.973,5.231
05/10/10 22:00,4.22,4.376,4.921,5.257
05/10/10 23:00,4.376,4.532,4.921,5.231
05/11/10 0:00,4.506,4.636,4.947,5.257
05/11/10 1:00,4.584,4.688,4.973,5.257
05/11/10 2:00,4.558,4.688,4.999,5.282
05/11/10 3:00,4.454,4.714,5.05,5.308
05/11/10 4:00,3.801,4.454,5.076,5.334
05/11/10 5:00,3.301,4.115,5.076,5.36
05/11/10 6:00,3.116,3.722,5.076,5.36
05/11/10 7:00,2.903,3.459,5.024,5.36
05/11/10 8:00,2.717,3.274,4.973,5.36
05/11/10 9:00,3.089,3.591,4.921,5.334
05/11/10 10:00,2.77,3.827,4.895,5.308
05/11/10 11:00,1.344,2.503,4.895,5.282
05/11/10 12:00,1.588,3.036,4.792,5.257
05/11/10 13:00,3.591,4.454,4.766,5.231
05/11/10 14:00,6.204,5.668,4.947,5.231
05/11/10 15:00,3.301,5.616,5.257,5.308
05/11/10 16:00,2.101,4.324,5.385,5.411
05/11/10 17:00,0.66,3.722,5.411,5.488
05/11/10 18:00,-1.27,2.53,5.36,5.514
05/11/10 19:00,-2.159,1.67,5.231,5.514
05/11/10 20:00,-1.986,1.588,5.076,5.462
05/11/10 21:00,-2.946,1.071,4.895,5.411
05/11/10 22:00,-3.271,0.797,4.74,5.308
05/11/10 23:00,-3.419,0.632,4.558,5.231
05/12/10 0:00,-3.182,0.577,4.428,5.128
05/12/10 1:00,-3.241,0.495,4.272,5.024
05/12/10 2:00,-2.77,0.522,4.141,4.921
05/12/10 3:00,-3.212,0.412,4.037,4.844
05/12/10 4:00,-2.566,0.522,3.932,4.74
05/12/10 5:00,-2.829,0.439,3.827,4.662
05/12/10 6:00,-2.829,0.439,3.722,4.584
05/12/10 7:00,-2.741,0.467,3.643,4.506
05/12/10 8:00,-2.858,0.467,3.564,4.428
05/12/10 9:00,-1.871,0.66,3.512,4.35
05/12/10 10:00,-0.563,1.208,3.433,4.298
05/12/10 11:00,0.77,2.85,3.406,4.246
05/12/10 12:00,2.101,4.168,3.406,4.194
05/12/10 13:00,6.179,5.745,3.512,4.194
05/12/10 14:00,7.845,7.142,3.775,4.246
05/12/10 15:00,8.792,7.368,4.141,4.35
05/12/10 16:00,15.414,7.091,4.454,4.506
05/12/10 17:00,6.864,5.411,4.584,4.662
05/12/10 18:00,0.218,3.195,4.558,4.766
05/12/10 19:00,-2.072,1.453,4.454,4.792
05/12/10 20:00,-3.449,0.715,4.298,4.766
05/12/10 21:00,-2.712,0.495,4.115,4.714
05/12/10 22:00,-2.449,0.522,3.932,4.61
05/12/10 23:00,-1.899,0.632,3.801,4.532
05/13/10 0:00,-1.555,0.742,3.67,4.454
05/13/10 1:00,-1.67,0.77,3.564,4.35
05/13/10 2:00,-1.698,0.77,3.459,4.298
05/13/10 3:00,-1.128,0.825,3.406,4.22
05/13/10 4:00,-0.675,0.907,3.327,4.141
05/13/10 5:00,-0.283,1.017,3.248,4.089
05/13/10 6:00,0.384,1.453,3.195,4.037
05/13/10 7:00,0.632,1.588,3.168,3.985
05/13/10 8:00,1.208,1.994,3.142,3.932
05/13/10 9:00,2.155,2.69,3.116,3.906
05/13/10 10:00,4.011,4.115,3.142,3.88
05/13/10 11:00,6.433,5.745,3.248,3.88
05/13/10 12:00,8.02,7.242,3.485,3.906
05/13/10 13:00,10.32,8.245,3.88,4.037
05/13/10 14:00,12.074,9.361,4.402,4.246
05/13/10 15:00,9.632,9.287,4.869,4.506
05/13/10 16:00,9.139,8.643,5.231,4.766
05/13/10 17:00,5.872,6.56,5.437,4.999
05/13/10 18:00,3.801,5.437,5.514,5.179
05/13/10 19:00,2.637,4.584,5.462,5.257
05/13/10 20:00,2.37,4.246,5.36,5.308
05/13/10 21:00,2.128,4.063,5.231,5.308
05/13/10 22:00,0.577,3.195,5.128,5.282
05/13/10 23:00,1.153,3.301,4.973,5.231
05/14/10 0:00,0.467,2.903,4.844,5.179
05/14/10 1:00,0.715,2.903,4.714,5.128
05/14/10 2:00,0.218,2.477,4.61,5.05
05/14/10 3:00,-0.031,2.155,4.48,4.973
05/14/10 4:00,0.107,2.074,4.376,4.895
05/14/10 5:00,0.135,1.967,4.246,4.818
05/14/10 6:00,-0.087,1.805,4.141,4.766
05/14/10 7:00,-0.732,1.561,4.037,4.688
05/14/10 8:00,-1.355,1.262,3.958,4.61
05/14/10 9:00,0.079,1.561,3.854,4.532
05/14/10 10:00,1.425,2.343,3.775,4.454
05/14/10 11:00,2.477,2.45,3.696,4.402
05/14/10 12:00,7.594,3.801,3.67,4.35
05/14/10 13:00,11.856,6.433,3.696,4.298
05/14/10 14:00,18.414,8.916,4.063,4.324
05/14/10 15:00,21.652,9.78,4.532,4.48
05/14/10 16:00,21.819,8.941,4.844,4.662
05/14/10 17:00,14.122,7.419,4.973,4.844
05/14/10 18:00,3.248,4.766,4.973,4.973
05/14/10 19:00,0.273,2.584,4.869,5.024
05/14/10 20:00,-1.871,1.588,4.688,4.999
05/14/10 21:00,-0.031,1.913,4.454,4.921
05/14/10 22:00,-0.958,1.48,4.272,4.844
05/14/10 23:00,-1.612,1.044,4.115,4.74
05/15/10 0:00,-3.153,0.577,3.958,4.662
05/15/10 1:00,-3.33,0.329,3.827,4.558
05/15/10 2:00,-4.196,0.19,3.696,4.454
05/15/10 3:00,-4.559,0.107,3.564,4.376
05/15/10 4:00,-4.166,0.051,3.433,4.272
05/15/10 5:00,-3.866,-0.004,3.327,4.194
05/15/10 6:00,-4.62,-0.087,3.221,4.089
05/15/10 7:00,-5.079,-0.171,3.089,4.011
05/15/10 8:00,-5.14,-0.227,3.009,3.932
05/15/10 9:00,-2.624,-0.171,2.903,3.827
05/15/10 10:00,-0.479,-0.031,2.797,3.749
05/15/10 11:00,1.886,0.051,2.744,3.67
05/15/10 12:00,7.795,1.398,2.69,3.617
05/15/10 13:00,15.605,6.357,2.637,3.564
05/15/10 14:00,20.174,8.17,2.717,3.512
05/15/10 15:00,19.389,8.419,2.983,3.538
05/15/10 16:00,19.008,8.792,3.301,3.643
05/15/10 17:00,12.219,7.167,3.564,3.801
05/15/10 18:00,3.801,5.024,3.749,3.932
05/15/10 19:00,-0.788,2.717,3.801,4.063
05/15/10 20:00,-2.217,1.67,3.722,4.115
05/15/10 21:00,-3.153,1.017,3.591,4.089
05/15/10 22:00,-3.746,0.577,3.459,4.063
05/15/10 23:00,-4.347,0.412,3.354,4.011
05/16/10 0:00,-3.896,0.301,3.221,3.958
05/16/10 1:00,-3.956,0.19,3.116,3.88
05/16/10 2:00,-3.241,0.163,3.009,3.827
05/16/10 3:00,-4.347,0.079,2.93,3.775
05/16/10 4:00,-3.094,0.024,2.85,3.696
05/16/10 5:00,-4.106,-0.031,2.77,3.643
05/16/10 6:00,-4.59,-0.143,2.69,3.564
05/16/10 7:00,-5.017,-0.255,2.61,3.512
05/16/10 8:00,-5.76,-0.395,2.53,3.433
05/16/10 9:00,-2.362,-0.227,2.45,3.38
05/16/10 10:00,-0.199,-0.115,2.396,3.327
05/16/10 11:00,2.717,-0.004,2.343,3.274
05/16/10 12:00,8.444,0.522,2.289,3.221
05/16/10 13:00,13.257,5.154,2.236,3.168