"Date","Time, GMT+11:00","Temp, °C (LGR S/N: 9832567, SEN S/N: 9818210, LBL: Ambient)","RH, % (LGR S/N: 9832567, SEN S/N: 9818210)","Temp, °C (LGR S/N: 9832567, SEN S/N: 9824742, LBL: 3cmBG)","Water Content, m³/m³ (LGR S/N: 9832567, SEN S/N: 9833751, LBL: 5cmBG)","Water Content, m³/m³ (LGR S/N: 9832567, SEN S/N: 9833767, LBL: 10cmBG)","DewPt, °C (LGR S/N: 9832567, SEN S/N: 9818210)"
16/01/15,14:11:08,19.032,55.500,23.112,0.0904,0.1964,9.9
16/01/15,15:11:09,18.604,52.600,22.321,0.0867,0.1964,8.7
16/01/15,16:11:10,18.033,52.100,21.413,0.0824,0.1964,8.1
16/01/15,17:11:11,16.368,55.700,20.674,0.0766,0.1957,7.5
16/01/15,18:11:12,14.625,62.200,16.773,0.0722,0.1942,7.5
16/01/15,19:11:13,13.425,66.400,14.553,0.0700,0.1928,7.3
16/01/15,20:11:14,11.346,73.300,11.637,0.0693,0.1913,6.8
16/01/15,21:11:15,10.345,75.400,10.247,0.0678,0.1906,6.2
16/01/15,22:11:16,9.657,74.600,9.805,0.0671,0.1906,5.4
16/01/15,23:11:17,9.238,78.500,9.262,0.0671,0.1891,5.7
17/01/15,00:11:18,8.891,79.200,8.990,0.0664,0.1884,5.5
17/01/15,01:11:19,8.469,79.800,8.668,0.0664,0.1884,5.2
17/01/15,02:11:20,8.070,79.300,8.295,0.0664,0.1877,4.7
17/01/15,03:11:21,7.469,80.600,7.770,0.0664,0.1877,4.4
17/01/15,04:11:22,6.864,82.600,7.142,0.0664,0.1877,4.1
17/01/15,05:11:23,6.306,87.200,6.585,0.0657,0.1870,4.3
17/01/15,06:11:24,5.949,88.900,6.153,0.0664,0.1862,4.3
17/01/15,07:11:25,7.494,88.800,6.585,0.0664,0.1862,5.8
17/01/15,08:11:26,11.929,79.400,7.670,0.0671,0.1862,8.5
17/01/15,09:11:27,15.175,65.400,9.238,0.0678,0.1862,8.7
17/01/15,10:11:28,17.058,61.500,10.883,0.0671,0.1862,9.6
17/01/15,11:11:29,18.628,58.600,14.840,0.0664,0.1870,10.4
17/01/15,12:11:30,20.793,54.000,19.389,0.0649,0.1877,11.2
17/01/15,13:11:31,21.891,51.400,21.604,0.0620,0.1884,11.4
17/01/15,14:11:32,22.058,51.100,24.219,0.0562,0.1884,11.5
17/01/15,15:11:33,21.461,51.100,25.477,0.0490,0.1891,10.9
17/01/15,16:11:34,20.436,52.100,24.895,0.0402,0.1891,10.3
17/01/15,17:11:35,18.057,54.300,23.545,0.0322,0.1884,8.7
17/01/15,18:11:36,16.153,57.900,20.222,0.0257,0.1870,7.9
17/01/15,19:11:37,14.002,62.800,15.175,0.0243,0.1848,7.0
17/01/15,20:11:38,11.565,70.800,11.807,0.0250,0.1840,6.5
17/01/15,21:11:39,9.361,77.900,9.632,0.0264,0.1826,5.7
17/01/15,22:11:40,8.045,82.000,8.394,0.0279,0.1819,5.2
17/01/15,23:11:41,6.990,85.400,7.419,0.0286,0.1811,4.7
18/01/15,00:11:42,7.015,87.500,7.217,0.0301,0.1804,5.1
18/01/15,01:11:43,6.128,87.700,6.763,0.0308,0.1804,4.2
18/01/15,02:11:44,5.949,85.400,6.281,0.0315,0.1797,3.7
18/01/15,03:11:45,5.488,79.200,6.077,0.0330,0.1797,2.2
18/01/15,04:11:46,5.257,73.300,5.616,0.0337,0.1797,0.9
18/01/15,05:11:47,4.454,77.200,5.050,0.0344,0.1790,0.8
18/01/15,06:11:48,3.459,74.800,4.402,0.0359,0.1782,-0.6
18/01/15,07:11:49,7.720,63.300,5.385,0.0359,0.1782,1.2
18/01/15,08:11:50,14.505,40.200,7.795,0.0366,0.1782,1.1
18/01/15,09:11:51,18.628,34.300,10.345,0.0366,0.1775,2.6
18/01/15,10:11:52,20.103,33.700,12.147,0.0352,0.1775,3.6
18/01/15,11:11:53,23.112,33.100,18.081,0.0330,0.1775,6.0
18/01/15,12:11:54,24.774,34.500,22.824,0.0286,0.1782,8.1
18/01/15,13:11:55,24.532,32.200,24.122,0.0221,0.1782,6.9
18/01/15,14:11:56,26.109,32.100,27.751,0.0141,0.1790,8.2
18/01/15,15:11:57,23.256,36.100,27.998,0.0046,0.1790,7.4
18/01/15,16:11:58,23.040,40.200,29.090,-0.0019,0.1782,8.8
18/01/15,17:11:59,20.627,49.000,25.501,-0.0070,0.1775,9.6
18/01/15,18:12:00,16.868,68.600,18.961,-0.0099,0.1761,11.1
18/01/15,19:12:01,15.270,73.300,16.892,-0.0099,0.1746,10.5
18/01/15,20:12:02,11.613,79.700,12.871,-0.0092,0.1732,8.2
18/01/15,21:12:03,10.761,85.600,11.029,-0.0077,0.1724,8.5
18/01/15,22:12:04,9.780,87.500,10.418,-0.0062,0.1724,7.8
18/01/15,23:12:05,9.188,88.400,9.682,-0.0048,0.1717,7.4
19/01/15,00:12:06,8.394,88.600,9.089,-0.0041,0.1717,6.6
19/01/15,01:12:07,6.255,88.400,7.242,-0.0026,0.1717,4.5
19/01/15,02:12:08,5.231,89.400,6.382,-0.0012,0.1710,3.6
19/01/15,03:12:09,3.301,88.700,4.714,0.0010,0.1710,1.6
19/01/15,04:12:10,1.805,82.000,3.142,0.0032,0.1702,-0.9
19/01/15,05:12:11,1.480,72.400,2.316,0.0046,0.1695,-2.9
19/01/15,06:12:12,0.715,72.600,1.371,0.0068,0.1695,-3.6
19/01/15,07:12:13,4.921,73.100,1.643,0.0076,0.1695,0.5
19/01/15,08:12:14,15.581,41.600,4.973,0.0083,0.1688,2.6
19/01/15,09:12:15,21.676,34.400,9.089,0.0090,0.1688,5.3
19/01/15,10:12:16,23.472,32.100,12.316,0.0076,0.1688,5.9
19/01/15,11:12:17,25.574,31.300,19.103,0.0054,0.1688,7.4
19/01/15,12:12:18,26.353,32.800,24.774,0.0017,0.1695,8.7
19/01/15,13:12:19,25.963,42.400,29.740,-0.0041,0.1695,12.2
19/01/15,14:12:20,25.671,45.100,33.287,-0.0113,0.1702,12.9
19/01/15,15:12:21,24.122,46.500,34.730,-0.0186,0.1695,12.0
19/01/15,16:12:22,20.936,49.700,29.865,-0.0259,0.1688,10.0
19/01/15,17:12:23,18.224,55.800,22.729,-0.0280,0.1673,9.3
19/01/15,18:12:24,17.391,58.400,21.795,-0.0288,0.1659,9.2
19/01/15,19:12:25,14.888,64.500,16.868,-0.0295,0.1644,8.3
19/01/15,20:12:26,11.613,73.200,13.112,-0.0288,0.1630,7.0
19/01/15,21:12:27,8.643,78.900,9.435,-0.0273,0.1623,5.2
19/01/15,22:12:28,7.845,84.000,7.820,-0.0251,0.1623,5.3
19/01/15,23:12:29,7.116,83.600,6.839,-0.0230,0.1615,4.5
20/01/15,00:12:30,7.116,86.400,7.242,-0.0215,0.1615,5.0
20/01/15,01:12:31,6.712,87.000,7.293,-0.0193,0.1615,4.7
20/01/15,02:12:32,6.687,87.400,7.116,-0.0179,0.1608,4.7
20/01/15,03:12:33,7.041,88.600,7.091,-0.0164,0.1608,5.3
20/01/15,04:12:34,7.419,89.100,7.519,-0.0157,0.1608,5.7
20/01/15,05:12:35,7.268,89.600,7.469,-0.0142,0.1608,5.7
20/01/15,06:12:36,7.368,90.500,7.519,-0.0128,0.1601,5.9
20/01/15,07:12:37,9.386,89.600,7.870,-0.0121,0.1608,7.8
20/01/15,08:12:38,14.840,75.700,10.051,-0.0113,0.1601,10.6
20/01/15,09:12:39,19.508,63.800,12.606,-0.0099,0.1601,12.5
20/01/15,10:12:40,21.079,59.100,15.342,-0.0099,0.1601,12.8
20/01/15,11:12:41,21.915,57.400,19.318,-0.0121,0.1601,13.1
20/01/15,12:12:42,23.545,55.400,22.896,-0.0135,0.1608,14.1
20/01/15,13:12:43,24.460,52.500,25.210,-0.0171,0.1601,14.1
20/01/15,14:12:44,23.016,55.300,25.501,-0.0222,0.1608,13.6
20/01/15,15:12:45,21.867,57.300,24.847,-0.0259,0.1601,13.1
20/01/15,16:12:46,20.198,60.700,22.034,-0.0280,0.1601,12.4
20/01/15,17:12:47,20.103,61.700,22.274,-0.0288,0.1586,12.5
20/01/15,18:12:48,18.010,65.300,19.341,-0.0309,0.1586,11.4
20/01/15,19:12:49,16.939,68.500,18.461,-0.0309,0.1572,11.1
20/01/15,20:12:50,13.738,72.000,15.031,-0.0309,0.1572,8.8
20/01/15,21:12:51,12.340,78.900,12.292,-0.0295,0.1557,8.8
20/01/15,22:12:52,11.880,82.800,12.025,-0.0280,0.1557,9.1
20/01/15,23:12:53,12.558,84.600,12.340,-0.0273,0.1550,10.0
21/01/15,00:12:54,10.051,88.800,10.858,0.1957,0.1717,8.3
21/01/15,01:12:55,9.460,91.800,9.485,0.2124,0.2327,8.2
21/01/15,02:12:56,9.163,92.100,9.238,0.2138,0.2276,8.0
21/01/15,03:12:57,8.965,92.100,9.238,0.1949,0.2233,7.8
21/01/15,04:12:58,9.435,92.100,10.271,0.1862,0.2196,8.2
21/01/15,05:12:59,10.149,93.200,10.687,0.1819,0.2167,9.1
21/01/15,06:13:00,9.952,93.200,10.834,0.1790,0.2153,8.9
21/01/15,07:13:01,10.271,93.300,10.883,0.1753,0.2138,9.2
21/01/15,08:13:02,11.686,93.600,11.856,0.1739,0.2131,10.7
21/01/15,09:13:03,11.492,92.300,11.953,0.1717,0.2124,10.3
21/01/15,10:13:04,14.529,91.900,13.522,0.1710,0.2109,13.2
21/01/15,11:13:05,20.246,82.100,19.484,0.1681,0.2109,17.1
21/01/15,12:13:06,20.817,75.000,20.674,0.1601,0.2102,16.2
21/01/15,13:13:07,19.365,74.600,19.888,0.1514,0.2095,14.8
21/01/15,14:13:08,17.867,77.500,18.723,0.1463,0.2087,13.9
21/01/15,15:13:09,17.272,82.100,17.582,0.1448,0.2073,14.2
21/01/15,16:13:10,18.081,79.000,19.246,0.1426,0.2066,14.4
21/01/15,17:13:11,17.391,78.600,19.579,0.1390,0.2058,13.7
21/01/15,18:13:12,15.724,80.700,18.152,0.1347,0.2051,12.4
21/01/15,19:13:13,14.314,82.700,16.082,0.1332,0.2044,11.4
21/01/15,20:13:14,12.364,86.600,13.714,0.1325,0.2029,10.2
21/01/15,21:13:15,11.832,87.900,12.944,0.1332,0.2015,9.9
21/01/15,22:13:16,10.369,88.500,11.346,0.1325,0.2008,8.6
21/01/15,23:13:17,8.817,88.900,9.632,0.1325,0.2000,7.1
22/01/15,00:13:18,8.295,89.600,9.089,0.1332,0.1993,6.7
22/01/15,01:13:19,9.805,92.700,10.320,0.1347,0.1986,8.7
22/01/15,02:13:20,10.932,93.600,11.029,0.1354,0.1986,10.0
22/01/15,03:13:21,11.200,93.700,11.516,0.1361,0.1986,10.2
22/01/15,04:13:22,10.785,93.700,11.224,0.1361,0.1978,9.8
22/01/15,05:13:23,9.854,93.700,10.712,0.1368,0.1978,8.9
22/01/15,06:13:24,8.891,93.200,9.977,0.1368,0.1971,7.9
22/01/15,07:13:25,11.686,95.000,10.907,0.1383,0.1971,10.9
22/01/15,08:13:26,17.796,87.400,12.654,0.1390,0.1971,15.7
22/01/15,09:13:27,21.413,71.800,14.098,0.1383,0.1971,16.1
22/01/15,10:13:28,18.485,68.600,15.127,0.1325,0.1978,12.6
22/01/15,11:13:29,24.363,65.600,20.793,0.1303,0.1978,17.5
22/01/15,12:13:30,25.477,62.000,24.098,0.1238,0.1986,17.7
22/01/15,13:13:31,27.087,58.700,28.692,0.1143,0.1993,18.3
22/01/15,14:13:32,26.402,55.700,29.565,0.1085,0.1993,16.9
22/01/15,15:13:33,24.919,59.100,28.493,0.1034,0.1986,16.4
22/01/15,16:13:34,24.653,58.000,28.766,0.0991,0.1978,15.9
22/01/15,17:13:35,23.160,58.600,27.825,0.0940,0.1964,14.6
22/01/15,18:13:36,20.627,62.800,24.460,0.0874,0.1949,13.3
22/01/15,19:13:37,18.747,67.200,20.007,0.0838,0.1928,12.6
22/01/15,20:13:38,15.915,76.400,16.177,0.0816,0.1913,11.8
22/01/15,21:13:39,13.377,83.800,13.882,0.0795,0.1899,10.7
22/01/15,22:13:40,11.637,87.200,12.389,0.0780,0.1891,9.6
22/01/15,23:13:41,12.074,88.700,12.316,0.0773,0.1884,10.3
23/01/15,00:13:42,12.678,89.300,12.678,0.0766,0.1884,11.0
23/01/15,01:13:43,12.896,89.600,12.823,0.0766,0.1877,11.2
23/01/15,02:13:44,13.209,89.100,13.257,0.0766,0.1877,11.5
23/01/15,03:13:45,13.137,88.800,13.209,0.0758,0.1870,11.3
23/01/15,04:13:46,13.353,88.100,13.329,0.0766,0.1870,11.4
23/01/15,05:13:47,13.016,87.900,13.257,0.0758,0.1862,11.1
23/01/15,06:13:48,12.871,88.600,13.016,0.0758,0.1862,11.0
23/01/15,07:13:49,14.050,87.600,13.377,0.0758,0.1855,12.0
23/01/15,08:13:50,18.010,78.000,14.649,0.0766,0.1855,14.1
23/01/15,09:13:51,20.650,69.700,16.177,0.0780,0.1848,14.9
23/01/15,10:13:52,22.920,65.900,17.558,0.0780,0.1848,16.2
23/01/15,11:13:53,21.891,68.200,19.127,0.0766,0.1855,15.8
23/01/15,12:13:54,25.428,63.200,24.557,0.0766,0.1855,17.9
23/01/15,13:13:55,24.243,64.000,24.339,0.0736,0.1855,17.0
23/01/15,14:13:56,27.382,62.100,27.727,0.0715,0.1855,19.5
23/01/15,15:13:57,21.246,65.800,23.184,0.0628,0.1855,14.6
23/01/15,16:13:58,15.748,83.300,16.034,0.1797,0.1891,12.9
23/01/15,17:13:59,16.820,91.800,16.773,0.2189,0.2378,15.5
23/01/15,18:14:00,16.249,91.500,18.771,0.2029,0.2298,14.9
23/01/15,19:14:01,15.318,91.200,16.058,0.2451,0.2276,13.9
23/01/15,20:14:02,14.721,93.100,15.318,0.2276,0.2363,13.6
23/01/15,21:14:03,13.594,93.000,14.745,0.2116,0.2305,12.5
23/01/15,22:14:04,13.064,93.000,14.050,0.2044,0.2269,12.0
23/01/15,23:14:05,12.268,92.900,12.823,0.1993,0.2240,11.2
24/01/15,00:14:06,12.413,94.100,13.064,0.1964,0.2225,11.5
24/01/15,01:14:07,11.686,93.900,12.703,0.1949,0.2204,10.7
24/01/15,02:14:08,12.219,94.800,12.582,0.1928,0.2189,11.4
24/01/15,03:14:09,12.268,94.900,12.630,0.1920,0.2182,11.5
24/01/15,04:14:10,12.316,94.800,12.582,0.1906,0.2167,11.5
24/01/15,05:14:11,12.292,94.400,12.558,0.1891,0.2160,11.4
24/01/15,06:14:12,12.219,94.100,12.509,0.1884,0.2153,11.3
24/01/15,07:14:13,13.353,93.900,12.823,0.1877,0.2146,12.4
24/01/15,08:14:14,16.177,88.800,14.050,0.1862,0.2146,14.3
24/01/15,09:14:15,15.127,87.400,15.031,0.1833,0.2138,13.1
24/01/15,10:14:16,16.725,87.400,16.392,0.1797,0.2138,14.6
24/01/15,11:14:17,18.557,85.400,18.509,0.1746,0.2138,16.1
24/01/15,12:14:18,21.819,81.600,22.130,0.1673,0.2138,18.6
24/01/15,13:14:19,21.748,77.100,22.824,0.1550,0.2131,17.6
24/01/15,14:14:20,17.748,85.000,17.058,0.1804,0.2124,15.2
24/01/15,15:14:21,17.272,88.100,17.677,0.1753,0.2124,15.3
24/01/15,16:14:22,17.605,86.100,18.010,0.1702,0.2116,15.3
24/01/15,17:14:23,16.915,86.900,17.344,0.1695,0.2109,14.7
24/01/15,18:14:24,16.272,86.900,16.487,0.1666,0.2102,14.1
24/01/15,19:14:25,15.247,86.900,16.296,0.1630,0.2095,13.1
24/01/15,20:14:26,14.146,88.400,14.553,0.1623,0.2087,12.3
24/01/15,21:14:27,13.834,91.200,14.002,0.1630,0.2080,12.4
24/01/15,22:14:28,13.570,91.800,13.930,0.1623,0.2073,12.3
24/01/15,23:14:29,12.944,92.300,13.353,0.1623,0.2073,11.7
25/01/15,00:14:30,13.016,92.100,13.257,0.1623,0.2066,11.8
25/01/15,01:14:31,12.944,92.300,13.185,0.1623,0.2066,11.7
25/01/15,02:14:32,12.558,92.500,12.992,0.1608,0.2058,11.4
25/01/15,03:14:33,10.687,89.100,11.516,0.1601,0.2051,9.0
25/01/15,04:14:34,9.977,82.600,10.614,0.1579,0.2037,7.2
25/01/15,05:14:35,9.361,77.000,9.731,0.1557,0.2029,5.5
25/01/15,06:14:36,8.742,84.500,9.163,0.1550,0.2029,6.3
25/01/15,07:14:37,9.312,84.300,9.287,0.1535,0.2022,6.8
25/01/15,08:14:38,13.377,71.100,9.879,0.1528,0.2015,8.3
25/01/15,09:14:39,15.414,61.100,10.590,0.1499,0.2015,8.0
25/01/15,10:14:40,17.272,60.200,12.122,0.1456,0.2008,9.5
25/01/15,11:14:41,17.938,62.800,15.843,0.1390,0.2008,10.8
25/01/15,12:14:42,19.817,61.400,19.032,0.1325,0.2008,12.2
25/01/15,13:14:43,21.056,60.900,20.317,0.1259,0.2015,13.2
25/01/15,14:14:44,21.915,59.800,22.633,0.1209,0.2022,13.8
25/01/15,15:14:45,21.413,58.000,23.737,0.1165,0.2022,12.8
25/01/15,16:14:46,20.412,56.000,23.016,0.1121,0.2022,11.4
25/01/15,17:14:47,17.819,56.500,20.865,0.1063,0.2015,9.1
25/01/15,18:14:48,16.463,57.800,18.842,0.1012,0.1993,8.1
25/01/15,19:14:49,13.449,64.400,13.738,0.0969,0.1971,6.9
25/01/15,20:14:50,10.810,69.800,11.029,0.0940,0.1957,5.5
25/01/15,21:14:51,8.045,78.500,8.767,0.0911,0.1949,4.5
25/01/15,22:14:52,8.145,87.500,8.494,0.0904,0.1935,6.2
25/01/15,23:14:53,8.120,88.700,8.916,0.0904,0.1928,6.4
26/01/15,00:14:54,7.770,88.900,8.742,0.0896,0.1928,6.1
26/01/15,01:14:55,7.444,88.900,8.593,0.0889,0.1920,5.7
26/01/15,02:14:56,7.041,89.000,8.319,0.0889,0.1920,5.4
26/01/15,03:14:57,7.066,89.200,8.195,0.0889,0.1913,5.4
26/01/15,04:14:58,6.484,89.400,7.820,0.0882,0.1913,4.9
26/01/15,05:14:59,6.026,89.700,7.544,0.0874,0.1906,4.5
26/01/15,06:15:00,5.642,90.000,7.142,0.0874,0.1906,4.1
26/01/15,07:15:01,5.437,90.200,6.813,0.0874,0.1906,4.0
26/01/15,08:15:02,6.153,90.500,7.494,0.0882,0.1906,4.7
26/01/15,09:15:03,9.460,87.800,9.632,0.0896,0.1906,7.5
26/01/15,10:15:04,14.385,75.900,11.175,0.0911,0.1906,10.2
26/01/15,11:15:05,17.391,65.200,15.963,0.0918,0.1906,10.8
26/01/15,12:15:06,21.223,51.400,20.913,0.0904,0.1913,10.8
26/01/15,13:15:07,22.345,45.400,24.871,0.0896,0.1920,10.0
26/01/15,14:15:08,21.270,48.400,26.256,0.0845,0.1935,10.0
26/01/15,15:15:09,15.963,60.300,19.318,0.0766,0.1920,8.3
26/01/15,16:15:10,16.844,62.500,20.341,0.0751,0.1913,9.7
26/01/15,17:15:11,16.630,65.100,19.127,0.0729,0.1906,10.1
26/01/15,18:15:12,12.485,72.600,13.185,0.0686,0.1899,7.7
26/01/15,19:15:13,10.418,78.900,10.590,0.0657,0.1877,6.9
26/01/15,20:15:14,8.990,84.000,8.717,0.0642,0.1870,6.4
26/01/15,21:15:15,7.820,87.700,7.920,0.0642,0.1862,5.9
26/01/15,22:15:16,7.268,88.800,7.368,0.0628,0.1855,5.6
26/01/15,23:15:17,6.687,89.200,6.990,0.0620,0.1855,5.0
27/01/15,00:15:18,6.611,89.800,6.889,0.0620,0.1848,5.1
27/01/15,01:15:19,6.560,90.100,7.167,0.0620,0.1840,5.1
27/01/15,02:15:20,6.458,90.300,7.318,0.0620,0.1840,5.0
27/01/15,03:15:21,6.331,90.500,7.519,0.0620,0.1840,4.9
27/01/15,04:15:22,6.357,91.100,7.645,0.0628,0.1840,5.0
27/01/15,05:15:23,6.965,91.200,7.870,0.0628,0.1833,5.6
27/01/15,06:15:24,7.217,91.200,8.120,0.0628,0.1833,5.9
27/01/15,07:15:25,8.568,92.200,8.866,0.0628,0.1833,7.4
27/01/15,08:15:26,10.492,93.100,10.394,0.0635,0.1833,9.4
27/01/15,09:15:27,12.074,88.700,12.389,0.0642,0.1840,10.3
27/01/15,10:15:28,13.690,84.500,11.977,0.0635,0.1840,11.1
27/01/15,11:15:29,16.249,70.900,15.581,0.0635,0.1840,11.0
27/01/15,12:15:30,17.510,67.600,20.412,0.0635,0.1848,11.5
27/01/15,13:15:31,16.082,72.600,17.106,0.0613,0.1848,11.2
27/01/15,14:15:32,16.201,71.900,19.270,0.0591,0.1855,11.1
27/01/15,15:15:33,14.888,75.600,16.773,0.0555,0.1848,10.6
27/01/15,16:15:34,13.233,81.300,13.666,0.0533,0.1848,10.1
27/01/15,17:15:35,11.443,86.300,11.248,0.0519,0.1833,9.2
27/01/15,18:15:36,9.854,88.500,9.977,0.0511,0.1833,8.1
27/01/15,19:15:37,8.916,89.600,9.015,0.0504,0.1826,7.3
27/01/15,20:15:38,8.195,90.600,8.469,0.0497,0.1826,6.8
27/01/15,21:15:39,7.770,91.300,8.070,0.0504,0.1819,6.4
27/01/15,22:15:40,7.343,91.800,7.720,0.0504,0.1819,6.1
27/01/15,23:15:41,7.142,92.200,7.393,0.0504,0.1819,6.0
28/01/15,00:15:42,7.116,92.700,7.594,0.0511,0.1819,6.0
28/01/15,01:15:43,7.041,93.000,7.594,0.0519,0.1819,6.0
28/01/15,02:15:44,6.940,93.200,7.519,0.0519,0.1819,5.9
28/01/15,03:15:45,6.839,93.500,7.519,0.0526,0.1819,5.9
28/01/15,04:15:46,6.611,93.500,7.444,0.0533,0.1819,5.6
28/01/15,05:15:47,6.484,93.800,7.015,0.0548,0.1826,5.6
28/01/15,06:15:48,6.408,94.000,6.914,0.0555,0.1826,5.5
28/01/15,07:15:49,6.408,94.100,6.864,0.0562,0.1826,5.5
28/01/15,08:15:50,6.813,94.400,7.142,0.0584,0.1826,6.0
28/01/15,09:15:51,7.920,94.600,8.170,0.0606,0.1833,7.1
28/01/15,10:15:52,8.866,94.400,9.829,0.0606,0.1833,8.0
28/01/15,11:15:53,11.759,93.800,11.273,0.0613,0.1833,10.8
28/01/15,12:15:54,12.098,90.000,12.654,0.0606,0.1840,10.5
28/01/15,13:15:55,14.050,85.000,15.390,0.0613,0.1848,11.6
28/01/15,14:15:56,16.201,77.800,16.511,0.0620,0.1848,12.3
28/01/15,15:15:57,12.727,75.400,15.748,0.0598,0.1855,8.5
28/01/15,16:15:58,11.832,89.400,10.638,0.0642,0.1855,10.2
28/01/15,17:15:59,9.015,90.600,8.891,0.0736,0.1855,7.6
28/01/15,18:16:00,8.494,91.700,8.469,0.0773,0.1848,7.2
28/01/15,19:16:01,7.594,91.700,7.770,0.0787,0.1840,6.3
28/01/15,20:16:02,6.408,91.900,6.712,0.0795,0.1840,5.2
28/01/15,21:16:03,5.591,92.400,5.975,0.0809,0.1840,4.5
28/01/15,22:16:04,4.973,92.500,5.231,0.0816,0.1833,3.9
28/01/15,23:16:05,4.480,92.700,4.947,0.0824,0.1833,3.4
29/01/15,00:16:06,3.827,92.800,4.402,0.0831,0.1826,2.8
29/01/15,01:16:07,3.301,92.800,3.801,0.0831,0.1826,2.2
29/01/15,02:16:08,3.063,93.100,3.564,0.0831,0.1819,2.1
29/01/15,03:16:09,3.168,93.200,3.274,0.0845,0.1819,2.2
29/01/15,04:16:10,3.301,94.000,3.564,0.0853,0.1819,2.4
29/01/15,05:16:11,3.406,94.300,3.485,0.0874,0.1819,2.6
29/01/15,06:16:12,3.168,94.400,3.459,0.0911,0.1819,2.4
29/01/15,07:16:13,3.512,94.600,3.696,0.0976,0.1819,2.7
29/01/15,08:16:14,4.141,94.800,4.168,0.1121,0.1819,3.4
29/01/15,09:16:15,4.714,94.800,4.999,0.1303,0.1826,4.0
29/01/15,10:16:16,5.719,94.900,5.693,0.1456,0.1826,5.0
29/01/15,11:16:17,8.668,94.900,7.895,0.1477,0.1833,7.9
29/01/15,12:16:18,11.977,94.200,9.780,0.1456,0.1833,11.1
29/01/15,13:16:19,12.025,88.600,12.485,0.1354,0.1848,10.2
29/01/15,14:16:20,13.449,82.400,13.329,0.1288,0.1848,10.5
29/01/15,15:16:21,12.122,78.300,13.401,0.1209,0.1848,8.5
29/01/15,16:16:22,11.419,85.500,10.638,0.1165,0.1848,9.1
29/01/15,17:16:23,10.712,84.300,11.273,0.1136,0.1848,8.2
29/01/15,18:16:24,8.668,88.600,8.990,0.1107,0.1840,6.9
29/01/15,19:16:25,6.408,90.800,6.788,0.1347,0.1840,5.0
29/01/15,20:16:26,5.257,92.500,5.076,0.1456,0.1840,4.1
29/01/15,21:16:27,4.740,93.300,4.584,0.1673,0.1840,3.8
29/01/15,22:16:28,3.932,93.500,4.011,0.1681,0.1833,3.0
29/01/15,23:16:29,3.591,93.800,3.880,0.1688,0.1833,2.7
30/01/15,00:16:30,3.433,94.100,3.670,0.1688,0.1826,2.6
30/01/15,01:16:31,3.168,94.300,3.538,0.1688,0.1826,2.3
30/01/15,02:16:32,2.797,94.200,3.089,0.1673,0.1826,2.0
30/01/15,03:16:33,2.823,94.500,3.063,0.1673,0.1819,2.0
30/01/15,04:16:34,3.089,94.800,3.116,0.1695,0.1826,2.3
30/01/15,05:16:35,2.584,94.700,2.823,0.1710,0.1826,1.8
30/01/15,06:16:36,2.584,94.800,2.797,0.1717,0.1819,1.8
30/01/15,07:16:37,2.903,95.100,2.823,0.1753,0.1826,2.2
30/01/15,08:16:38,3.722,95.300,3.485,0.1855,0.1826,3.0
30/01/15,09:16:39,4.168,95.300,4.194,0.1884,0.1833,3.5
30/01/15,10:16:40,6.102,95.500,5.668,0.1862,0.1833,5.4
30/01/15,11:16:41,6.560,95.100,6.864,0.1819,0.1840,5.8
30/01/15,12:16:42,6.813,94.900,7.041,0.1790,0.1848,6.1
30/01/15,13:16:43,8.841,95.100,8.120,0.1761,0.1848,8.1
30/01/15,14:16:44,9.163,93.800,9.756,0.1724,0.1862,8.2
30/01/15,15:16:45,9.805,93.900,8.965,0.1710,0.1870,8.9
30/01/15,16:16:46,8.643,93.000,9.064,0.1688,0.1877,7.6
30/01/15,17:16:47,8.717,93.300,8.494,0.1673,0.1877,7.7
30/01/15,18:16:48,7.494,92.800,7.895,0.1666,0.1877,6.4
30/01/15,19:16:49,6.990,92.700,7.242,0.1644,0.1877,5.9
30/01/15,20:16:50,5.821,92.200,6.281,0.1623,0.1877,4.7
30/01/15,21:16:51,5.334,93.100,5.719,0.1615,0.1877,4.3
30/01/15,22:16:52,5.437,93.900,5.668,0.1608,0.1877,4.5
30/01/15,23:16:53,5.360,94.500,5.719,0.1666,0.1877,4.6
31/01/15,00:16:54,4.921,94.800,5.231,0.1702,0.1877,4.2
31/01/15,01:16:55,4.714,94.900,5.154,0.1702,0.1877,4.0
31/01/15,02:16:56,4.688,94.900,5.102,0.1695,0.1877,3.9
31/01/15,03:16:57,4.506,94.800,4.999,0.1695,0.1877,3.7
31/01/15,04:16:58,4.168,94.600,4.610,0.1681,0.1877,3.4
31/01/15,05:16:59,4.610,94.900,4.895,0.1673,0.1877,3.9
31/01/15,06:17:00,4.999,95.200,5.668,0.1673,0.1877,4.3
31/01/15,07:17:01,4.662,95.100,5.308,0.1666,0.1877,3.9
31/01/15,08:17:02,9.213,92.300,5.437,0.1666,0.1877,8.0
31/01/15,09:17:03,12.509,85.000,6.585,0.1666,0.1884,10.1
31/01/15,10:17:04,15.175,79.800,8.618,0.1644,0.1891,11.7
31/01/15,11:17:05,15.031,76.400,12.582,0.1572,0.1899,10.9
31/01/15,12:17:06,17.986,75.800,15.342,0.1521,0.1906,13.7
31/01/15,13:17:07,18.699,71.200,16.606,0.1448,0.1920,13.4
31/01/15,14:17:08,16.939,73.600,15.676,0.1383,0.1920,12.2
31/01/15,15:17:09,14.673,76.000,13.834,0.1325,0.1913,10.5
31/01/15,16:17:10,14.553,76.100,14.146,0.1296,0.1913,10.4
31/01/15,17:17:11,12.847,80.800,12.316,0.1259,0.1906,9.6
31/01/15,18:17:12,12.678,81.800,12.316,0.1238,0.1899,9.7
31/01/15,19:17:13,11.540,84.900,11.224,0.1216,0.1891,9.1
31/01/15,20:17:14,9.805,88.200,9.854,0.1194,0.1891,8.0
31/01/15,21:17:15,9.139,89.600,9.015,0.1187,0.1884,7.5
31/01/15,22:17:16,8.145,89.800,8.195,0.1172,0.1884,6.6
31/01/15,23:17:17,8.145,90.500,8.270,0.1172,0.1877,6.7
01/02/15,00:17:18,7.945,91.500,8.095,0.1172,0.1877,6.7
01/02/15,01:17:19,7.895,92.000,8.020,0.1180,0.1877,6.7
01/02/15,02:17:20,7.544,92.000,7.970,0.1194,0.1877,6.3
01/02/15,03:17:21,7.091,91.400,7.444,0.1194,0.1870,5.8
01/02/15,04:17:22,6.687,91.700,7.444,0.1194,0.1870,5.4
01/02/15,05:17:23,6.813,92.000,7.419,0.1201,0.1862,5.6
01/02/15,06:17:24,6.230,92.300,7.116,0.1194,0.1862,5.1
01/02/15,07:17:25,6.611,93.100,7.015,0.1201,0.1862,5.6
01/02/15,08:17:26,7.670,93.400,8.295,0.1216,0.1862,6.7
01/02/15,09:17:27,9.410,92.200,9.706,0.1223,0.1862,8.2
01/02/15,10:17:28,13.834,85.700,11.613,0.1223,0.1870,11.5
01/02/15,11:17:29,18.271,71.100,15.796,0.1223,0.1877,13.0
01/02/15,12:17:30,21.819,62.400,19.960,0.1201,0.1891,14.3
01/02/15,13:17:31,21.318,58.900,22.633,0.1150,0.1899,13.0
01/02/15,14:17:32,21.963,57.800,24.557,0.1114,0.1906,13.3
01/02/15,15:17:33,17.320,65.100,18.057,0.1034,0.1899,10.7
01/02/15,16:17:34,15.963,72.800,16.296,0.1012,0.1884,11.1
01/02/15,17:17:35,15.963,73.000,19.080,0.0998,0.1884,11.1
01/02/15,18:17:36,13.522,79.100,14.385,0.0954,0.1877,10.0
01/02/15,19:17:37,11.273,84.700,11.127,0.0925,0.1862,8.8
01/02/15,20:17:38,9.903,87.500,9.903,0.0911,0.1855,7.9
01/02/15,21:17:39,9.114,88.700,8.990,0.0896,0.1848,7.4
01/02/15,22:17:40,8.270,89.000,8.369,0.0882,0.1840,6.6
01/02/15,23:17:41,7.695,89.400,7.619,0.0874,0.1833,6.1
02/02/15,00:17:42,7.268,89.900,7.419,0.0874,0.1833,5.7
02/02/15,01:17:43,6.281,90.200,6.889,0.0867,0.1833,4.8
02/02/15,02:17:44,5.024,90.400,5.693,0.0853,0.1826,3.6
02/02/15,03:17:45,4.298,90.800,5.076,0.0853,0.1819,2.9
02/02/15,04:17:46,5.257,91.900,5.076,0.0860,0.1819,4.1
02/02/15,05:17:47,3.696,91.600,5.179,0.0845,0.1811,2.5
02/02/15,06:17:48,5.154,92.700,4.999,0.0853,0.1811,4.1
02/02/15,07:17:49,5.770,93.700,5.949,0.0860,0.1811,4.8
02/02/15,08:17:50,7.293,94.200,7.217,0.0867,0.1811,6.4
02/02/15,09:17:51,8.916,93.600,9.163,0.0882,0.1811,7.9
02/02/15,10:17:52,11.734,89.200,11.370,0.0889,0.1819,10.0
02/02/15,11:17:53,13.305,84.600,12.992,0.0904,0.1826,10.8
02/02/15,12:17:54,16.892,72.400,17.249,0.0918,0.1833,11.9
02/02/15,13:17:55,17.915,69.000,18.390,0.0896,0.1840,12.2
02/02/15,14:17:56,17.058,72.100,17.344,0.0874,0.1840,12.0
02/02/15,15:17:57,18.866,70.100,20.650,0.0867,0.1840,13.3
02/02/15,16:17:58,18.842,68.300,22.226,0.0831,0.1848,12.9
02/02/15,17:17:59,16.677,72.000,20.293,0.0773,0.1848,11.6
02/02/15,18:18:00,15.031,77.500,16.963,0.0736,0.1840,11.1
02/02/15,19:18:01,13.233,82.600,13.978,0.0707,0.1833,10.4
02/02/15,20:18:02,11.029,86.500,11.248,0.0686,0.1819,8.9
02/02/15,21:18:03,10.247,88.200,10.173,0.0671,0.1811,8.4
02/02/15,22:18:04,9.632,88.900,9.558,0.0664,0.1804,7.9
02/02/15,23:18:05,8.965,89.100,8.965,0.0657,0.1797,7.3
03/02/15,00:18:06,7.945,89.500,8.120,0.0649,0.1797,6.3
03/02/15,01:18:07,7.795,90.000,7.995,0.0649,0.1790,6.3
03/02/15,02:18:08,6.357,89.900,7.569,0.0642,0.1790,4.8
03/02/15,03:18:09,6.255,90.200,6.535,0.0642,0.1790,4.8
03/02/15,04:18:10,5.257,89.900,6.535,0.0635,0.1782,3.7
03/02/15,05:18:11,3.670,89.800,5.076,0.0635,0.1782,2.2
03/02/15,06:18:12,1.832,89.500,3.301,0.0628,0.1775,0.3
03/02/15,07:18:13,1.588,89.600,2.155,0.0628,0.1768,0.1
03/02/15,08:18:14,14.050,76.400,4.714,0.0649,0.1768,10.0
03/02/15,09:18:15,18.533,50.700,9.460,0.0664,0.1768,8.1
03/02/15,10:18:16,22.369,47.200,12.823,0.0657,0.1775,10.6
03/02/15,11:18:17,24.315,44.900,18.557,0.0642,0.1775,11.6
03/02/15,12:18:18,26.549,43.100,22.321,0.0620,0.1782,13.0
03/02/15,13:18:19,27.974,41.700,25.113,0.0584,0.1797,13.8
03/02/15,14:18:20,28.791,40.800,27.751,0.0519,0.1804,14.2
03/02/15,15:18:21,27.554,42.400,29.015,0.0410,0.1797,13.7
03/02/15,16:18:22,24.532,46.800,29.040,0.0279,0.1790,12.4
03/02/15,17:18:23,25.501,49.600,28.493,0.0199,0.1782,14.2
03/02/15,18:18:24,19.770,56.500,22.130,0.0119,0.1768,10.9
03/02/15,19:18:25,16.177,69.800,17.058,0.0105,0.1746,10.7
03/02/15,20:18:26,13.762,83.000,14.553,0.0097,0.1739,10.9
03/02/15,21:18:27,11.734,86.000,11.953,0.0105,0.1724,9.5
03/02/15,22:18:28,12.751,87.800,12.751,0.0112,0.1717,10.8
03/02/15,23:18:29,12.098,88.400,12.340,0.0119,0.1710,10.3
04/02/15,00:18:30,10.247,88.300,11.127,0.0119,0.1710,8.4
04/02/15,01:18:31,6.281,85.100,7.217,0.0134,0.1702,4.0
04/02/15,02:18:32,4.115,84.000,5.616,0.0148,0.1695,1.7
04/02/15,03:18:33,3.801,83.900,4.869,0.0170,0.1695,1.3
04/02/15,04:18:34,3.327,80.000,4.506,0.0177,0.1688,0.2
04/02/15,05:18:35,4.011,76.600,4.610,0.0192,0.1681,0.3
04/02/15,06:18:36,4.168,82.700,4.921,0.0199,0.1681,1.5
04/02/15,07:18:37,5.024,89.500,5.847,0.0206,0.1681,3.4
04/02/15,08:18:38,7.041,89.900,7.041,0.0214,0.1673,5.5
04/02/15,09:18:39,10.810,83.800,8.817,0.0214,0.1673,8.2
04/02/15,10:18:40,13.594,75.600,11.904,0.0199,0.1673,9.4
04/02/15,11:18:41,19.318,60.300,17.225,0.0192,0.1673,11.5
04/02/15,12:18:42,23.761,55.500,23.136,0.0170,0.1681,14.3
04/02/15,13:18:43,22.992,55.900,24.171,0.0119,0.1688,13.7
04/02/15,14:18:44,21.724,54.900,26.329,0.0046,0.1695,12.3
04/02/15,15:18:45,21.557,54.600,28.072,-0.0026,0.1688,12.0
04/02/15,16:18:46,20.746,54.000,28.196,-0.0113,0.1688,11.1
04/02/15,17:18:47,18.866,57.100,24.968,-0.0171,0.1673,10.2
04/02/15,18:18:48,16.082,60.600,19.389,-0.0208,0.1659,8.5
04/02/15,19:18:49,12.823,70.900,14.218,-0.0208,0.1637,7.7
04/02/15,20:18:50,11.151,83.400,11.297,-0.0193,0.1623,8.5
04/02/15,21:18:51,10.075,87.400,10.124,-0.0179,0.1623,8.1
04/02/15,22:18:52,9.460,88.400,9.706,-0.0171,0.1615,7.6
04/02/15,23:18:53,8.941,88.900,9.336,-0.0164,0.1615,7.2
05/02/15,00:18:54,8.618,89.900,9.139,-0.0150,0.1608,7.1
05/02/15,01:18:55,8.369,90.600,9.188,-0.0142,0.1608,6.9
05/02/15,02:18:56,8.145,90.300,9.089,-0.0128,0.1601,6.7
05/02/15,03:18:57,8.220,90.300,9.015,-0.0121,0.1601,6.7
05/02/15,04:18:58,6.661,89.800,8.270,-0.0113,0.1601,5.1
05/02/15,05:18:59,3.538,88.400,4.532,-0.0099,0.1594,1.8
05/02/15,06:19:00,2.690,88.800,3.801,-0.0077,0.1594,1.0
05/02/15,07:19:01,4.480,89.800,4.506,-0.0070,0.1594,3.0
05/02/15,08:19:02,15.318,84.200,9.040,-0.0055,0.1586,12.7
05/02/15,09:19:03,19.960,65.000,11.832,-0.0041,0.1594,13.2
05/02/15,10:19:04,21.461,58.900,14.792,-0.0041,0.1586,13.1
05/02/15,11:19:05,21.461,57.600,18.509,-0.0055,0.1586,12.8
05/02/15,12:19:06,24.098,54.200,20.746,-0.0062,0.1594,14.3
05/02/15,13:19:07,28.941,45.100,27.087,-0.0077,0.1601,15.9
05/02/15,14:19:08,22.920,49.900,21.390,-0.0157,0.1601,11.9
05/02/15,15:19:09,22.417,57.700,24.026,-0.0179,0.1594,13.7
05/02/15,16:19:10,19.199,61.700,21.318,-0.0208,0.1586,11.7
05/02/15,17:19:11,17.439,68.600,20.007,-0.0230,0.1586,11.6
05/02/15,18:19:12,17.082,74.700,18.343,-0.0230,0.1572,12.6
05/02/15,19:19:13,14.912,77.800,16.368,-0.0230,0.1564,11.1
05/02/15,20:19:14,12.195,86.000,12.871,-0.0222,0.1550,9.9
05/02/15,21:19:15,9.829,87.500,10.247,-0.0215,0.1550,7.9
05/02/15,22:19:16,9.952,88.900,10.026,-0.0200,0.1543,8.2
05/02/15,23:19:17,8.444,88.100,9.238,-0.0186,0.1543,6.6
06/02/15,00:19:18,6.965,88.000,8.070,-0.0179,0.1543,5.1
06/02/15,01:19:19,5.437,87.300,6.179,-0.0157,0.1543,3.5
06/02/15,02:19:20,4.506,88.000,5.308,-0.0150,0.1535,2.7
06/02/15,03:19:21,3.985,88.300,4.662,-0.0135,0.1535,2.2
06/02/15,04:19:22,3.827,89.200,4.610,-0.0121,0.1528,2.2
06/02/15,05:19:23,3.591,89.600,4.558,-0.0113,0.1528,2.0
06/02/15,06:19:24,3.063,89.700,3.985,-0.0099,0.1528,1.5
06/02/15,07:19:25,3.670,89.900,4.350,-0.0092,0.1528,2.2
06/02/15,08:19:26,17.272,82.900,8.866,-0.0077,0.1521,14.4
06/02/15,09:19:27,22.393,62.200,12.678,-0.0062,0.1521,14.8
06/02/15,10:19:28,26.085,51.100,15.676,-0.0062,0.1528,15.2
06/02/15,11:19:29,28.816,44.700,21.724,-0.0077,0.1521,15.6
06/02/15,12:19:30,31.382,40.400,26.134,-0.0092,0.1528,16.3
06/02/15,13:19:31,26.598,42.100,25.040,-0.0150,0.1528,12.7
06/02/15,14:19:32,24.484,47.900,25.355,-0.0193,0.1521,12.7
06/02/15,15:19:33,22.872,47.000,26.989,-0.0237,0.1514,11.0
06/02/15,16:19:34,21.843,45.300,27.481,-0.0288,0.1514,9.5
06/02/15,17:19:35,22.465,48.300,26.891,-0.0309,0.1499,11.0
06/02/15,18:19:36,19.770,55.200,21.318,-0.0338,0.1492,10.5
06/02/15,19:19:37,17.296,63.300,17.653,-0.0338,0.1470,10.3
06/02/15,20:19:38,13.497,74.800,13.858,-0.0331,0.1463,9.1
06/02/15,21:19:39,12.243,81.800,12.171,-0.0317,0.1456,9.2
06/02/15,22:19:40,9.657,80.900,10.001,-0.0309,0.1448,6.5
06/02/15,23:19:41,9.089,86.300,9.435,-0.0295,0.1448,6.9
07/02/15,00:19:42,8.494,85.500,8.494,-0.0280,0.1441,6.2
07/02/15,01:19:43,7.795,87.600,8.469,-0.0266,0.1441,5.9
07/02/15,02:19:44,6.357,86.200,7.091,-0.0259,0.1441,4.2
07/02/15,03:19:45,5.514,86.300,6.230,-0.0244,0.1441,3.4
07/02/15,04:19:46,4.947,87.300,5.872,-0.0237,0.1434,3.0
07/02/15,05:19:47,4.376,87.700,5.308,-0.0222,0.1434,2.5
07/02/15,06:19:48,3.906,88.100,4.740,-0.0208,0.1434,2.1
07/02/15,07:19:49,7.041,90.300,6.940,-0.0193,0.1434,5.6
07/02/15,08:19:50,17.034,74.100,11.029,-0.0186,0.1434,12.4
07/02/15,09:19:51,21.246,52.900,13.834,-0.0171,0.1426,11.3
07/02/15,10:19:52,22.872,47.700,16.368,-0.0171,0.1426,11.2
07/02/15,11:19:53,25.234,47.100,21.557,-0.0179,0.1426,13.2
07/02/15,12:19:54,25.866,48.400,23.497,-0.0193,0.1419,14.2
07/02/15,13:19:55,26.818,48.900,25.525,-0.0222,0.1426,15.2
07/02/15,14:19:56,28.122,47.500,28.916,-0.0266,0.1419,15.9
07/02/15,15:19:57,27.112,46.500,30.167,-0.0331,0.1426,14.7
07/02/15,16:19:58,24.629,48.500,26.818,-0.0382,0.1419,13.1
07/02/15,17:19:59,22.465,51.300,25.186,-0.0411,0.1397,11.9
07/02/15,18:20:00,19.341,54.200,22.489,-0.0433,0.1383,9.9
07/02/15,19:20:01,16.844,61.400,17.225,-0.0433,0.1368,9.4
07/02/15,20:20:02,12.751,67.400,13.810,-0.0418,0.1354,6.9
07/02/15,21:20:03,9.583,73.800,9.928,-0.0411,0.1347,5.1
07/02/15,22:20:04,9.213,79.800,9.064,-0.0389,0.1347,5.9
07/02/15,23:20:05,7.116,79.800,7.920,-0.0382,0.1339,3.9
08/02/15,00:20:06,6.255,82.100,6.940,-0.0368,0.1339,3.4
08/02/15,01:20:07,9.287,86.300,8.045,-0.0346,0.1339,7.1
08/02/15,02:20:08,11.346,85.200,10.883,-0.0338,0.1339,9.0
08/02/15,03:20:09,12.751,75.600,12.944,-0.0331,0.1332,8.6
08/02/15,04:20:10,12.896,70.300,13.137,-0.0324,0.1332,7.6
08/02/15,05:20:11,12.316,71.300,12.727,-0.0317,0.1325,7.3
08/02/15,06:20:12,12.678,67.700,12.871,-0.0309,0.1325,6.9
08/02/15,07:20:13,13.161,66.200,13.377,-0.0302,0.1318,7.0
08/02/15,08:20:14,19.080,59.600,13.858,-0.0288,0.1325,11.1
08/02/15,09:20:15,17.272,52.300,15.342,-0.0273,0.1332,7.4
08/02/15,10:20:16,22.776,68.100,15.605,-0.0266,0.1332,16.6
08/02/15,11:20:17,25.744,46.100,22.561,-0.0251,0.1325,13.3
08/02/15,12:20:18,27.259,44.800,26.109,-0.0251,0.1325,14.2
08/02/15,13:20:19,27.727,45.100,27.628,-0.0288,0.1318,14.8
08/02/15,14:20:20,28.320,41.200,29.090,-0.0331,0.1318,13.9
08/02/15,15:20:21,27.924,39.700,30.520,-0.0389,0.1318,13.0
08/02/15,16:20:22,26.549,40.500,30.697,-0.0440,0.1310,12.1
08/02/15,17:20:23,24.363,43.700,28.593,-0.0476,0.1303,11.2
08/02/15,18:20:24,21.772,48.600,23.497,-0.0491,0.1281,10.5
08/02/15,19:20:25,18.485,67.500,20.055,-0.0484,0.1267,12.4
08/02/15,20:20:26,16.582,85.100,17.011,-0.0469,0.1252,14.1
08/02/15,21:20:27,14.960,86.700,15.175,-0.0455,0.1252,12.8
08/02/15,22:20:28,14.218,87.600,14.409,-0.0433,0.1245,12.2
08/02/15,23:20:29,13.305,88.400,13.618,-0.0426,0.1238,11.4
09/02/15,00:20:30,12.823,89.800,13.161,-0.0411,0.1230,11.2
09/02/15,01:20:31,11.832,90.700,12.437,-0.0397,0.1238,10.4
09/02/15,02:20:32,11.637,91.400,11.929,-0.0382,0.1238,10.3
09/02/15,03:20:33,10.907,91.700,11.565,-0.0368,0.1230,9.6
09/02/15,04:20:34,10.001,91.800,10.785,-0.0353,0.1238,8.7
09/02/15,05:20:35,9.706,92.000,10.296,-0.0338,0.1252,8.5
09/02/15,06:20:36,9.386,92.000,10.271,-0.0324,0.1252,8.2
09/02/15,07:20:37,9.657,92.300,10.320,-0.0309,0.1252,8.5
09/02/15,08:20:38,11.370,93.100,11.734,-0.0288,0.1252,10.3
09/02/15,09:20:39,16.534,91.800,14.242,-0.0273,0.1252,15.2
09/02/15,10:20:40,22.992,81.900,17.034,-0.0259,0.1259,19.8
09/02/15,11:20:41,25.841,60.500,22.298,-0.0251,0.1252,17.6
09/02/15,12:20:42,27.628,51.800,25.550,-0.0230,0.1252,16.8
09/02/15,13:20:43,28.593,48.300,28.468,-0.0244,0.1252,16.6
09/02/15,14:20:44,29.065,45.600,32.355,-0.0317,0.1259,16.2
09/02/15,15:20:45,27.653,42.600,33.209,-0.0397,0.1252,13.8
09/02/15,16:20:46,26.353,43.600,32.124,-0.0447,0.1245,13.0
09/02/15,17:20:47,24.146,44.500,30.824,-0.0491,0.1230,11.3
09/02/15,18:20:48,21.151,46.200,24.823,-0.0520,0.1216,9.2
09/02/15,19:20:49,17.558,67.000,19.365,-0.0513,0.1194,11.4
09/02/15,20:20:50,14.242,84.500,15.270,-0.0498,0.1180,11.7
09/02/15,21:20:51,13.762,88.000,13.858,-0.0476,0.1172,11.8
09/02/15,22:20:52,13.570,89.200,14.170,-0.0462,0.1165,11.8
09/02/15,23:20:53,12.340,88.700,13.040,-0.0447,0.1158,10.5
10/02/15,00:20:54,11.856,89.100,12.122,-0.0440,0.1158,10.1
10/02/15,01:20:55,10.663,89.000,11.102,-0.0426,0.1150,8.9
10/02/15,02:20:56,10.394,89.800,10.345,-0.0418,0.1150,8.8
10/02/15,03:20:57,11.175,91.700,11.151,-0.0397,0.1150,9.9
10/02/15,04:20:58,10.883,91.900,11.248,-0.0389,0.1150,9.6
10/02/15,05:20:59,10.883,92.600,11.127,-0.0375,0.1150,9.7
10/02/15,06:21:00,10.590,92.400,10.858,-0.0360,0.1150,9.4
10/02/15,07:21:01,10.687,92.100,10.736,-0.0353,0.1150,9.5
10/02/15,08:21:02,16.987,82.900,12.122,-0.0338,0.1150,14.1
10/02/15,09:21:03,21.032,67.400,14.529,-0.0317,0.1150,14.8
10/02/15,10:21:04,22.729,63.100,17.915,-0.0302,0.1150,15.4
10/02/15,11:21:05,24.122,60.500,21.891,-0.0295,0.1150,16.0
10/02/15,12:21:06,23.954,61.000,24.436,-0.0309,0.1150,16.0
10/02/15,13:21:07,26.646,59.900,26.720,-0.0317,0.1165,18.2
10/02/15,14:21:08,26.769,56.000,30.798,-0.0360,0.1172,17.3
10/02/15,15:21:09,27.259,54.800,32.381,-0.0411,0.1172,17.4
10/02/15,16:21:10,25.089,56.800,30.621,-0.0462,0.1172,15.9
10/02/15,17:21:11,23.088,60.400,28.493,-0.0491,0.1165,15.0
10/02/15,18:21:12,21.700,64.900,24.847,-0.0513,0.1143,14.8
10/02/15,19:21:13,18.319,68.100,20.150,-0.0513,0.1129,12.4
10/02/15,20:21:14,14.409,75.200,15.557,-0.0498,0.1114,10.1
10/02/15,21:21:15,11.662,77.900,11.175,-0.0491,0.1100,7.9
10/02/15,22:21:16,11.929,87.800,12.534,-0.0476,0.1092,10.0
10/02/15,23:21:17,11.029,86.400,11.127,-0.0462,0.1092,8.9
11/02/15,00:21:18,8.891,86.300,9.780,-0.0455,0.1085,6.7
11/02/15,01:21:19,8.020,86.600,8.767,-0.0440,0.1085,5.9
11/02/15,02:21:20,9.361,87.900,9.854,-0.0426,0.1085,7.5
11/02/15,03:21:21,8.568,88.300,10.001,-0.0418,0.1078,6.8
11/02/15,04:21:22,11.224,91.400,10.467,-0.0404,0.1085,9.9
11/02/15,05:21:23,11.807,92.400,12.050,-0.0389,0.1085,10.6
11/02/15,06:21:24,12.389,92.500,12.413,-0.0382,0.1085,11.2
11/02/15,07:21:25,12.847,91.700,12.871,-0.0368,0.1085,11.5
11/02/15,08:21:26,17.891,83.100,14.146,-0.0353,0.1085,15.0
11/02/15,09:21:27,21.342,71.400,15.963,-0.0331,0.1085,16.0
11/02/15,10:21:28,23.016,65.000,18.747,-0.0317,0.1085,16.1
11/02/15,11:21:29,24.243,62.300,22.657,-0.0317,0.1092,16.6
11/02/15,12:21:30,24.798,62.000,24.219,-0.0324,0.1092,17.0
11/02/15,13:21:31,27.653,60.300,26.598,-0.0331,0.1100,19.3
11/02/15,14:21:32,27.727,56.300,29.590,-0.0368,0.1107,18.3
11/02/15,15:21:33,27.850,53.800,30.621,-0.0418,0.1114,17.6
11/02/15,16:21:34,26.085,56.300,31.740,-0.0469,0.1114,16.7
11/02/15,17:21:35,22.154,61.500,26.158,-0.0520,0.1107,14.4
11/02/15,18:21:36,14.457,77.600,16.939,0.0860,0.1194,10.6
11/02/15,19:21:37,12.364,90.200,12.799,0.2218,0.2487,10.8
11/02/15,20:21:38,11.613,92.300,11.759,0.2233,0.2400,10.4
11/02/15,21:21:39,11.053,93.200,11.224,0.2225,0.2400,10.0
11/02/15,22:21:40,10.736,93.700,11.321,0.2073,0.2284,9.8
11/02/15,23:21:41,10.320,93.800,11.443,0.1920,0.2211,9.4
12/02/15,00:21:42,10.026,93.300,11.370,0.1826,0.2175,9.0
12/02/15,01:21:43,10.001,92.400,11.346,0.1775,0.2146,8.8
12/02/15,02:21:44,9.410,89.600,11.005,0.1732,0.2124,7.8
12/02/15,03:21:45,8.767,90.300,10.394,0.1702,0.2102,7.3
12/02/15,04:21:46,7.995,91.700,9.460,0.1681,0.2087,6.7
12/02/15,05:21:47,7.970,92.100,9.114,0.1666,0.2073,6.8
12/02/15,06:21:48,7.945,92.600,9.435,0.1652,0.2066,6.8
12/02/15,07:21:49,8.070,92.500,9.015,0.1644,0.2058,6.9
12/02/15,08:21:50,15.438,94.400,10.638,0.1652,0.2051,14.6
12/02/15,09:21:51,20.269,82.900,12.775,0.1644,0.2058,17.3
12/02/15,10:21:52,21.724,73.000,15.843,0.1608,0.2058,16.7
12/02/15,11:21:53,23.737,72.600,19.674,0.1535,0.2058,18.5
12/02/15,12:21:54,23.400,69.000,22.920,0.1426,0.2051,17.4
12/02/15,13:21:55,23.905,72.100,25.210,0.1303,0.2051,18.6
12/02/15,14:21:56,22.369,73.800,25.428,0.1187,0.2037,17.5
12/02/15,15:21:57,19.770,76.500,22.657,0.1092,0.2029,15.5
12/02/15,16:21:58,17.843,82.800,18.985,0.1042,0.2015,14.9
12/02/15,17:21:59,16.463,84.700,17.867,0.1005,0.2000,13.9
12/02/15,18:22:00,14.697,87.400,15.461,0.0983,0.1986,12.6
12/02/15,19:22:01,13.690,88.100,14.481,0.0969,0.1971,11.8
12/02/15,20:22:02,12.582,89.100,13.570,0.0954,0.1964,10.8
12/02/15,21:22:03,12.340,90.500,13.064,0.0954,0.1957,10.8
12/02/15,22:22:04,11.346,90.700,12.654,0.0947,0.1949,9.9
12/02/15,23:22:05,10.443,89.900,11.297,0.0940,0.1942,8.9
13/02/15,00:22:06,9.040,89.400,10.345,0.0933,0.1935,7.4
13/02/15,01:22:07,7.670,89.200,9.139,0.0933,0.1928,6.0
13/02/15,02:22:08,7.242,89.500,8.568,0.0925,0.1920,5.6
13/02/15,03:22:09,6.204,89.500,7.820,0.0925,0.1913,4.6
13/02/15,04:22:10,5.796,89.700,7.116,0.0933,0.1906,4.2
13/02/15,05:22:11,5.514,90.100,7.192,0.0933,0.1899,4.0
13/02/15,06:22:12,5.360,90.100,6.636,0.0940,0.1899,3.9
13/02/15,07:22:13,5.205,90.400,6.611,0.0947,0.1891,3.8
13/02/15,08:22:14,16.796,86.000,9.485,0.0983,0.1891,14.5
13/02/15,09:22:15,20.293,71.200,12.485,0.1005,0.1899,14.9
13/02/15,10:22:16,23.521,64.600,15.557,0.1005,0.1906,16.5
13/02/15,11:22:17,23.160,63.000,18.747,0.0991,0.1906,15.7
13/02/15,12:22:18,20.269,66.800,18.129,0.0962,0.1906,13.9
13/02/15,13:22:19,15.557,80.500,16.201,0.1158,0.1913,12.2
13/02/15,14:22:20,13.353,90.300,14.074,0.2284,0.2109,11.8
13/02/15,15:22:21,13.305,92.100,13.497,0.2109,0.2160,12.1
13/02/15,16:22:22,13.954,93.000,14.290,0.2008,0.2131,12.9
13/02/15,17:22:23,13.401,92.100,14.170,0.1935,0.2116,12.2
13/02/15,18:22:24,13.666,92.600,14.266,0.1891,0.2109,12.5
13/02/15,19:22:25,13.040,92.700,13.906,0.1848,0.2095,11.9
13/02/15,20:22:26,11.516,90.900,12.534,0.1819,0.2080,10.1
13/02/15,21:22:27,11.200,92.300,11.977,0.1797,0.2073,10.0
13/02/15,22:22:28,10.516,92.400,11.613,0.1775,0.2066,9.3
13/02/15,23:22:29,10.663,92.500,11.492,0.1761,0.2058,9.5
14/02/15,00:22:30,10.369,93.200,11.346,0.1746,0.2051,9.3
14/02/15,01:22:31,10.614,93.300,11.029,0.1739,0.2044,9.6
14/02/15,02:22:32,10.712,94.000,11.078,0.1724,0.2044,9.8
14/02/15,03:22:33,11.053,93.700,11.273,0.1717,0.2037,10.1
14/02/15,04:22:34,11.127,94.700,11.321,0.1761,0.2037,10.3
14/02/15,05:22:35,11.151,95.400,11.370,0.1768,0.2037,10.5
14/02/15,06:22:36,10.907,95.500,11.224,0.1811,0.2037,10.2
14/02/15,07:22:37,10.736,95.600,11.029,0.1804,0.2044,10.1
14/02/15,08:22:38,10.541,95.400,10.858,0.2087,0.2066,9.8
14/02/15,09:22:39,11.151,95.500,11.151,0.2087,0.2116,10.5
14/02/15,10:22:40,10.907,95.300,11.419,0.2385,0.2247,10.2
14/02/15,11:22:41,10.736,95.400,10.932,0.2647,0.2589,10.0
14/02/15,12:22:42,10.614,95.800,10.761,0.2719,0.2654,10.0
14/02/15,13:22:43,11.759,96.200,11.662,0.2414,0.2407,11.2
14/02/15,14:22:44,12.074,96.000,12.195,0.2284,0.2327,11.5
14/02/15,15:22:45,11.904,95.800,11.904,0.2175,0.2291,11.3
14/02/15,16:22:46,12.558,95.800,12.292,0.2080,0.2254,11.9
14/02/15,17:22:47,12.992,94.800,13.137,0.2015,0.2225,12.2
14/02/15,18:22:48,11.953,93.300,12.992,0.1957,0.2204,10.9
14/02/15,19:22:49,11.053,92.800,12.025,0.1920,0.2182,9.9
14/02/15,20:22:50,10.149,94.100,10.834,0.1899,0.2167,9.3
14/02/15,21:22:51,9.879,94.900,10.320,0.1891,0.2153,9.1
14/02/15,22:22:52,9.780,95.500,10.443,0.1877,0.2146,9.1
14/02/15,23:22:53,8.643,95.000,9.731,0.1855,0.2131,7.9
15/02/15,00:22:54,7.242,94.700,8.767,0.1840,0.2124,6.5
15/02/15,01:22:55,8.220,95.900,9.064,0.1840,0.2116,7.6
15/02/15,02:22:56,8.519,96.100,9.040,0.1833,0.2109,7.9
15/02/15,03:22:57,8.145,96.100,8.891,0.1826,0.2109,7.6
15/02/15,04:22:58,7.845,96.000,8.593,0.1819,0.2102,7.3
15/02/15,05:22:59,7.419,95.900,8.270,0.1811,0.2095,6.8
15/02/15,06:23:00,6.990,95.100,7.820,0.1804,0.2087,6.3
15/02/15,07:23:01,6.712,94.700,7.594,0.1797,0.2087,5.9
15/02/15,08:23:02,14.074,91.300,8.817,0.1804,0.2080,12.7
15/02/15,09:23:03,17.915,83.600,10.956,0.1811,0.2087,15.1
15/02/15,10:23:04,20.198,77.700,14.026,0.1790,0.2095,16.2
15/02/15,11:23:05,22.513,72.200,18.580,0.1724,0.2102,17.3
15/02/15,12:23:06,25.477,65.300,21.199,0.1637,0.2102,18.5
15/02/15,13:23:07,23.400,69.800,20.960,0.1528,0.2102,17.6
15/02/15,14:23:08,23.954,65.900,24.146,0.1419,0.2102,17.2
15/02/15,15:23:09,22.465,65.600,23.400,0.1310,0.2095,15.7
15/02/15,16:23:10,23.232,66.200,23.689,0.1267,0.2080,16.6
15/02/15,17:23:11,22.753,63.400,26.061,0.1216,0.2073,15.5
15/02/15,18:23:12,19.865,66.600,20.674,0.1143,0.2051,13.5
15/02/15,19:23:13,16.511,76.200,16.868,0.1100,0.2029,12.3
15/02/15,20:23:14,12.992,84.200,13.570,0.1063,0.2015,10.4
15/02/15,21:23:15,10.492,86.600,10.907,0.1042,0.2008,8.4
15/02/15,22:23:16,9.163,88.200,10.051,0.1034,0.2000,7.3
15/02/15,23:23:17,9.188,89.000,9.682,0.1034,0.1993,7.5
16/02/15,00:23:18,8.817,89.100,9.731,0.1034,0.1986,7.1
16/02/15,01:23:19,11.394,91.300,11.151,0.1049,0.1986,10.0
16/02/15,02:23:20,11.029,89.700,11.516,0.1042,0.1971,9.4
16/02/15,03:23:21,9.805,89.200,10.369,0.1034,0.1971,8.1
16/02/15,04:23:22,9.040,89.600,9.731,0.1034,0.1964,7.4
16/02/15,05:23:23,10.980,90.600,10.834,0.1049,0.1971,9.5
16/02/15,06:23:24,11.273,89.100,11.346,0.1042,0.1971,9.6
16/02/15,07:23:25,11.613,89.200,11.734,0.1056,0.1964,9.9
16/02/15,08:23:26,14.745,87.800,12.364,0.1056,0.1964,12.8
16/02/15,09:23:27,17.249,75.200,14.457,0.1071,0.1964,12.8
16/02/15,10:23:28,22.944,68.300,17.510,0.1078,0.1964,16.8
16/02/15,11:23:29,24.823,64.100,20.770,0.1063,0.1964,17.6
16/02/15,12:23:30,25.258,63.800,23.088,0.1049,0.1971,17.9
16/02/15,13:23:31,25.744,61.800,24.677,0.1027,0.1978,17.9
16/02/15,14:23:32,25.453,58.400,25.040,0.0998,0.1986,16.7
16/02/15,15:23:33,25.113,58.600,25.089,0.0954,0.1978,16.5
16/02/15,16:23:34,24.532,59.400,26.451,0.0896,0.1971,16.1
16/02/15,17:23:35,22.920,61.800,26.500,0.0831,0.1964,15.2
16/02/15,18:23:36,20.674,66.600,22.226,0.0773,0.1942,14.3
16/02/15,19:23:37,18.271,74.000,18.604,0.0751,0.1913,13.6
16/02/15,20:23:38,15.509,83.600,15.629,0.0729,0.1906,12.8
16/02/15,21:23:39,14.385,87.400,14.314,0.0715,0.1899,12.3
16/02/15,22:23:40,14.146,88.500,14.002,0.0707,0.1884,12.3
16/02/15,23:23:41,13.618,88.400,13.810,0.0700,0.1884,11.8
17/02/15,00:23:42,12.195,88.100,12.799,0.0700,0.1877,10.3
17/02/15,01:23:43,11.419,88.700,11.686,0.0693,0.1877,9.6
17/02/15,02:23:44,12.195,90.100,12.122,0.0693,0.1870,10.6
17/02/15,03:23:45,12.775,89.700,12.534,0.0700,0.1870,11.1
17/02/15,04:23:46,12.944,90.100,12.654,0.0700,0.1870,11.4
17/02/15,05:23:47,12.775,88.600,12.703,0.0693,0.1870,11.0
17/02/15,06:23:48,12.775,88.000,12.630,0.0700,0.1870,10.9
17/02/15,07:23:49,13.040,88.600,12.871,0.0693,0.1862,11.2
17/02/15,08:23:50,17.368,82.300,13.858,0.0707,0.1862,14.3
17/02/15,09:23:51,19.793,73.900,15.270,0.0715,0.1855,15.0
17/02/15,10:23:52,21.270,71.400,17.368,0.0707,0.1855,15.9
17/02/15,11:23:53,23.136,67.500,20.317,0.0700,0.1862,16.8
17/02/15,12:23:54,24.581,63.800,22.657,0.0686,0.1862,17.3
17/02/15,13:23:55,25.331,62.300,24.436,0.0664,0.1870,17.6
17/02/15,14:23:56,24.992,62.800,25.623,0.0613,0.1870,17.4
17/02/15,15:23:57,22.202,61.900,24.895,0.0526,0.1870,14.6
17/02/15,16:23:58,21.867,61.800,24.581,0.0453,0.1855,14.2
17/02/15,17:23:59,16.034,79.700,17.819,0.1419,0.1899,12.5
17/02/15,18:24:00,15.581,89.300,15.939,0.1702,0.1884,13.8
17/02/15,19:24:01,14.314,87.100,15.127,0.1652,0.1870,12.2
17/02/15,20:24:02,12.654,86.300,13.377,0.1615,0.1862,10.4
17/02/15,21:24:03,11.540,87.600,12.122,0.1637,0.1855,9.6
17/02/15,22:24:04,11.346,87.300,11.807,0.1615,0.1855,9.3
17/02/15,23:24:05,10.834,84.500,11.370,0.1601,0.1848,8.3
18/02/15,00:24:06,10.541,86.600,10.638,0.1644,0.1848,8.4
18/02/15,01:24:07,10.492,82.200,10.590,0.1615,0.1848,7.6
18/02/15,02:24:08,11.127,84.000,11.175,0.1601,0.1848,8.5
18/02/15,03:24:09,10.980,87.300,11.565,0.1608,0.1848,9.0
18/02/15,04:24:10,10.663,88.300,11.248,0.1630,0.1848,8.8
18/02/15,05:24:11,10.980,89.900,11.565,0.1724,0.1855,9.4
18/02/15,06:24:12,10.761,91.200,11.248,0.1724,0.1855,9.4
18/02/15,07:24:13,10.883,91.700,11.370,0.1739,0.1855,9.6
18/02/15,08:24:14,11.492,92.700,11.856,0.1920,0.1870,10.4
18/02/15,09:24:15,12.534,93.800,13.209,0.2124,0.1899,11.6
18/02/15,10:24:16,13.209,93.200,14.314,0.2131,0.2000,12.1
18/02/15,11:24:17,13.690,92.200,14.505,0.2058,0.2051,12.5
18/02/15,12:24:18,13.810,91.800,15.342,0.2037,0.2066,12.5
18/02/15,13:24:19,13.497,93.300,14.673,0.2429,0.2378,12.5
18/02/15,14:24:20,13.954,93.800,14.625,0.2320,0.2327,13.0
18/02/15,15:24:21,16.010,93.200,16.701,0.2175,0.2269,14.9
18/02/15,16:24:22,15.605,90.700,17.368,0.2080,0.2233,14.1
18/02/15,17:24:23,14.194,90.700,15.318,0.2022,0.2204,12.7
18/02/15,18:24:24,12.871,93.800,13.064,0.2458,0.2443,11.9
18/02/15,19:24:25,12.389,94.900,13.016,0.2233,0.2320,11.6
18/02/15,20:24:26,12.098,95.200,12.630,0.2167,0.2276,11.4
18/02/15,21:24:27,12.050,95.600,12.461,0.2102,0.2247,11.4
18/02/15,22:24:28,12.001,95.700,12.461,0.2080,0.2225,11.3
18/02/15,23:24:29,12.025,95.800,12.485,0.2073,0.2218,11.4
19/02/15,00:24:30,11.977,96.000,12.558,0.2037,0.2204,11.4
19/02/15,01:24:31,11.759,95.900,12.485,0.2008,0.2189,11.1
19/02/15,02:24:32,10.687,95.800,11.953,0.1978,0.2182,10.1
19/02/15,03:24:33,10.614,95.900,11.321,0.1964,0.2167,10.0
19/02/15,04:24:34,10.418,96.100,11.224,0.1942,0.2153,9.8
19/02/15,05:24:35,10.614,96.200,11.053,0.1935,0.2146,10.0
19/02/15,06:24:36,10.638,96.200,11.151,0.1920,0.2146,10.1
19/02/15,07:24:37,11.029,96.200,11.467,0.1913,0.2138,10.5
19/02/15,08:24:38,12.389,94.700,12.678,0.1899,0.2131,11.6
19/02/15,09:24:39,13.016,92.300,13.257,0.1884,0.2124,11.8
19/02/15,10:24:40,14.314,90.600,14.433,0.1855,0.2124,12.8
19/02/15,11:24:41,16.106,88.900,16.201,0.1819,0.2124,14.3
19/02/15,12:24:42,18.937,85.600,18.461,0.1775,0.2124,16.5
19/02/15,13:24:43,18.129,84.600,18.866,0.1695,0.2124,15.5
19/02/15,14:24:44,17.867,83.000,19.175,0.1615,0.2109,15.0
19/02/15,15:24:45,19.080,78.800,21.032,0.1521,0.2109,15.3
19/02/15,16:24:46,18.461,76.800,22.369,0.1419,0.2102,14.3
19/02/15,17:24:47,17.986,78.600,21.223,0.1361,0.2087,14.2
19/02/15,18:24:48,15.915,78.600,18.580,0.1303,0.2073,12.2
19/02/15,19:24:49,14.385,82.600,15.772,0.1281,0.2058,11.5
19/02/15,20:24:50,12.243,86.900,13.257,0.1259,0.2044,10.1
19/02/15,21:24:51,9.410,87.800,10.736,0.1245,0.2037,7.5
19/02/15,22:24:52,10.345,90.000,10.369,0.1252,0.2029,8.8
19/02/15,23:24:53,10.075,91.000,10.541,0.1259,0.2022,8.7
20/02/15,00:24:54,10.712,92.900,11.053,0.1267,0.2015,9.6
20/02/15,01:24:55,11.759,93.000,11.710,0.1281,0.2015,10.7
20/02/15,02:24:56,12.074,91.300,12.268,0.1288,0.2015,10.7
20/02/15,03:24:57,11.710,91.300,12.001,0.1296,0.2015,10.4
20/02/15,04:24:58,11.200,91.700,11.734,0.1303,0.2008,9.9
20/02/15,05:24:59,10.614,92.200,11.200,0.1303,0.2008,9.4
20/02/15,06:25:00,9.114,91.900,10.222,0.1296,0.2000,7.9
20/02/15,07:25:01,8.568,92.000,9.410,0.1310,0.2000,7.4
20/02/15,08:25:02,14.697,86.700,10.956,0.1325,0.1993,12.5
20/02/15,09:25:03,21.246,67.000,13.137,0.1347,0.1993,14.9
20/02/15,10:25:04,23.088,55.700,16.082,0.1332,0.1993,13.8
20/02/15,11:25:05,25.258,50.900,19.436,0.1303,0.2000,14.4
20/02/15,12:25:06,26.989,48.200,21.270,0.1252,0.2000,15.1
20/02/15,13:25:07,27.702,45.700,23.208,0.1201,0.2000,14.9
20/02/15,14:25:08,28.048,44.800,25.574,0.1165,0.2000,15.0
20/02/15,15:25:09,25.501,45.200,24.315,0.1100,0.2000,12.8
20/02/15,16:25:10,22.226,49.400,21.294,0.1034,0.1986,11.1
20/02/15,17:25:11,21.819,49.100,23.569,0.1020,0.1971,10.7
20/02/15,18:25:12,18.866,55.600,18.818,0.0962,0.1957,9.8
20/02/15,19:25:13,16.129,65.200,15.843,0.0933,0.1935,9.6
20/02/15,20:25:14,13.329,76.400,13.473,0.0904,0.1928,9.3
20/02/15,21:25:15,12.195,85.500,12.195,0.0889,0.1920,9.8
20/02/15,22:25:16,11.904,87.900,11.832,0.0882,0.1913,10.0
20/02/15,23:25:17,10.638,87.800,11.224,0.0867,0.1913,8.7
21/02/15,00:25:18,10.541,86.300,10.638,0.0867,0.1906,8.4
21/02/15,01:25:19,9.435,87.200,10.149,0.0860,0.1899,7.4
21/02/15,02:25:20,8.841,86.400,9.632,0.0853,0.1899,6.7
21/02/15,03:25:21,8.070,87.700,8.618,0.0845,0.1899,6.2
21/02/15,04:25:22,7.469,88.300,8.494,0.0845,0.1891,5.7
21/02/15,05:25:23,6.965,88.400,7.795,0.0845,0.1891,5.2
21/02/15,06:25:24,7.544,83.800,7.945,0.0838,0.1884,5.0
21/02/15,07:25:25,7.670,86.200,8.020,0.0838,0.1884,5.5
21/02/15,08:25:26,18.271,73.400,9.879,0.0867,0.1884,13.5
21/02/15,09:25:27,25.162,46.800,12.147,0.0882,0.1891,13.0
21/02/15,10:25:28,24.774,45.000,15.366,0.0882,0.1891,12.1
21/02/15,11:25:29,29.315,43.300,21.008,0.0889,0.1891,15.6
21/02/15,12:25:30,27.751,43.100,23.713,0.0874,0.1906,14.1
21/02/15,13:25:31,25.501,47.800,22.848,0.0838,0.1899,13.6
21/02/15,14:25:32,27.949,44.400,27.186,0.0816,0.1891,14.7
21/02/15,15:25:33,25.016,44.400,26.256,0.0729,0.1899,12.1
21/02/15,16:25:34,23.930,46.600,26.256,0.0664,0.1884,11.8
21/02/15,17:25:35,22.082,48.900,25.016,0.0584,0.1877,10.9
21/02/15,18:25:36,19.960,51.900,19.793,0.0540,0.1855,9.8
21/02/15,19:25:37,16.392,60.800,16.296,0.0526,0.1840,8.8
21/02/15,20:25:38,13.690,73.000,13.618,0.0519,0.1826,9.0
21/02/15,21:25:39,12.775,80.100,12.413,0.0519,0.1819,9.4
21/02/15,22:25:40,11.248,82.900,11.807,0.0511,0.1811,8.5
21/02/15,23:25:41,10.980,85.900,10.956,0.0511,0.1811,8.7
22/02/15,00:25:42,8.742,84.800,10.075,0.0511,0.1804,6.3
22/02/15,01:25:43,8.020,85.900,8.990,0.0511,0.1797,5.8
22/02/15,02:25:44,7.469,87.000,8.394,0.0511,0.1797,5.5
22/02/15,03:25:45,6.940,88.200,8.145,0.0511,0.1797,5.1
22/02/15,04:25:46,6.255,88.400,7.544,0.0511,0.1790,4.5
22/02/15,05:25:47,6.026,88.900,7.167,0.0519,0.1790,4.3
22/02/15,06:25:48,6.102,89.400,7.419,0.0519,0.1790,4.5
22/02/15,07:25:49,6.914,89.500,7.569,0.0519,0.1782,5.3
22/02/15,08:25:50,19.436,76.500,10.296,0.0533,0.1790,15.2
22/02/15,09:25:51,24.871,55.400,13.401,0.0540,0.1790,15.3
22/02/15,10:25:52,27.579,49.300,16.892,0.0533,0.1790,16.0
22/02/15,11:25:53,27.998,45.400,21.175,0.0519,0.1797,15.1
22/02/15,12:25:54,28.493,45.900,24.002,0.0490,0.1797,15.7
22/02/15,13:25:55,29.490,41.700,28.295,0.0439,0.1790,15.1
22/02/15,14:25:56,29.290,45.100,28.692,0.0337,0.1790,16.2
22/02/15,15:25:57,22.896,50.500,22.082,0.0250,0.1790,12.1
22/02/15,16:25:58,24.605,51.300,24.774,0.0235,0.1775,13.9
22/02/15,17:25:59,21.223,51.400,21.175,0.0170,0.1768,10.8
22/02/15,18:26:00,18.818,62.200,17.724,0.0163,0.1753,11.5
22/02/15,19:26:01,17.962,70.900,16.963,0.0155,0.1746,12.6
22/02/15,20:26:02,14.577,76.200,14.673,0.0155,0.1739,10.4
22/02/15,21:26:03,13.185,82.300,12.944,0.0170,0.1732,10.2
22/02/15,22:26:04,11.224,83.500,11.880,0.0177,0.1724,8.5
22/02/15,23:26:05,9.706,85.200,10.541,0.0192,0.1724,7.4
23/02/15,00:26:06,8.643,85.400,9.509,0.0199,0.1717,6.3
23/02/15,01:26:07,8.319,87.200,9.163,0.0206,0.1717,6.3
23/02/15,02:26:08,7.419,87.200,8.643,0.0221,0.1717,5.4
23/02/15,03:26:09,7.695,88.300,8.543,0.0228,0.1710,5.9
23/02/15,04:26:10,7.995,88.700,8.891,0.0228,0.1710,6.3
23/02/15,05:26:11,8.145,89.100,8.767,0.0235,0.1710,6.5
23/02/15,06:26:12,10.858,91.300,10.345,0.0243,0.1710,9.5
23/02/15,07:26:13,11.880,88.800,11.637,0.0250,0.1710,10.1
23/02/15,08:26:14,18.461,75.600,13.112,0.0250,0.1710,14.1
23/02/15,09:26:15,21.867,63.900,15.151,0.0257,0.1702,14.7
23/02/15,10:26:16,23.328,60.600,18.081,0.0250,0.1702,15.3
23/02/15,11:26:17,24.871,59.900,21.772,0.0235,0.1702,16.6
23/02/15,12:26:18,27.063,58.200,24.436,0.0214,0.1710,18.2
23/02/15,13:26:19,27.579,53.400,25.671,0.0170,0.1710,17.3
23/02/15,14:26:20,27.530,51.000,27.235,0.0090,0.1710,16.5
23/02/15,15:26:21,24.436,53.200,26.012,0.0003,0.1710,14.3
23/02/15,16:26:22,19.532,68.200,19.270,-0.0026,0.1695,13.5
23/02/15,17:26:23,14.170,81.700,15.055,0.0751,0.1717,11.1
23/02/15,18:26:24,12.847,90.200,12.461,0.2356,0.2146,11.3
23/02/15,19:26:25,12.340,91.000,13.305,0.2087,0.2146,10.9
23/02/15,20:26:26,12.025,91.400,13.088,0.2175,0.2138,10.7
23/02/15,21:26:27,11.102,91.400,12.195,0.2058,0.2146,9.8
23/02/15,22:26:28,10.638,91.100,11.807,0.1993,0.2131,9.3
23/02/15,23:26:29,9.139,90.800,10.590,0.1928,0.2116,7.7
24/02/15,00:26:30,9.435,91.400,10.443,0.1899,0.2095,8.1
24/02/15,01:26:31,10.051,92.700,10.443,0.1884,0.2087,8.9
24/02/15,02:26:32,10.222,94.100,11.394,0.1862,0.2080,9.3
24/02/15,03:26:33,8.866,93.300,10.492,0.1840,0.2080,7.9
24/02/15,04:26:34,7.015,91.600,8.593,0.1819,0.2066,5.7
24/02/15,05:26:35,8.170,92.800,8.220,0.1811,0.2058,7.1
24/02/15,06:26:36,8.866,94.800,9.903,0.1804,0.2051,8.1
24/02/15,07:26:37,9.583,94.600,10.173,0.1811,0.2051,8.8
24/02/15,08:26:38,14.314,95.300,11.565,0.1819,0.2051,13.6
24/02/15,09:26:39,18.200,94.500,14.433,0.1811,0.2058,17.3
24/02/15,10:26:40,17.058,90.700,16.034,0.1768,0.2058,15.5
24/02/15,11:26:41,18.509,87.800,16.939,0.1724,0.2058,16.5
24/02/15,12:26:42,14.649,84.900,17.439,0.1644,0.2058,12.2
24/02/15,13:26:43,16.368,87.200,16.272,0.1623,0.2051,14.3
24/02/15,14:26:44,20.365,81.800,20.365,0.1564,0.2051,17.2
24/02/15,15:26:45,19.460,80.300,21.819,0.1485,0.2051,16.0
24/02/15,16:26:46,16.606,83.200,19.698,0.1397,0.2044,13.8
24/02/15,17:26:47,14.026,87.000,16.344,0.1347,0.2029,11.9
24/02/15,18:26:48,11.977,88.600,13.810,0.1332,0.2008,10.2
24/02/15,19:26:49,10.638,89.900,12.025,0.1318,0.2000,9.1
24/02/15,20:26:50,9.706,90.700,10.834,0.1310,0.1993,8.3
24/02/15,21:26:51,9.139,91.600,10.124,0.1310,0.1986,7.9
24/02/15,22:26:52,9.040,92.500,10.001,0.1318,0.1978,7.9
24/02/15,23:26:53,9.040,93.300,10.051,0.1325,0.1971,8.0
25/02/15,00:26:54,8.891,93.800,10.026,0.1332,0.1964,8.0
25/02/15,01:26:55,8.792,94.000,9.879,0.1339,0.1964,7.9
25/02/15,02:26:56,8.742,94.200,9.903,0.1347,0.1957,7.9
25/02/15,03:26:57,9.064,94.500,10.173,0.1354,0.1957,8.2
25/02/15,04:26:58,9.558,94.600,10.320,0.1361,0.1949,8.7
25/02/15,05:26:59,10.051,95.100,10.858,0.1368,0.1949,9.3
25/02/15,06:27:00,10.173,95.300,10.907,0.1368,0.1949,9.5
25/02/15,07:27:01,11.078,95.700,11.297,0.1376,0.1949,10.4
25/02/15,08:27:02,12.025,95.700,12.606,0.1383,0.1949,11.4
25/02/15,09:27:03,15.055,95.300,12.847,0.1405,0.1949,14.3
25/02/15,10:27:04,12.461,94.300,12.896,0.1485,0.1957,11.6
25/02/15,11:27:05,15.055,93.400,14.864,0.1492,0.1957,14.0
25/02/15,12:27:06,14.170,90.100,14.098,0.1448,0.1964,12.6
25/02/15,13:27:07,17.344,88.100,16.725,0.1434,0.1964,15.4
25/02/15,14:27:08,18.937,82.800,19.698,0.1361,0.1971,16.0
25/02/15,15:27:09,19.222,78.200,20.817,0.1288,0.1971,15.4
25/02/15,16:27:10,18.747,79.300,20.412,0.1238,0.1964,15.1
25/02/15,17:27:11,16.796,77.100,20.865,0.1158,0.1964,12.8
25/02/15,18:27:12,15.390,82.100,16.987,0.1114,0.1949,12.4
25/02/15,19:27:13,12.751,85.300,14.170,0.1078,0.1935,10.4
25/02/15,20:27:14,9.879,88.000,10.980,0.1049,0.1928,8.0
25/02/15,21:27:15,10.149,89.600,10.785,0.1042,0.1913,8.5
25/02/15,22:27:16,7.594,89.200,8.817,0.1027,0.1913,5.9
25/02/15,23:27:17,10.075,91.700,9.435,0.1034,0.1906,8.8
26/02/15,00:27:18,10.492,93.900,10.932,0.1034,0.1899,9.6
26/02/15,01:27:19,11.394,93.900,11.273,0.1049,0.1906,10.5
26/02/15,02:27:20,11.102,94.000,11.540,0.1049,0.1906,10.2
26/02/15,03:27:21,11.078,94.200,11.248,0.1049,0.1891,10.2
26/02/15,04:27:22,11.005,94.300,11.273,0.1049,0.1899,10.1
26/02/15,05:27:23,10.810,94.100,11.127,0.1049,0.1891,9.9
26/02/15,06:27:24,10.638,94.500,10.956,0.1056,0.1899,9.8
26/02/15,07:27:25,10.834,95.100,10.980,0.1049,0.1891,10.1
26/02/15,08:27:26,11.492,95.600,11.467,0.1056,0.1891,10.8
26/02/15,09:27:27,11.832,94.500,12.243,0.1063,0.1891,11.0
26/02/15,10:27:28,14.290,92.100,13.570,0.1085,0.1899,13.0
26/02/15,11:27:29,15.247,87.800,14.673,0.1078,0.1899,13.3
26/02/15,12:27:30,17.510,80.900,16.177,0.1078,0.1899,14.2
26/02/15,13:27:31,23.785,67.700,21.079,0.1092,0.1913,17.5
26/02/15,14:27:32,22.848,61.600,21.032,0.1042,0.1913,15.1
26/02/15,15:27:33,22.369,59.300,22.848,0.1005,0.1913,14.1
26/02/15,16:27:34,20.365,65.300,18.842,0.0954,0.1906,13.7
26/02/15,17:27:35,17.938,70.400,17.391,0.0904,0.1899,12.5
26/02/15,18:27:36,16.344,81.800,15.700,0.0882,0.1884,13.2
26/02/15,19:27:37,14.266,87.900,14.481,0.0860,0.1877,12.3
26/02/15,20:27:38,13.305,89.100,13.666,0.0853,0.1870,11.6
26/02/15,21:27:39,12.896,91.000,13.161,0.0845,0.1862,11.5
26/02/15,22:27:40,12.340,91.800,12.871,0.0838,0.1862,11.1
26/02/15,23:27:41,12.050,92.500,12.558,0.0831,0.1855,10.9
27/02/15,00:27:42,11.807,93.100,12.509,0.0831,0.1855,10.7
27/02/15,01:27:43,11.734,93.500,12.364,0.0824,0.1848,10.7
27/02/15,02:27:44,11.710,93.600,12.268,0.0824,0.1848,10.7
27/02/15,03:27:45,10.761,93.100,11.394,0.0816,0.1848,9.7
27/02/15,04:27:46,9.410,92.000,10.051,0.0802,0.1840,8.2
27/02/15,05:27:47,7.895,91.800,9.064,0.0802,0.1840,6.7
27/02/15,06:27:48,7.544,90.200,7.970,0.0795,0.1833,6.0
27/02/15,07:27:49,7.995,89.900,8.220,0.0795,0.1826,6.4
27/02/15,08:27:50,13.834,81.900,9.410,0.0802,0.1826,10.8
27/02/15,09:27:51,17.082,70.000,11.419,0.0809,0.1826,11.6
27/02/15,10:27:52,18.842,65.700,14.122,0.0795,0.1819,12.3
27/02/15,11:27:53,21.079,59.500,16.677,0.0787,0.1819,12.9
27/02/15,12:27:54,22.992,57.000,19.413,0.0787,0.1826,14.0
27/02/15,13:27:55,23.785,53.400,21.342,0.0773,0.1833,13.8
27/02/15,14:27:56,23.978,51.100,22.800,0.0736,0.1833,13.3
27/02/15,15:27:57,23.064,51.100,23.881,0.0678,0.1840,12.4
27/02/15,16:27:58,21.628,52.400,24.098,0.0598,0.1833,11.5
27/02/15,17:27:59,20.317,54.300,23.665,0.0519,0.1819,10.8
27/02/15,18:28:00,18.390,57.600,18.985,0.0475,0.1797,9.9
27/02/15,19:28:01,14.960,65.700,15.414,0.0468,0.1782,8.6
27/02/15,20:28:02,13.522,77.400,13.522,0.0460,0.1775,9.7
27/02/15,21:28:03,11.637,80.300,12.074,0.0460,0.1761,8.4
27/02/15,22:28:04,10.075,82.800,10.394,0.0453,0.1768,7.3
27/02/15,23:28:05,9.780,86.600,10.100,0.0453,0.1761,7.7
28/02/15,00:28:06,9.903,85.500,10.222,0.0453,0.1753,7.6
28/02/15,01:28:07,8.866,82.900,9.435,0.0453,0.1746,6.1
28/02/15,02:28:08,9.312,87.600,9.410,0.0460,0.1746,7.4
28/02/15,03:28:09,9.829,84.700,10.124,0.0460,0.1739,7.4
28/02/15,04:28:10,10.369,74.100,10.124,0.0468,0.1746,6.0
28/02/15,05:28:11,10.761,66.300,10.516,0.0460,0.1739,4.7
28/02/15,06:28:12,10.614,71.000,10.173,0.0460,0.1739,5.6
28/02/15,07:28:13,10.369,77.600,10.394,0.0460,0.1732,6.6
28/02/15,08:28:14,12.703,83.600,11.977,0.0460,0.1739,10.0
28/02/15,09:28:15,16.820,60.400,13.329,0.0460,0.1732,9.1
28/02/15,10:28:16,15.796,55.600,15.247,0.0446,0.1732,6.9
28/02/15,11:28:17,19.246,56.200,17.106,0.0431,0.1732,10.3
28/02/15,12:28:18,20.126,51.800,19.080,0.0402,0.1724,9.9
28/02/15,13:28:19,20.460,54.200,19.460,0.0366,0.1732,10.9
28/02/15,14:28:20,22.537,51.000,23.280,0.0315,0.1724,11.9
28/02/15,15:28:21,22.106,52.500,24.508,0.0228,0.1732,12.0
28/02/15,16:28:22,18.747,57.500,19.746,0.0155,0.1724,10.2
28/02/15,17:28:23,17.605,60.700,17.796,0.0134,0.1710,9.9
28/02/15,18:28:24,16.272,63.300,16.177,0.0126,0.1695,9.3
28/02/15,19:28:25,14.673,71.700,13.762,0.0126,0.1681,9.6
28/02/15,20:28:26,13.594,68.800,13.281,0.0134,0.1673,8.0
28/02/15,21:28:27,12.171,71.400,12.098,0.0141,0.1673,7.2
28/02/15,22:28:28,11.734,70.600,11.370,0.0148,0.1666,6.6
28/02/15,23:28:29,12.678,64.700,11.710,0.0155,0.1666,6.2
01/03/15,00:28:30,13.882,57.400,13.137,0.0155,0.1659,5.6
01/03/15,01:28:31,14.002,56.800,13.714,0.0155,0.1652,5.6
01/03/15,02:28:32,12.534,62.100,12.751,0.0163,0.1652,5.5
01/03/15,03:28:33,10.980,81.500,10.369,0.0192,0.1659,7.9
01/03/15,04:28:34,11.321,88.900,10.907,0.0308,0.1673,9.6
01/03/15,05:28:35,11.200,90.600,11.078,0.1209,0.1702,9.7
01/03/15,06:28:36,11.248,92.100,11.127,0.1833,0.1717,10.0
01/03/15,07:28:37,11.151,93.300,11.200,0.2167,0.1986,10.1
01/03/15,08:28:38,11.977,94.200,11.662,0.2029,0.2008,11.1
01/03/15,09:28:39,15.581,92.300,12.847,0.1964,0.2000,14.4
01/03/15,10:28:40,19.270,82.100,14.864,0.1891,0.1993,16.2
01/03/15,11:28:41,17.391,74.400,16.582,0.1797,0.1978,12.8
01/03/15,12:28:42,12.703,85.900,14.745,0.1717,0.1978,10.4
01/03/15,13:28:43,13.786,87.600,14.673,0.1688,0.1964,11.8
01/03/15,14:28:44,14.314,87.800,14.170,0.1652,0.1957,12.3
01/03/15,15:28:45,12.389,87.700,12.799,0.1615,0.1949,10.4
01/03/15,16:28:46,14.433,87.000,13.257,0.1601,0.1942,12.3
01/03/15,17:28:47,11.540,80.600,14.026,0.1514,0.1935,8.3
01/03/15,18:28:48,10.565,79.700,11.443,0.1485,0.1920,7.2
01/03/15,19:28:49,7.116,84.400,8.444,0.1456,0.1906,4.7
01/03/15,20:28:50,5.693,89.100,6.382,0.1448,0.1899,4.0
01/03/15,21:28:51,5.179,90.400,5.847,0.1448,0.1891,3.7
01/03/15,22:28:52,4.636,90.800,5.514,0.1448,0.1877,3.3
01/03/15,23:28:53,4.141,91.100,5.076,0.1448,0.1870,2.8
02/03/15,00:28:54,3.380,91.400,4.714,0.1448,0.1862,2.1
02/03/15,01:28:55,3.301,91.700,4.194,0.1448,0.1855,2.1
02/03/15,02:28:56,3.827,92.300,4.740,0.1456,0.1855,2.7
02/03/15,03:28:57,3.142,92.000,4.947,0.1448,0.1855,2.0
02/03/15,04:28:58,0.412,90.700,2.690,0.1426,0.1848,-0.9
02/03/15,05:28:59,-0.563,89.300,0.907,0.1376,0.1833,-2.1
02/03/15,06:29:00,-0.902,89.200,0.384,0.1303,0.1833,-2.5
02/03/15,07:29:01,1.289,90.700,2.182,0.1310,0.1833,-0.1
02/03/15,08:29:02,9.485,85.400,4.610,0.1412,0.1833,7.2
02/03/15,09:29:03,13.978,66.800,7.720,0.1463,0.1833,7.9
02/03/15,10:29:04,15.891,57.700,11.613,0.1448,0.1833,7.6
02/03/15,11:29:05,17.653,53.800,14.768,0.1405,0.1840,8.2
02/03/15,12:29:06,18.010,55.200,17.058,0.1339,0.1840,8.9
02/03/15,13:29:07,20.126,56.500,18.509,0.1274,0.1848,11.2
02/03/15,14:29:08,20.674,50.800,20.388,0.1209,0.1855,10.1
02/03/15,15:29:09,19.865,53.200,20.579,0.1136,0.1855,10.1
02/03/15,16:29:10,18.057,56.800,18.509,0.1071,0.1848,9.4
02/03/15,17:29:11,15.891,54.000,18.319,0.1034,0.1840,6.6
02/03/15,18:29:12,13.449,58.900,14.649,0.0983,0.1826,5.6
02/03/15,19:29:13,11.297,68.400,12.098,0.0954,0.1811,5.7
02/03/15,20:29:14,9.386,78.200,9.485,0.0933,0.1804,5.8
02/03/15,21:29:15,10.075,76.800,9.731,0.0925,0.1797,6.2
02/03/15,22:29:16,10.687,75.700,10.369,0.0918,0.1797,6.6
02/03/15,23:29:17,11.005,78.000,10.834,0.0911,0.1790,7.3
03/03/15,00:29:18,11.053,75.400,10.956,0.0904,0.1790,6.9
03/03/15,01:29:19,10.980,75.900,10.907,0.0896,0.1782,6.9
03/03/15,02:29:20,11.053,75.700,11.029,0.0896,0.1782,6.9
03/03/15,03:29:21,10.638,77.300,10.736,0.0882,0.1775,6.8
03/03/15,04:29:22,10.345,80.200,10.100,0.0882,0.1775,7.1
03/03/15,05:29:23,10.492,79.800,10.418,0.0874,0.1768,7.2
03/03/15,06:29:24,10.418,78.800,10.467,0.0874,0.1775,6.9
03/03/15,07:29:25,9.805,79.800,9.928,0.0867,0.1768,6.5
03/03/15,08:29:26,14.673,76.200,10.761,0.0867,0.1768,10.5
03/03/15,09:29:27,13.473,72.700,12.413,0.0874,0.1761,8.7
03/03/15,10:29:28,15.008,70.300,13.906,0.0874,0.1761,9.7
03/03/15,11:29:29,18.271,64.500,15.772,0.0889,0.1761,11.5
03/03/15,12:29:30,21.246,57.500,19.389,0.0889,0.1768,12.5
03/03/15,13:29:31,22.226,52.000,20.817,0.0874,0.1775,11.9
03/03/15,14:29:32,23.761,48.700,22.944,0.0845,0.1775,12.3
03/03/15,15:29:33,22.130,49.800,23.930,0.0780,0.1782,11.2
03/03/15,16:29:34,18.699,51.100,20.817,0.0700,0.1775,8.4
03/03/15,17:29:35,19.294,48.100,20.936,0.0664,0.1761,8.1
03/03/15,18:29:36,16.725,52.400,17.534,0.0620,0.1739,6.9
03/03/15,19:29:37,13.185,58.400,13.786,0.0606,0.1724,5.2
03/03/15,20:29:38,10.026,69.600,10.394,0.0598,0.1710,4.7
03/03/15,21:29:39,7.368,73.800,8.369,0.0584,0.1702,3.0
03/03/15,22:29:40,5.205,77.200,6.357,0.0584,0.1695,1.5
03/03/15,23:29:41,4.818,81.100,5.668,0.0577,0.1688,1.9
04/03/15,00:29:42,4.011,84.000,5.282,0.0577,0.1681,1.6
04/03/15,01:29:43,4.688,87.400,5.642,0.0577,0.1673,2.8
04/03/15,02:29:44,3.906,86.600,4.921,0.0569,0.1673,1.9
04/03/15,03:29:45,4.532,80.700,5.154,0.0577,0.1673,1.5
04/03/15,04:29:46,4.869,62.800,5.385,0.0569,0.1666,-1.6
04/03/15,05:29:47,3.485,59.900,4.558,0.0569,0.1659,-3.6
04/03/15,06:29:48,0.797,67.700,2.182,0.0569,0.1659,-4.5
04/03/15,07:29:49,0.797,71.000,1.940,0.0577,0.1652,-3.9
04/03/15,08:29:50,12.509,55.800,4.350,0.0584,0.1652,3.9
04/03/15,09:29:51,18.771,28.900,9.114,0.0591,0.1644,0.3
04/03/15,10:29:52,20.436,26.400,13.233,0.0577,0.1644,0.5
04/03/15,11:29:53,22.106,27.300,16.558,0.0562,0.1644,2.4
04/03/15,12:29:54,22.633,29.400,18.723,0.0548,0.1644,3.9
04/03/15,13:29:55,22.393,33.500,19.793,0.0511,0.1652,5.6
04/03/15,14:29:56,22.657,33.700,21.318,0.0446,0.1659,5.9
04/03/15,15:29:57,21.103,32.700,22.226,0.0366,0.1659,4.1
04/03/15,16:29:58,18.747,35.400,21.676,0.0286,0.1652,3.1
04/03/15,17:29:59,16.225,37.500,19.199,0.0214,0.1637,1.7
04/03/15,18:30:00,13.642,38.600,15.055,0.0199,0.1615,-0.2
04/03/15,19:30:01,10.907,41.700,11.710,0.0206,0.1601,-1.6
04/03/15,20:30:02,9.509,48.200,9.780,0.0214,0.1594,-0.9
04/03/15,21:30:03,8.792,53.100,9.015,0.0221,0.1586,-0.2
04/03/15,22:30:04,8.145,56.300,8.444,0.0221,0.1586,-0.0
04/03/15,23:30:05,7.720,60.400,7.945,0.0228,0.1579,0.5
05/03/15,00:30:06,7.594,62.500,7.870,0.0235,0.1572,0.9
05/03/15,01:30:07,6.990,71.700,7.393,0.0235,0.1564,2.2
05/03/15,02:30:08,6.382,79.800,6.763,0.0243,0.1564,3.2
05/03/15,03:30:09,6.560,84.500,6.611,0.0250,0.1564,4.1
05/03/15,04:30:10,5.898,86.800,6.331,0.0250,0.1564,3.9
05/03/15,05:30:11,6.204,87.500,6.102,0.0257,0.1564,4.3
05/03/15,06:30:12,5.770,89.200,5.821,0.0264,0.1564,4.1
05/03/15,07:30:13,3.932,88.500,4.610,0.0264,0.1564,2.2
05/03/15,08:30:14,7.795,81.400,4.921,0.0279,0.1557,4.8
05/03/15,09:30:15,11.759,49.900,5.024,0.0279,0.1557,1.7
05/03/15,10:30:16,14.385,44.100,7.242,0.0279,0.1550,2.3
05/03/15,11:30:17,17.130,42.400,10.467,0.0272,0.1550,4.3
05/03/15,12:30:18,18.081,40.400,12.896,0.0250,0.1550,4.4
05/03/15,13:30:19,18.628,40.300,14.768,0.0214,0.1550,4.9
05/03/15,14:30:20,18.438,38.100,16.058,0.0155,0.1557,3.9
05/03/15,15:30:21,17.082,37.800,16.796,0.0090,0.1564,2.6
05/03/15,16:30:22,15.151,38.200,17.082,0.0025,0.1564,1.0
05/03/15,17:30:23,12.316,39.100,14.242,-0.0026,0.1550,-1.2
05/03/15,18:30:24,9.731,43.400,10.638,-0.0033,0.1528,-2.1
05/03/15,19:30:25,6.408,49.100,7.142,-0.0012,0.1514,-3.5
05/03/15,20:30:26,4.662,55.900,4.869,0.0003,0.1506,-3.4
05/03/15,21:30:27,4.895,56.100,4.869,0.0017,0.1506,-3.1
05/03/15,22:30:28,4.220,54.100,4.480,0.0025,0.1499,-4.2
05/03/15,23:30:29,3.485,61.200,3.880,0.0032,0.1492,-3.3
06/03/15,00:30:30,3.036,63.900,3.406,0.0046,0.1492,-3.1
06/03/15,01:30:31,3.036,70.400,3.116,0.0054,0.1485,-1.8
06/03/15,02:30:32,3.036,70.600,3.248,0.0061,0.1485,-1.8
06/03/15,03:30:33,3.433,69.900,3.354,0.0076,0.1485,-1.5
06/03/15,04:30:34,3.722,71.200,3.958,0.0076,0.1485,-1.0
06/03/15,05:30:35,3.958,70.100,4.194,0.0083,0.1485,-1.0
06/03/15,06:30:36,3.168,79.600,3.722,0.0090,0.1477,-0.0
06/03/15,07:30:37,4.818,88.100,4.089,0.0105,0.1485,3.0
06/03/15,08:30:38,9.114,86.700,6.813,0.0105,0.1477,7.0
06/03/15,09:30:39,10.247,82.100,8.568,0.0097,0.1477,7.3
06/03/15,10:30:40,14.577,73.100,10.858,0.0097,0.1477,9.8
06/03/15,11:30:41,11.929,67.800,12.461,0.0090,0.1485,6.2
06/03/15,12:30:42,12.534,73.600,11.589,0.0068,0.1485,8.0
06/03/15,13:30:43,14.218,69.700,13.401,0.0054,0.1492,8.8
06/03/15,14:30:44,16.606,63.100,16.415,0.0032,0.1499,9.6
06/03/15,15:30:45,14.984,63.100,15.485,-0.0012,0.1506,8.0
06/03/15,16:30:46,15.724,65.500,16.534,-0.0033,0.1506,9.3
06/03/15,17:30:47,14.481,63.900,17.748,-0.0077,0.1499,7.7
06/03/15,18:30:48,11.880,71.800,13.473,-0.0084,0.1492,7.0
06/03/15,19:30:49,8.643,82.800,9.534,-0.0070,0.1485,5.9
06/03/15,20:30:50,6.535,86.600,7.293,-0.0055,0.1477,4.5
06/03/15,21:30:51,3.854,86.600,5.437,-0.0048,0.1470,1.8
06/03/15,22:30:52,2.557,85.500,3.775,-0.0026,0.1470,0.4
06/03/15,23:30:53,3.880,87.300,3.801,-0.0012,0.1470,2.0
07/03/15,00:30:54,2.182,88.500,3.433,-0.0004,0.1463,0.5
07/03/15,01:30:55,1.615,88.600,2.930,0.0010,0.1456,-0.1
07/03/15,02:30:56,0.605,87.700,2.316,0.0017,0.1456,-1.2
07/03/15,03:30:57,0.079,87.500,1.778,0.0032,0.1456,-1.8
07/03/15,04:30:58,0.797,88.700,1.886,0.0046,0.1456,-0.9
07/03/15,05:30:59,1.017,89.600,2.530,0.0054,0.1456,-0.5
07/03/15,06:31:00,0.660,89.400,2.209,0.0061,0.1448,-0.9
07/03/15,07:31:01,0.079,88.900,1.805,0.0068,0.1448,-1.5
07/03/15,08:31:02,10.467,90.100,3.248,0.0068,0.1456,8.9
07/03/15,09:31:03,17.153,63.500,8.717,0.0076,0.1456,10.2
07/03/15,10:31:04,16.796,51.600,13.088,0.0076,0.1448,6.8
07/03/15,11:31:05,17.724,54.200,15.008,0.0061,0.1448,8.4
07/03/15,12:31:06,18.485,55.800,15.461,0.0039,0.1456,9.5
07/03/15,13:31:07,15.199,58.600,14.864,0.0010,0.1463,7.2
07/03/15,14:31:08,16.201,60.600,16.129,-0.0019,0.1470,8.6
07/03/15,15:31:09,15.819,64.100,15.963,-0.0041,0.1470,9.1
07/03/15,16:31:10,15.414,66.800,15.294,-0.0062,0.1470,9.3
07/03/15,17:31:11,14.864,67.800,15.557,-0.0084,0.1470,9.0
07/03/15,18:31:12,12.968,72.500,13.377,-0.0092,0.1463,8.2
07/03/15,19:31:13,9.977,78.400,11.029,-0.0092,0.1463,6.4
07/03/15,20:31:14,7.066,82.400,8.070,-0.0084,0.1448,4.3
07/03/15,21:31:15,5.745,84.300,6.560,-0.0070,0.1441,3.3
07/03/15,22:31:16,4.272,84.300,5.282,-0.0062,0.1441,1.9
07/03/15,23:31:17,2.983,85.700,3.985,-0.0048,0.1441,0.8
08/03/15,00:31:18,2.503,85.800,3.248,-0.0033,0.1434,0.4
08/03/15,01:31:19,2.128,87.400,3.195,-0.0026,0.1434,0.3
08/03/15,02:31:20,0.522,84.900,2.128,-0.0012,0.1434,-1.7
08/03/15,03:31:21,-0.255,84.900,1.344,0.0003,0.1434,-2.5
08/03/15,04:31:22,-1.043,84.400,0.770,0.0017,0.1426,-3.3
08/03/15,05:31:23,-1.270,84.800,0.246,0.0032,0.1426,-3.5
08/03/15,06:31:24,-1.441,85.300,0.246,0.0039,0.1426,-3.6
08/03/15,07:31:25,-1.071,86.700,0.273,0.0054,0.1426,-3.0
08/03/15,08:31:26,8.990,88.300,1.967,0.0046,0.1426,7.2
08/03/15,09:31:27,17.201,57.100,9.632,0.0054,0.1426,8.7
08/03/15,10:31:28,18.033,52.700,13.714,0.0046,0.1426,8.2
08/03/15,11:31:29,16.153,57.000,15.127,0.0025,0.1426,7.6
08/03/15,12:31:30,21.676,55.900,17.796,0.0010,0.1441,12.5
08/03/15,13:31:31,22.226,50.000,20.365,-0.0019,0.1448,11.3
08/03/15,14:31:32,22.513,46.600,21.485,-0.0070,0.1456,10.5
08/03/15,15:31:33,21.079,44.500,22.034,-0.0135,0.1463,8.5
08/03/15,16:31:34,19.579,46.800,22.441,-0.0193,0.1456,7.9
08/03/15,17:31:35,17.225,51.500,20.341,-0.0244,0.1448,7.2
08/03/15,18:31:36,14.529,58.400,16.082,-0.0251,0.1434,6.5
08/03/15,19:31:37,11.419,67.300,12.413,-0.0244,0.1419,5.6
08/03/15,20:31:38,10.173,72.700,10.418,-0.0230,0.1405,5.5
08/03/15,21:31:39,9.312,71.500,9.805,-0.0222,0.1405,4.4
08/03/15,22:31:40,9.213,72.500,9.336,-0.0208,0.1397,4.5
08/03/15,23:31:41,8.916,74.400,9.213,-0.0200,0.1397,4.6
09/03/15,00:31:42,8.593,77.900,8.990,-0.0186,0.1390,5.0
09/03/15,01:31:43,7.945,81.200,8.494,-0.0179,0.1390,4.9
09/03/15,02:31:44,7.594,84.100,8.120,-0.0171,0.1383,5.1
09/03/15,03:31:45,7.695,84.400,8.120,-0.0164,0.1383,5.2
09/03/15,04:31:46,7.318,86.600,7.670,-0.0150,0.1383,5.2
09/03/15,05:31:47,7.217,87.700,7.695,-0.0142,0.1383,5.3
09/03/15,06:31:48,6.509,88.500,7.091,-0.0135,0.1383,4.8
09/03/15,07:31:49,6.535,86.700,6.737,-0.0128,0.1383,4.5
09/03/15,08:31:50,11.467,78.600,7.995,-0.0121,0.1376,7.9
09/03/15,09:31:51,16.010,54.900,10.075,-0.0106,0.1376,7.0
09/03/15,10:31:52,18.343,45.700,12.968,-0.0106,0.1368,6.4
09/03/15,11:31:53,20.412,42.900,15.891,-0.0106,0.1368,7.4
09/03/15,12:31:54,21.509,42.100,17.891,-0.0113,0.1368,8.1
09/03/15,13:31:55,23.400,45.600,20.341,-0.0128,0.1376,11.0
09/03/15,14:31:56,23.641,45.600,23.328,-0.0179,0.1383,11.2
09/03/15,15:31:57,19.222,52.300,18.652,-0.0230,0.1383,9.2
09/03/15,16:31:58,17.653,56.100,18.200,-0.0259,0.1376,8.8
09/03/15,17:31:59,16.534,58.300,17.653,-0.0273,0.1368,8.3
09/03/15,18:32:00,14.888,64.900,14.960,-0.0273,0.1361,8.4
09/03/15,19:32:01,11.053,71.200,11.734,-0.0280,0.1354,6.0
09/03/15,20:32:02,5.872,71.400,7.393,-0.0273,0.1339,1.1
09/03/15,21:32:03,4.089,75.700,4.999,-0.0259,0.1339,0.2
09/03/15,22:32:04,3.089,79.000,4.063,-0.0244,0.1332,-0.2
09/03/15,23:32:05,2.128,80.400,3.327,-0.0230,0.1332,-0.9
10/03/15,00:32:06,1.832,81.800,2.877,-0.0215,0.1325,-0.9
10/03/15,01:32:07,1.398,83.800,2.903,-0.0208,0.1325,-1.0
10/03/15,02:32:08,1.615,85.200,2.797,-0.0193,0.1325,-0.6
10/03/15,03:32:09,0.356,84.200,1.832,-0.0179,0.1325,-2.0
10/03/15,04:32:10,-0.143,84.700,1.507,-0.0171,0.1325,-2.4
10/03/15,05:32:11,2.155,87.400,2.074,-0.0157,0.1325,0.3
10/03/15,06:32:12,4.272,91.200,4.662,-0.0150,0.1325,3.0
10/03/15,07:32:13,4.740,91.200,4.688,-0.0135,0.1325,3.4
10/03/15,08:32:14,11.540,92.000,7.041,-0.0135,0.1325,10.3
10/03/15,09:32:15,17.011,70.600,9.854,-0.0121,0.1325,11.6
10/03/15,10:32:16,18.557,58.800,13.497,-0.0121,0.1325,10.4
10/03/15,11:32:17,21.557,52.700,18.057,-0.0121,0.1318,11.5
10/03/15,12:32:18,22.896,51.500,21.581,-0.0121,0.1325,12.4
10/03/15,13:32:19,22.776,50.100,22.633,-0.0150,0.1339,11.9
10/03/15,14:32:20,23.112,49.000,23.761,-0.0193,0.1347,11.8
10/03/15,15:32:21,22.633,45.900,24.532,-0.0251,0.1347,10.4
10/03/15,16:32:22,20.770,44.500,24.339,-0.0317,0.1347,8.3
10/03/15,17:32:23,18.010,43.500,21.413,-0.0360,0.1339,5.4
10/03/15,18:32:24,15.055,44.400,16.820,-0.0368,0.1318,3.0
10/03/15,19:32:25,10.565,54.800,11.929,-0.0360,0.1296,1.9
10/03/15,20:32:26,4.792,61.900,5.975,-0.0353,0.1281,-1.9
10/03/15,21:32:27,2.903,69.300,3.827,-0.0338,0.1274,-2.2
10/03/15,22:32:28,2.370,76.300,3.538,-0.0324,0.1274,-1.4
10/03/15,23:32:29,5.282,79.800,3.985,-0.0302,0.1274,2.1
11/03/15,00:32:30,6.687,73.500,5.693,-0.0288,0.1274,2.3
11/03/15,01:32:31,6.763,72.300,6.636,-0.0280,0.1267,2.1
11/03/15,02:32:32,6.788,72.100,6.585,-0.0273,0.1267,2.1
11/03/15,03:32:33,5.975,73.300,5.975,-0.0266,0.1259,1.6
11/03/15,04:32:34,7.167,70.800,6.636,-0.0251,0.1267,2.2
11/03/15,05:32:35,6.889,68.900,7.242,-0.0244,0.1259,1.6
11/03/15,06:32:36,7.318,66.600,7.619,-0.0237,0.1259,1.5
11/03/15,07:32:37,7.670,66.300,7.945,-0.0230,0.1267,1.8
11/03/15,08:32:38,11.929,63.200,8.866,-0.0222,0.1259,5.2
11/03/15,09:32:39,16.892,49.300,10.907,-0.0215,0.1259,6.2
11/03/15,10:32:40,19.294,46.800,13.978,-0.0215,0.1259,7.7
11/03/15,11:32:41,21.772,42.100,16.892,-0.0208,0.1252,8.3
11/03/15,12:32:42,22.393,41.000,19.175,-0.0208,0.1259,8.5
11/03/15,13:32:43,23.400,40.600,20.603,-0.0230,0.1259,9.3
11/03/15,14:32:44,23.160,39.900,22.298,-0.0266,0.1267,8.8
11/03/15,15:32:45,21.843,40.200,23.280,-0.0317,0.1274,7.7
11/03/15,16:32:46,20.555,40.300,23.689,-0.0360,0.1274,6.6
11/03/15,17:32:47,18.295,42.900,21.032,-0.0404,0.1267,5.5
11/03/15,18:32:48,14.457,47.900,16.368,-0.0411,0.1238,3.6
11/03/15,19:32:49,11.127,54.800,12.001,-0.0404,0.1230,2.4
11/03/15,20:32:50,6.509,63.300,7.619,-0.0397,0.1216,0.0
11/03/15,21:32:51,4.272,69.900,5.128,-0.0382,0.1209,-0.7
11/03/15,22:32:52,4.376,78.600,5.154,-0.0375,0.1209,1.0
11/03/15,23:32:53,2.930,78.000,4.272,-0.0360,0.1209,-0.5
12/03/15,00:32:54,1.805,79.900,3.221,-0.0346,0.1201,-1.3
12/03/15,01:32:55,5.872,84.600,5.257,-0.0331,0.1201,3.5
12/03/15,02:32:56,6.661,77.400,7.268,-0.0317,0.1201,3.0
12/03/15,03:32:57,8.045,74.200,8.270,-0.0309,0.1201,3.7
12/03/15,04:32:58,8.295,67.000,8.668,-0.0295,0.1201,2.5
12/03/15,05:32:59,8.070,65.600,8.593,-0.0295,0.1194,2.0
12/03/15,06:33:00,7.419,67.300,8.020,-0.0288,0.1194,1.8
12/03/15,07:33:01,6.661,68.300,7.268,-0.0280,0.1194,1.2
12/03/15,08:33:02,11.783,65.600,8.170,-0.0273,0.1194,5.6
12/03/15,09:33:03,19.103,44.000,10.907,-0.0259,0.1194,6.6
12/03/15,10:33:04,22.633,37.000,14.840,-0.0259,0.1194,7.2
12/03/15,11:33:05,24.508,34.200,18.818,-0.0251,0.1194,7.7
12/03/15,12:33:06,26.182,32.000,21.175,-0.0244,0.1194,8.2
12/03/15,13:33:07,26.671,32.700,23.232,-0.0266,0.1201,9.0
12/03/15,14:33:08,25.623,32.600,24.363,-0.0309,0.1209,8.0
12/03/15,15:33:09,24.026,39.400,25.501,-0.0360,0.1216,9.4
12/03/15,16:33:10,16.963,59.300,21.318,-0.0411,0.1209,9.0
12/03/15,17:33:11,14.960,70.900,15.915,-0.0418,0.1194,9.7
12/03/15,18:33:12,12.461,78.500,12.485,-0.0411,0.1180,8.8
12/03/15,19:33:13,10.345,84.400,10.492,-0.0411,0.1165,7.8
12/03/15,20:33:14,8.866,88.300,8.817,-0.0397,0.1158,7.0
12/03/15,21:33:15,8.020,89.100,7.795,-0.0411,0.1180,6.3
12/03/15,22:33:16,6.965,89.300,7.066,-0.0368,0.1150,5.3
12/03/15,23:33:17,6.000,89.600,6.509,-0.0360,0.1150,4.4
13/03/15,00:33:18,5.411,89.800,5.898,-0.0353,0.1150,3.9
13/03/15,01:33:19,4.766,89.900,5.179,-0.0346,0.1150,3.3
13/03/15,02:33:20,3.906,90.100,4.792,-0.0331,0.1143,2.4
13/03/15,03:33:21,3.433,90.200,4.298,-0.0324,0.1143,2.0
13/03/15,04:33:22,3.221,90.300,3.932,-0.0317,0.1150,1.8
13/03/15,05:33:23,2.930,90.200,3.617,-0.0309,0.1150,1.5
13/03/15,06:33:24,1.425,89.800,3.168,-0.0309,0.1143,-0.1
13/03/15,07:33:25,-1.441,86.400,0.467,-0.0295,0.1143,-3.4
13/03/15,08:33:26,4.662,88.600,0.605,-0.0280,0.1150,2.9
13/03/15,09:33:27,15.581,58.200,5.642,-0.0251,0.1158,7.4
13/03/15,10:33:28,17.796,50.700,10.956,-0.0244,0.1150,7.5
13/03/15,11:33:29,21.676,43.000,15.247,-0.0237,0.1143,8.6
13/03/15,12:33:30,22.944,43.100,18.509,-0.0237,0.1143,9.8
13/03/15,13:33:31,22.633,45.800,21.318,-0.0244,0.1150,10.4
13/03/15,14:33:32,21.652,47.900,23.112,-0.0288,0.1165,10.2
13/03/15,15:33:33,21.008,48.000,23.857,-0.0346,0.1165,9.6
13/03/15,16:33:34,15.079,54.600,17.153,-0.0404,0.1158,6.0
13/03/15,17:33:35,14.649,57.000,15.748,-0.0404,0.1143,6.2
13/03/15,18:33:36,12.147,58.800,13.016,-0.0411,0.1136,4.3
13/03/15,19:33:37,8.344,68.900,9.262,-0.0411,0.1121,3.0
13/03/15,20:33:38,6.051,79.700,6.484,-0.0397,0.1107,2.8
13/03/15,21:33:39,2.877,76.100,3.617,-0.0389,0.1100,-0.9
13/03/15,22:33:40,1.317,77.600,2.557,-0.0382,0.1100,-2.2
13/03/15,23:33:41,0.329,78.600,1.561,-0.0368,0.1100,-3.0
14/03/15,00:33:42,3.116,86.300,2.717,-0.0353,0.1100,1.1
14/03/15,01:33:43,5.179,88.400,5.334,-0.0338,0.1100,3.4
14/03/15,02:33:44,5.257,88.100,5.539,-0.0324,0.1100,3.5
14/03/15,03:33:45,5.693,86.900,5.924,-0.0317,0.1100,3.7
14/03/15,04:33:46,5.949,85.800,6.306,-0.0309,0.1092,3.8
14/03/15,05:33:47,6.077,88.100,6.509,-0.0295,0.1092,4.3
14/03/15,06:33:48,5.745,89.600,6.230,-0.0288,0.1092,4.2
14/03/15,07:33:49,6.051,90.700,6.230,-0.0280,0.1092,4.7
14/03/15,08:33:50,9.410,89.200,7.343,-0.0273,0.1100,7.7
14/03/15,09:33:51,13.185,77.200,9.336,-0.0259,0.1100,9.3
14/03/15,10:33:52,13.546,73.100,11.443,-0.0251,0.1100,8.8
14/03/15,11:33:53,13.882,72.900,13.209,-0.0244,0.1107,9.1
14/03/15,12:33:54,16.368,73.900,13.882,-0.0244,0.1107,11.7
14/03/15,13:33:55,16.939,67.500,15.819,-0.0251,0.1121,10.9
14/03/15,14:33:56,18.057,62.900,17.415,-0.0259,0.1121,10.9
14/03/15,15:33:57,17.867,59.400,18.961,-0.0302,0.1136,9.9
14/03/15,16:33:58,15.318,59.800,17.819,-0.0346,0.1136,7.6
14/03/15,17:33:59,15.318,62.900,15.772,-0.0368,0.1136,8.3
14/03/15,18:34:00,11.832,69.000,13.618,-0.0375,0.1121,6.3
14/03/15,19:34:01,10.810,79.200,11.175,-0.0368,0.1114,7.4
14/03/15,20:34:02,10.785,81.000,10.834,-0.0360,0.1100,7.7
14/03/15,21:34:03,9.977,79.800,10.541,-0.0353,0.1100,6.7
14/03/15,22:34:04,9.262,78.900,9.583,-0.0346,0.1100,5.8
14/03/15,23:34:05,9.336,73.600,9.509,-0.0338,0.1092,4.9
15/03/15,00:34:06,8.519,75.400,8.519,-0.0331,0.1092,4.4
15/03/15,01:34:07,7.970,84.400,8.020,-0.0317,0.1092,5.5
15/03/15,02:34:08,5.847,85.000,6.712,-0.0317,0.1092,3.5
15/03/15,03:34:09,2.770,85.600,4.532,-0.0317,0.1085,0.6
15/03/15,04:34:10,2.797,89.000,3.775,-0.0302,0.1092,1.2
15/03/15,05:34:11,5.668,90.900,5.385,-0.0280,0.1092,4.3
15/03/15,06:34:12,5.693,90.900,6.357,-0.0273,0.1092,4.3
15/03/15,07:34:13,5.231,90.600,5.385,-0.0266,0.1092,3.8
15/03/15,08:34:14,6.153,90.000,5.128,-0.0259,0.1092,4.6
15/03/15,09:34:15,12.992,74.900,6.965,-0.0244,0.1100,8.7
15/03/15,10:34:16,14.505,62.300,9.608,-0.0237,0.1092,7.4
15/03/15,11:34:17,16.082,53.500,12.413,-0.0230,0.1092,6.7
15/03/15,12:34:18,18.129,52.000,15.031,-0.0222,0.1100,8.1
15/03/15,13:34:19,20.507,51.200,17.819,-0.0230,0.1100,10.1
15/03/15,14:34:20,20.436,50.900,20.150,-0.0259,0.1114,9.9
15/03/15,15:34:21,19.579,51.200,20.936,-0.0309,0.1121,9.2
15/03/15,16:34:22,16.939,54.300,20.698,-0.0360,0.1121,7.7
15/03/15,17:34:23,14.385,59.900,16.582,-0.0404,0.1114,6.7
15/03/15,18:34:24,11.151,67.200,12.316,-0.0411,0.1100,5.3
15/03/15,19:34:25,6.331,76.400,7.820,-0.0411,0.1078,2.5
15/03/15,20:34:26,5.024,85.500,4.973,-0.0397,0.1071,2.8
15/03/15,21:34:27,6.357,88.300,6.788,-0.0375,0.1063,4.6
15/03/15,22:34:28,3.932,87.500,5.872,-0.0375,0.1063,2.0
15/03/15,23:34:29,0.356,85.200,2.423,-0.0375,0.1056,-1.8
16/03/15,00:34:30,-1.986,81.700,-0.255,-0.0368,0.1056,-4.7
16/03/15,01:34:31,-4.076,78.500,-2.160,-0.0353,0.1056,-7.3
16/03/15,02:34:32,-4.773,78.900,-3.271,-0.0338,0.1056,-7.9
16/03/15,03:34:33,-3.926,81.200,-3.035,-0.0324,0.1049,-6.7
16/03/15,04:34:34,-1.356,87.900,-0.367,-0.0302,0.1049,-3.1
16/03/15,05:34:35,-0.227,89.100,0.687,-0.0295,0.1049,-1.8
16/03/15,06:34:36,-0.339,89.600,1.180,-0.0288,0.1056,-1.8
16/03/15,07:34:37,-0.930,88.700,-0.004,-0.0273,0.1049,-2.6
16/03/15,08:34:38,7.469,91.300,3.433,-0.0266,0.1056,6.2
16/03/15,09:34:39,16.558,65.600,8.717,-0.0251,0.1056,10.1
16/03/15,10:34:40,18.937,51.300,12.847,-0.0244,0.1056,8.7
16/03/15,11:34:41,20.770,47.300,15.986,-0.0237,0.1056,9.2
16/03/15,12:34:42,22.274,44.200,18.200,-0.0230,0.1063,9.5
16/03/15,13:34:43,22.489,41.200,20.007,-0.0244,0.1071,8.7
16/03/15,14:34:44,21.318,43.500,21.175,-0.0295,0.1092,8.4
16/03/15,15:34:45,17.915,51.800,18.200,-0.0338,0.1092,7.9
16/03/15,16:34:46,16.749,55.000,17.463,-0.0353,0.1085,7.7
16/03/15,17:34:47,14.361,60.800,14.984,-0.0368,0.1078,6.9
16/03/15,18:34:48,12.098,69.300,12.775,-0.0375,0.1071,6.7
16/03/15,19:34:49,10.492,75.600,11.053,-0.0375,0.1056,6.4
16/03/15,20:34:50,9.485,79.600,9.829,-0.0368,0.1049,6.1
16/03/15,21:34:51,8.767,81.100,9.163,-0.0360,0.1049,5.7
16/03/15,22:34:52,6.889,83.300,7.945,-0.0360,0.1042,4.3
16/03/15,23:34:53,7.393,81.400,7.142,-0.0353,0.1042,4.4
17/03/15,00:34:54,7.494,76.000,7.820,-0.0346,0.1034,3.5
17/03/15,01:34:55,8.120,75.800,7.895,-0.0338,0.1034,4.1
17/03/15,02:34:56,8.792,72.900,8.742,-0.0324,0.1034,4.2
17/03/15,03:34:57,9.040,71.400,9.139,-0.0317,0.1034,4.2
17/03/15,04:34:58,9.064,70.600,9.139,-0.0317,0.1034,4.0
17/03/15,05:34:59,9.089,69.500,9.163,-0.0317,0.1034,3.8
17/03/15,06:35:00,9.287,66.800,9.336,-0.0309,0.1034,3.4
17/03/15,07:35:01,9.336,65.300,9.386,-0.0309,0.1034,3.2
17/03/15,08:35:02,9.213,67.000,9.361,-0.0302,0.1034,3.4
17/03/15,09:35:03,9.682,69.600,9.682,-0.0302,0.1034,4.4
17/03/15,10:35:04,10.614,71.100,10.467,-0.0295,0.1034,5.6
17/03/15,11:35:05,10.614,72.700,11.005,-0.0295,0.1034,5.9
17/03/15,12:35:06,13.690,74.500,13.281,-0.0280,0.1042,9.3
17/03/15,13:35:07,14.936,65.700,15.557,-0.0288,0.1049,8.6
17/03/15,14:35:08,19.651,55.400,19.817,-0.0280,0.1063,10.5
17/03/15,15:35:09,17.391,59.700,18.771,-0.0324,0.1071,9.5
17/03/15,16:35:10,15.700,61.900,18.295,-0.0353,0.1071,8.4
17/03/15,17:35:11,12.630,68.300,14.385,-0.0375,0.1071,7.0
17/03/15,18:35:12,10.075,86.500,9.977,-0.0288,0.1100,7.9
17/03/15,19:35:13,9.040,89.300,9.386,-0.0128,0.1136,7.4
17/03/15,20:35:14,8.618,90.700,8.866,-0.0041,0.1136,7.2
17/03/15,21:35:15,8.519,91.300,8.593,0.0017,0.1129,7.2
17/03/15,22:35:16,8.593,91.200,8.543,0.0061,0.1129,7.2
17/03/15,23:35:17,8.543,90.400,8.494,0.0090,0.1121,7.1
18/03/15,00:35:18,8.792,89.100,8.717,0.0112,0.1121,7.1
18/03/15,01:35:19,9.534,88.500,9.410,0.0134,0.1121,7.7
18/03/15,02:35:20,9.632,88.300,9.756,0.0148,0.1121,7.8
18/03/15,03:35:21,9.534,89.900,9.583,0.0192,0.1121,8.0
18/03/15,04:35:22,9.361,93.000,9.509,0.1681,0.1158,8.3
18/03/15,05:35:23,9.015,94.200,9.460,0.2138,0.2225,8.1
18/03/15,06:35:24,8.469,94.200,8.792,0.1848,0.2029,7.6
18/03/15,07:35:25,8.841,94.800,8.866,0.1724,0.1964,8.1
18/03/15,08:35:26,9.163,95.200,9.312,0.1652,0.1928,8.4
18/03/15,09:35:27,10.001,95.400,9.829,0.1608,0.1906,9.3
18/03/15,10:35:28,11.370,93.800,10.883,0.1543,0.1891,10.4
18/03/15,11:35:29,13.666,89.700,12.437,0.1485,0.1877,12.0
18/03/15,12:35:30,14.816,86.300,14.098,0.1405,0.1862,12.6
18/03/15,13:35:31,17.891,78.500,16.534,0.1310,0.1848,14.1
18/03/15,14:35:32,18.271,76.300,17.653,0.1194,0.1848,14.0
18/03/15,15:35:33,18.010,74.000,19.080,0.1085,0.1840,13.3
18/03/15,16:35:34,16.796,75.100,17.962,0.1005,0.1819,12.4
18/03/15,17:35:35,15.079,78.000,16.249,0.0940,0.1804,11.3
18/03/15,18:35:36,12.340,83.800,13.570,0.0904,0.1790,9.7
18/03/15,19:35:37,10.467,88.300,11.175,0.0874,0.1761,8.6
18/03/15,20:35:38,9.287,89.600,10.051,0.0860,0.1746,7.7
18/03/15,21:35:39,7.895,90.200,9.015,0.0853,0.1739,6.4
18/03/15,22:35:40,8.593,91.900,8.817,0.0853,0.1724,7.4
18/03/15,23:35:41,8.965,93.700,9.336,0.0860,0.1717,8.0
19/03/15,00:35:42,8.494,93.600,8.891,0.0860,0.1717,7.5
19/03/15,01:35:43,7.720,93.500,8.419,0.0853,0.1702,6.7
19/03/15,02:35:44,6.712,91.200,7.645,0.0860,0.1702,5.4
19/03/15,03:35:45,6.458,89.800,7.167,0.0853,0.1688,4.9
19/03/15,04:35:46,7.015,89.400,7.393,0.0860,0.1681,5.4
19/03/15,05:35:47,7.116,89.700,7.569,0.0867,0.1681,5.5
19/03/15,06:35:48,6.687,89.700,7.343,0.0860,0.1673,5.1
19/03/15,07:35:49,6.737,89.300,7.217,0.0867,0.1666,5.1
19/03/15,08:35:50,10.712,87.600,9.015,0.0882,0.1666,8.7
19/03/15,09:35:51,16.606,67.300,11.516,0.0896,0.1659,10.5
19/03/15,10:35:52,18.414,65.800,13.834,0.0889,0.1659,11.9
19/03/15,11:35:53,20.674,60.700,16.582,0.0889,0.1652,12.8
19/03/15,12:35:54,22.729,58.700,18.794,0.0882,0.1673,14.2
19/03/15,13:35:55,22.130,53.500,20.317,0.0860,0.1673,12.3
19/03/15,14:35:56,21.246,57.200,20.484,0.0838,0.1681,12.5
19/03/15,15:35:57,19.865,60.800,20.436,0.0809,0.1681,12.1
19/03/15,16:35:58,18.794,61.600,20.317,0.0773,0.1673,11.3
19/03/15,17:35:59,17.082,64.000,18.176,0.0722,0.1652,10.2
19/03/15,18:36:00,15.151,69.700,15.485,0.0707,0.1644,9.7
19/03/15,19:36:01,13.786,73.600,13.738,0.0693,0.1623,9.2
19/03/15,20:36:02,13.618,74.500,13.064,0.0686,0.1615,9.2
19/03/15,21:36:03,12.098,81.900,12.001,0.0686,0.1615,9.1
19/03/15,22:36:04,11.589,87.700,11.151,0.0693,0.1615,9.6
19/03/15,23:36:05,11.759,88.500,11.321,0.1209,0.1637,9.9
20/03/15,00:36:06,11.248,90.300,11.297,0.1920,0.1659,9.7
20/03/15,01:36:07,11.321,91.700,11.175,0.1870,0.1659,10.0
20/03/15,02:36:08,10.980,90.900,10.980,0.1797,0.1659,9.6
20/03/15,03:36:09,11.029,90.000,11.224,0.1746,0.1652,9.5
20/03/15,04:36:10,10.638,89.100,11.005,0.1710,0.1659,8.9
20/03/15,05:36:11,10.443,89.300,10.907,0.1681,0.1659,8.8
20/03/15,06:36:12,10.394,89.700,10.712,0.1659,0.1659,8.8
20/03/15,07:36:13,10.149,91.100,10.394,0.1637,0.1659,8.8
20/03/15,08:36:14,11.467,92.100,10.687,0.1623,0.1666,10.2
20/03/15,09:36:15,16.082,82.500,11.807,0.1601,0.1666,13.1
20/03/15,10:36:16,16.796,79.000,13.281,0.1579,0.1673,13.2
20/03/15,11:36:17,15.366,81.800,14.433,0.1514,0.1681,12.3
20/03/15,12:36:18,12.871,86.900,13.257,0.1470,0.1681,10.8
20/03/15,13:36:19,12.654,88.000,13.016,0.1441,0.1688,10.7
20/03/15,14:36:20,12.896,87.100,12.122,0.1412,0.1688,10.8
20/03/15,15:36:21,11.370,86.000,11.516,0.1361,0.1681,9.1
20/03/15,16:36:22,11.832,85.600,11.467,0.1332,0.1681,9.5
20/03/15,17:36:23,10.001,85.300,11.297,0.1296,0.1673,7.7
20/03/15,18:36:24,8.369,87.800,9.977,0.1267,0.1666,6.5
20/03/15,19:36:25,5.231,89.400,7.015,0.1245,0.1659,3.6
20/03/15,20:36:26,4.089,90.300,4.844,0.1238,0.1652,2.6
20/03/15,21:36:27,4.350,91.100,4.506,0.1252,0.1644,3.0
20/03/15,22:36:28,3.538,90.900,4.506,0.1245,0.1637,2.2
20/03/15,23:36:29,3.433,90.900,4.037,0.1245,0.1637,2.1
21/03/15,00:36:30,3.906,91.500,4.376,0.1245,0.1637,2.7
21/03/15,01:36:31,3.538,91.600,4.194,0.1245,0.1630,2.3
21/03/15,02:36:32,3.248,92.100,4.272,0.1238,0.1630,2.1
21/03/15,03:36:33,2.690,91.700,4.011,0.1238,0.1623,1.5
21/03/15,04:36:34,2.744,91.700,4.141,0.1238,0.1623,1.5
21/03/15,05:36:35,2.797,91.800,4.376,0.1238,0.1623,1.6
21/03/15,06:36:36,0.329,90.800,2.530,0.1223,0.1615,-1.0
21/03/15,07:36:37,-0.760,90.700,0.190,0.1180,0.1615,-2.1
21/03/15,08:36:38,1.697,91.800,1.044,0.1187,0.1615,0.5
21/03/15,09:36:39,14.625,79.000,4.792,0.1252,0.1615,11.0
21/03/15,10:36:40,18.580,59.600,9.485,0.1267,0.1615,10.6
21/03/15,11:36:41,19.936,52.300,13.618,0.1252,0.1608,9.9
21/03/15,12:36:42,20.698,51.500,16.415,0.1216,0.1615,10.4
21/03/15,13:36:43,19.817,55.200,18.224,0.1143,0.1637,10.6
21/03/15,14:36:44,19.817,60.600,19.103,0.1071,0.1644,12.0
21/03/15,15:36:45,19.199,59.200,19.817,0.1012,0.1644,11.1
21/03/15,16:36:46,17.748,58.800,19.151,0.0962,0.1644,9.6
21/03/15,17:36:47,15.342,59.400,15.986,0.0889,0.1630,7.5
21/03/15,18:36:48,12.268,62.900,12.606,0.0860,0.1608,5.4
21/03/15,19:36:49,8.668,72.300,9.336,0.0838,0.1594,4.0
21/03/15,20:36:50,5.796,79.400,6.281,0.0816,0.1586,2.5
21/03/15,21:36:51,3.380,81.500,4.402,0.0802,0.1572,0.5
21/03/15,22:36:52,5.616,85.200,4.506,0.0795,0.1564,3.3
21/03/15,23:36:53,6.051,87.700,6.382,0.0795,0.1557,4.2
22/03/15,00:36:54,5.821,88.200,6.281,0.0787,0.1557,4.0
22/03/15,01:36:55,5.872,88.600,6.204,0.0787,0.1550,4.1
22/03/15,02:36:56,2.850,87.700,4.895,0.0773,0.1543,1.0
22/03/15,03:36:57,0.907,87.100,2.903,0.0766,0.1543,-1.0
22/03/15,04:36:58,0.246,88.900,2.450,0.0766,0.1535,-1.4
22/03/15,05:36:59,-0.817,88.100,1.208,0.0758,0.1528,-2.5
22/03/15,06:37:00,-1.670,87.600,0.246,0.0751,0.1528,-3.5
22/03/15,07:37:01,-1.842,87.400,-0.620,0.0744,0.1521,-3.7
22/03/15,08:37:02,2.370,90.100,0.742,0.0751,0.1521,0.9
22/03/15,09:37:03,16.820,72.200,5.462,0.0787,0.1528,11.8
22/03/15,10:37:04,19.222,53.500,10.907,0.0795,0.1521,9.6
22/03/15,11:37:05,21.772,52.600,14.888,0.0802,0.1521,11.7
22/03/15,12:37:06,22.609,52.900,17.534,0.0809,0.1528,12.5
22/03/15,13:37:07,23.472,52.800,19.389,0.0809,0.1550,13.3
22/03/15,14:37:08,22.250,52.700,19.936,0.0787,0.1557,12.1
22/03/15,15:37:09,20.365,53.100,19.912,0.0758,0.1564,10.5
22/03/15,16:37:10,18.200,56.000,19.603,0.0715,0.1557,9.3
22/03/15,17:37:11,15.700,60.100,16.749,0.0664,0.1543,8.0
22/03/15,18:37:12,12.775,67.800,13.449,0.0657,0.1528,7.0
22/03/15,19:37:13,10.394,79.200,10.810,0.0642,0.1514,7.0
22/03/15,20:37:14,9.706,85.800,9.509,0.0635,0.1499,7.5
22/03/15,21:37:15,9.608,87.600,9.361,0.0628,0.1492,7.7
22/03/15,22:37:16,9.706,87.400,9.312,0.0620,0.1485,7.7
22/03/15,23:37:17,9.780,87.100,9.706,0.0620,0.1485,7.7
23/03/15,00:37:18,10.100,87.000,9.952,0.0613,0.1477,8.0
23/03/15,01:37:19,10.198,88.500,10.173,0.0613,0.1477,8.4
23/03/15,02:37:20,10.565,88.800,10.541,0.0606,0.1477,8.8
23/03/15,03:37:21,10.492,88.800,10.785,0.0606,0.1477,8.7
23/03/15,04:37:22,10.516,89.700,10.565,0.0606,0.1477,8.9
23/03/15,05:37:23,10.810,90.900,10.810,0.0598,0.1477,9.4
23/03/15,06:37:24,10.785,91.500,10.883,0.0598,0.1470,9.5
23/03/15,07:37:25,10.932,91.700,10.932,0.0598,0.1477,9.6
23/03/15,08:37:26,10.687,92.100,10.883,0.0598,0.1477,9.5
23/03/15,09:37:27,10.394,93.400,10.516,0.0591,0.1477,9.4
23/03/15,10:37:28,10.296,94.100,10.443,0.0642,0.1492,9.4
23/03/15,11:37:29,10.320,94.800,10.418,0.0678,0.1492,9.5
23/03/15,12:37:30,10.907,95.200,10.883,0.1180,0.1514,10.2
23/03/15,13:37:31,11.321,95.400,11.443,0.1274,0.1514,10.6
23/03/15,14:37:32,12.437,95.500,12.098,0.1288,0.1521,11.8
23/03/15,15:37:33,12.340,92.500,12.992,0.1281,0.1528,11.2
23/03/15,16:37:34,12.630,89.300,12.775,0.1274,0.1521,10.9
23/03/15,17:37:35,10.907,90.700,11.467,0.2276,0.2051,9.5
23/03/15,18:37:36,10.173,93.100,10.345,0.2095,0.2073,9.1
23/03/15,19:37:37,9.583,92.400,9.780,0.1993,0.2037,8.4
23/03/15,20:37:38,8.543,89.000,9.114,0.1913,0.2008,6.8
23/03/15,21:37:39,8.419,84.100,9.188,0.1855,0.1978,5.9
23/03/15,22:37:40,8.519,81.600,8.891,0.1811,0.1957,5.6
23/03/15,23:37:41,8.866,86.300,9.213,0.1790,0.1949,6.7
24/03/15,00:37:42,8.668,88.800,9.064,0.1761,0.1935,6.9
24/03/15,01:37:43,8.045,89.800,8.767,0.1746,0.1928,6.5
24/03/15,02:37:44,8.643,91.600,8.841,0.1732,0.1920,7.4
24/03/15,03:37:45,8.369,92.400,8.965,0.1717,0.1913,7.2
24/03/15,04:37:46,8.568,93.600,8.817,0.1710,0.1906,7.6
24/03/15,05:37:47,8.469,94.200,8.965,0.1695,0.1906,7.6
24/03/15,06:37:48,8.568,94.500,8.941,0.1688,0.1899,7.7
24/03/15,07:37:49,8.220,94.100,8.643,0.1673,0.1891,7.3
24/03/15,08:37:50,8.543,93.400,9.064,0.1666,0.1891,7.5
24/03/15,09:37:51,13.281,85.800,10.834,0.1652,0.1891,11.0
24/03/15,10:37:52,15.342,74.500,12.727,0.1615,0.1884,10.9
24/03/15,11:37:53,14.864,74.700,13.906,0.1564,0.1884,10.4
24/03/15,12:37:54,14.888,81.100,13.834,0.1506,0.1884,11.7
24/03/15,13:37:55,16.368,78.800,14.960,0.1470,0.1884,12.7
24/03/15,14:37:56,12.678,78.600,14.888,0.1376,0.1884,9.1
