01/22/09 10:00:00.0,13.834,13.906,14.577,14.577
01/22/09 11:00:00.0,14.146,14.146,14.529,14.505
01/22/09 12:00:00.0,14.361,14.433,14.529,14.481
01/22/09 13:00:00.0,15.079,15.247,14.553,14.433
01/22/09 14:00:00.0,14.792,15.127,14.697,14.481
01/22/09 15:00:00.0,14.697,14.912,14.745,14.481
01/22/09 16:00:00.0,13.666,14.433,14.745,14.505
01/22/09 17:00:00.0,15.223,14.888,14.481,14.457
01/22/09 18:00:00.0,15.031,15.438,14.481,14.409
01/22/09 19:00:00.0,14.505,14.218,14.553,14.385
01/22/09 20:00:00.0,14.457,13.618,14.529,14.385
01/22/09 21:00:00.0,14.05,13.257,14.433,14.361
01/22/09 22:00:00.0,13.522,12.34,14.337,14.314
01/22/09 23:00:00.0,13.088,11.856,14.17,14.242
01/23/09 00:00:00.0,11.71,11.248,13.978,14.146
01/23/09 01:00:00.0,11.492,10.761,13.786,14.05
01/23/09 02:00:00.0,11.37,10.516,13.57,13.93
01/23/09 03:00:00.0,11.224,10.124,13.401,13.786
01/23/09 04:00:00.0,10.492,9.706,13.209,13.666
01/23/09 05:00:00.0,9.682,9.213,13.016,13.522
01/23/09 06:00:00.0,8.965,8.841,12.823,13.353
01/23/09 07:00:00.0,9.139,8.941,12.63,13.233
01/23/09 08:00:00.0,11.565,8.916,12.461,13.064
01/23/09 09:00:00.0,14.098,10.1,12.389,12.944
01/23/09 10:00:00.0,16.63,12.316,12.509,12.871
01/23/09 11:00:00.0,18.057,14.721,12.823,12.871
01/23/09 12:00:00.0,19.46,16.701,13.377,12.992
01/23/09 13:00:00.0,22.609,23.424,14.074,13.233
01/23/09 14:00:00.0,26.304,26.158,14.96,13.618
01/23/09 15:00:00.0,26.94,26.965,15.7,14.074
01/23/09 16:00:00.0,25.744,26.671,16.177,14.505
01/23/09 17:00:00.0,22.944,23.232,16.392,14.84
01/23/09 18:00:00.0,19.294,18.723,16.344,15.079
01/23/09 19:00:00.0,19.674,17.082,16.106,15.175
01/23/09 20:00:00.0,16.868,15.342,15.843,15.151
01/23/09 21:00:00.0,15.939,14.29,15.533,15.103
01/23/09 22:00:00.0,15.39,13.762,15.199,14.984
01/23/09 23:00:00.0,15.557,13.546,14.888,14.816
01/24/09 00:00:00.0,15.772,13.329,14.649,14.697
01/24/09 01:00:00.0,15.533,13.161,14.409,14.529
01/24/09 02:00:00.0,15.247,13.137,14.218,14.385
01/24/09 03:00:00.0,13.618,12.34,14.074,14.266
01/24/09 04:00:00.0,11.953,11.977,13.954,14.146
01/24/09 05:00:00.0,11.71,11.904,13.81,14.026
01/24/09 06:00:00.0,10.565,11.37,13.69,13.93
01/24/09 07:00:00.0,9.41,10.663,13.57,13.834
01/24/09 08:00:00.0,10.858,10.81,13.401,13.714
01/24/09 09:00:00.0,12.485,10.98,13.353,13.618
01/24/09 10:00:00.0,15.27,13.257,13.449,13.546
01/24/09 11:00:00.0,16.344,15.509,13.786,13.57
01/24/09 12:00:00.0,18.033,16.368,14.337,13.714
01/24/09 13:00:00.0,19.984,20.817,14.96,13.978
01/24/09 14:00:00.0,22.896,24.702,15.605,14.314
01/24/09 15:00:00.0,25.137,25.841,16.225,14.673
01/24/09 16:00:00.0,29.215,28.32,16.582,15.031
01/24/09 17:00:00.0,27.751,26.036,16.796,15.318
01/24/09 18:00:00.0,24.339,19.865,16.82,15.509
01/24/09 19:00:00.0,20.007,17.13,16.606,15.605
01/24/09 20:00:00.0,15.796,15.223,16.32,15.605
01/24/09 21:00:00.0,9.558,12.751,15.963,15.533
01/24/09 22:00:00.0,5.154,10.761,15.485,15.366
01/24/09 23:00:00.0,3.722,9.682,14.936,15.151
01/25/09 00:00:00.0,3.301,9.015,14.385,14.864
01/25/09 01:00:00.0,2.047,8.22,13.858,14.577
01/25/09 02:00:00.0,3.354,7.82,13.377,14.242
01/25/09 03:00:00.0,1.643,7.444,12.968,13.954
01/25/09 04:00:00.0,1.099,6.965,12.582,13.642
01/25/09 05:00:00.0,1.208,6.712,12.243,13.353
01/25/09 06:00:00.0,1.317,6.585,11.929,13.088
01/25/09 07:00:00.0,7.318,7.619,11.637,12.847
01/25/09 08:00:00.0,11.516,9.188,11.467,12.606
01/25/09 09:00:00.0,15.294,11.078,11.589,12.461
01/25/09 10:00:00.0,20.46,15.079,12.074,12.437
01/25/09 11:00:00.0,27.677,21.39,12.871,12.582
01/25/09 12:00:00.0,29.59,24.363,14.05,12.968
01/25/09 13:00:00.0,34.73,35.662,15.247,13.497
01/25/09 14:00:00.0,37.015,39.375,16.415,14.146
01/25/09 15:00:00.0,43.89,41.854,17.249,14.816
01/25/09 16:00:00.0,43.465,41.123,17.796,15.366
01/25/09 17:00:00.0,35.877,35.182,18.105,15.819
01/25/09 18:00:00.0,28.245,24.871,18.105,16.129
01/25/09 19:00:00.0,24.195,21.199,17.843,16.272
01/25/09 20:00:00.0,19.294,18.39,17.486,16.32
01/25/09 21:00:00.0,10.932,14.433,17.058,16.249
01/25/09 22:00:00.0,9.583,12.727,16.487,16.082
01/25/09 23:00:00.0,8.02,11.71,15.891,15.843
01/26/09 00:00:00.0,6.864,11.005,15.342,15.557
01/26/09 01:00:00.0,6.153,10.345,14.84,15.27
01/26/09 02:00:00.0,6.128,10.1,14.409,14.96
01/26/09 03:00:00.0,6.965,9.682,14.026,14.673
01/26/09 04:00:00.0,9.928,10.687,13.69,14.409
01/26/09 05:00:00.0,10.001,10.638,13.449,14.17
01/26/09 06:00:00.0,10.443,10.663,13.257,13.954
01/26/09 07:00:00.0,12.944,11.224,13.088,13.786
01/26/09 08:00:00.0,16.296,12.461,12.992,13.642
01/26/09 09:00:00.0,19.08,14.361,13.088,13.522
01/26/09 10:00:00.0,23.497,18.58,13.497,13.522
01/26/09 11:00:00.0,27.949,24.871,14.218,13.666
01/26/09 12:00:00.0,30.192,28.072,15.318,14.002
01/26/09 13:00:00.0,36.796,41.619,16.439,14.529
01/26/09 14:00:00.0,44.936,47.157,17.439,15.103
01/26/09 15:00:00.0,47.81,48.04,18.247,15.7
01/26/09 16:00:00.0,49.242,46.609,18.889,16.249
01/26/09 17:00:00.0,46.099,39.743,19.199,16.701
01/26/09 18:00:00.0,33.809,28.196,19.199,16.987
01/26/09 19:00:00.0,26.353,23.424,18.889,17.153
01/26/09 20:00:00.0,19.08,19.484,18.438,17.153
01/26/09 21:00:00.0,12.485,15.605,17.915,17.034
01/26/09 22:00:00.0,12.05,14.385,17.272,16.844
01/26/09 23:00:00.0,11.127,13.353,16.677,16.582
01/27/09 00:00:00.0,11.516,13.185,16.177,16.272
01/27/09 01:00:00.0,8.095,11.467,15.748,15.986
01/27/09 02:00:00.0,9.534,11.856,15.27,15.7
01/27/09 03:00:00.0,9.903,11.807,14.888,15.414
01/27/09 04:00:00.0,13.016,12.727,14.577,15.175
01/27/09 05:00:00.0,13.522,12.92,14.409,14.936
01/27/09 06:00:00.0,12.992,12.703,14.314,14.768
01/27/09 07:00:00.0,13.714,12.896,14.17,14.625
01/27/09 08:00:00.0,15.485,13.738,14.098,14.505
01/27/09 09:00:00.0,17.177,14.936,14.122,14.385
01/27/09 10:00:00.0,19.888,18.224,14.361,14.361
01/27/09 11:00:00.0,24.05,23.881,14.84,14.433
01/27/09 12:00:00.0,24.484,26.451,15.748,14.649
01/27/09 13:00:00.0,26.965,35.823,16.701,15.031
01/27/09 14:00:00.0,32.639,41.385,17.534,15.509
01/27/09 15:00:00.0,34.045,43.133,18.176,15.986
01/27/09 16:00:00.0,32.175,41.648,18.58,16.392
01/27/09 17:00:00.0,35.342,36.769,18.771,16.725
01/27/09 18:00:00.0,28.245,26.451,18.747,16.939
01/27/09 19:00:00.0,26.671,23.064,18.533,17.058
01/27/09 20:00:00.0,20.841,19.888,18.247,17.082
01/27/09 21:00:00.0,14.433,15.819,17.867,17.011
01/27/09 22:00:00.0,10.883,13.786,17.296,16.844
01/27/09 23:00:00.0,8.891,12.703,16.725,16.606
01/28/09 00:00:00.0,9.485,11.953,16.201,16.32
01/28/09 01:00:00.0,10.369,12.195,15.7,16.034
01/28/09 02:00:00.0,11.346,12.292,15.294,15.748
01/28/09 03:00:00.0,14.553,13.281,14.984,15.485
01/28/09 04:00:00.0,15.605,13.834,14.792,15.27
01/28/09 05:00:00.0,16.606,14.146,14.673,15.079
01/28/09 06:00:00.0,16.344,14.17,14.577,14.96
01/28/09 07:00:00.0,16.915,14.409,14.505,14.84
01/28/09 08:00:00.0,18.366,15.318,14.433,14.721
01/28/09 09:00:00.0,20.246,16.749,14.529,14.649
01/28/09 10:00:00.0,22.753,20.15,14.84,14.673
01/28/09 11:00:00.0,25.525,25.089,15.366,14.768
01/28/09 12:00:00.0,27.505,28.072,16.272,15.008
01/28/09 13:00:00.0,29.715,38.421,17.201,15.414
01/28/09 14:00:00.0,35.689,44.565,18.081,15.915
01/28/09 15:00:00.0,36.933,46.481,18.818,16.415
01/28/09 16:00:00.0,40.372,46.13,19.318,16.868
01/28/09 17:00:00.0,41.736,40.66,19.555,17.225
01/28/09 18:00:00.0,31.893,28.692,19.579,17.486
01/28/09 19:00:00.0,28.345,24.581,19.318,17.629
01/28/09 20:00:00.0,22.25,21.199,18.985,17.653
01/28/09 21:00:00.0,13.906,16.915,18.557,17.582
01/28/09 22:00:00.0,13.834,15.461,17.986,17.415
01/28/09 23:00:00.0,13.088,14.601,17.415,17.177
01/29/09 00:00:00.0,11.71,13.93,16.915,16.915
01/29/09 01:00:00.0,10.736,13.209,16.463,16.63
01/29/09 02:00:00.0,9.903,12.606,16.082,16.368
01/29/09 03:00:00.0,10.785,12.413,15.7,16.106
01/29/09 04:00:00.0,11.419,12.389,15.39,15.867
01/29/09 05:00:00.0,12.34,12.509,15.103,15.629
01/29/09 06:00:00.0,17.058,13.906,14.888,15.414
01/29/09 07:00:00.0,16.892,14.409,14.792,15.247
01/29/09 08:00:00.0,19.127,15.652,14.745,15.103
01/29/09 09:00:00.0,21.246,17.272,14.864,15.031
01/29/09 10:00:00.0,24.871,21.413,15.247,15.031
01/29/09 11:00:00.0,28.568,27.259,15.891,15.151
01/29/09 12:00:00.0,30.469,30.066,16.915,15.461
01/29/09 13:00:00.0,33.339,41.854,17.986,15.915
01/29/09 14:00:00.0,41.502,48.704,19.032,16.487
01/29/09 15:00:00.0,48.637,50.856,19.841,17.058
01/29/09 16:00:00.0,46.353,49.107,20.341,17.558
01/29/09 17:00:00.0,41.913,42.416,20.603,17.962
01/29/09 18:00:00.0,35.288,30.369,20.579,18.247
01/29/09 19:00:00.0,29.765,25.744,20.269,18.39
01/29/09 20:00:00.0,23.04,22.298,19.888,18.39
01/29/09 21:00:00.0,17.534,18.438,19.413,18.295
01/29/09 22:00:00.0,12.992,16.01,18.771,18.129
01/29/09 23:00:00.0,12.944,14.984,18.129,17.843
01/30/09 00:00:00.0,11.37,14.266,17.582,17.558
01/30/09 01:00:00.0,10.785,13.618,17.106,17.249
01/30/09 02:00:00.0,10.467,13.137,16.677,16.963
01/30/09 03:00:00.0,9.952,12.63,16.272,16.677
01/30/09 04:00:00.0,10.124,12.461,15.939,16.415
01/30/09 05:00:00.0,9.386,11.904,15.605,16.177
01/30/09 06:00:00.0,10.565,11.807,15.294,15.915
01/30/09 07:00:00.0,12.122,12.606,15.008,15.676
01/30/09 08:00:00.0,17.034,14.936,14.816,15.461
01/30/09 09:00:00.0,22.226,17.558,15.008,15.318
01/30/09 10:00:00.0,28.493,22.968,15.581,15.342
01/30/09 11:00:00.0,33.105,30.041,16.463,15.533
01/30/09 12:00:00.0,36.227,33.6,17.748,15.939
01/30/09 13:00:00.0,38.952,45.53,19.056,16.534
01/30/09 14:00:00.0,44.719,51.383,20.15,17.177
01/30/09 15:00:00.0,45.342,52.239,20.984,17.819
01/30/09 16:00:00.0,42.803,49.445,21.437,18.366
01/30/09 17:00:00.0,44.874,43.677,21.557,18.747
01/30/09 18:00:00.0,34.36,30.849,21.39,19.008
01/30/09 19:00:00.0,30.343,26.402,20.96,19.08
01/30/09 20:00:00.0,24.291,22.824,20.484,19.032
01/30/09 21:00:00.0,18.557,19.222,19.96,18.913
01/30/09 22:00:00.0,16.01,17.653,19.341,18.675
01/30/09 23:00:00.0,16.677,17.463,18.771,18.414
01/31/09 00:00:00.0,16.201,16.82,18.343,18.129
01/31/09 01:00:00.0,16.368,16.701,17.962,17.891
01/31/09 02:00:00.0,15.294,15.629,17.653,17.653
01/31/09 03:00:00.0,17.796,15.891,17.344,17.439
01/31/09 04:00:00.0,17.582,15.772,17.058,17.225
01/31/09 05:00:00.0,18.39,15.605,16.773,17.011
01/31/09 06:00:00.0,17.177,15.27,16.534,16.82
01/31/09 07:00:00.0,17.415,15.247,16.272,16.606
01/31/09 08:00:00.0,20.484,16.892,16.082,16.439
01/31/09 09:00:00.0,23.28,18.818,16.106,16.272
01/31/09 10:00:00.0,27.382,23.497,16.487,16.249
01/31/09 11:00:00.0,31.357,29.515,17.13,16.344
01/31/09 12:00:00.0,36.254,34.308,18.2,16.63
01/31/09 13:00:00.0,37.535,45.53,19.389,17.13
01/31/09 14:00:00.0,39.886,50.059,20.436,17.701
01/31/09 15:00:00.0,48.271,52.131,21.199,18.295
01/31/09 16:00:00.0,37.178,42.564,21.724,18.794
01/31/09 17:00:00.0,27.431,28.369,21.772,19.199
01/31/09 18:00:00.0,19.651,22.465,21.318,19.365
01/31/09 19:00:00.0,21.008,22.321,20.65,19.318
01/31/09 20:00:00.0,20.77,20.841,20.126,19.151
01/31/09 21:00:00.0,17.558,18.509,19.698,18.961
01/31/09 22:00:00.0,16.63,17.582,19.222,18.723
01/31/09 23:00:00.0,15.772,16.796,18.771,18.485
02/01/09 00:00:00.0,14.601,15.915,18.343,18.247
02/01/09 01:00:00.0,14.721,15.605,17.962,17.986
02/01/09 02:00:00.0,13.618,14.721,17.582,17.724
02/01/09 03:00:00.0,12.944,14.146,17.225,17.486
02/01/09 04:00:00.0,12.025,13.57,16.892,17.249
02/01/09 05:00:00.0,12.364,13.425,16.558,17.011
02/01/09 06:00:00.0,11.929,13.185,16.296,16.749
02/01/09 07:00:00.0,12.63,13.209,16.034,16.558
02/01/09 08:00:00.0,16.32,15.39,15.796,16.344
02/01/09 09:00:00.0,20.507,18.033,15.843,16.177
02/01/09 10:00:00.0,27.382,23.593,16.344,16.153
02/01/09 11:00:00.0,34.202,30.773,17.225,16.32
02/01/09 12:00:00.0,38.56,34.863,18.509,16.701
02/01/09 13:00:00.0,40.458,46.035,19.888,17.296
02/01/09 14:00:00.0,50.508,52.528,21.008,17.986
02/01/09 15:00:00.0,45.75,43.374,21.676,18.628
02/01/09 16:00:00.0,26.965,28.941,21.652,19.103
02/01/09 17:00:00.0,24.629,25.355,21.223,19.27
02/01/09 18:00:00.0,22.513,22.489,20.817,19.27
02/01/09 19:00:00.0,22.489,22.058,20.388,19.199
02/01/09 20:00:00.0,19.151,19.77,20.031,19.08
02/01/09 21:00:00.0,16.796,17.843,19.579,18.913
02/01/09 22:00:00.0,16.844,17.605,19.127,18.675
02/01/09 23:00:00.0,14.266,16.129,18.699,18.438
02/02/09 00:00:00.0,14.601,15.318,18.343,18.224
02/02/09 01:00:00.0,14.505,14.912,17.986,17.986
02/02/09 02:00:00.0,15.366,14.314,17.653,17.748
02/02/09 03:00:00.0,17.915,14.17,17.32,17.51
02/02/09 04:00:00.0,16.534,14.098,17.011,17.272
02/02/09 05:00:00.0,15.103,13.666,16.725,17.082
02/02/09 06:00:00.0,14.84,13.281,16.463,16.868
02/02/09 07:00:00.0,13.954,13.161,16.201,16.654
02/02/09 08:00:00.0,18.129,14.864,15.939,16.439
02/02/09 09:00:00.0,20.865,16.773,15.963,16.272
02/02/09 10:00:00.0,21.915,19.436,16.296,16.225
02/02/09 11:00:00.0,22.298,21.294,16.725,16.272
02/02/09 12:00:00.0,27.825,25.793,17.177,16.415
02/02/09 13:00:00.0,25.21,29.54,17.772,16.63
02/02/09 14:00:00.0,34.836,34.969,18.39,16.939
02/02/09 15:00:00.0,35.448,40.2,19.032,17.249
02/02/09 16:00:00.0,25.501,29.49,19.603,17.629
02/02/09 17:00:00.0,21.318,22.848,19.674,17.938
02/02/09 18:00:00.0,17.249,18.866,19.389,18.081
02/02/09 19:00:00.0,17.962,18.105,18.937,18.057
02/02/09 20:00:00.0,16.844,17.058,18.604,17.938
02/02/09 21:00:00.0,13.882,15.151,18.295,17.819
02/02/09 22:00:00.0,14.409,14.888,17.915,17.653
02/02/09 23:00:00.0,13.401,14.242,17.534,17.463
02/03/09 00:00:00.0,14.026,14.697,17.177,17.249
02/03/09 01:00:00.0,14.29,14.84,16.915,17.058
02/03/09 02:00:00.0,13.81,14.721,16.725,16.868
02/03/09 03:00:00.0,13.642,14.314,16.558,16.725
02/03/09 04:00:00.0,12.775,13.594,16.392,16.582
02/03/09 05:00:00.0,13.666,14.194,16.153,16.415
02/03/09 06:00:00.0,13.522,14.122,16.01,16.272
02/03/09 07:00:00.0,10.687,12.195,15.891,16.153
02/03/09 08:00:00.0,15.891,15.151,15.676,16.01
02/03/09 09:00:00.0,19.389,17.796,15.748,15.891
02/03/09 10:00:00.0,23.352,21.246,16.106,15.891
02/03/09 11:00:00.0,29.414,25.695,16.677,16.01
02/03/09 12:00:00.0,35.985,31.357,17.534,16.272
02/03/09 13:00:00.0,33.027,35.877,18.675,16.701
02/03/09 14:00:00.0,36.661,36.715,19.508,17.225
02/03/09 15:00:00.0,24.895,27.554,19.96,17.701
02/03/09 16:00:00.0,22.274,24.098,19.817,17.986
02/03/09 17:00:00.0,21.867,22.848,19.532,18.105
02/03/09 18:00:00.0,21.437,22.465,19.27,18.105
02/03/09 19:00:00.0,17.701,19.603,19.056,18.057
02/03/09 20:00:00.0,15.27,17.486,18.699,17.986
02/03/09 21:00:00.0,14.361,16.415,18.295,17.843
02/03/09 22:00:00.0,13.762,15.724,17.867,17.653
02/03/09 23:00:00.0,13.546,15.318,17.486,17.439
02/04/09 00:00:00.0,13.137,14.792,17.153,17.225
02/04/09 01:00:00.0,8.643,12.05,16.844,17.011
02/04/09 02:00:00.0,8.469,11.37,16.392,16.796
02/04/09 03:00:00.0,9.78,11.783,15.939,16.511
02/04/09 04:00:00.0,12.219,12.751,15.557,16.249
02/04/09 05:00:00.0,12.654,13.137,15.318,15.986
02/04/09 06:00:00.0,13.088,13.449,15.175,15.772
02/04/09 07:00:00.0,13.546,13.906,15.079,15.629
02/04/09 08:00:00.0,14.529,14.864,15.031,15.509
02/04/09 09:00:00.0,16.129,16.32,15.079,15.414
02/04/09 10:00:00.0,20.46,19.579,15.27,15.366
02/04/09 11:00:00.0,24.798,26.085,15.867,15.438
02/04/09 12:00:00.0,28.369,29.615,16.987,15.7
02/04/09 13:00:00.0,30.798,40.171,18.224,16.201
02/04/09 14:00:00.0,36.254,46.162,19.365,16.796
02/04/09 15:00:00.0,37.645,46.995,20.174,17.415
02/04/09 16:00:00.0,33.391,39.715,20.65,17.938
02/04/09 17:00:00.0,49.479,42.535,20.841,18.343
02/04/09 18:00:00.0,31.535,29.941,20.841,18.604
02/04/09 19:00:00.0,30.343,26.451,20.531,18.723
02/04/09 20:00:00.0,21.867,22.298,20.198,18.723
02/04/09 21:00:00.0,15.342,18.081,19.746,18.652
02/04/09 22:00:00.0,14.026,16.058,19.103,18.485
02/04/09 23:00:00.0,11.637,14.218,18.414,18.224
02/05/09 00:00:00.0,9.952,13.161,17.772,17.891
02/05/09 01:00:00.0,9.829,12.654,17.201,17.558
02/05/09 02:00:00.0,14.505,14.17,16.701,17.225
02/05/09 03:00:00.0,16.201,14.745,16.368,16.915
02/05/09 04:00:00.0,16.415,14.984,16.177,16.654
02/05/09 05:00:00.0,17.058,15.031,15.986,16.463
02/05/09 06:00:00.0,17.439,15.247,15.843,16.272
02/05/09 07:00:00.0,17.272,15.366,15.652,16.106
02/05/09 08:00:00.0,17.796,15.986,15.533,15.963
02/05/09 09:00:00.0,19.817,17.486,15.557,15.843
02/05/09 10:00:00.0,24.677,22.13,15.915,15.819
02/05/09 11:00:00.0,29.29,28.444,16.63,15.939
02/05/09 12:00:00.0,29.69,30.243,17.701,16.225
02/05/09 13:00:00.0,32.433,41.648,18.794,16.701
02/05/09 14:00:00.0,39.971,47.744,19.817,17.272
02/05/09 15:00:00.0,39.857,48.205,20.603,17.843
02/05/09 16:00:00.0,45.53,44.073,21.056,18.343
02/05/09 17:00:00.0,41.883,41.356,21.223,18.723
02/05/09 18:00:00.0,32.355,30.293,21.151,18.985
02/05/09 19:00:00.0,28.444,26.573,20.841,19.08
02/05/09 20:00:00.0,22.082,22.369,20.436,19.08
02/05/09 21:00:00.0,16.939,18.485,19.888,18.937
02/05/09 22:00:00.0,15.055,16.844,19.294,18.723
02/05/09 23:00:00.0,13.257,15.461,18.675,18.461
02/06/09 00:00:00.0,12.34,14.409,18.129,18.176
02/06/09 01:00:00.0,9.952,13.377,17.605,17.843
02/06/09 02:00:00.0,9.262,12.413,17.13,17.558
02/06/09 03:00:00.0,8.419,11.759,16.677,17.225
02/06/09 04:00:00.0,8.568,11.54,16.249,16.939
02/06/09 05:00:00.0,11.053,12.34,15.843,16.63
02/06/09 06:00:00.0,12.05,12.654,15.533,16.368
02/06/09 07:00:00.0,11.273,12.147,15.27,16.106
02/06/09 08:00:00.0,16.296,14.218,15.055,15.891
02/06/09 09:00:00.0,20.746,16.201,15.127,15.7
02/06/09 10:00:00.0,24.002,20.341,15.533,15.652
02/06/09 11:00:00.0,27.136,26.061,16.153,15.748
02/06/09 12:00:00.0,30.925,29.941,17.153,16.01
02/06/09 13:00:00.0,32.253,41.123,18.343,16.439
02/06/09 14:00:00.0,38.896,47.417,19.46,17.034
02/06/09 15:00:00.0,40.228,49.615,20.293,17.605
02/06/09 16:00:00.0,47.32,49.275,20.841,18.152
02/06/09 17:00:00.0,41.795,42.238,21.056,18.557
02/06/09 18:00:00.0,33.94,30.571,20.96,18.818
02/06/09 19:00:00.0,27.776,25.647,20.627,18.937
02/06/09 20:00:00.0,22.178,22.034,20.174,18.913
02/06/09 21:00:00.0,15.915,18.176,19.674,18.771
02/06/09 22:00:00.0,15.342,17.034,19.056,18.58
02/06/09 23:00:00.0,14.96,16.225,18.485,18.319
02/07/09 00:00:00.0,13.401,15.366,18.033,18.033
02/07/09 01:00:00.0,11.078,13.858,17.605,17.772
02/07/09 02:00:00.0,9.805,12.968,17.153,17.51
02/07/09 03:00:00.0,12.823,13.618,16.725,17.201
02/07/09 04:00:00.0,16.534,14.577,16.415,16.939
02/07/09 05:00:00.0,18.081,15.055,16.201,16.701
02/07/09 06:00:00.0,19.151,15.676,16.058,16.534
02/07/09 07:00:00.0,19.865,16.225,15.939,16.368
02/07/09 08:00:00.0,21.175,17.272,15.843,16.225
02/07/09 09:00:00.0,22.776,18.699,15.915,16.129
02/07/09 10:00:00.0,25.768,22.345,16.201,16.106
02/07/09 11:00:00.0,28.221,27.554,16.749,16.201
02/07/09 12:00:00.0,30.394,30.167,17.653,16.415
02/07/09 13:00:00.0,31.586,39.431,18.628,16.82
02/07/09 14:00:00.0,33.287,42.179,19.484,17.296
02/07/09 15:00:00.0,37.233,44.658,20.031,17.772
02/07/09 16:00:00.0,33.678,37.618,20.388,18.152
02/07/09 17:00:00.0,28.891,30.849,20.388,18.438
02/07/09 18:00:00.0,30.192,27.677,20.174,18.58
02/07/09 19:00:00.0,27.727,25.065,19.888,18.58
02/07/09 20:00:00.0,25.914,22.992,19.579,18.557
02/07/09 21:00:00.0,25.04,21.915,19.246,18.461
02/07/09 22:00:00.0,24.605,21.246,18.937,18.319
02/07/09 23:00:00.0,24.436,20.889,18.652,18.2
02/08/09 00:00:00.0,24.195,20.531,18.39,18.033
02/08/09 01:00:00.0,22.824,18.366,18.152,17.891
02/08/09 02:00:00.0,22.178,18.628,17.938,17.748
02/08/09 03:00:00.0,21.652,18.438,17.724,17.629
02/08/09 04:00:00.0,20.77,18.105,17.534,17.463
02/08/09 05:00:00.0,19.793,17.51,17.344,17.344
02/08/09 06:00:00.0,19.46,17.249,17.13,17.201
02/08/09 07:00:00.0,18.675,16.796,16.915,17.058
02/08/09 08:00:00.0,20.031,17.653,16.749,16.915
02/08/09 09:00:00.0,22.082,19.341,16.725,16.796
02/08/09 10:00:00.0,25.914,22.992,17.011,16.749
02/08/09 11:00:00.0,28.369,27.776,17.558,16.82
02/08/09 12:00:00.0,30.925,30.722,18.366,17.058
02/08/09 13:00:00.0,30.824,37.178,19.365,17.415
02/08/09 14:00:00.0,31.944,35.155,20.031,17.867
02/08/09 15:00:00.0,34.255,39.431,20.46,18.271
02/08/09 16:00:00.0,32.872,38.226,20.793,18.604
02/08/09 17:00:00.0,31.484,34.863,20.865,18.866
02/08/09 18:00:00.0,28.345,28.32,20.77,19.032
02/08/09 19:00:00.0,23.689,23.569,20.484,19.103
02/08/09 20:00:00.0,19.77,20.579,20.055,19.032
02/08/09 21:00:00.0,17.867,18.794,19.603,18.889
02/08/09 22:00:00.0,16.796,17.915,19.103,18.675
02/08/09 23:00:00.0,14.625,16.225,18.652,18.461
02/09/09 00:00:00.0,15.724,16.296,18.224,18.224
02/09/09 01:00:00.0,14.266,15.366,17.867,17.986
02/09/09 02:00:00.0,13.882,14.936,17.51,17.748
02/09/09 03:00:00.0,13.858,14.792,17.201,17.51
02/09/09 04:00:00.0,11.783,14.122,16.915,17.296
02/09/09 05:00:00.0,11.2,13.594,16.654,17.082
02/09/09 06:00:00.0,10.687,12.703,16.392,16.868
02/09/09 07:00:00.0,9.583,11.953,16.129,16.677
02/09/09 08:00:00.0,9.756,12.122,15.843,16.487
02/09/09 09:00:00.0,12.582,13.738,15.581,16.272
02/09/09 10:00:00.0,16.63,16.773,15.557,16.106
02/09/09 11:00:00.0,18.913,18.438,15.772,16.034
02/09/09 12:00:00.0,20.46,20.603,16.034,16.034
02/09/09 13:00:00.0,21.604,21.557,16.344,16.106
02/09/09 14:00:00.0,20.126,21.509,16.606,16.225
02/09/09 15:00:00.0,17.13,19.651,16.725,16.32
02/09/09 16:00:00.0,14.625,18.105,16.677,16.368
02/09/09 17:00:00.0,12.896,16.177,16.511,16.368
02/09/09 18:00:00.0,9.829,14.074,16.272,16.32
02/09/09 19:00:00.0,9.509,12.92,15.986,16.201
02/09/09 20:00:00.0,7.845,11.589,15.652,16.058
02/09/09 21:00:00.0,6.965,10.761,15.294,15.867
02/09/09 22:00:00.0,6.458,10.173,14.936,15.652
02/09/09 23:00:00.0,6,9.731,14.601,15.438
02/10/09 00:00:00.0,5.668,9.361,14.29,15.223
02/10/09 01:00:00.0,5.719,9.114,14.002,15.008
02/10/09 02:00:00.0,5.591,8.916,13.762,14.792
02/10/09 03:00:00.0,5.205,8.593,13.522,14.601
02/10/09 04:00:00.0,5.437,8.568,13.305,14.409
02/10/09 05:00:00.0,5.154,8.295,13.112,14.218
02/10/09 06:00:00.0,5.024,8.095,12.92,14.05
02/10/09 07:00:00.0,4.688,7.87,12.751,13.882
02/10/09 08:00:00.0,5.128,8.145,12.558,13.714
02/10/09 09:00:00.0,5.949,8.668,12.413,13.57
02/10/09 10:00:00.0,8.369,10.736,12.34,13.425
02/10/09 11:00:00.0,10.394,12.001,12.389,13.329
02/10/09 12:00:00.0,14.314,15.103,12.558,13.281
02/10/09 13:00:00.0,15.796,16.868,12.847,13.305
02/10/09 14:00:00.0,16.868,17.962,13.233,13.401
02/10/09 15:00:00.0,13.425,16.296,13.594,13.57
02/10/09 16:00:00.0,11.151,14.649,13.738,13.714
02/10/09 17:00:00.0,10.173,14.242,13.69,13.786
02/10/09 18:00:00.0,8.99,12.799,13.642,13.81
02/10/09 19:00:00.0,7.142,10.956,13.497,13.81
02/10/09 20:00:00.0,5.385,9.361,13.281,13.738
02/10/09 21:00:00.0,3.274,7.242,12.968,13.642
02/10/09 22:00:00.0,3.538,7.368,12.582,13.473
02/10/09 23:00:00.0,3.538,7.368,12.243,13.281
02/11/09 00:00:00.0,3.801,7.293,11.977,13.088
02/11/09 01:00:00.0,3.67,7.192,11.783,12.896
02/11/09 02:00:00.0,3.406,6.889,11.589,12.727
02/11/09 03:00:00.0,2.93,6.611,11.419,12.582
02/11/09 04:00:00.0,2.903,6.357,11.248,12.437
02/11/09 05:00:00.0,2.93,6.306,11.078,12.292
02/11/09 06:00:00.0,2.983,6.23,10.907,12.147
02/11/09 07:00:00.0,3.274,6.23,10.761,12.001
02/11/09 08:00:00.0,3.801,6.914,10.638,11.88
02/11/09 09:00:00.0,5.437,8.07,10.59,11.759
02/11/09 10:00:00.0,7.242,9.336,10.59,11.662
02/11/09 11:00:00.0,12.461,13.305,10.712,11.613
02/11/09 12:00:00.0,17.748,17.439,11.029,11.637
02/11/09 13:00:00.0,19.698,20.841,11.613,11.759
02/11/09 14:00:00.0,28.791,26.353,12.171,12.001
02/11/09 15:00:00.0,24.291,26.769,12.871,12.268
02/11/09 16:00:00.0,32.381,29.515,13.497,12.63
02/11/09 17:00:00.0,25.89,24.823,13.834,12.968
02/11/09 18:00:00.0,19.294,20.055,14.05,13.209
02/11/09 19:00:00.0,11.029,14.697,13.978,13.401
02/11/09 20:00:00.0,8.27,12.098,13.666,13.449
02/11/09 21:00:00.0,6.484,10.687,13.305,13.401
02/11/09 22:00:00.0,6.281,9.977,12.944,13.281
02/11/09 23:00:00.0,6.128,9.46,12.63,13.137
02/12/09 00:00:00.0,5.745,9.064,12.34,12.968
02/12/09 01:00:00.0,5.591,8.717,12.098,12.799
02/12/09 02:00:00.0,5.642,8.494,11.88,12.654
02/12/09 03:00:00.0,5.514,8.22,11.662,12.485
02/12/09 04:00:00.0,5.334,7.995,11.492,12.34
02/12/09 05:00:00.0,5.385,7.82,11.321,12.195
02/12/09 06:00:00.0,4.999,7.544,11.175,12.074
02/12/09 07:00:00.0,5.282,7.594,11.029,11.953
02/12/09 08:00:00.0,6.585,8.593,10.907,11.832
02/12/09 09:00:00.0,7.293,9.903,10.858,11.71
02/12/09 10:00:00.0,10.075,11.662,10.932,11.662
02/12/09 11:00:00.0,11.856,13.233,11.078,11.637
02/12/09 12:00:00.0,10.492,13.088,11.321,11.686
02/12/09 13:00:00.0,9.903,12.509,11.467,11.759
02/12/09 14:00:00.0,14.457,14.84,11.54,11.807
02/12/09 15:00:00.0,10.956,14.074,11.686,11.856
02/12/09 16:00:00.0,10.467,13.69,11.807,11.929
02/12/09 17:00:00.0,10.81,14.218,11.88,12.001
02/12/09 18:00:00.0,8.593,12.92,11.929,12.05
02/12/09 19:00:00.0,7.167,11.248,11.904,12.074
02/12/09 20:00:00.0,4.272,8.767,11.734,12.074
02/12/09 21:00:00.0,3.485,7.619,11.467,12.025
02/12/09 22:00:00.0,3.38,7.192,11.175,11.904
02/12/09 23:00:00.0,3.406,7.066,10.883,11.734
02/13/09 00:00:00.0,3.036,6.737,10.663,11.589
02/13/09 01:00:00.0,2.69,6.382,10.443,11.419
02/13/09 02:00:00.0,2.343,6.077,10.247,11.273
02/13/09 03:00:00.0,2.396,5.77,10.051,11.127
02/13/09 04:00:00.0,2.69,5.693,9.879,10.98
02/13/09 05:00:00.0,2.423,5.565,9.706,10.834
02/13/09 06:00:00.0,2.903,5.821,9.558,10.712
02/13/09 07:00:00.0,3.67,6.102,9.46,10.59
02/13/09 08:00:00.0,4.376,6.914,9.386,10.492
02/13/09 09:00:00.0,5.565,8.045,9.336,10.394
02/13/09 10:00:00.0,8.99,10.418,9.386,10.32
02/13/09 11:00:00.0,12.654,13.57,9.534,10.32
02/13/09 12:00:00.0,20.222,18.675,9.903,10.369
02/13/09 13:00:00.0,24.46,28.048,10.614,10.516
02/13/09 14:00:00.0,31.255,36.96,11.807,10.883
02/13/09 15:00:00.0,35.716,41.414,12.992,11.443
02/13/09 16:00:00.0,37.261,42.001,13.81,12.025
02/13/09 17:00:00.0,37.838,36.119,14.266,12.509
02/13/09 18:00:00.0,17.582,21.819,14.337,12.871
02/13/09 19:00:00.0,18.557,19.032,14.05,13.064
02/13/09 20:00:00.0,11.589,14.84,13.786,13.112
02/13/09 21:00:00.0,7.368,11.127,13.401,13.088
02/13/09 22:00:00.0,7.92,10.98,12.871,12.944
02/13/09 23:00:00.0,6.204,9.706,12.461,12.751
02/14/09 00:00:00.0,3.749,7.695,12.098,12.582
02/14/09 01:00:00.0,1.832,6.281,11.662,12.364
02/14/09 02:00:00.0,1.967,5.642,11.224,12.098
02/14/09 03:00:00.0,-0.171,4.246,10.81,11.856
02/14/09 04:00:00.0,-2.362,3.036,10.394,11.589
02/14/09 05:00:00.0,-3.035,2.45,9.952,11.321
02/14/09 06:00:00.0,-2.362,2.396,9.534,11.029
02/14/09 07:00:00.0,-2.246,2.37,9.188,10.761
02/14/09 08:00:00.0,3.009,4.895,8.866,10.492
02/14/09 09:00:00.0,11.224,10.075,8.767,10.247
02/14/09 10:00:00.0,19.127,15.676,9.287,10.149
02/14/09 11:00:00.0,26.061,22.944,10.247,10.296
02/14/09 12:00:00.0,31.791,28.419,11.565,10.663
02/14/09 13:00:00.0,33.313,39.234,13.04,11.273
02/14/09 14:00:00.0,42.803,45.405,14.457,11.977
02/14/09 15:00:00.0,44.319,45.624,15.509,12.751
02/14/09 16:00:00.0,47.81,45.94,16.177,13.401
02/14/09 17:00:00.0,34.334,35.075,16.487,13.93
02/14/09 18:00:00.0,24.581,25.987,16.368,14.29
02/14/09 19:00:00.0,16.987,19.722,16.01,14.457
02/14/09 20:00:00.0,13.69,16.129,15.461,14.433
02/14/09 21:00:00.0,11.565,14.218,14.888,14.314
02/14/09 22:00:00.0,10.541,13.112,14.409,14.122
02/14/09 23:00:00.0,11.078,13.161,13.978,13.93
02/15/09 00:00:00.0,9.435,12.025,13.666,13.714
02/15/09 01:00:00.0,7.745,10.614,13.377,13.546
02/15/09 02:00:00.0,4.141,8.245,13.016,13.353
02/15/09 03:00:00.0,1.615,6.661,12.558,13.137
02/15/09 04:00:00.0,0.715,5.719,12.05,12.871
02/15/09 05:00:00.0,0.051,5.024,11.565,12.582
02/15/09 06:00:00.0,0.962,4.895,11.127,12.268
02/15/09 07:00:00.0,3.168,5.539,10.736,11.977
02/15/09 08:00:00.0,7.469,7.945,10.443,11.71
02/15/09 09:00:00.0,12.025,10.834,10.467,11.492
02/15/09 10:00:00.0,18.081,16.034,10.956,11.443
02/15/09 11:00:00.0,24.581,23.376,11.783,11.565
02/15/09 12:00:00.0,28.742,27.628,12.992,11.904
02/15/09 13:00:00.0,31.637,40,14.314,12.437
02/15/09 14:00:00.0,40.631,44.043,15.581,13.088
02/15/09 15:00:00.0,30.394,35.288,16.463,13.786
02/15/09 16:00:00.0,33.235,37.673,16.701,14.314
02/15/09 17:00:00.0,37.315,32.381,16.749,14.649
02/15/09 18:00:00.0,30.621,25.501,16.606,14.864
02/15/09 19:00:00.0,21.485,20.365,16.296,14.936
02/15/09 20:00:00.0,15.414,17.344,15.867,14.912
02/15/09 21:00:00.0,12.147,15.175,15.39,14.792
02/15/09 22:00:00.0,11.443,14.122,14.96,14.625
02/15/09 23:00:00.0,10.394,13.257,14.577,14.433
02/16/09 00:00:00.0,10.001,12.654,14.218,14.266
02/16/09 01:00:00.0,8.99,12.025,13.906,14.05
02/16/09 02:00:00.0,8.568,11.492,13.618,13.882
02/16/09 03:00:00.0,7.92,10.932,13.329,13.69
02/16/09 04:00:00.0,6.458,9.485,13.04,13.497
02/16/09 05:00:00.0,7.066,9.78,12.727,13.305
02/16/09 06:00:00.0,6.712,9.608,12.461,13.112
02/16/09 07:00:00.0,6.306,9.139,12.243,12.92
02/16/09 08:00:00.0,7.419,9.854,12.001,12.727
02/16/09 09:00:00.0,10.614,12.437,11.88,12.558
02/16/09 10:00:00.0,14.218,15.294,11.953,12.461
02/16/09 11:00:00.0,21.032,21.748,12.268,12.437
02/16/09 12:00:00.0,23.593,24.46,13.185,12.582
02/16/09 13:00:00.0,28.99,38.06,14.242,12.944
02/16/09 14:00:00.0,39.318,44.257,15.39,13.425
02/16/09 15:00:00.0,43.951,46.899,16.344,14.026
02/16/09 16:00:00.0,42.923,45.373,16.963,14.577
02/16/09 17:00:00.0,41.327,39.46,17.225,15.008
02/16/09 18:00:00.0,30.722,26.549,17.153,15.27
02/16/09 19:00:00.0,21.7,20.817,16.749,15.39
02/16/09 20:00:00.0,13.161,16.368,16.225,15.342
02/16/09 21:00:00.0,9.509,13.281,15.581,15.175
02/16/09 22:00:00.0,8.045,11.637,14.96,14.936
02/16/09 23:00:00.0,7.242,10.59,14.361,14.649
02/17/09 00:00:00.0,6.889,10.026,13.834,14.337
02/17/09 01:00:00.0,4.895,8.792,13.401,14.026
02/17/09 02:00:00.0,3.089,7.494,12.968,13.762
02/17/09 03:00:00.0,2.584,6.636,12.509,13.449
02/17/09 04:00:00.0,2.396,6.281,12.074,13.161
02/17/09 05:00:00.0,0.439,5.385,11.662,12.871
02/17/09 06:00:00.0,-0.171,4.61,11.297,12.582
02/17/09 07:00:00.0,-0.76,4.115,10.907,12.292
02/17/09 08:00:00.0,4.272,6.585,10.565,12.025
02/17/09 09:00:00.0,11.807,10.712,10.467,11.759
02/17/09 10:00:00.0,18.818,16.129,10.932,11.662
02/17/09 11:00:00.0,26.158,24.002,11.807,11.759
02/17/09 12:00:00.0,30.621,28.295,13.137,12.098
02/17/09 13:00:00.0,34.387,39.63,14.505,12.654
02/17/09 14:00:00.0,40.257,41.619,15.772,13.329
02/17/09 15:00:00.0,44.257,44.38,16.63,14.002
02/17/09 16:00:00.0,42.983,42.09,17.201,14.577
02/17/09 17:00:00.0,32.433,29.365,17.344,15.008
02/17/09 18:00:00.0,30.621,25.963,17.082,15.247
02/17/09 19:00:00.0,23.497,21.318,16.749,15.318
02/17/09 20:00:00.0,14.649,16.915,16.272,15.294
02/17/09 21:00:00.0,11.127,13.858,15.724,15.175
02/17/09 22:00:00.0,8.643,12.268,15.127,14.96
02/17/09 23:00:00.0,7.845,11.053,14.577,14.697
02/18/09 00:00:00.0,6.914,10.516,14.074,14.409
02/18/09 01:00:00.0,6.458,10.001,13.642,14.146
02/18/09 02:00:00.0,7.569,10.149,13.281,13.882
02/18/09 03:00:00.0,5.411,8.841,12.944,13.642
02/18/09 04:00:00.0,5.462,8.27,12.606,13.401
02/18/09 05:00:00.0,6.788,9.015,12.268,13.161
02/18/09 06:00:00.0,7.469,9.46,12.025,12.944
02/18/09 07:00:00.0,7.167,9.015,11.88,12.727
02/18/09 08:00:00.0,12.098,12.001,11.759,12.558
02/18/09 09:00:00.0,17.13,15.366,11.929,12.461
02/18/09 10:00:00.0,19.77,17.558,12.485,12.485
02/18/09 11:00:00.0,27.702,23.521,13.064,12.654
02/18/09 12:00:00.0,36.606,31.459,14.002,12.92
02/18/09 13:00:00.0,33.6,34.598,15.223,13.377
02/18/09 14:00:00.0,33.809,33.966,16.01,13.93
02/18/09 15:00:00.0,33.365,29.49,16.463,14.409
02/18/09 16:00:00.0,20.198,22.753,16.63,14.745
02/18/09 17:00:00.0,16.582,18.343,16.392,14.96
02/18/09 18:00:00.0,15.103,16.749,15.963,15.008
02/18/09 19:00:00.0,14.481,16.082,15.557,14.912
02/18/09 20:00:00.0,12.847,14.577,15.247,14.792
02/18/09 21:00:00.0,11.273,12.944,14.912,14.673
02/18/09 22:00:00.0,10.736,12.558,14.505,14.505
02/18/09 23:00:00.0,10.443,12.171,14.17,14.314
02/19/09 00:00:00.0,5.821,9.361,13.858,14.122
02/19/09 01:00:00.0,5.05,8.519,13.425,13.906
02/19/09 02:00:00.0,3.406,7.469,12.992,13.666
02/19/09 03:00:00.0,1.425,6.128,12.558,13.401
02/19/09 04:00:00.0,3.749,6.611,12.098,13.112
02/19/09 05:00:00.0,2.262,5.668,11.662,12.823
02/19/09 06:00:00.0,4.22,6.306,11.297,12.534
02/19/09 07:00:00.0,5.847,7.217,10.956,12.268
02/19/09 08:00:00.0,9.163,8.668,10.736,12.025
02/19/09 09:00:00.0,12.509,10.834,10.761,11.832
02/19/09 10:00:00.0,18.129,15.581,11.224,11.783
02/19/09 11:00:00.0,24.267,22.657,12.025,11.904
02/19/09 12:00:00.0,29.565,27.53,13.281,12.219
02/19/09 13:00:00.0,31.077,37.838,14.625,12.775
02/19/09 14:00:00.0,34.492,40.66,15.796,13.425
02/19/09 15:00:00.0,39.46,44.043,16.701,14.074
02/19/09 16:00:00.0,40.487,42.923,17.272,14.649
02/19/09 17:00:00.0,38.7,36.579,17.51,15.079
02/19/09 18:00:00.0,25.89,26.036,17.439,15.39
02/19/09 19:00:00.0,21.246,21.366,17.082,15.509
02/19/09 20:00:00.0,15.414,16.963,16.63,15.509
02/19/09 21:00:00.0,9.089,13.281,16.034,15.39
02/19/09 22:00:00.0,8.494,11.637,15.366,15.175
02/19/09 23:00:00.0,7.594,10.565,14.721,14.888
02/20/09 00:00:00.0,6.636,9.805,14.098,14.577
02/20/09 01:00:00.0,5.642,8.841,13.57,14.218
02/20/09 02:00:00.0,5.821,8.295,13.112,13.906
02/20/09 03:00:00.0,8.195,9.805,12.703,13.594
02/20/09 04:00:00.0,8.618,9.903,12.461,13.329
02/20/09 05:00:00.0,7.167,8.891,12.292,13.112
02/20/09 06:00:00.0,7.995,9.188,12.05,12.92
02/20/09 07:00:00.0,9.064,9.928,11.856,12.727
02/20/09 08:00:00.0,11.127,11.224,11.759,12.558
02/20/09 09:00:00.0,11.078,11.516,11.783,12.461
02/20/09 10:00:00.0,10.638,11.297,11.904,12.389
02/20/09 11:00:00.0,9.46,10.614,11.977,12.364
02/20/09 12:00:00.0,10.614,11.492,12.001,12.34
02/20/09 13:00:00.0,13.353,14.337,12.122,12.34
02/20/09 14:00:00.0,12.654,13.618,12.461,12.389
02/20/09 15:00:00.0,21.891,21.628,12.799,12.509
02/20/09 16:00:00.0,23.737,22.609,13.449,12.727
02/20/09 17:00:00.0,26.134,21.7,14.002,13.016
02/20/09 18:00:00.0,20.293,17.558,14.314,13.305
02/20/09 19:00:00.0,13.882,14.96,14.385,13.522
02/20/09 20:00:00.0,11.37,12.92,14.266,13.642
02/20/09 21:00:00.0,9.952,11.783,14.002,13.642
02/20/09 22:00:00.0,9.287,11.078,13.666,13.594
02/20/09 23:00:00.0,8.444,10.271,13.281,13.449
02/21/09 00:00:00.0,10.296,11.175,12.92,13.281
02/21/09 01:00:00.0,10.59,11.273,12.751,13.112
02/21/09 02:00:00.0,10.32,11.151,12.654,12.992
02/21/09 03:00:00.0,10.173,11.005,12.582,12.896
02/21/09 04:00:00.0,9.78,10.785,12.485,12.799
02/21/09 05:00:00.0,9.485,10.614,12.413,12.727
02/21/09 06:00:00.0,9.213,10.369,12.292,12.654
02/21/09 07:00:00.0,8.767,10.149,12.195,12.558
02/21/09 08:00:00.0,10.345,10.907,12.074,12.461
02/21/09 09:00:00.0,13.209,12.461,12.05,12.389
02/21/09 10:00:00.0,16.844,14.673,12.219,12.364
02/21/09 11:00:00.0,24.339,19.508,12.606,12.413
02/21/09 12:00:00.0,29.015,22.633,13.81,12.654
02/21/09 13:00:00.0,30.9,28.593,15.223,13.185
02/21/09 14:00:00.0,41.59,31.026,16.463,13.858
02/21/09 15:00:00.0,43.799,32.691,17.415,14.553
02/21/09 16:00:00.0,35.155,30.394,17.915,15.127
02/21/09 17:00:00.0,39.093,29.64,18.033,15.557
02/21/09 18:00:00.0,26.475,22.441,17.796,15.819
02/21/09 19:00:00.0,19.103,18.485,17.296,15.891
02/21/09 20:00:00.0,11.419,15.175,16.677,15.772
02/21/09 21:00:00.0,8.742,13.088,16.01,15.581
02/21/09 22:00:00.0,9.336,12.606,15.318,15.294
02/21/09 23:00:00.0,7.015,11.175,14.768,14.984
02/22/09 00:00:00.0,8.941,11.662,14.266,14.697
02/22/09 01:00:00.0,8.07,11.053,13.906,14.409
02/22/09 02:00:00.0,8.17,10.761,13.594,14.146
02/22/09 03:00:00.0,7.293,9.903,13.305,13.906
02/22/09 04:00:00.0,4.194,8.618,12.992,13.69
02/22/09 05:00:00.0,1.67,7.293,12.606,13.449
02/22/09 06:00:00.0,3.009,7.066,12.171,13.185
02/22/09 07:00:00.0,4.115,7.318,11.759,12.92
02/22/09 08:00:00.0,9.064,9.064,11.443,12.63
02/22/09 09:00:00.0,12.025,10.883,11.394,12.413
02/22/09 10:00:00.0,15.557,13.401,11.759,12.316
02/22/09 11:00:00.0,19.984,18.2,12.389,12.364
02/22/09 12:00:00.0,24.315,21.891,13.449,12.606
02/22/09 13:00:00.0,27.284,30.369,14.745,13.064
02/22/09 14:00:00.0,31.204,31.306,15.891,13.666
02/22/09 15:00:00.0,37.7,36.173,16.677,14.266
02/22/09 16:00:00.0,36.335,37.453,17.201,14.768
02/22/09 17:00:00.0,30.849,30.217,17.486,15.199
02/22/09 18:00:00.0,26.329,23.737,17.391,15.485
02/22/09 19:00:00.0,20.15,19.246,17.082,15.581
02/22/09 20:00:00.0,13.016,15.223,16.606,15.557
02/22/09 21:00:00.0,8.519,12.364,16.01,15.438
02/22/09 22:00:00.0,6.636,10.663,15.294,15.199
02/22/09 23:00:00.0,5.282,9.756,14.625,14.888
02/23/09 00:00:00.0,7.066,9.608,14.026,14.553
02/23/09 01:00:00.0,11.662,10.858,13.546,14.242
02/23/09 02:00:00.0,11.686,10.858,13.257,13.954
02/23/09 03:00:00.0,11.005,10.565,13.04,13.714
02/23/09 04:00:00.0,12.219,10.761,12.823,13.522
02/23/09 05:00:00.0,12.389,10.858,12.63,13.329
02/23/09 06:00:00.0,11.443,10.712,12.485,13.161
02/23/09 07:00:00.0,11.662,10.761,12.316,13.016
02/23/09 08:00:00.0,11.734,11.273,12.195,12.871
02/23/09 09:00:00.0,11.224,11.127,12.122,12.751
02/23/09 10:00:00.0,12.558,11.759,12.098,12.654
02/23/09 11:00:00.0,13.546,13.594,12.147,12.606
02/23/09 12:00:00.0,18.913,16.654,12.268,12.558
02/23/09 13:00:00.0,20.436,24.968,12.871,12.606
02/23/09 14:00:00.0,25.55,26.72,13.714,12.896
02/23/09 15:00:00.0,20.531,25.428,14.385,13.209
02/23/09 16:00:00.0,24.75,24.798,14.768,13.57
02/23/09 17:00:00.0,19.127,22.417,14.912,13.81
02/23/09 18:00:00.0,16.201,17.153,14.936,13.978
02/23/09 19:00:00.0,15.963,15.772,14.721,14.074
02/23/09 20:00:00.0,12.823,13.594,14.481,14.05
02/23/09 21:00:00.0,11.029,11.734,14.146,13.978
02/23/09 22:00:00.0,8.419,10.173,13.738,13.858
02/23/09 23:00:00.0,6.179,8.668,13.305,13.666
02/24/09 00:00:00.0,11.029,9.854,12.847,13.425
02/24/09 01:00:00.0,11.54,10.124,12.534,13.209
02/24/09 02:00:00.0,11.248,9.879,12.316,12.992
02/24/09 03:00:00.0,11.224,9.903,12.122,12.823
02/24/09 04:00:00.0,11.686,10.001,11.929,12.654
02/24/09 05:00:00.0,10.687,9.558,11.783,12.509
02/24/09 06:00:00.0,9.336,9.04,11.613,12.364
02/24/09 07:00:00.0,8.145,8.494,11.443,12.243
02/24/09 08:00:00.0,10.051,9.287,11.248,12.098
02/24/09 09:00:00.0,12.799,10.516,11.175,11.953
02/24/09 10:00:00.0,16.01,14.026,11.419,11.88
02/24/09 11:00:00.0,18.866,19.008,11.977,11.929
02/24/09 12:00:00.0,21.175,22.082,12.92,12.147
02/24/09 13:00:00.0,25.72,33.313,14.098,12.558
02/24/09 14:00:00.0,27.974,35.155,15.223,13.137
02/24/09 15:00:00.0,30.773,38.7,15.986,13.714
02/24/09 16:00:00.0,32.407,37.645,16.439,14.194
02/24/09 17:00:00.0,32.175,32.381,16.63,14.577
02/24/09 18:00:00.0,23.833,22.178,16.511,14.816
02/24/09 19:00:00.0,18.033,18.224,16.106,14.888
02/24/09 20:00:00.0,10.614,13.714,15.652,14.864
02/24/09 21:00:00.0,4.298,9.583,15.055,14.721
02/24/09 22:00:00.0,3.195,7.72,14.314,14.457
02/24/09 23:00:00.0,2.289,6.839,13.57,14.122
02/25/09 00:00:00.0,-0.143,5.77,12.92,13.762
02/25/09 01:00:00.0,-0.788,4.973,12.316,13.401
02/25/09 02:00:00.0,0.605,4.766,11.783,13.04
02/25/09 03:00:00.0,-1.071,3.617,11.273,12.678
02/25/09 04:00:00.0,-2.478,3.195,10.834,12.34
02/25/09 05:00:00.0,-2.478,2.637,10.418,12.025
02/25/09 06:00:00.0,-1.842,2.85,10.051,11.71
02/25/09 07:00:00.0,0.107,3.248,9.682,11.419
02/25/09 08:00:00.0,4.506,5.411,9.386,11.127
02/25/09 09:00:00.0,11.273,9.04,9.312,10.883
02/25/09 10:00:00.0,19.27,14.673,9.854,10.785
02/25/09 11:00:00.0,26.744,22.369,10.81,10.907
02/25/09 12:00:00.0,31.357,26.867,12.219,11.297
02/25/09 13:00:00.0,35.877,38.728,13.834,11.904
02/25/09 14:00:00.0,44.719,43.86,15.294,12.678
02/25/09 15:00:00.0,48.504,47.482,16.439,13.449
02/25/09 16:00:00.0,49.343,45.814,17.153,14.146
02/25/09 17:00:00.0,44.968,38.087,17.51,14.697
02/25/09 18:00:00.0,33.548,26.182,17.368,15.079
02/25/09 19:00:00.0,22.345,21.175,16.939,15.247
02/25/09 20:00:00.0,12.92,15.772,16.344,15.199
02/25/09 21:00:00.0,10.858,13.642,15.629,15.055
02/25/09 22:00:00.0,10.956,13.642,15.008,14.816
02/25/09 23:00:00.0,10.051,12.944,14.577,14.577
02/26/09 00:00:00.0,7.77,11.078,14.218,14.337
02/26/09 01:00:00.0,7.167,10.149,13.834,14.122
02/26/09 02:00:00.0,7.87,10.467,13.401,13.882
02/26/09 03:00:00.0,7.77,10.394,13.088,13.642
02/26/09 04:00:00.0,2.85,7.167,12.847,13.425
02/26/09 05:00:00.0,5.437,8.344,12.437,13.209
02/26/09 06:00:00.0,4.869,7.77,12.122,12.968
02/26/09 07:00:00.0,2.262,6.56,11.856,12.751
02/26/09 08:00:00.0,7.77,9.089,11.589,12.558
02/26/09 09:00:00.0,11.492,11.492,11.516,12.364
02/26/09 10:00:00.0,18.01,15.796,11.904,12.292
02/26/09 11:00:00.0,25.331,22.441,12.654,12.364
02/26/09 12:00:00.0,30.798,26.891,13.81,12.678
02/26/09 13:00:00.0,35.958,39.403,15.127,13.185
02/26/09 14:00:00.0,47.028,44.472,16.415,13.834
02/26/09 15:00:00.0,49.888,47.744,17.415,14.505
02/26/09 16:00:00.0,49.649,46.099,18.01,15.103
02/26/09 17:00:00.0,47.974,39.149,18.224,15.581
02/26/09 18:00:00.0,34.889,27.579,18.081,15.891
02/26/09 19:00:00.0,24.267,22.274,17.653,15.986
02/26/09 20:00:00.0,14.84,17.272,17.058,15.939
02/26/09 21:00:00.0,8.941,13.497,16.368,15.748
02/26/09 22:00:00.0,6.331,11.443,15.629,15.485
02/26/09 23:00:00.0,5.024,10.1,14.936,15.151
02/27/09 00:00:00.0,4.037,8.99,14.314,14.816
02/27/09 01:00:00.0,2.877,8.02,13.738,14.457
02/27/09 02:00:00.0,3.327,7.619,13.209,14.098
02/27/09 03:00:00.0,2.823,7.242,12.751,13.762
02/27/09 04:00:00.0,3.538,6.788,12.316,13.449
02/27/09 05:00:00.0,3.301,6.611,11.953,13.137
02/27/09 06:00:00.0,3.722,6.255,11.613,12.871
02/27/09 07:00:00.0,6.23,7.544,11.321,12.606
02/27/09 08:00:00.0,12.025,11.127,11.102,12.364
02/27/09 09:00:00.0,15.223,13.401,11.297,12.195
02/27/09 10:00:00.0,20.031,17.915,11.832,12.171
02/27/09 11:00:00.0,20.269,19.341,12.509,12.316
02/27/09 12:00:00.0,25.04,23.978,13.209,12.558
02/27/09 13:00:00.0,22.393,26.695,14.242,12.92
02/27/09 14:00:00.0,29.265,34.783,15.031,13.401
02/27/09 15:00:00.0,33.261,34.889,15.772,13.858
02/27/09 16:00:00.0,32.33,34.836,16.344,14.314
02/27/09 17:00:00.0,29.065,28.518,16.677,14.697
02/27/09 18:00:00.0,19.841,21.342,16.63,14.96
02/27/09 19:00:00.0,20.055,19.436,16.392,15.103
02/27/09 20:00:00.0,14.314,15.7,16.034,15.103
02/27/09 21:00:00.0,13.666,14.601,15.533,15.008
02/27/09 22:00:00.0,13.016,14.05,15.127,14.84
02/27/09 23:00:00.0,11.029,12.243,14.768,14.673
02/28/09 00:00:00.0,12.823,12.727,14.385,14.505
02/28/09 01:00:00.0,14.218,12.944,14.074,14.29
02/28/09 02:00:00.0,13.353,12.485,13.834,14.098
02/28/09 03:00:00.0,13.93,12.582,13.594,13.93
02/28/09 04:00:00.0,13.04,12.195,13.401,13.762
02/28/09 05:00:00.0,11.807,11.419,13.209,13.618
02/28/09 06:00:00.0,11.953,11.321,12.992,13.473
02/28/09 07:00:00.0,12.727,11.467,12.799,13.305
02/28/09 08:00:00.0,13.93,12.195,12.654,13.161
02/28/09 09:00:00.0,16.225,13.666,12.606,13.04
02/28/09 10:00:00.0,20.579,17.034,12.896,12.992
02/28/09 11:00:00.0,22.848,21.342,13.401,13.064
02/28/09 12:00:00.0,27.579,25.817,14.337,13.257
02/28/09 13:00:00.0,28.493,36.146,15.557,13.69
02/28/09 14:00:00.0,34.202,41.007,16.701,14.266
02/28/09 15:00:00.0,43.103,45.53,17.605,14.888
02/28/09 16:00:00.0,49.819,45.53,18.224,15.461
02/28/09 17:00:00.0,44.226,36.905,18.509,15.915
02/28/09 18:00:00.0,32.278,27.161,18.319,16.201
02/28/09 19:00:00.0,22.729,21.819,17.915,16.296
02/28/09 20:00:00.0,13.882,16.463,17.344,16.249
02/28/09 21:00:00.0,13.137,15.39,16.654,16.082
02/28/09 22:00:00.0,12.582,14.936,16.082,15.796
02/28/09 23:00:00.0,11.783,13.93,15.652,15.557
03/01/09 00:00:00.0,11.2,13.425,15.318,15.318
03/01/09 01:00:00.0,10.516,12.606,14.984,15.103
03/01/09 02:00:00.0,3.801,8.792,14.673,14.912
03/01/09 03:00:00.0,2.45,7.519,14.098,14.673
03/01/09 04:00:00.0,1.615,6.712,13.522,14.337
03/01/09 05:00:00.0,3.406,6.661,12.992,14.002
03/01/09 06:00:00.0,1.643,6.077,12.509,13.666
03/01/09 07:00:00.0,1.425,5.282,12.098,13.353
03/01/09 08:00:00.0,7.091,7.82,11.734,13.064
03/01/09 09:00:00.0,12.92,11.492,11.613,12.775
03/01/09 10:00:00.0,17.225,15.485,12.098,12.654
03/01/09 11:00:00.0,23.857,21.652,12.871,12.751
03/01/09 12:00:00.0,26.085,24.871,14.002,13.04
03/01/09 13:00:00.0,29.065,32.82,15.031,13.473
03/01/09 14:00:00.0,38.868,38.812,16.058,14.002
03/01/09 15:00:00.0,28.816,29.565,17.011,14.577
03/01/09 16:00:00.0,24.363,23.809,17.177,15.079
03/01/09 17:00:00.0,22.609,22.298,16.987,15.342
03/01/09 18:00:00.0,21.509,20.365,16.701,15.414
03/01/09 19:00:00.0,17.296,17.558,16.392,15.414
03/01/09 20:00:00.0,11.953,13.954,15.986,15.342
03/01/09 21:00:00.0,7.419,11.151,15.438,15.199
03/01/09 22:00:00.0,6.357,9.854,14.792,14.96
03/01/09 23:00:00.0,4.402,8.717,14.218,14.673
03/02/09 00:00:00.0,2.61,7.318,13.666,14.361
03/02/09 01:00:00.0,1.967,6.687,13.137,14.026
03/02/09 02:00:00.0,2.53,6.585,12.654,13.714
03/02/09 03:00:00.0,2.182,6.179,12.243,13.377
03/02/09 04:00:00.0,3.591,6.204,11.856,13.088
03/02/09 05:00:00.0,4.324,6.763,11.516,12.823
03/02/09 06:00:00.0,3.617,6.077,11.248,12.558
03/02/09 07:00:00.0,3.854,6.102,10.956,12.316
03/02/09 08:00:00.0,6.813,7.695,10.736,12.098
03/02/09 09:00:00.0,10.785,9.977,10.712,11.904
03/02/09 10:00:00.0,15.151,13.642,11.102,11.807
03/02/09 11:00:00.0,21.652,19.984,11.783,11.88
03/02/09 12:00:00.0,21.533,21.724,12.823,12.147
03/02/09 13:00:00.0,25.38,32.846,13.81,12.534
03/02/09 14:00:00.0,28.023,33.079,15.008,13.064
03/02/09 15:00:00.0,33.391,35.689,15.748,13.642
03/02/09 16:00:00.0,31.382,37.7,16.32,14.146
03/02/09 17:00:00.0,32.717,32.794,16.63,14.553
03/02/09 18:00:00.0,22.776,22.896,16.534,14.84
03/02/09 19:00:00.0,17.986,18.985,16.177,14.936
03/02/09 20:00:00.0,13.064,14.984,15.724,14.912
03/02/09 21:00:00.0,9.139,12.195,15.199,14.792
03/02/09 22:00:00.0,10.271,11.929,14.601,14.601
03/02/09 23:00:00.0,10.736,11.734,14.098,14.337
03/03/09 00:00:00.0,10.81,11.589,13.714,14.098
03/03/09 01:00:00.0,11.637,11.589,13.449,13.882
03/03/09 02:00:00.0,12.122,11.662,13.233,13.69
03/03/09 03:00:00.0,11.686,11.492,13.04,13.522
03/03/09 04:00:00.0,11.297,11.175,12.871,13.353
03/03/09 05:00:00.0,11.589,11.127,12.703,13.209
03/03/09 06:00:00.0,10.98,11.102,12.534,13.088
03/03/09 07:00:00.0,11.151,11.37,12.413,12.944
03/03/09 08:00:00.0,9.534,10.687,12.34,12.847
03/03/09 09:00:00.0,9.829,10.638,12.268,12.751
03/03/09 10:00:00.0,11.151,11.856,12.243,12.678
03/03/09 11:00:00.0,14.505,14.816,12.316,12.63
03/03/09 12:00:00.0,16.272,16.344,12.558,12.63
03/03/09 13:00:00.0,19.793,20.365,12.968,12.727
03/03/09 14:00:00.0,18.033,21.366,13.642,12.92
03/03/09 15:00:00.0,16.773,19.484,14.146,13.185
03/03/09 16:00:00.0,14.529,17.249,14.337,13.425
03/03/09 17:00:00.0,17.701,18.295,14.337,13.594
03/03/09 18:00:00.0,19.46,18.295,14.385,13.69
03/03/09 19:00:00.0,15.079,15.605,14.385,13.762
03/03/09 20:00:00.0,14.074,14.17,14.242,13.786
03/03/09 21:00:00.0,14.122,13.473,14.05,13.762
03/03/09 22:00:00.0,14.577,13.594,13.858,13.714
03/03/09 23:00:00.0,15.151,13.954,13.69,13.618
03/04/09 00:00:00.0,12.944,13.57,13.594,13.546
03/04/09 01:00:00.0,13.064,12.944,13.522,13.497
03/04/09 02:00:00.0,13.112,12.92,13.449,13.449
03/04/09 03:00:00.0,11.151,12.364,13.401,13.401
03/04/09 04:00:00.0,7.469,9.41,13.305,13.377
03/04/09 05:00:00.0,5.282,8.17,13.04,13.281
03/04/09 06:00:00.0,3.248,6.839,12.727,13.161
03/04/09 07:00:00.0,2.209,6.077,12.364,12.992
03/04/09 08:00:00.0,3.195,6.331,12.001,12.775
03/04/09 09:00:00.0,3.38,6.839,11.734,12.558
03/04/09 10:00:00.0,6.585,8.369,11.662,12.389
03/04/09 11:00:00.0,7.419,9.41,11.807,12.292
03/04/09 12:00:00.0,9.163,10.345,12.147,12.292
03/04/09 13:00:00.0,10.222,13.401,12.654,12.389
03/04/09 14:00:00.0,13.858,14.17,13.185,12.606
03/04/09 15:00:00.0,13.353,14.864,13.522,12.847
03/04/09 16:00:00.0,8.27,11.783,13.642,13.04
03/04/09 17:00:00.0,7.82,9.41,13.497,13.137
03/04/09 18:00:00.0,4.973,8.12,13.209,13.137
03/04/09 19:00:00.0,4.376,7.066,12.871,13.04
03/04/09 20:00:00.0,3.327,6.255,12.509,12.896
03/04/09 21:00:00.0,2.956,5.872,12.122,12.727
03/04/09 22:00:00.0,2.584,5.821,11.807,12.509
03/04/09 23:00:00.0,1.994,5.385,11.54,12.316
03/05/09 00:00:00.0,2.155,5.154,11.248,12.122
03/05/09 01:00:00.0,1.697,5.05,11.005,11.929
03/05/09 02:00:00.0,1.48,4.869,10.785,11.734
03/05/09 03:00:00.0,1.751,5.076,10.541,11.565
03/05/09 04:00:00.0,2.074,5.205,10.345,11.37
03/05/09 05:00:00.0,1.507,4.869,10.198,11.224
03/05/09 06:00:00.0,1.153,4.584,10.001,11.053
03/05/09 07:00:00.0,1.153,4.558,9.805,10.907
03/05/09 08:00:00.0,1.913,5.05,9.608,10.761
03/05/09 09:00:00.0,4.584,6.687,9.485,10.59
03/05/09 10:00:00.0,8.145,8.841,9.583,10.492
03/05/09 11:00:00.0,10.075,11.54,10.1,10.492
03/05/09 12:00:00.0,16.749,15.055,11.053,10.687
03/05/09 13:00:00.0,21.533,21.246,12.292,11.078
03/05/09 14:00:00.0,29.24,23.112,13.449,11.637
03/05/09 15:00:00.0,29.79,25.307,14.361,12.268
03/05/09 16:00:00.0,31.996,24.653,14.888,12.799
03/05/09 17:00:00.0,32.253,22.321,15.055,13.185
03/05/09 18:00:00.0,23.064,16.368,14.912,13.449
03/05/09 19:00:00.0,12.268,13.401,14.529,13.546
03/05/09 20:00:00.0,4.272,9.903,13.978,13.473
03/05/09 21:00:00.0,2.155,8.319,13.281,13.305
03/05/09 22:00:00.0,1.126,7.368,12.582,13.016
03/05/09 23:00:00.0,0.66,6.56,11.953,12.678
03/06/09 00:00:00.0,0.19,5.668,11.419,12.364
03/06/09 01:00:00.0,-0.986,4.662,10.883,12.025
03/06/09 02:00:00.0,-0.171,4.792,10.418,11.686
03/06/09 03:00:00.0,0.742,4.999,10.026,11.394
03/06/09 04:00:00.0,0.687,4.688,9.731,11.102
03/06/09 05:00:00.0,-0.199,4.298,9.485,10.834
03/06/09 06:00:00.0,-2.246,3.485,9.238,10.614
03/06/09 07:00:00.0,-3.538,2.717,8.941,10.418
03/06/09 08:00:00.0,-0.732,3.406,8.618,10.173
03/06/09 09:00:00.0,3.775,5.102,8.394,9.952
03/06/09 10:00:00.0,11.662,8.494,8.593,9.78
03/06/09 11:00:00.0,21.175,14.074,9.238,9.78
03/06/09 12:00:00.0,27.235,17.486,10.467,10.026
03/06/09 13:00:00.0,25.744,23.28,11.904,10.516
03/06/09 14:00:00.0,32.175,25.987,13.137,11.175
03/06/09 15:00:00.0,33.287,28.245,14.098,11.832
03/06/09 16:00:00.0,36.227,28.617,14.649,12.413
03/06/09 17:00:00.0,35.609,25.331,14.864,12.871
03/06/09 18:00:00.0,26.622,18.438,14.816,13.161
03/06/09 19:00:00.0,18.271,15.485,14.529,13.305
03/06/09 20:00:00.0,7.343,11.248,14.05,13.305
03/06/09 21:00:00.0,3.749,9.262,13.425,13.161
03/06/09 22:00:00.0,1.344,7.544,12.751,12.944
03/06/09 23:00:00.0,1.262,6.661,12.074,12.63
03/07/09 00:00:00.0,0.907,6.077,11.443,12.292
03/07/09 01:00:00.0,1.507,5.847,10.907,11.953
03/07/09 02:00:00.0,-0.423,5.05,10.443,11.637
03/07/09 03:00:00.0,2.664,5.565,10.051,11.321
03/07/09 04:00:00.0,3.722,6,9.731,11.029
03/07/09 05:00:00.0,5.05,6.179,9.534,10.81
03/07/09 06:00:00.0,5.205,6.204,9.41,10.614
03/07/09 07:00:00.0,5.076,6.102,9.312,10.467
03/07/09 08:00:00.0,6.839,6.661,9.213,10.32
03/07/09 09:00:00.0,9.805,8.045,9.188,10.198
03/07/09 10:00:00.0,14.697,10.858,9.509,10.149
03/07/09 11:00:00.0,18.771,14.888,10.1,10.222
03/07/09 12:00:00.0,21.604,17.772,11.127,10.467
03/07/09 13:00:00.0,23.304,24.774,12.316,10.907
03/07/09 14:00:00.0,18.961,22.321,13.377,11.467
03/07/09 15:00:00.0,32.665,29.215,14.002,12.025
03/07/09 16:00:00.0,29.464,29.941,14.505,12.485
03/07/09 17:00:00.0,29.09,25.695,14.792,12.871
03/07/09 18:00:00.0,20.412,19.318,14.768,13.161
03/07/09 19:00:00.0,14.577,15.318,14.529,13.281
03/07/09 20:00:00.0,10.124,12.171,14.122,13.305
03/07/09 21:00:00.0,6,10.001,13.594,13.209
03/07/09 22:00:00.0,3.406,8.12,12.992,13.016
03/07/09 23:00:00.0,2.343,6.889,12.413,12.775
03/08/09 00:00:00.0,0.742,6,11.856,12.485
03/08/09 01:00:00.0,0.934,5.334,11.321,12.171
03/08/09 02:00:00.0,4.194,6.813,10.858,11.856
03/08/09 03:00:00.0,4.766,7.142,10.59,11.589
03/08/09 04:00:00.0,2.101,5.514,10.418,11.37
03/08/09 05:00:00.0,2.155,4.973,10.124,11.175
03/08/09 06:00:00.0,-0.004,3.906,9.78,10.956
03/08/09 07:00:00.0,-0.395,3.485,9.41,10.736
03/08/09 08:00:00.0,1.886,4.532,9.089,10.492
03/08/09 09:00:00.0,9.262,8.045,8.916,10.247
03/08/09 10:00:00.0,17.819,12.606,9.312,10.124
03/08/09 11:00:00.0,24.629,18.224,10.051,10.198
03/08/09 12:00:00.0,27.259,21.7,11.346,10.492
03/08/09 13:00:00.0,32.846,30.646,12.727,11.029
03/08/09 14:00:00.0,35.049,30.041,14.026,11.686
03/08/09 15:00:00.0,40.4,32.15,14.721,12.364
03/08/09 16:00:00.0,32.021,30.066,15.127,12.847
03/08/09 17:00:00.0,39.943,27.974,15.223,13.209
03/08/09 18:00:00.0,26.451,20.198,15.055,13.449
03/08/09 19:00:00.0,18.033,16.677,14.673,13.522
03/08/09 20:00:00.0,8.767,11.807,14.194,13.473
03/08/09 21:00:00.0,4.818,9.435,13.57,13.329
03/08/09 22:00:00.0,5.205,8.618,12.896,13.064
03/08/09 23:00:00.0,4.947,7.995,12.316,12.775
03/09/09 00:00:00.0,3.88,7.519,11.832,12.485
03/09/09 01:00:00.0,1.507,6.204,11.394,12.195
03/09/09 02:00:00.0,1.235,5.642,10.956,11.929
03/09/09 03:00:00.0,3.009,6,10.565,11.637
03/09/09 04:00:00.0,2.903,5.949,10.222,11.394
03/09/09 05:00:00.0,7.242,7.469,9.952,11.127
03/09/09 06:00:00.0,8.17,8.12,9.854,10.932
03/09/09 07:00:00.0,8.419,8.319,9.829,10.785
03/09/09 08:00:00.0,9.854,9.114,9.805,10.687
03/09/09 09:00:00.0,12.389,10.663,9.903,10.614
03/09/09 10:00:00.0,15.318,12.968,10.271,10.614
03/09/09 11:00:00.0,19.246,16.915,10.858,10.736
03/09/09 12:00:00.0,25.355,21.318,11.88,10.98
03/09/09 13:00:00.0,25.065,26.207,13.112,11.443
03/09/09 14:00:00.0,24.798,28.345,14.074,12.025
03/09/09 15:00:00.0,36.552,34.466,14.864,12.558
03/09/09 16:00:00.0,36.039,33.861,15.414,13.088
03/09/09 17:00:00.0,23.569,23.785,15.676,13.497
03/09/09 18:00:00.0,27.259,21.485,15.485,13.762
03/09/09 19:00:00.0,18.152,18.033,15.247,13.858
03/09/09 20:00:00.0,11.977,13.714,14.864,13.882
03/09/09 21:00:00.0,7.544,11.078,14.314,13.786
03/09/09 22:00:00.0,5.719,9.534,13.69,13.57
03/09/09 23:00:00.0,4.246,8.394,13.112,13.329
03/10/09 00:00:00.0,6.914,8.916,12.558,13.04
03/10/09 01:00:00.0,2.717,7.142,12.147,12.751
03/10/09 02:00:00.0,3.538,6.687,11.71,12.485
03/10/09 03:00:00.0,3.512,6.535,11.297,12.219
03/10/09 04:00:00.0,4.037,6.535,10.932,11.953
03/10/09 05:00:00.0,8.17,8.12,10.614,11.686
03/10/09 06:00:00.0,7.97,8.12,10.443,11.467
03/10/09 07:00:00.0,4.61,7.015,10.296,11.297
03/10/09 08:00:00.0,8.245,8.17,10.124,11.127
03/10/09 09:00:00.0,13.064,11.005,10.1,10.98
03/10/09 10:00:00.0,20.77,14.745,10.59,10.932
03/10/09 11:00:00.0,27.899,21.175,11.37,11.078
03/10/09 12:00:00.0,21.819,19.413,12.485,11.419
03/10/09 13:00:00.0,20.079,18.438,12.992,11.832
03/10/09 14:00:00.0,16.606,15.939,13.137,12.122
03/10/09 15:00:00.0,14.697,14.984,13.137,12.292
03/10/09 16:00:00.0,16.582,15.963,13.112,12.389
03/10/09 17:00:00.0,25.453,18.366,13.209,12.485
03/10/09 18:00:00.0,25.234,17.819,13.401,12.582
03/10/09 19:00:00.0,16.344,14.361,13.522,12.703
03/10/09 20:00:00.0,11.807,11.613,13.353,12.775
03/10/09 21:00:00.0,10.98,10.956,13.064,12.775
03/10/09 22:00:00.0,8.494,9.583,12.751,12.678
03/10/09 23:00:00.0,10.516,10.369,12.437,12.558
03/11/09 00:00:00.0,9.238,9.386,12.195,12.413
03/11/09 01:00:00.0,8.618,8.742,11.953,12.268
03/11/09 02:00:00.0,6.737,7.569,11.662,12.122
03/11/09 03:00:00.0,8.643,8.916,11.37,11.953
03/11/09 04:00:00.0,8.145,8.965,11.2,11.783
03/11/09 05:00:00.0,6.306,8.22,11.102,11.662
03/11/09 06:00:00.0,5.024,6.965,10.932,11.565
03/11/09 07:00:00.0,5.616,7.217,10.687,11.419
03/11/09 08:00:00.0,8.568,8.717,10.492,11.273
03/11/09 09:00:00.0,14.577,11.637,10.467,11.151
03/11/09 10:00:00.0,19.246,15.629,10.858,11.102
03/11/09 11:00:00.0,28.717,22.106,11.662,11.248
03/11/09 12:00:00.0,27.875,21.7,12.896,11.613
03/11/09 13:00:00.0,28.32,24.919,13.714,12.074
03/11/09 14:00:00.0,22.633,20.555,14.337,12.558
03/11/09 15:00:00.0,24.46,22.345,14.577,12.896
03/11/09 16:00:00.0,21.342,19.008,14.84,13.185
03/11/09 17:00:00.0,21.079,18.39,14.792,13.401
03/11/09 18:00:00.0,16.582,16.439,14.673,13.522
03/11/09 19:00:00.0,15.39,15.151,14.481,13.546
03/11/09 20:00:00.0,11.127,12.413,14.194,13.546
03/11/09 21:00:00.0,10.883,11.929,13.81,13.449
03/11/09 22:00:00.0,10.124,11.297,13.449,13.305
03/11/09 23:00:00.0,9.657,10.761,13.112,13.137
03/12/09 00:00:00.0,9.04,10.418,12.799,12.968
03/12/09 01:00:00.0,9.114,10.173,12.509,12.799
03/12/09 02:00:00.0,8.941,10.001,12.292,12.63
03/12/09 03:00:00.0,10.026,10.173,12.074,12.485
03/12/09 04:00:00.0,10.565,10.149,11.904,12.34
03/12/09 05:00:00.0,10.761,10.345,11.783,12.219
03/12/09 06:00:00.0,10.345,10.149,11.686,12.098
03/12/09 07:00:00.0,10.247,10.198,11.589,12.001
03/12/09 08:00:00.0,11.419,11.078,11.516,11.904
03/12/09 09:00:00.0,15.031,14.457,11.565,11.832
03/12/09 10:00:00.0,15.867,15.939,11.88,11.856
03/12/09 11:00:00.0,17.558,17.486,12.316,11.953
03/12/09 12:00:00.0,18.557,19.127,12.896,12.122
03/12/09 13:00:00.0,22.25,23.328,13.449,12.389
03/12/09 14:00:00.0,15.843,18.414,13.93,12.678
03/12/09 15:00:00.0,13.137,15.318,14.026,12.944
03/12/09 16:00:00.0,11.2,12.775,13.858,13.064
03/12/09 17:00:00.0,12.098,12.485,13.618,13.088
03/12/09 18:00:00.0,12.775,12.413,13.425,13.04
03/12/09 19:00:00.0,12.654,12.847,13.329,12.992
03/12/09 20:00:00.0,9.756,11.443,13.233,12.968
03/12/09 21:00:00.0,9.558,10.932,13.016,12.896
03/12/09 22:00:00.0,8.99,10.369,12.751,12.799
03/12/09 23:00:00.0,9.657,10.369,12.461,12.678
03/13/09 00:00:00.0,10.222,10.59,12.243,12.534
03/13/09 01:00:00.0,10.32,10.614,12.122,12.413
03/13/09 02:00:00.0,10.001,10.516,12.05,12.292
03/13/09 03:00:00.0,9.78,10.149,11.929,12.195
03/13/09 04:00:00.0,9.952,10.173,11.783,12.074
03/13/09 05:00:00.0,10.075,10.296,11.71,11.977
03/13/09 06:00:00.0,10.247,10.443,11.662,11.904
03/13/09 07:00:00.0,10.247,10.492,11.637,11.856
03/13/09 08:00:00.0,10.785,10.785,11.613,11.807
03/13/09 09:00:00.0,12.05,11.54,11.637,11.783
03/13/09 10:00:00.0,16.153,13.714,11.856,11.759
03/13/09 11:00:00.0,20.46,16.892,12.316,11.88
03/13/09 12:00:00.0,19.984,17.534,12.92,12.074
03/13/09 13:00:00.0,19.341,19.793,13.69,12.364
03/13/09 14:00:00.0,23.954,20.222,14.385,12.751
03/13/09 15:00:00.0,21.581,21.008,14.96,13.137
03/13/09 16:00:00.0,22.034,19.627,15.414,13.522
03/13/09 17:00:00.0,17.439,17.51,15.533,13.81
03/13/09 18:00:00.0,15.223,15.867,15.461,14.026
03/13/09 19:00:00.0,13.233,14.17,15.247,14.122
03/13/09 20:00:00.0,12.534,13.546,14.936,14.122
03/13/09 21:00:00.0,11.783,12.727,14.625,14.074
03/13/09 22:00:00.0,11.37,12.171,14.314,13.954
03/13/09 23:00:00.0,10.124,11.662,13.954,13.834
03/14/09 00:00:00.0,9.287,10.907,13.642,13.666
03/14/09 01:00:00.0,9.386,10.59,13.305,13.497
03/14/09 02:00:00.0,10.492,10.858,13.016,13.305
03/14/09 03:00:00.0,10.761,11.127,12.823,13.137
03/14/09 04:00:00.0,11.005,11.321,12.727,12.992
03/14/09 05:00:00.0,10.883,11.297,12.63,12.896
03/14/09 06:00:00.0,10.858,11.273,12.606,12.799
03/14/09 07:00:00.0,10.687,11.175,12.534,12.727
03/14/09 08:00:00.0,10.81,11.273,12.485,12.654
03/14/09 09:00:00.0,11.297,11.807,12.437,12.606
03/14/09 10:00:00.0,11.832,12.243,12.461,12.558
03/14/09 11:00:00.0,10.81,11.759,12.509,12.558
03/14/09 12:00:00.0,11.053,11.759,12.534,12.534
03/14/09 13:00:00.0,13.858,13.906,12.558,12.534
03/14/09 14:00:00.0,12.292,13.233,12.727,12.534
03/14/09 15:00:00.0,11.37,12.364,12.871,12.606
03/14/09 16:00:00.0,9.928,9.952,12.654,12.582
03/14/09 17:00:00.0,10.59,10.565,12.316,12.485
03/14/09 18:00:00.0,9.534,11.175,12.195,12.364
03/14/09 19:00:00.0,10.198,10.614,12.171,12.292
03/14/09 20:00:00.0,9.509,10.173,12.098,12.243
03/14/09 21:00:00.0,8.841,9.682,12.001,12.219
03/14/09 22:00:00.0,7.041,9.015,11.88,12.147
03/14/09 23:00:00.0,4.895,7.544,11.734,12.074
03/15/09 00:00:00.0,4.428,7.066,11.516,11.977
03/15/09 01:00:00.0,3.512,6.179,11.273,11.856
03/15/09 02:00:00.0,1.235,5.565,11.029,11.71
03/15/09 03:00:00.0,0.218,4.532,10.761,11.565
03/15/09 04:00:00.0,-0.171,3.775,10.467,11.394
03/15/09 05:00:00.0,-0.423,3.116,10.149,11.175
03/15/09 06:00:00.0,-0.76,2.93,9.879,10.98
03/15/09 07:00:00.0,-0.788,2.797,9.608,10.785
03/15/09 08:00:00.0,-0.199,2.85,9.386,10.614
03/15/09 09:00:00.0,1.208,3.958,9.213,10.418
03/15/09 10:00:00.0,2.903,4.766,9.163,10.271
03/15/09 11:00:00.0,4.766,6.408,9.238,10.149
03/15/09 12:00:00.0,3.696,6.965,9.386,10.124
03/15/09 13:00:00.0,4.532,7.72,9.558,10.124
03/15/09 14:00:00.0,6.458,8.643,9.731,10.173
03/15/09 15:00:00.0,9.78,10.956,9.952,10.222
03/15/09 16:00:00.0,4.947,8.145,10.198,10.32
03/15/09 17:00:00.0,4.844,7.142,10.271,10.418
03/15/09 18:00:00.0,5.05,7.015,10.222,10.443
03/15/09 19:00:00.0,3.089,5.154,10.124,10.467
03/15/09 20:00:00.0,2.503,4.428,9.903,10.418
03/15/09 21:00:00.0,1.913,4.194,9.632,10.296
03/15/09 22:00:00.0,2.423,4.428,9.41,10.173
03/15/09 23:00:00.0,2.074,4.22,9.238,10.051
03/16/09 00:00:00.0,2.101,4.141,9.089,9.928
03/16/09 01:00:00.0,1.751,3.827,8.941,9.805
03/16/09 02:00:00.0,1.588,3.406,8.767,9.682
03/16/09 03:00:00.0,1.751,3.301,8.618,9.558
03/16/09 04:00:00.0,2.289,3.722,8.469,9.435
03/16/09 05:00:00.0,1.913,3.643,8.344,9.312
03/16/09 06:00:00.0,2.128,3.617,8.245,9.213
03/16/09 07:00:00.0,2.101,3.801,8.17,9.114
03/16/09 08:00:00.0,2.343,3.722,8.12,9.04
03/16/09 09:00:00.0,3.617,4.688,8.07,8.965
03/16/09 10:00:00.0,4.194,5.205,8.095,8.916
03/16/09 11:00:00.0,9.163,7.619,8.17,8.866
03/16/09 12:00:00.0,10.149,8.99,8.494,8.891
03/16/09 13:00:00.0,11.127,12.34,9.139,9.064
03/16/09 14:00:00.0,15.103,14.601,9.829,9.312
03/16/09 15:00:00.0,14.912,16.01,10.492,9.682
03/16/09 16:00:00.0,9.41,10.565,10.858,10.001
03/16/09 17:00:00.0,7.268,9.015,10.834,10.247
03/16/09 18:00:00.0,7.015,8.319,10.638,10.32
03/16/09 19:00:00.0,5.693,7.469,10.443,10.345
03/16/09 20:00:00.0,4.089,6.611,10.222,10.296
03/16/09 21:00:00.0,3.67,6.026,9.977,10.222
03/16/09 22:00:00.0,3.485,5.77,9.731,10.1
03/16/09 23:00:00.0,3.512,5.693,9.485,10.001
03/17/09 00:00:00.0,1.967,4.921,9.287,9.879
03/17/09 01:00:00.0,1.886,4.61,9.04,9.731
03/17/09 02:00:00.0,1.044,4.141,8.792,9.583
03/17/09 03:00:00.0,1.534,4.115,8.519,9.435
03/17/09 04:00:00.0,-0.059,3.485,8.295,9.262
03/17/09 05:00:00.0,0.439,3.512,8.095,9.114
03/17/09 06:00:00.0,-0.423,3.009,7.845,8.941
03/17/09 07:00:00.0,0.962,3.38,7.645,8.792
03/17/09 08:00:00.0,4.115,5.076,7.494,8.643
03/17/09 09:00:00.0,7.72,6.737,7.494,8.519
03/17/09 10:00:00.0,12.171,8.419,7.845,8.494
03/17/09 11:00:00.0,18.628,12.364,8.419,8.593
03/17/09 12:00:00.0,24.315,15.366,9.41,8.841
03/17/09 13:00:00.0,28.891,21.7,10.687,9.312
03/17/09 14:00:00.0,37.535,24.774,11.856,9.903
03/17/09 15:00:00.0,40.862,26.256,12.799,10.541
03/17/09 16:00:00.0,40.92,25.623,13.425,11.127
03/17/09 17:00:00.0,37.921,21.963,13.666,11.565
03/17/09 18:00:00.0,25.866,17.391,13.473,11.832
03/17/09 19:00:00.0,13.642,13.353,13.112,11.929
03/17/09 20:00:00.0,7.745,10.687,12.606,11.904
03/17/09 21:00:00.0,3.88,8.693,12.025,11.759
03/17/09 22:00:00.0,1.453,7.217,11.419,11.54
03/17/09 23:00:00.0,0.77,6.458,10.834,11.273
03/18/09 00:00:00.0,1.289,6,10.32,10.98
03/18/09 01:00:00.0,0.742,5.616,9.879,10.712
03/18/09 02:00:00.0,1.017,5.179,9.509,10.443
03/18/09 03:00:00.0,2.584,5.539,9.163,10.198
03/18/09 04:00:00.0,4.063,5.949,8.916,9.952
03/18/09 05:00:00.0,3.696,5.745,8.742,9.756
03/18/09 06:00:00.0,3.485,5.591,8.593,9.608
03/18/09 07:00:00.0,3.38,5.514,8.444,9.46
03/18/09 08:00:00.0,5.05,5.975,8.27,9.312
03/18/09 09:00:00.0,8.99,7.469,8.245,9.188
03/18/09 10:00:00.0,13.016,9.534,8.519,9.114
03/18/09 11:00:00.0,18.533,13.016,9.089,9.213
03/18/09 12:00:00.0,22.776,15.843,10.026,9.435
03/18/09 13:00:00.0,24.557,21.509,11.151,9.879
03/18/09 14:00:00.0,27.358,24.339,12.171,10.394
03/18/09 15:00:00.0,29.09,26.524,12.896,10.956
03/18/09 16:00:00.0,29.439,25.866,13.329,11.394
03/18/09 17:00:00.0,28.941,22.13,13.473,11.759
03/18/09 18:00:00.0,19.888,16.892,13.305,11.977
03/18/09 19:00:00.0,12.847,13.425,12.992,12.025
03/18/09 20:00:00.0,9.089,11.005,12.606,12.001
03/18/09 21:00:00.0,9.04,10.173,12.122,11.88
03/18/09 22:00:00.0,8.494,9.485,11.71,11.71
03/18/09 23:00:00.0,7.82,8.965,11.37,11.54
03/19/09 00:00:00.0,7.97,8.568,11.053,11.346
03/19/09 01:00:00.0,8.245,8.27,10.785,11.175
03/19/09 02:00:00.0,8.693,8.095,10.516,11.005
03/19/09 03:00:00.0,8.792,8.02,10.296,10.834
03/19/09 04:00:00.0,8.841,8.095,10.1,10.687
03/19/09 05:00:00.0,8.817,8.045,9.952,10.541
03/19/09 06:00:00.0,9.238,8.319,9.829,10.418
03/19/09 07:00:00.0,8.668,7.82,9.706,10.296
03/19/09 08:00:00.0,8.22,7.745,9.583,10.198
03/19/09 09:00:00.0,8.17,8.12,9.485,10.1
03/19/09 10:00:00.0,11.394,10.418,9.485,10.026
03/19/09 11:00:00.0,18.842,14.05,9.706,10.001
03/19/09 12:00:00.0,21.843,16.63,10.492,10.1
03/19/09 13:00:00.0,25.307,24.074,11.54,10.467
03/19/09 14:00:00.0,35.395,28.791,12.534,10.907
03/19/09 15:00:00.0,38.004,30.976,13.329,11.443
03/19/09 16:00:00.0,39.829,29.665,13.834,11.88
03/19/09 17:00:00.0,30.697,23.881,14.002,12.243
03/19/09 18:00:00.0,25.065,18.866,13.834,12.461
03/19/09 19:00:00.0,16.368,15.031,13.522,12.534
03/19/09 20:00:00.0,7.82,10.834,13.112,12.485
03/19/09 21:00:00.0,5.257,8.916,12.558,12.34
03/19/09 22:00:00.0,5.668,8.394,11.977,12.122
03/19/09 23:00:00.0,3.749,7.519,11.492,11.88
03/20/09 00:00:00.0,3.433,6.839,11.029,11.613
03/20/09 01:00:00.0,2.289,6.281,10.663,11.37
03/20/09 02:00:00.0,1.697,5.924,10.296,11.127
03/20/09 03:00:00.0,3.327,5.847,10.001,10.883
03/20/09 04:00:00.0,1.751,5.565,9.731,10.663
03/20/09 05:00:00.0,1.778,5.205,9.485,10.467
03/20/09 06:00:00.0,1.099,4.999,9.238,10.271
03/20/09 07:00:00.0,0.77,4.688,9.04,10.1
03/20/09 08:00:00.0,4.532,5.872,8.817,9.928
03/20/09 09:00:00.0,12.268,8.792,8.767,9.78
03/20/09 10:00:00.0,17.344,11.686,9.114,9.706
03/20/09 11:00:00.0,21.533,15.103,9.731,9.805
03/20/09 12:00:00.0,24.195,18.033,10.687,10.051
03/20/09 13:00:00.0,27.702,25.939,11.807,10.467
03/20/09 14:00:00.0,40.631,30.672,12.847,11.005
03/20/09 15:00:00.0,35.958,31.484,13.642,11.565
03/20/09 16:00:00.0,36.715,30.748,14.074,12.025
03/20/09 17:00:00.0,31.689,21.939,14.242,12.389
03/20/09 18:00:00.0,24.098,18.604,14.002,12.606
03/20/09 19:00:00.0,16.939,15.414,13.666,12.654
03/20/09 20:00:00.0,7.92,10.956,13.257,12.606
03/20/09 21:00:00.0,6.458,9.509,12.703,12.461
03/20/09 22:00:00.0,4.194,8.319,12.171,12.268
03/20/09 23:00:00.0,5.102,7.995,11.662,12.025
03/21/09 00:00:00.0,4.947,7.795,11.273,11.759
03/21/09 01:00:00.0,5.179,7.469,10.907,11.54
03/21/09 02:00:00.0,3.036,6.611,10.59,11.321
03/21/09 03:00:00.0,5.334,6.965,10.296,11.102
03/21/09 04:00:00.0,3.617,6.077,10.051,10.907
03/21/09 05:00:00.0,2.77,5.745,9.78,10.712
03/21/09 06:00:00.0,2.289,5.36,9.534,10.516
03/21/09 07:00:00.0,3.538,5.565,9.287,10.32
03/21/09 08:00:00.0,5.693,6.484,9.089,10.149
03/21/09 09:00:00.0,11.929,9.287,9.015,10.001
03/21/09 10:00:00.0,16.963,12.316,9.386,9.928
03/21/09 11:00:00.0,23.136,16.534,10.026,10.026
03/21/09 12:00:00.0,24.46,18.842,11.029,10.296
03/21/09 13:00:00.0,27.333,26.158,12.171,10.736
03/21/09 14:00:00.0,36.769,30.621,13.137,11.273
03/21/09 15:00:00.0,37.042,32.458,13.882,11.807
03/21/09 16:00:00.0,35.85,31.001,14.337,12.268
03/21/09 17:00:00.0,31.765,22.226,14.457,12.606
03/21/09 18:00:00.0,23.136,19.008,14.194,12.799
03/21/09 19:00:00.0,16.463,15.461,13.858,12.847
03/21/09 20:00:00.0,11.467,12.074,13.425,12.799
03/21/09 21:00:00.0,7.519,10.418,12.944,12.654
03/21/09 22:00:00.0,11.248,10.81,12.461,12.461
03/21/09 23:00:00.0,12.703,11.224,12.074,12.243
03/22/09 00:00:00.0,11.783,10.907,11.807,12.074
03/22/09 01:00:00.0,7.97,9.312,11.589,11.904
03/22/09 02:00:00.0,11.2,10.1,11.346,11.734
03/22/09 03:00:00.0,12.001,10.394,11.151,11.589
03/22/09 04:00:00.0,12.122,10.394,11.029,11.443
03/22/09 05:00:00.0,12.074,10.443,10.907,11.346
03/22/09 06:00:00.0,12.001,10.467,10.81,11.248
03/22/09 07:00:00.0,11.807,10.247,10.736,11.151
03/22/09 08:00:00.0,12.63,10.98,10.663,11.078
03/22/09 09:00:00.0,11.273,11.127,10.663,11.005
03/22/09 10:00:00.0,9.558,10.247,10.687,10.98
03/22/09 11:00:00.0,8.866,9.682,10.712,10.956
03/22/09 12:00:00.0,14.745,12.582,10.712,10.932
03/22/09 13:00:00.0,20.365,19.793,11.102,10.956
03/22/09 14:00:00.0,20.222,19.888,12.147,11.2
03/22/09 15:00:00.0,20.627,18.176,12.92,11.613
03/22/09 16:00:00.0,27.308,20.841,13.329,12.001
03/22/09 17:00:00.0,21.485,17.272,13.57,12.268
03/22/09 18:00:00.0,18.485,14.888,13.473,12.461
03/22/09 19:00:00.0,13.834,12.823,13.257,12.534
03/22/09 20:00:00.0,11.078,11.102,12.968,12.509
03/22/09 21:00:00.0,10.296,10.516,12.63,12.413
03/22/09 22:00:00.0,9.435,9.952,12.316,12.292
03/22/09 23:00:00.0,10.687,9.829,12.001,12.147
03/23/09 00:00:00.0,10.516,9.706,11.783,12.001
03/23/09 01:00:00.0,10.247,9.583,11.565,11.856
03/23/09 02:00:00.0,11.394,9.657,11.419,11.734
03/23/09 03:00:00.0,11.102,9.682,11.273,11.613
03/23/09 04:00:00.0,11.37,9.731,11.175,11.516
03/23/09 05:00:00.0,11.297,9.756,11.102,11.443
03/23/09 06:00:00.0,11.297,9.632,11.029,11.346
03/23/09 07:00:00.0,10.858,9.509,10.956,11.273
03/23/09 08:00:00.0,11.053,9.509,10.883,11.224
03/23/09 09:00:00.0,12.389,10.1,10.834,11.151
03/23/09 10:00:00.0,14.385,11.224,10.956,11.127
03/23/09 11:00:00.0,18.319,13.81,11.224,11.151
03/23/09 12:00:00.0,20.603,15.605,11.88,11.273
03/23/09 13:00:00.0,23.881,20.531,12.775,11.589
03/23/09 14:00:00.0,28.717,23.905,13.618,12.001
03/23/09 15:00:00.0,31.51,25.113,14.29,12.437
03/23/09 16:00:00.0,32.201,25.258,14.673,12.823
03/23/09 17:00:00.0,30.722,21.628,14.768,13.137
03/23/09 18:00:00.0,21.7,17.819,14.601,13.281
03/23/09 19:00:00.0,15.103,14.673,14.29,13.329
03/23/09 20:00:00.0,9.879,11.807,13.906,13.281
03/23/09 21:00:00.0,6.687,9.485,13.353,13.137
03/23/09 22:00:00.0,5.77,8.519,12.775,12.92
03/23/09 23:00:00.0,7.368,8.891,12.243,12.63
03/24/09 00:00:00.0,7.995,8.99,11.856,12.364
03/24/09 01:00:00.0,8.792,8.99,11.589,12.147
03/24/09 02:00:00.0,9.46,8.99,11.394,11.953
03/24/09 03:00:00.0,9.361,8.792,11.224,11.783
03/24/09 04:00:00.0,9.312,8.693,11.053,11.637
03/24/09 05:00:00.0,8.568,8.419,10.907,11.492
03/24/09 06:00:00.0,8.07,8.07,10.736,11.37
03/24/09 07:00:00.0,7.594,7.67,10.565,11.248
03/24/09 08:00:00.0,8.419,7.619,10.369,11.102
03/24/09 09:00:00.0,11.346,8.643,10.247,10.98
03/24/09 10:00:00.0,14.385,10.541,10.369,10.883
03/24/09 11:00:00.0,16.368,12.509,10.638,10.883
03/24/09 12:00:00.0,18.985,14.84,11.151,10.956
03/24/09 13:00:00.0,23.665,21.151,11.904,11.175
03/24/09 14:00:00.0,32.381,26.158,12.727,11.54
03/24/09 15:00:00.0,20.865,21.39,13.449,11.929
03/24/09 16:00:00.0,18.557,20.579,13.762,12.292
03/24/09 17:00:00.0,17.701,17.272,13.81,12.558
03/24/09 18:00:00.0,16.153,15.867,13.642,12.678
03/24/09 19:00:00.0,13.257,13.016,13.353,12.703
03/24/09 20:00:00.0,12.992,12.098,13.016,12.63
03/24/09 21:00:00.0,12.364,11.565,12.703,12.534
03/24/09 22:00:00.0,11.102,10.98,12.413,12.389
03/24/09 23:00:00.0,9.903,10.32,12.171,12.268
03/25/09 00:00:00.0,10.124,10.32,11.929,12.122
03/25/09 01:00:00.0,9.608,10.075,11.759,12.001
03/25/09 02:00:00.0,10.026,9.977,11.589,11.88
03/25/09 03:00:00.0,10.565,10.345,11.419,11.759
03/25/09 04:00:00.0,10.834,10.443,11.346,11.662
03/25/09 05:00:00.0,11.346,10.149,11.273,11.589
03/25/09 06:00:00.0,11.977,9.977,11.2,11.516
03/25/09 07:00:00.0,8.419,9.287,11.102,11.443
03/25/09 08:00:00.0,9.608,9.089,10.907,11.321
03/25/09 09:00:00.0,10.394,10.296,10.883,11.248
03/25/09 10:00:00.0,10.345,10.687,10.956,11.2
03/25/09 11:00:00.0,10.394,10.98,11.053,11.2
03/25/09 12:00:00.0,11.904,12.847,11.248,11.224
03/25/09 13:00:00.0,10.541,11.589,11.637,11.37
03/25/09 14:00:00.0,10.761,11.977,11.759,11.492
03/25/09 15:00:00.0,9.608,10.541,11.832,11.589
03/25/09 16:00:00.0,9.608,10.394,11.734,11.662
03/25/09 17:00:00.0,10.222,10.712,11.613,11.637
03/25/09 18:00:00.0,9.731,10.59,11.589,11.613
03/25/09 19:00:00.0,8.817,9.78,11.589,11.589
03/25/09 20:00:00.0,9.262,9.731,11.492,11.565
03/25/09 21:00:00.0,8.916,9.632,11.394,11.54
03/25/09 22:00:00.0,8.668,9.262,11.297,11.467
03/25/09 23:00:00.0,9.015,9.262,11.2,11.419
03/26/09 00:00:00.0,9.163,9.262,11.078,11.346
03/26/09 01:00:00.0,8.941,9.163,10.98,11.273
03/26/09 02:00:00.0,8.742,9.089,10.883,11.224
03/26/09 03:00:00.0,8.618,8.941,10.81,11.127
03/26/09 04:00:00.0,8.643,8.841,10.712,11.078
03/26/09 05:00:00.0,9.485,9.015,10.614,10.98
03/26/09 06:00:00.0,9.829,9.015,10.565,10.932
03/26/09 07:00:00.0,9.952,8.891,10.516,10.883
03/26/09 08:00:00.0,10.956,9.213,10.443,10.834
03/26/09 09:00:00.0,12.219,9.731,10.443,10.785
03/26/09 10:00:00.0,13.281,10.638,10.541,10.761
03/26/09 11:00:00.0,15.843,12.074,10.736,10.785
03/26/09 12:00:00.0,18.01,13.233,11.224,10.883
03/26/09 13:00:00.0,18.557,15.223,11.88,11.102
03/26/09 14:00:00.0,22.537,17.153,12.485,11.419
03/26/09 15:00:00.0,27.505,20.341,12.992,11.759
03/26/09 16:00:00.0,25.598,19.127,13.425,12.074
03/26/09 17:00:00.0,27.456,16.32,13.546,12.34
03/26/09 18:00:00.0,15.605,13.906,13.425,12.509
03/26/09 19:00:00.0,11.71,12.05,13.185,12.534
03/26/09 20:00:00.0,8.916,10.418,12.871,12.509
03/26/09 21:00:00.0,5.102,8.941,12.485,12.389
03/26/09 22:00:00.0,2.155,7.268,12.05,12.243
03/26/09 23:00:00.0,1.615,6.357,11.54,12.001
03/27/09 00:00:00.0,2.503,6.23,11.078,11.759
03/27/09 01:00:00.0,0.246,5.36,10.663,11.492
03/27/09 02:00:00.0,3.116,5.898,10.271,11.224
03/27/09 03:00:00.0,3.906,6.051,9.977,10.98
03/27/09 04:00:00.0,1.425,5.308,9.756,10.761
03/27/09 05:00:00.0,-1.128,4.037,9.509,10.565
03/27/09 06:00:00.0,2.423,5.36,9.238,10.369
03/27/09 07:00:00.0,2.503,5.385,9.064,10.173
03/27/09 08:00:00.0,0.66,4.636,8.941,10.026
03/27/09 09:00:00.0,4.999,5.924,8.817,9.879
03/27/09 10:00:00.0,12.34,8.693,8.965,9.78
03/27/09 11:00:00.0,18.557,12.074,9.386,9.805
03/27/09 12:00:00.0,19.651,13.112,10.173,9.952
03/27/09 13:00:00.0,24.146,17.819,11.151,10.296
03/27/09 14:00:00.0,28.543,20.341,12.05,10.761
03/27/09 15:00:00.0,32.639,21.628,12.751,11.224
03/27/09 16:00:00.0,31.281,21.103,13.185,11.637
03/27/09 17:00:00.0,33.914,18.747,13.329,11.953
03/27/09 18:00:00.0,24.847,16.773,13.281,12.147
03/27/09 19:00:00.0,11.321,12.654,13.112,12.243
03/27/09 20:00:00.0,5.411,9.805,12.678,12.243
03/27/09 21:00:00.0,2.557,8.12,12.122,12.098
03/27/09 22:00:00.0,1.994,7.318,11.565,11.88
03/27/09 23:00:00.0,0.907,6.408,11.053,11.613
03/28/09 00:00:00.0,-0.004,5.642,10.59,11.37
03/28/09 01:00:00.0,0.079,5.154,10.198,11.102
03/28/09 02:00:00.0,0.384,4.818,9.805,10.834
03/28/09 03:00:00.0,0.55,4.662,9.485,10.59
03/28/09 04:00:00.0,1.832,4.895,9.188,10.345
03/28/09 05:00:00.0,3.722,5.128,8.941,10.124
03/28/09 06:00:00.0,4.506,5.796,8.767,9.928
03/28/09 07:00:00.0,5.668,6.026,8.668,9.78
03/28/09 08:00:00.0,5.821,6.204,8.593,9.657
03/28/09 09:00:00.0,9.879,7.419,8.568,9.534
03/28/09 10:00:00.0,14.146,9.386,8.817,9.485
03/28/09 11:00:00.0,18.366,11.832,9.262,9.558
03/28/09 12:00:00.0,22.274,14.409,10.026,9.731
03/28/09 13:00:00.0,24.75,18.699,11.005,10.075
03/28/09 14:00:00.0,28.941,21.772,11.904,10.541
03/28/09 15:00:00.0,29.464,21.987,12.63,11.029
03/28/09 16:00:00.0,30.95,22.393,13.04,11.443
03/28/09 17:00:00.0,32.047,19.294,13.185,11.759
03/28/09 18:00:00.0,20.96,16.511,13.064,11.953
03/28/09 19:00:00.0,12.195,12.871,12.847,12.025
03/28/09 20:00:00.0,6.077,9.879,12.461,12.001
03/28/09 21:00:00.0,4.999,8.668,11.929,11.88
03/28/09 22:00:00.0,3.063,7.67,11.419,11.686
03/28/09 23:00:00.0,3.617,7.116,10.98,11.467
03/29/09 00:00:00.0,2.77,6.585,10.565,11.224
03/29/09 01:00:00.0,3.485,6.331,10.198,10.98
03/29/09 02:00:00.0,3.538,6.281,9.879,10.761
03/29/09 03:00:00.0,4.558,6.509,9.632,10.541
03/29/09 04:00:00.0,6.509,6.99,9.46,10.369
03/29/09 05:00:00.0,6.23,7.066,9.336,10.198
03/29/09 06:00:00.0,8.27,7.393,9.262,10.075
03/29/09 07:00:00.0,8.195,7.368,9.213,10.001
03/29/09 08:00:00.0,8.941,7.419,9.163,9.903
03/29/09 09:00:00.0,11.686,8.369,9.114,9.829
03/29/09 10:00:00.0,14.96,10.075,9.336,9.805
03/29/09 11:00:00.0,20.031,13.112,9.706,9.854
03/29/09 12:00:00.0,23.713,15.557,10.418,10.026
03/29/09 13:00:00.0,29.19,21.795,11.443,10.369
03/29/09 14:00:00.0,37.811,26.256,12.389,10.834
03/29/09 15:00:00.0,41.385,27.579,13.209,11.346
03/29/09 16:00:00.0,40.602,26.109,13.762,11.832
03/29/09 17:00:00.0,38.644,21.652,13.978,12.195
03/29/09 18:00:00.0,24.026,18.295,13.834,12.437
03/29/09 19:00:00.0,14.745,14.314,13.522,12.534
03/29/09 20:00:00.0,10.663,12.098,13.064,12.485
03/29/09 21:00:00.0,8.568,10.638,12.606,12.364
03/29/09 22:00:00.0,8.02,10.075,12.122,12.171
03/29/09 23:00:00.0,7.192,9.361,11.759,11.953
03/30/09 00:00:00.0,6.153,8.543,11.419,11.759
03/30/09 01:00:00.0,3.274,7.419,11.078,11.565
03/30/09 02:00:00.0,5.205,7.569,10.761,11.37
03/30/09 03:00:00.0,5.437,7.544,10.492,11.151
03/30/09 04:00:00.0,5.024,7.091,10.247,10.98
03/30/09 05:00:00.0,4.454,6.763,10.026,10.81
03/30/09 06:00:00.0,4.22,6.636,9.829,10.638
03/30/09 07:00:00.0,3.564,6.281,9.657,10.492
03/30/09 08:00:00.0,4.35,6.458,9.46,10.32
03/30/09 09:00:00.0,10.418,8.891,9.361,10.198
03/30/09 10:00:00.0,17.486,12.147,9.608,10.124
03/30/09 11:00:00.0,23.713,15.915,10.149,10.198
03/30/09 12:00:00.0,27.407,18.414,11.029,10.418
03/30/09 13:00:00.0,31.357,24.171,12.171,10.834
03/30/09 14:00:00.0,38.032,27.505,13.137,11.37
03/30/09 15:00:00.0,39.545,28.221,13.858,11.88
03/30/09 16:00:00.0,35.85,25.695,14.266,12.34
03/30/09 17:00:00.0,32.768,21.127,14.314,12.654
03/30/09 18:00:00.0,20.793,17.724,14.05,12.799
03/30/09 19:00:00.0,13.088,13.786,13.666,12.823
03/30/09 20:00:00.0,9.706,11.71,13.209,12.727
03/30/09 21:00:00.0,9.213,10.81,12.727,12.582
03/30/09 22:00:00.0,8.792,10.149,12.316,12.389
03/30/09 23:00:00.0,7.995,9.46,11.953,12.171
03/31/09 00:00:00.0,8.22,9.114,11.637,11.977
03/31/09 01:00:00.0,8.319,9.336,11.346,11.783
03/31/09 02:00:00.0,4.818,7.444,11.151,11.613
03/31/09 03:00:00.0,3.433,6.56,10.858,11.467
03/31/09 04:00:00.0,3.406,6.23,10.516,11.273
03/31/09 05:00:00.0,3.67,6.102,10.222,11.053
03/31/09 06:00:00.0,5.024,6.611,9.952,10.858
03/31/09 07:00:00.0,2.93,6.204,9.78,10.663
03/31/09 08:00:00.0,3.009,5.77,9.608,10.516
03/31/09 09:00:00.0,7.92,7.995,9.435,10.369
03/31/09 10:00:00.0,14.385,11.297,9.608,10.271
03/31/09 11:00:00.0,21.891,15.461,10.1,10.296
03/31/09 12:00:00.0,26.451,18.176,10.98,10.492
03/31/09 13:00:00.0,30.646,24.363,12.147,10.883
03/31/09 14:00:00.0,37.673,27.85,13.185,11.419
03/31/09 15:00:00.0,39.63,28.493,13.93,11.953
03/31/09 16:00:00.0,37.261,25.525,14.385,12.413
03/31/09 17:00:00.0,34.916,21.7,14.457,12.727
03/31/09 18:00:00.0,23.088,18.723,14.218,12.896
03/31/09 19:00:00.0,12.558,13.882,13.882,12.944
03/31/09 20:00:00.0,6.965,10.59,13.377,12.871
03/31/09 21:00:00.0,4.921,8.916,12.775,12.703
03/31/09 22:00:00.0,6.535,9.089,12.219,12.437
03/31/09 23:00:00.0,4.532,8.195,11.783,12.195
04/01/09 00:00:00.0,2.503,6.788,11.394,11.929
04/01/09 01:00:00.0,1.262,6.026,10.98,11.686
04/01/09 02:00:00.0,0.329,5.385,10.59,11.443
04/01/09 03:00:00.0,0.051,4.921,10.222,11.2
04/01/09 04:00:00.0,0.024,4.61,9.903,10.932
04/01/09 05:00:00.0,1.507,4.662,9.583,10.712
04/01/09 06:00:00.0,0.495,4.376,9.287,10.492
04/01/09 07:00:00.0,-0.986,3.775,9.04,10.271
04/01/09 08:00:00.0,1.262,4.402,8.817,10.075
04/01/09 09:00:00.0,8.245,7.268,8.643,9.879
04/01/09 10:00:00.0,14.888,10.834,8.891,9.756
04/01/09 11:00:00.0,21.7,14.84,9.46,9.805
04/01/09 12:00:00.0,26.769,17.891,10.394,10.026
04/01/09 13:00:00.0,31.612,24.677,11.589,10.443
04/01/09 14:00:00.0,38.812,28.245,12.678,10.98
04/01/09 15:00:00.0,40.372,28.99,13.473,11.54
04/01/09 16:00:00.0,39.375,26.867,13.954,12.001
04/01/09 17:00:00.0,35.958,21.676,14.098,12.364
04/01/09 18:00:00.0,23.785,18.485,13.906,12.558
04/01/09 19:00:00.0,12.775,13.594,13.594,12.63
04/01/09 20:00:00.0,9.952,11.248,13.088,12.582
04/01/09 21:00:00.0,6.026,9.583,12.558,12.413
04/01/09 22:00:00.0,4.636,8.519,12.05,12.195
04/01/09 23:00:00.0,3.932,7.87,11.613,11.977
04/02/09 00:00:00.0,3.775,7.393,11.2,11.734
04/02/09 01:00:00.0,3.301,6.99,10.834,11.516
04/02/09 02:00:00.0,4.011,6.864,10.516,11.273
04/02/09 03:00:00.0,5.77,7.192,10.222,11.053
04/02/09 04:00:00.0,4.999,6.56,9.977,10.858
04/02/09 05:00:00.0,4.558,6.255,9.731,10.663
04/02/09 06:00:00.0,2.664,5.77,9.509,10.492
04/02/09 07:00:00.0,1.994,5.36,9.312,10.32
04/02/09 08:00:00.0,3.749,5.847,9.114,10.149
04/02/09 09:00:00.0,10.173,8.568,9.015,10.001
04/02/09 10:00:00.0,16.368,11.953,9.287,9.928
04/02/09 11:00:00.0,22.633,15.796,9.879,10.001
04/02/09 12:00:00.0,25.234,19.032,10.736,10.222
04/02/09 13:00:00.0,28.023,21.915,11.589,10.59
04/02/09 14:00:00.0,35.502,26.989,12.389,10.98
04/02/09 15:00:00.0,36.146,28.916,13.233,11.467
04/02/09 16:00:00.0,41.473,29.09,13.786,11.904
04/02/09 17:00:00.0,35.77,24.363,14.074,12.292
04/02/09 18:00:00.0,20.055,19.08,14.098,12.558
04/02/09 19:00:00.0,14.026,14.84,13.906,12.703
04/02/09 20:00:00.0,8.045,11.37,13.473,12.727
04/02/09 21:00:00.0,9.262,10.712,12.92,12.606
04/02/09 22:00:00.0,8.693,10.271,12.413,12.413
04/02/09 23:00:00.0,7.192,9.435,11.977,12.195
04/03/09 00:00:00.0,10.858,10.492,11.637,11.977
04/03/09 01:00:00.0,12.437,11.613,11.419,11.783
04/03/09 02:00:00.0,12.413,11.807,11.37,11.662
04/03/09 03:00:00.0,12.292,11.783,11.37,11.565
04/03/09 04:00:00.0,12.292,11.88,11.37,11.516
04/03/09 05:00:00.0,12.025,11.929,11.394,11.492
04/03/09 06:00:00.0,11.929,11.856,11.394,11.467
04/03/09 07:00:00.0,11.662,11.734,11.394,11.443
04/03/09 08:00:00.0,11.273,11.419,11.419,11.443
04/03/09 09:00:00.0,11.492,11.589,11.419,11.419
04/03/09 10:00:00.0,11.637,11.734,11.443,11.419
04/03/09 11:00:00.0,12.074,12.05,11.492,11.443
04/03/09 12:00:00.0,11.832,12.219,11.565,11.467
04/03/09 13:00:00.0,12.437,12.292,11.637,11.492
04/03/09 14:00:00.0,11.977,12.122,11.686,11.54
04/03/09 15:00:00.0,11.953,12.001,11.734,11.565
04/03/09 16:00:00.0,9.089,8.02,11.734,11.467
04/03/09 17:00:00.0,10.59,10.149,11.394,11.443
04/03/09 18:00:00.0,10.956,11.37,11.224,11.346
04/03/09 19:00:00.0,10.687,10.81,11.224,11.297
04/03/09 20:00:00.0,10.712,10.81,11.224,11.273
04/03/09 21:00:00.0,10.345,10.712,11.2,11.273
04/03/09 22:00:00.0,9.706,9.977,11.078,11.224
04/03/09 23:00:00.0,8.145,9.485,10.932,11.175
04/04/09 00:00:00.0,7.469,9.114,10.81,11.102
04/04/09 01:00:00.0,7.268,9.089,10.663,11.029
04/04/09 02:00:00.0,5.642,8.841,10.565,10.956
04/04/09 03:00:00.0,3.696,7.594,10.492,10.883
04/04/09 04:00:00.0,2.182,6.687,10.296,10.785
04/04/09 05:00:00.0,0.962,6.026,10.051,10.687
04/04/09 06:00:00.0,1.615,5.488,9.78,10.541
04/04/09 07:00:00.0,1.534,5.334,9.509,10.369
04/04/09 08:00:00.0,2.155,5.514,9.312,10.222
04/04/09 09:00:00.0,1.751,5.514,9.139,10.051
04/04/09 10:00:00.0,6,7.066,9.04,9.928
04/04/09 11:00:00.0,12.219,10.026,9.213,9.854
04/04/09 12:00:00.0,16.368,12.268,9.706,9.879
04/04/09 13:00:00.0,22.298,17.724,10.59,10.1
04/04/09 14:00:00.0,29.565,20.007,11.54,10.492
04/04/09 15:00:00.0,24.702,19.056,12.268,10.932
04/04/09 16:00:00.0,16.296,15.461,12.606,11.321
04/04/09 17:00:00.0,13.618,13.618,12.509,11.54
04/04/09 18:00:00.0,10.785,12.05,12.316,11.637
04/04/09 19:00:00.0,8.095,10.198,12.05,11.637
04/04/09 20:00:00.0,4.766,8.444,11.71,11.565
04/04/09 21:00:00.0,1.371,6.56,11.297,11.443
04/04/09 22:00:00.0,-0.059,5.411,10.81,11.248
04/04/09 23:00:00.0,-0.986,4.714,10.296,11.005
04/05/09 00:00:00.0,-0.647,4.376,9.854,10.736
04/05/09 01:00:00.0,0.19,4.324,9.485,10.492
04/05/09 02:00:00.0,0.439,4.402,9.163,10.222
04/05/09 03:00:00.0,1.235,4.532,8.891,10.001
04/05/09 04:00:00.0,2.074,4.766,8.693,9.805
04/05/09 05:00:00.0,2.557,4.921,8.519,9.632
04/05/09 06:00:00.0,2.343,4.895,8.394,9.46
04/05/09 07:00:00.0,1.778,4.558,8.295,9.336
04/05/09 08:00:00.0,2.557,4.766,8.17,9.213
04/05/09 09:00:00.0,4.636,5.565,8.12,9.114
04/05/09 10:00:00.0,7.393,6.813,8.22,9.015
04/05/09 11:00:00.0,10.32,8.568,8.494,9.015
04/05/09 12:00:00.0,12.074,9.952,8.965,9.114
04/05/09 13:00:00.0,16.296,14.337,9.682,9.336
04/05/09 14:00:00.0,18.366,15.318,10.394,9.657
04/05/09 15:00:00.0,18.081,15.223,10.907,10.001
04/05/09 16:00:00.0,20.603,15.127,11.175,10.296
04/05/09 17:00:00.0,19.175,13.088,11.248,10.516
04/05/09 18:00:00.0,9.238,10.492,11.127,10.638
04/05/09 19:00:00.0,7.192,9.015,10.883,10.663
04/05/09 20:00:00.0,1.805,6.56,10.59,10.59
04/05/09 21:00:00.0,1.208,5.591,10.173,10.492
04/05/09 22:00:00.0,2.717,5.821,9.731,10.296
04/05/09 23:00:00.0,3.775,6.128,9.386,10.1
04/06/09 00:00:00.0,3.564,6.077,9.213,9.903
04/06/09 01:00:00.0,0.079,4.636,9.04,9.756
04/06/09 02:00:00.0,0.107,4.063,8.767,9.608
04/06/09 03:00:00.0,0.329,3.827,8.494,9.435
04/06/09 04:00:00.0,2.903,5.102,8.245,9.262
04/06/09 05:00:00.0,2.93,5.154,8.12,9.089
04/06/09 06:00:00.0,1.94,4.558,8.07,8.99
04/06/09 07:00:00.0,0.934,4.428,7.995,8.891
04/06/09 08:00:00.0,0.66,4.376,7.895,8.792
04/06/09 09:00:00.0,2.744,4.454,7.82,8.717
04/06/09 10:00:00.0,5.847,5.924,7.845,8.643
04/06/09 11:00:00.0,13.233,8.99,8.07,8.618
04/06/09 12:00:00.0,18.319,11.492,8.568,8.717
04/06/09 13:00:00.0,23.521,16.296,9.435,8.941
04/06/09 14:00:00.0,31.637,18.509,10.271,9.312
04/06/09 15:00:00.0,33.001,19.246,10.956,9.731
04/06/09 16:00:00.0,31.179,17.582,11.394,10.124
04/06/09 17:00:00.0,27.161,14.601,11.467,10.418
04/06/09 18:00:00.0,17.034,13.137,11.273,10.541
04/06/09 19:00:00.0,5.488,8.792,10.932,10.565
04/06/09 20:00:00.0,2.262,6.864,10.467,10.492
04/06/09 21:00:00.0,0.797,5.949,9.928,10.296
04/06/09 22:00:00.0,0.577,5.745,9.485,10.051
04/06/09 23:00:00.0,0.356,5.024,9.139,9.854
04/07/09 00:00:00.0,-0.591,4.428,8.817,9.632
04/07/09 01:00:00.0,-0.788,3.985,8.494,9.41
04/07/09 02:00:00.0,-0.143,3.906,8.195,9.213
04/07/09 03:00:00.0,-0.395,3.696,7.945,9.015
04/07/09 04:00:00.0,-0.563,3.617,7.72,8.817
04/07/09 05:00:00.0,0.135,3.67,7.519,8.668
04/07/09 06:00:00.0,0.079,3.591,7.343,8.469
04/07/09 07:00:00.0,-0.171,3.38,7.192,8.344
04/07/09 08:00:00.0,1.534,3.906,7.066,8.195
04/07/09 09:00:00.0,4.037,5.334,6.99,8.095
04/07/09 10:00:00.0,8.668,6.763,7.066,7.995
04/07/09 11:00:00.0,14.146,9.287,7.419,8.02
04/07/09 12:00:00.0,18.366,11.273,8.02,8.145
04/07/09 13:00:00.0,23.208,15.939,8.916,8.419
04/07/09 14:00:00.0,33.209,18.961,9.829,8.817
04/07/09 15:00:00.0,34.387,19.27,10.59,9.262
04/07/09 16:00:00.0,33.521,18.485,11.078,9.706
04/07/09 17:00:00.0,22.393,14.673,11.248,10.051
04/07/09 18:00:00.0,12.219,11.904,11.078,10.222
04/07/09 19:00:00.0,5.847,8.99,10.761,10.296
04/07/09 20:00:00.0,3.749,7.67,10.32,10.222
04/07/09 21:00:00.0,1.967,6.255,9.879,10.075
04/07/09 22:00:00.0,2.477,6.026,9.435,9.879
04/07/09 23:00:00.0,0.962,5.282,9.064,9.682
04/08/09 00:00:00.0,0.605,4.74,8.742,9.46
04/08/09 01:00:00.0,0.329,4.428,8.444,9.262
04/08/09 02:00:00.0,0.163,4.141,8.17,9.089
04/08/09 03:00:00.0,-1.469,3.406,7.92,8.866
04/08/09 04:00:00.0,-1.213,3.168,7.67,8.693
04/08/09 05:00:00.0,-2.044,2.85,7.444,8.519
04/08/09 06:00:00.0,-2.101,2.664,7.217,8.344
04/08/09 07:00:00.0,-2.741,2.343,6.99,8.17
04/08/09 08:00:00.0,-0.619,2.503,6.813,8.02
04/08/09 09:00:00.0,4.818,4.48,6.661,7.87
04/08/09 10:00:00.0,10.663,7.066,6.737,7.72
04/08/09 11:00:00.0,17.034,10.271,7.167,7.745
04/08/09 12:00:00.0,22.202,12.606,7.895,7.87
04/08/09 13:00:00.0,26.475,17.368,8.916,8.22
04/08/09 14:00:00.0,33.757,20.722,9.903,8.668
04/08/09 15:00:00.0,23.617,19.389,10.736,9.188
04/08/09 16:00:00.0,24.002,17.748,11.248,9.657
04/08/09 17:00:00.0,24.823,16.796,11.394,10.026
04/08/09 18:00:00.0,16.392,13.834,11.419,10.271
04/08/09 19:00:00.0,8.891,10.222,11.224,10.369
04/08/09 20:00:00.0,2.903,7.795,10.81,10.394
04/08/09 21:00:00.0,0.825,6.281,10.296,10.271
04/08/09 22:00:00.0,0.051,5.488,9.78,10.075
04/08/09 23:00:00.0,0.88,5.076,9.312,9.854
04/09/09 00:00:00.0,-0.619,4.506,8.916,9.608
04/09/09 01:00:00.0,-0.845,4.089,8.543,9.361
04/09/09 02:00:00.0,-1.099,3.827,8.22,9.139
04/09/09 03:00:00.0,-1.67,3.38,7.945,8.941
04/09/09 04:00:00.0,-1.784,3.116,7.695,8.717
04/09/09 05:00:00.0,-1.213,3.036,7.444,8.519
04/09/09 06:00:00.0,0.301,3.274,7.242,8.369
04/09/09 07:00:00.0,1.778,3.827,7.041,8.195
04/09/09 08:00:00.0,3.512,4.48,6.914,8.045
04/09/09 09:00:00.0,6.687,5.745,6.889,7.92
04/09/09 10:00:00.0,10.345,7.519,7.091,7.845
04/09/09 11:00:00.0,13.93,9.485,7.494,7.895
04/09/09 12:00:00.0,16.415,11.273,8.07,8.045
04/09/09 13:00:00.0,20.531,15.939,8.891,8.319
04/09/09 14:00:00.0,27.161,18.889,9.756,8.717
04/09/09 15:00:00.0,28.171,19.651,10.443,9.139
04/09/09 16:00:00.0,27.677,18.889,10.858,9.509
04/09/09 17:00:00.0,23.424,15.485,10.956,9.829
04/09/09 18:00:00.0,15.223,13.69,10.834,9.977
04/09/09 19:00:00.0,7.619,9.632,10.59,10.051
04/09/09 20:00:00.0,3.089,7.217,10.198,10.001
04/09/09 21:00:00.0,1.044,5.847,9.731,9.879
04/09/09 22:00:00.0,1.534,5.334,9.238,9.682
04/09/09 23:00:00.0,0.079,4.532,8.841,9.46
04/10/09 00:00:00.0,2.021,4.766,8.444,9.238
04/10/09 01:00:00.0,4.61,5.719,8.17,9.015
04/10/09 02:00:00.0,5.514,6.077,8.02,8.841
04/10/09 03:00:00.0,6.94,6.458,7.945,8.693
04/10/09 04:00:00.0,7.343,6.839,7.92,8.618
04/10/09 05:00:00.0,7.268,6.763,7.945,8.543
04/10/09 06:00:00.0,5.949,6.128,7.945,8.494
04/10/09 07:00:00.0,7.368,6.636,7.895,8.469
04/10/09 08:00:00.0,7.67,7.066,7.845,8.419
04/10/09 09:00:00.0,7.494,7.519,7.87,8.369
04/10/09 10:00:00.0,7.519,7.645,7.97,8.369
04/10/09 11:00:00.0,9.213,9.015,8.095,8.394
04/10/09 12:00:00.0,9.632,10.001,8.344,8.444
04/10/09 13:00:00.0,13.425,12.268,8.643,8.543
04/10/09 14:00:00.0,14.314,12.678,9.04,8.717
04/10/09 15:00:00.0,12.871,11.832,9.41,8.916
04/10/09 16:00:00.0,10.026,10.565,9.682,9.114
04/10/09 17:00:00.0,7.945,9.015,9.756,9.287
04/10/09 18:00:00.0,9.41,9.089,9.706,9.386
04/10/09 19:00:00.0,7.066,8.419,9.583,9.41
04/10/09 20:00:00.0,7.419,7.945,9.46,9.41
04/10/09 21:00:00.0,7.72,7.995,9.336,9.361
04/10/09 22:00:00.0,6.661,6.331,9.139,9.312
04/10/09 23:00:00.0,7.619,7.142,8.643,9.04
04/11/09 00:00:00.0,7.945,7.745,8.543,8.965
04/11/09 01:00:00.0,8.095,7.97,8.568,8.916
04/11/09 02:00:00.0,8.12,8.095,8.593,8.866
04/11/09 03:00:00.0,8.12,8.12,8.618,8.866
04/11/09 04:00:00.0,7.82,8.045,8.643,8.866
04/11/09 05:00:00.0,7.87,8.045,8.668,8.866
04/11/09 06:00:00.0,7.77,7.995,8.668,8.866
04/11/09 07:00:00.0,7.82,7.995,8.668,8.866
04/11/09 08:00:00.0,8.07,8.095,8.668,8.866
04/11/09 09:00:00.0,9.509,8.916,8.693,8.841
04/11/09 10:00:00.0,9.657,9.608,8.742,8.866
04/11/09 11:00:00.0,9.952,10.198,8.916,8.916
04/11/09 12:00:00.0,10.369,10.932,9.114,8.99
04/11/09 13:00:00.0,16.106,13.57,9.41,9.089
04/11/09 14:00:00.0,20.865,16.129,10.026,9.287
04/11/09 15:00:00.0,23.28,16.749,10.638,9.583
04/11/09 16:00:00.0,15.891,14.768,11.029,9.903
04/11/09 17:00:00.0,22.369,14.146,11.151,10.149
04/11/09 18:00:00.0,13.906,12.364,11.078,10.296
04/11/09 19:00:00.0,10.32,10.638,10.956,10.369
04/11/09 20:00:00.0,8.543,9.509,10.761,10.369
04/11/09 21:00:00.0,5.924,6.687,9.706,9.903
04/11/09 22:00:00.0,5.745,6.889,9.287,9.706
04/11/09 23:00:00.0,5.179,6.839,9.139,9.558
04/12/09 00:00:00.0,5.385,6.737,9.04,9.46
04/12/09 01:00:00.0,6.331,7.015,8.941,9.361
04/12/09 02:00:00.0,6.611,7.217,8.866,9.287
04/12/09 03:00:00.0,7.041,7.469,8.817,9.213
04/12/09 04:00:00.0,6.864,7.469,8.792,9.163
04/12/09 05:00:00.0,6.788,7.444,8.792,9.139
04/12/09 06:00:00.0,6.23,7.167,8.767,9.089
04/12/09 07:00:00.0,5.77,6.788,8.742,9.064
04/12/09 08:00:00.0,5.179,6.153,8.668,9.015
04/12/09 09:00:00.0,6.484,6.255,8.568,8.965
04/12/09 10:00:00.0,8.27,7.116,8.543,8.916
04/12/09 11:00:00.0,11.151,8.668,8.668,8.916
04/12/09 12:00:00.0,12.098,9.336,8.965,8.941
04/12/09 13:00:00.0,15.151,12.147,9.46,9.089
04/12/09 14:00:00.0,23.28,15.127,10.026,9.312
04/12/09 15:00:00.0,21.772,15.079,10.59,9.608
04/12/09 16:00:00.0,23.689,15.39,10.956,9.928
04/12/09 17:00:00.0,18.913,13.377,11.029,10.149
04/12/09 18:00:00.0,13.016,12.219,10.932,10.271
04/12/09 19:00:00.0,6.99,9.213,10.712,10.296
04/12/09 20:00:00.0,2.983,7.192,10.394,10.247
04/12/09 21:00:00.0,2.557,6.23,9.977,10.124
04/12/09 22:00:00.0,1.859,5.462,9.534,9.952
04/12/09 23:00:00.0,2.209,5.257,9.139,9.731
04/13/09 00:00:00.0,2.717,5.128,8.817,9.509
04/13/09 01:00:00.0,0.384,4.298,8.543,9.312
04/13/09 02:00:00.0,1.994,4.714,8.27,9.114
04/13/09 03:00:00.0,1.208,4.298,8.02,8.941
04/13/09 04:00:00.0,2.823,4.584,7.82,8.767
04/13/09 05:00:00.0,1.994,4.376,7.645,8.618
04/13/09 06:00:00.0,2.797,4.402,7.494,8.469
04/13/09 07:00:00.0,2.182,4.141,7.393,8.344
04/13/09 08:00:00.0,0.577,3.801,7.268,8.22
04/13/09 09:00:00.0,6.204,5.102,7.167,8.12
04/13/09 10:00:00.0,9.805,6.763,7.217,8.02
04/13/09 11:00:00.0,14.266,8.866,7.519,8.02
04/13/09 12:00:00.0,16.082,10.173,7.995,8.12
04/13/09 13:00:00.0,19.46,13.834,8.742,8.344
04/13/09 14:00:00.0,25.817,16.153,9.485,8.693
04/13/09 15:00:00.0,32.613,18.057,10.149,9.064
04/13/09 16:00:00.0,31.663,16.32,10.638,9.435
04/13/09 17:00:00.0,25.744,13.834,10.761,9.731
04/13/09 18:00:00.0,14.002,11.904,10.663,9.879
04/13/09 19:00:00.0,4.428,8.394,10.394,9.928
04/13/09 20:00:00.0,1.67,6.535,10.001,9.879
04/13/09 21:00:00.0,0.934,5.591,9.509,9.756
04/13/09 22:00:00.0,0.495,4.973,9.064,9.534
04/13/09 23:00:00.0,0.962,4.584,8.693,9.312
04/14/09 00:00:00.0,-0.031,4.272,8.369,9.114
04/14/09 01:00:00.0,1.344,4.272,8.07,8.916
04/14/09 02:00:00.0,1.697,4.402,7.82,8.717
04/14/09 03:00:00.0,2.155,4.584,7.619,8.543
04/14/09 04:00:00.0,4.766,5.36,7.469,8.394
04/14/09 05:00:00.0,4.115,5.257,7.393,8.27
04/14/09 06:00:00.0,3.142,4.766,7.318,8.17
04/14/09 07:00:00.0,3.301,4.792,7.242,8.07
04/14/09 08:00:00.0,6.281,5.924,7.167,7.995
04/14/09 09:00:00.0,8.319,7.217,7.192,7.92
04/14/09 10:00:00.0,9.163,7.745,7.343,7.92
04/14/09 11:00:00.0,13.858,10.198,7.569,7.945
04/14/09 12:00:00.0,18.366,12.195,8.02,8.045
04/14/09 13:00:00.0,20.365,14.697,8.817,8.295
04/14/09 14:00:00.0,18.604,14.888,9.558,8.643
04/14/09 15:00:00.0,19.294,14.984,10.075,9.015
04/14/09 16:00:00.0,20.174,15.39,10.369,9.312
04/14/09 17:00:00.0,19.103,12.582,10.467,9.558
04/14/09 18:00:00.0,10.687,10.59,10.369,9.706
04/14/09 19:00:00.0,7.995,8.916,10.173,9.756
04/14/09 20:00:00.0,7.469,8.245,9.928,9.731
04/14/09 21:00:00.0,7.268,7.795,9.682,9.657
04/14/09 22:00:00.0,7.015,7.494,9.435,9.558
04/14/09 23:00:00.0,7.091,7.242,9.238,9.46
04/15/09 00:00:00.0,7.217,7.041,9.064,9.336
04/15/09 01:00:00.0,6.99,6.965,8.916,9.238
04/15/09 02:00:00.0,6.813,6.889,8.767,9.139
04/15/09 03:00:00.0,6.509,6.763,8.643,9.04
04/15/09 04:00:00.0,6.255,6.585,8.543,8.965
04/15/09 05:00:00.0,5.847,6.331,8.444,8.891
04/15/09 06:00:00.0,5.334,6.077,8.344,8.792
04/15/09 07:00:00.0,5.437,5.975,8.245,8.717
04/15/09 08:00:00.0,5.231,5.642,8.12,8.643
04/15/09 09:00:00.0,7.494,6.509,8.045,8.568
04/15/09 10:00:00.0,7.594,6.687,7.995,8.494
04/15/09 11:00:00.0,7.82,7.091,7.995,8.444
04/15/09 12:00:00.0,7.469,7.695,8.07,8.419
04/15/09 13:00:00.0,7.318,7.92,8.17,8.444
04/15/09 14:00:00.0,8.02,8.27,8.245,8.469
04/15/09 15:00:00.0,12.147,10.222,8.344,8.494
04/15/09 16:00:00.0,12.098,9.682,8.494,8.543
04/15/09 17:00:00.0,12.268,9.312,8.519,8.593
04/15/09 18:00:00.0,4.636,7.167,8.494,8.643
04/15/09 19:00:00.0,1.425,5.205,8.344,8.618
04/15/09 20:00:00.0,0.439,4.298,8.095,8.543
04/15/09 21:00:00.0,-0.004,3.749,7.82,8.444
04/15/09 22:00:00.0,-0.451,3.195,7.569,8.295
04/15/09 23:00:00.0,-0.929,2.956,7.343,8.17
04/16/09 00:00:00.0,-0.845,2.717,7.116,8.02
04/16/09 01:00:00.0,-1.469,2.477,6.94,7.87
04/16/09 02:00:00.0,-1.298,2.316,6.763,7.72
04/16/09 03:00:00.0,-0.873,2.128,6.585,7.594
04/16/09 04:00:00.0,-0.816,2.021,6.408,7.444
04/16/09 05:00:00.0,-0.873,1.886,6.281,7.318
04/16/09 06:00:00.0,-0.788,1.805,6.153,7.217
04/16/09 07:00:00.0,-0.873,1.778,6.051,7.116
04/16/09 08:00:00.0,-1.099,1.697,5.924,6.99
04/16/09 09:00:00.0,-0.227,2.021,5.847,6.889
04/16/09 10:00:00.0,1.615,2.717,5.821,6.813
04/16/09 11:00:00.0,2.53,3.827,5.872,6.763
04/16/09 12:00:00.0,3.932,5.024,6.026,6.763
04/16/09 13:00:00.0,8.419,7.519,6.281,6.788
04/16/09 14:00:00.0,13.329,10.173,6.737,6.914
04/16/09 15:00:00.0,13.57,10.541,7.217,7.116
04/16/09 16:00:00.0,15.175,10.712,7.544,7.318
04/16/09 17:00:00.0,6.763,7.92,7.619,7.494
04/16/09 18:00:00.0,4.037,6.179,7.544,7.569
04/16/09 19:00:00.0,2.101,4.74,7.368,7.594
04/16/09 20:00:00.0,1.697,4.037,7.167,7.544
04/16/09 21:00:00.0,1.886,3.749,6.94,7.469
04/16/09 22:00:00.0,1.751,3.591,6.763,7.393
04/16/09 23:00:00.0,1.48,3.38,6.611,7.293
04/17/09 00:00:00.0,2.128,3.485,6.484,7.192
04/17/09 01:00:00.0,2.903,3.854,6.357,7.116
04/17/09 02:00:00.0,2.182,3.643,6.306,7.041
04/17/09 03:00:00.0,2.423,3.827,6.255,6.965
04/17/09 04:00:00.0,2.637,4.037,6.204,6.914
04/17/09 05:00:00.0,2.69,3.958,6.204,6.889
04/17/09 06:00:00.0,2.584,4.037,6.179,6.839
04/17/09 07:00:00.0,3.089,4.246,6.179,6.813
04/17/09 08:00:00.0,3.433,4.454,6.204,6.813
04/17/09 09:00:00.0,4.818,5.437,6.23,6.788
04/17/09 10:00:00.0,7.895,7.167,6.331,6.788
04/17/09 11:00:00.0,9.262,7.444,6.687,6.864
04/17/09 12:00:00.0,12.195,9.361,7.066,6.99
04/17/09 13:00:00.0,14.768,11.37,7.544,7.192
04/17/09 14:00:00.0,24.847,14.409,8.07,7.444
04/17/09 15:00:00.0,31.689,15.748,8.568,7.745
04/17/09 16:00:00.0,33.757,15.819,8.965,8.02
