01/21/09 12:00:00.0,28.7,20.95,14.47,12.93
01/21/09 13:00:00.0,29.9,25.17,15.62,13.32
01/21/09 14:00:00.0,28.7,28.7,16.38,14.09
01/21/09 15:00:00.0,31.12,31.52,17.14,14.47
01/21/09 16:00:00.0,28.7,26.34,17.52,14.85
01/21/09 17:00:00.0,29.9,24.79,17.14,14.85
01/21/09 18:00:00.0,31.52,21.71,17.14,15.23
01/21/09 19:00:00.0,21.71,17.9,16.76,15.23
01/21/09 20:00:00.0,20.19,16,16,15.23
01/21/09 21:00:00.0,16,14.47,15.23,14.85
01/21/09 22:00:00.0,14.85,13.7,14.85,14.85
01/21/09 23:00:00.0,11.77,12.93,14.47,14.47
01/22/09 00:00:00.0,12.93,12.55,14.09,14.09
01/22/09 01:00:00.0,14.47,12.93,13.7,14.09
01/22/09 02:00:00.0,14.47,14.09,13.7,13.7
01/22/09 03:00:00.0,13.7,13.7,13.7,13.7
01/22/09 04:00:00.0,13.7,14.09,13.7,13.7
01/22/09 05:00:00.0,13.32,13.7,13.7,13.7
01/22/09 06:00:00.0,13.32,13.7,13.7,13.7
01/22/09 07:00:00.0,12.93,13.7,13.7,13.7
01/22/09 08:00:00.0,12.93,13.7,13.7,13.32
01/22/09 09:00:00.0,13.32,13.7,13.32,13.32
01/22/09 10:00:00.0,13.32,13.7,13.32,13.32
01/22/09 11:00:00.0,13.7,14.09,13.32,13.32
01/22/09 12:00:00.0,14.47,14.47,13.7,13.32
01/22/09 13:00:00.0,14.85,14.85,13.7,13.32
01/22/09 14:00:00.0,14.85,14.85,14.09,13.32
01/22/09 15:00:00.0,14.47,14.85,14.09,13.7
01/22/09 16:00:00.0,11.77,13.7,14.09,13.7
01/22/09 17:00:00.0,15.23,14.47,12.93,13.32
01/22/09 18:00:00.0,17.52,15.62,13.32,13.32
01/22/09 19:00:00.0,15.23,14.09,13.7,13.32
01/22/09 20:00:00.0,14.09,13.32,13.7,13.32
01/22/09 21:00:00.0,13.7,13.32,13.32,13.32
01/22/09 22:00:00.0,13.32,12.16,13.32,13.32
01/22/09 23:00:00.0,12.55,11.77,12.93,13.32
01/23/09 00:00:00.0,11.38,10.99,12.93,13.32
01/23/09 01:00:00.0,10.99,10.6,12.55,12.93
01/23/09 02:00:00.0,10.6,10.21,12.55,12.93
01/23/09 03:00:00.0,10.6,9.82,12.16,12.93
01/23/09 04:00:00.0,9.42,9.82,12.16,12.55
01/23/09 05:00:00.0,8.63,9.03,11.77,12.55
01/23/09 06:00:00.0,8.23,8.63,11.38,12.55
01/23/09 07:00:00.0,8.23,8.63,11.38,12.16
01/23/09 08:00:00.0,11.38,9.03,11.38,12.16
01/23/09 09:00:00.0,14.85,10.99,10.99,12.16
01/23/09 10:00:00.0,17.14,12.93,11.38,11.77
01/23/09 11:00:00.0,19.42,14.85,11.77,12.16
01/23/09 12:00:00.0,20.57,17.14,12.55,12.16
01/23/09 13:00:00.0,23.24,20.19,13.32,12.55
01/23/09 14:00:00.0,24.79,25.17,14.47,12.55
01/23/09 15:00:00.0,24.4,26.34,15.23,13.32
01/23/09 16:00:00.0,23.63,23.63,15.62,13.32
01/23/09 17:00:00.0,22.48,19.81,15.62,13.7
01/23/09 18:00:00.0,19.04,17.52,15.23,14.09
01/23/09 19:00:00.0,21.71,16.38,14.85,14.09
01/23/09 20:00:00.0,16.76,14.47,14.47,14.09
01/23/09 21:00:00.0,14.85,13.32,14.09,14.09
01/23/09 22:00:00.0,14.09,12.93,13.7,13.7
01/23/09 23:00:00.0,14.47,12.55,13.32,13.7
01/24/09 00:00:00.0,14.85,12.55,13.32,13.32
01/24/09 01:00:00.0,14.47,12.16,12.93,13.32
01/24/09 02:00:00.0,14.47,12.55,12.93,13.32
01/24/09 03:00:00.0,12.93,11.77,12.93,12.93
01/24/09 04:00:00.0,11.38,11.77,12.55,12.93
01/24/09 05:00:00.0,11.38,11.77,12.55,12.93
01/24/09 06:00:00.0,10.21,11.38,12.55,12.93
01/24/09 07:00:00.0,9.42,10.6,12.16,12.93
01/24/09 08:00:00.0,10.99,10.99,12.16,12.55
01/24/09 09:00:00.0,13.7,11.77,12.16,12.55
01/24/09 10:00:00.0,16.38,13.32,12.16,12.55
01/24/09 11:00:00.0,16.76,14.47,12.55,12.55
01/24/09 12:00:00.0,19.42,16.76,12.93,12.55
01/24/09 13:00:00.0,21.71,19.42,13.7,12.93
01/24/09 14:00:00.0,23.24,25.17,14.47,12.93
01/24/09 15:00:00.0,24.01,26.73,15.23,13.32
01/24/09 16:00:00.0,26.34,24.79,16,13.7
01/24/09 17:00:00.0,28.31,22.09,16.38,14.09
01/24/09 18:00:00.0,27.52,19.04,16.38,14.47
01/24/09 19:00:00.0,25.56,16.76,16,14.47
01/24/09 20:00:00.0,15.23,14.47,15.62,14.47
01/24/09 21:00:00.0,6.22,12.16,14.85,14.47
01/24/09 22:00:00.0,2.89,9.42,14.09,14.09
01/24/09 23:00:00.0,1.6,8.23,13.32,14.09
01/25/09 00:00:00.0,0.73,7.83,12.55,13.7
01/25/09 01:00:00.0,0.29,7.03,12.16,13.32
01/25/09 02:00:00.0,-0.16,7.03,11.77,12.93
01/25/09 03:00:00.0,-1.06,6.22,11.38,12.93
01/25/09 04:00:00.0,-1.06,5.81,10.99,12.55
01/25/09 05:00:00.0,-1.06,5.81,10.99,12.16
01/25/09 06:00:00.0,-0.61,5.81,10.6,12.16
01/25/09 07:00:00.0,6.22,7.03,10.21,11.77
01/25/09 08:00:00.0,10.99,8.23,10.21,11.77
01/25/09 09:00:00.0,17.52,10.6,10.6,11.38
01/25/09 10:00:00.0,23.24,13.32,10.99,11.38
01/25/09 11:00:00.0,27.12,16.38,11.77,11.77
01/25/09 12:00:00.0,29.5,20.19,13.32,12.16
01/25/09 13:00:00.0,32.76,23.63,14.85,12.55
01/25/09 14:00:00.0,31.93,30.31,16.38,13.32
01/25/09 15:00:00.0,32.76,34.85,17.9,14.09
01/25/09 16:00:00.0,35.7,30.31,18.66,14.85
01/25/09 17:00:00.0,33.59,26.73,19.04,15.23
01/25/09 18:00:00.0,32.34,22.86,18.66,15.62
01/25/09 19:00:00.0,29.9,19.81,18.28,15.62
01/25/09 20:00:00.0,20.57,16.38,17.52,15.62
01/25/09 21:00:00.0,8.63,12.93,16.38,15.62
01/25/09 22:00:00.0,6.22,11.77,15.62,15.23
01/25/09 23:00:00.0,5.81,10.99,14.85,14.85
01/26/09 00:00:00.0,4.99,10.21,14.09,14.47
01/26/09 01:00:00.0,4.15,9.82,13.7,14.09
01/26/09 02:00:00.0,3.74,9.42,13.32,14.09
01/26/09 03:00:00.0,4.57,9.42,12.93,13.7
01/26/09 04:00:00.0,7.83,10.21,12.55,13.32
01/26/09 05:00:00.0,9.03,10.21,12.55,13.32
01/26/09 06:00:00.0,9.03,10.21,12.16,12.93
01/26/09 07:00:00.0,12.55,10.6,12.16,12.93
01/26/09 08:00:00.0,15.62,11.38,12.16,12.93
01/26/09 09:00:00.0,20.57,13.32,12.16,12.55
01/26/09 10:00:00.0,24.4,16,12.55,12.55
01/26/09 11:00:00.0,28.31,19.04,13.32,12.93
01/26/09 12:00:00.0,30.71,22.48,14.09,12.93
01/26/09 13:00:00.0,32.34,26.34,15.62,13.32
01/26/09 14:00:00.0,36.13,36.13,17.14,14.09
01/26/09 15:00:00.0,33.59,40.59,18.28,14.85
01/26/09 16:00:00.0,33.59,33.17,19.42,15.23
01/26/09 17:00:00.0,32.34,28.31,19.81,16
01/26/09 18:00:00.0,29.1,24.01,19.42,16.38
01/26/09 19:00:00.0,24.79,20.19,19.04,16.38
01/26/09 20:00:00.0,15.62,16.76,17.9,16.38
01/26/09 21:00:00.0,8.63,13.7,17.14,16
01/26/09 22:00:00.0,9.03,13.32,16,15.62
01/26/09 23:00:00.0,7.83,12.55,15.23,15.62
01/27/09 00:00:00.0,9.03,12.55,14.85,15.23
01/27/09 01:00:00.0,4.15,9.82,14.47,14.85
01/27/09 02:00:00.0,7.03,11.38,14.09,14.47
01/27/09 03:00:00.0,7.03,10.99,13.7,14.09
01/27/09 04:00:00.0,11.38,11.77,13.32,14.09
01/27/09 05:00:00.0,12.16,12.16,13.32,13.7
01/27/09 06:00:00.0,11.77,11.77,13.32,13.7
01/27/09 07:00:00.0,12.55,11.77,13.32,13.7
01/27/09 08:00:00.0,14.85,12.55,12.93,13.32
01/27/09 09:00:00.0,17.9,14.47,13.32,13.32
01/27/09 10:00:00.0,20.95,16.76,13.32,13.32
01/27/09 11:00:00.0,24.79,19.42,13.7,13.32
01/27/09 12:00:00.0,26.34,22.48,14.47,13.7
01/27/09 13:00:00.0,27.91,26.34,15.62,14.09
01/27/09 14:00:00.0,30.31,36.13,16.38,14.47
01/27/09 15:00:00.0,31.52,38.77,17.52,14.85
01/27/09 16:00:00.0,31.12,33.17,17.9,15.23
01/27/09 17:00:00.0,32.34,28.7,18.28,15.62
01/27/09 18:00:00.0,29.1,24.01,18.28,16
01/27/09 19:00:00.0,27.91,21.33,17.9,16
01/27/09 20:00:00.0,20.57,17.52,17.52,16
01/27/09 21:00:00.0,10.99,14.47,16.76,16
01/27/09 22:00:00.0,9.03,12.93,16,15.62
01/27/09 23:00:00.0,7.03,11.38,15.23,15.23
01/28/09 00:00:00.0,6.62,10.99,14.85,15.23
01/28/09 01:00:00.0,6.62,11.38,14.09,14.85
01/28/09 02:00:00.0,10.21,12.16,14.09,14.47
01/28/09 03:00:00.0,12.55,12.16,13.7,14.47
01/28/09 04:00:00.0,13.7,12.55,13.7,14.09
01/28/09 05:00:00.0,14.85,12.93,13.7,14.09
01/28/09 06:00:00.0,14.47,12.93,13.7,14.09
01/28/09 07:00:00.0,15.62,13.32,13.32,13.7
01/28/09 08:00:00.0,17.52,14.09,13.32,13.7
01/28/09 09:00:00.0,20.95,16.38,13.7,13.7
01/28/09 10:00:00.0,23.63,18.28,13.7,13.7
01/28/09 11:00:00.0,26.34,20.95,14.47,13.7
01/28/09 12:00:00.0,28.31,24.4,15.23,14.09
01/28/09 13:00:00.0,31.52,27.91,16,14.47
01/28/09 14:00:00.0,32.34,37.88,17.14,14.85
01/28/09 15:00:00.0,33.59,41.52,18.28,15.23
01/28/09 16:00:00.0,33.17,35.7,19.04,15.62
01/28/09 17:00:00.0,35.27,31.12,19.42,16
01/28/09 18:00:00.0,35.27,25.95,19.42,16.38
01/28/09 19:00:00.0,30.31,22.48,19.04,16.76
01/28/09 20:00:00.0,22.09,18.66,18.28,16.76
01/28/09 21:00:00.0,12.55,15.23,17.52,16.38
01/28/09 22:00:00.0,10.99,14.47,16.38,16.38
01/28/09 23:00:00.0,9.42,13.32,16,16
01/29/09 00:00:00.0,9.03,12.55,15.62,15.62
01/29/09 01:00:00.0,8.63,12.16,14.85,15.23
01/29/09 02:00:00.0,7.83,11.77,14.47,15.23
01/29/09 03:00:00.0,7.83,11.38,14.47,14.85
01/29/09 04:00:00.0,8.63,11.77,14.09,14.85
01/29/09 05:00:00.0,11.38,12.16,13.7,14.47
01/29/09 06:00:00.0,15.62,12.93,13.7,14.09
01/29/09 07:00:00.0,15.62,13.32,13.7,14.09
01/29/09 08:00:00.0,17.9,14.47,13.7,14.09
01/29/09 09:00:00.0,22.09,16.76,14.09,14.09
01/29/09 10:00:00.0,25.56,19.42,14.09,14.09
01/29/09 11:00:00.0,28.7,22.09,14.85,14.09
01/29/09 12:00:00.0,32.76,26.73,15.62,14.47
01/29/09 13:00:00.0,33.59,29.5,16.76,14.85
01/29/09 14:00:00.0,35.27,41.05,17.9,15.23
01/29/09 15:00:00.0,35.7,44.89,19.04,15.62
01/29/09 16:00:00.0,38.32,37.88,20.19,16.38
01/29/09 17:00:00.0,39.22,32.34,20.57,16.76
01/29/09 18:00:00.0,35.7,27.91,20.57,17.14
01/29/09 19:00:00.0,35.7,23.63,20.19,17.52
01/29/09 20:00:00.0,22.48,19.04,19.42,17.52
01/29/09 21:00:00.0,13.7,16.38,18.28,17.14
01/29/09 22:00:00.0,10.6,14.09,17.52,17.14
01/29/09 23:00:00.0,9.82,13.7,16.76,16.76
01/30/09 00:00:00.0,9.03,12.93,16,16.38
01/30/09 01:00:00.0,8.63,12.55,15.62,16
01/30/09 02:00:00.0,8.23,12.16,15.23,15.62
01/30/09 03:00:00.0,7.83,11.38,14.85,15.62
01/30/09 04:00:00.0,7.43,11.38,14.47,15.23
01/30/09 05:00:00.0,7.43,10.99,14.09,14.85
01/30/09 06:00:00.0,7.43,10.99,14.09,14.85
01/30/09 07:00:00.0,10.21,11.77,13.7,14.47
01/30/09 08:00:00.0,16,13.32,13.7,14.47
01/30/09 09:00:00.0,24.79,17.14,14.09,14.09
01/30/09 10:00:00.0,30.31,20.19,14.47,14.09
01/30/09 11:00:00.0,35.7,23.63,15.62,14.47
01/30/09 12:00:00.0,39.22,28.31,17.14,14.85
01/30/09 13:00:00.0,40.59,32.34,18.66,15.62
01/30/09 14:00:00.0,42.46,44.4,19.81,16
01/30/09 15:00:00.0,40.13,46.91,20.95,16.76
01/30/09 16:00:00.0,41.05,39.22,21.33,17.52
01/30/09 17:00:00.0,42.46,33.17,21.71,17.9
01/30/09 18:00:00.0,39.67,27.91,21.33,18.28
01/30/09 19:00:00.0,36.57,24.4,20.57,18.28
01/30/09 20:00:00.0,22.48,19.81,19.81,18.28
01/30/09 21:00:00.0,16,17.52,19.04,17.9
01/30/09 22:00:00.0,14.09,16.38,17.9,17.52
01/30/09 23:00:00.0,14.47,16,17.52,17.14
01/31/09 00:00:00.0,14.09,16,17.14,17.14
01/31/09 01:00:00.0,14.09,15.62,16.76,16.76
01/31/09 02:00:00.0,15.23,14.85,16.38,16.38
01/31/09 03:00:00.0,17.14,15.23,16,16.38
01/31/09 04:00:00.0,16.76,15.23,15.62,16
01/31/09 05:00:00.0,17.52,14.85,15.62,16
01/31/09 06:00:00.0,13.7,14.09,15.23,15.62
01/31/09 07:00:00.0,15.23,13.7,15.23,15.62
01/31/09 08:00:00.0,19.04,15.23,14.85,15.23
01/31/09 09:00:00.0,24.4,18.28,14.85,15.23
01/31/09 10:00:00.0,29.5,20.95,15.23,15.23
01/31/09 11:00:00.0,31.52,24.01,16,15.23
01/31/09 12:00:00.0,35.7,28.7,17.14,15.62
01/31/09 13:00:00.0,37,33.17,18.28,16
01/31/09 14:00:00.0,38.77,44.4,19.42,16.38
01/31/09 15:00:00.0,41.99,46.4,20.19,17.14
01/31/09 16:00:00.0,34.85,33.17,20.95,17.52
01/31/09 17:00:00.0,26.73,24.79,20.57,17.9
01/31/09 18:00:00.0,16,17.9,19.81,17.9
01/31/09 19:00:00.0,17.14,18.28,19.04,17.9
01/31/09 20:00:00.0,17.52,17.52,18.66,17.52
01/31/09 21:00:00.0,15.62,16.76,18.28,17.52
01/31/09 22:00:00.0,14.09,16,17.52,17.14
01/31/09 23:00:00.0,14.47,15.62,17.14,17.14
02/01/09 00:00:00.0,12.55,14.85,16.76,16.76
02/01/09 01:00:00.0,13.32,14.47,16.38,16.76
02/01/09 02:00:00.0,12.16,13.7,16,16.38
02/01/09 03:00:00.0,10.99,13.32,15.62,16
02/01/09 04:00:00.0,9.82,12.93,15.62,16
02/01/09 05:00:00.0,10.6,12.93,15.23,15.62
02/01/09 06:00:00.0,9.82,12.55,14.85,15.62
02/01/09 07:00:00.0,10.99,12.55,14.47,15.23
02/01/09 08:00:00.0,16,13.32,14.47,15.23
02/01/09 09:00:00.0,22.09,16.38,14.47,14.85
02/01/09 10:00:00.0,27.12,19.04,15.23,14.85
02/01/09 11:00:00.0,31.52,22.09,16.38,15.23
02/01/09 12:00:00.0,35.27,26.34,18.66,15.62
02/01/09 13:00:00.0,34.85,28.7,20.19,16.38
02/01/09 14:00:00.0,36.13,34.01,21.71,17.14
02/01/09 15:00:00.0,33.17,31.12,22.48,17.9
02/01/09 16:00:00.0,22.09,22.48,21.71,18.66
02/01/09 17:00:00.0,20.19,20.57,20.95,18.66
02/01/09 18:00:00.0,19.42,19.42,20.19,18.28
02/01/09 19:00:00.0,19.81,19.42,19.42,18.28
02/01/09 20:00:00.0,15.62,17.9,19.04,17.9
02/01/09 21:00:00.0,14.47,16.76,18.28,17.9
02/01/09 22:00:00.0,15.23,16.76,17.9,17.52
02/01/09 23:00:00.0,13.32,15.62,17.52,17.14
02/02/09 00:00:00.0,14.47,14.85,17.14,17.14
02/02/09 01:00:00.0,14.47,14.85,16.38,16.76
02/02/09 02:00:00.0,14.85,14.09,16.38,16.38
02/02/09 03:00:00.0,16.38,14.09,16,16.38
02/02/09 04:00:00.0,15.23,14.09,15.62,16
02/02/09 05:00:00.0,14.09,13.32,15.23,16
02/02/09 06:00:00.0,11.77,12.93,15.23,15.62
02/02/09 07:00:00.0,11.38,12.93,14.85,15.62
02/02/09 08:00:00.0,16.38,13.7,14.85,15.23
02/02/09 09:00:00.0,21.71,16,14.85,15.23
02/02/09 10:00:00.0,22.48,17.9,15.23,15.23
02/02/09 11:00:00.0,22.09,18.66,15.62,15.23
02/02/09 12:00:00.0,29.1,21.71,16,15.23
02/02/09 13:00:00.0,27.52,23.24,16.76,15.62
02/02/09 14:00:00.0,33.17,28.31,17.14,15.62
02/02/09 15:00:00.0,34.85,31.93,18.28,16
02/02/09 16:00:00.0,24.01,23.63,18.66,16.38
02/02/09 17:00:00.0,19.81,19.81,18.28,16.76
02/02/09 18:00:00.0,15.23,17.14,17.9,16.76
02/02/09 19:00:00.0,17.14,16.76,17.14,16.76
02/02/09 20:00:00.0,16,16.38,16.76,16.38
02/02/09 21:00:00.0,12.16,14.85,16.38,16.38
02/02/09 22:00:00.0,12.93,14.85,16,16.38
02/02/09 23:00:00.0,11.38,14.09,16,16
02/03/09 00:00:00.0,12.93,14.47,15.62,16
02/03/09 01:00:00.0,12.93,14.85,15.62,15.62
02/03/09 02:00:00.0,12.55,14.47,15.23,15.62
02/03/09 03:00:00.0,12.16,14.47,15.23,15.62
02/03/09 04:00:00.0,11.77,13.7,15.23,15.23
02/03/09 05:00:00.0,12.55,14.09,14.85,15.23
02/03/09 06:00:00.0,12.55,14.09,14.85,15.23
02/03/09 07:00:00.0,8.63,11.77,14.85,15.23
02/03/09 08:00:00.0,14.85,14.47,14.47,14.85
02/03/09 09:00:00.0,17.9,16.76,14.85,14.85
02/03/09 10:00:00.0,20.19,18.66,15.62,14.85
02/03/09 11:00:00.0,26.73,22.09,16.38,15.23
02/03/09 12:00:00.0,30.31,25.56,17.9,15.62
02/03/09 13:00:00.0,27.12,26.73,19.42,16
02/03/09 14:00:00.0,27.12,27.91,20.19,16.76
02/03/09 15:00:00.0,19.42,21.71,20.19,17.14
02/03/09 16:00:00.0,18.28,20.19,19.81,17.52
02/03/09 17:00:00.0,17.52,19.42,19.04,17.52
02/03/09 18:00:00.0,17.9,19.42,18.66,17.52
02/03/09 19:00:00.0,14.47,17.52,18.66,17.14
02/03/09 20:00:00.0,12.93,16,17.9,17.14
02/03/09 21:00:00.0,12.16,15.23,17.52,17.14
02/03/09 22:00:00.0,11.38,14.47,17.14,16.76
02/03/09 23:00:00.0,11.38,14.09,16.38,16.38
02/04/09 00:00:00.0,11.38,14.09,16,16.38
02/04/09 01:00:00.0,6.62,11.38,15.62,16
02/04/09 02:00:00.0,5.81,10.6,15.23,16
02/04/09 03:00:00.0,8.63,11.38,14.85,15.62
02/04/09 04:00:00.0,11.38,12.55,14.47,15.23
02/04/09 05:00:00.0,11.38,12.55,14.47,15.23
02/04/09 06:00:00.0,12.16,12.55,14.47,14.85
02/04/09 07:00:00.0,12.93,13.32,14.47,14.85
02/04/09 08:00:00.0,14.47,14.09,14.47,14.85
02/04/09 09:00:00.0,16,15.23,14.47,14.85
02/04/09 10:00:00.0,22.48,17.52,14.85,14.47
02/04/09 11:00:00.0,26.34,20.57,15.23,14.85
02/04/09 12:00:00.0,30.31,24.01,16.38,14.85
02/04/09 13:00:00.0,32.76,28.31,17.52,15.23
02/04/09 14:00:00.0,32.34,37.88,19.04,16
02/04/09 15:00:00.0,34.43,41.99,20.19,16.38
02/04/09 16:00:00.0,24.79,29.9,20.95,17.14
02/04/09 17:00:00.0,35.7,32.76,20.95,17.52
02/04/09 18:00:00.0,36.13,27.12,21.33,17.9
02/04/09 19:00:00.0,32.34,23.63,20.57,18.28
02/04/09 20:00:00.0,19.42,19.42,19.81,18.28
02/04/09 21:00:00.0,12.93,16.38,19.04,17.9
02/04/09 22:00:00.0,10.6,14.47,17.9,17.52
02/04/09 23:00:00.0,8.23,12.93,17.14,17.14
02/05/09 00:00:00.0,7.03,12.16,16.38,17.14
02/05/09 01:00:00.0,5.81,11.38,16,16.38
02/05/09 02:00:00.0,12.93,13.32,15.62,16.38
02/05/09 03:00:00.0,14.47,13.7,15.23,16
02/05/09 04:00:00.0,14.85,13.7,15.23,15.62
02/05/09 05:00:00.0,15.62,13.7,15.23,15.62
02/05/09 06:00:00.0,16,13.7,14.85,15.62
02/05/09 07:00:00.0,16,13.7,14.85,15.23
02/05/09 08:00:00.0,17.14,14.47,14.85,15.23
02/05/09 09:00:00.0,21.33,16.76,14.85,15.23
02/05/09 10:00:00.0,26.34,19.42,14.85,14.85
02/05/09 11:00:00.0,29.5,22.86,15.62,15.23
02/05/09 12:00:00.0,31.93,26.73,16.38,15.23
02/05/09 13:00:00.0,34.85,31.12,17.52,15.62
02/05/09 14:00:00.0,36.13,42.46,18.66,16.38
02/05/09 15:00:00.0,35.7,44.89,19.81,16.76
02/05/09 16:00:00.0,36.57,37.88,20.57,17.14
02/05/09 17:00:00.0,41.52,33.59,20.95,17.52
02/05/09 18:00:00.0,37.88,27.91,20.95,17.9
02/05/09 19:00:00.0,27.52,24.4,20.19,18.28
02/05/09 20:00:00.0,18.28,19.81,19.42,18.28
02/05/09 21:00:00.0,13.7,17.14,18.66,17.9
02/05/09 22:00:00.0,12.16,16,17.9,17.52
02/05/09 23:00:00.0,11.38,14.85,17.14,17.52
02/06/09 00:00:00.0,10.6,14.09,16.76,17.14
02/06/09 01:00:00.0,7.03,12.16,16,16.76
02/06/09 02:00:00.0,6.62,11.77,15.62,16.38
02/06/09 03:00:00.0,6.22,11.38,15.23,16
02/06/09 04:00:00.0,6.22,10.99,14.85,15.62
02/06/09 05:00:00.0,7.43,11.38,14.47,15.62
02/06/09 06:00:00.0,7.83,11.38,14.47,15.23
02/06/09 07:00:00.0,9.42,11.38,14.09,15.23
02/06/09 08:00:00.0,14.47,12.93,14.09,14.85
02/06/09 09:00:00.0,21.71,15.62,14.09,14.85
02/06/09 10:00:00.0,25.17,18.66,14.47,14.85
02/06/09 11:00:00.0,29.5,21.71,14.85,14.85
02/06/09 12:00:00.0,33.59,26.73,16,14.85
02/06/09 13:00:00.0,34.85,31.12,17.14,15.23
02/06/09 14:00:00.0,37.88,43.42,18.28,15.62
02/06/09 15:00:00.0,37.88,46.4,19.04,16.38
02/06/09 16:00:00.0,36.13,41.52,20.19,16.76
02/06/09 17:00:00.0,38.77,33.59,20.57,17.52
02/06/09 18:00:00.0,37,28.7,20.57,17.9
02/06/09 19:00:00.0,33.59,23.63,20.19,17.9
02/06/09 20:00:00.0,20.57,19.81,19.42,17.9
02/06/09 21:00:00.0,14.85,17.14,18.66,17.9
02/06/09 22:00:00.0,12.93,16,17.52,17.52
02/06/09 23:00:00.0,12.16,15.62,17.14,17.14
02/07/09 00:00:00.0,10.99,14.47,16.76,16.76
02/07/09 01:00:00.0,9.03,13.32,16.38,16.76
02/07/09 02:00:00.0,7.83,12.16,15.62,16.38
02/07/09 03:00:00.0,12.55,13.32,15.23,16
02/07/09 04:00:00.0,16,14.09,15.23,15.62
02/07/09 05:00:00.0,17.52,14.47,15.23,15.62
02/07/09 06:00:00.0,18.28,14.85,14.85,15.62
02/07/09 07:00:00.0,18.66,15.23,14.85,15.23
02/07/09 08:00:00.0,20.19,16,14.85,15.23
02/07/09 09:00:00.0,23.63,18.28,15.23,15.23
02/07/09 10:00:00.0,27.52,20.57,15.23,15.23
02/07/09 11:00:00.0,29.5,23.63,15.62,15.23
02/07/09 12:00:00.0,31.93,27.91,16.38,15.62
02/07/09 13:00:00.0,33.17,31.93,17.14,15.62
02/07/09 14:00:00.0,32.76,41.52,18.28,16
02/07/09 15:00:00.0,35.7,41.99,18.66,16.38
02/07/09 16:00:00.0,31.52,32.76,19.04,16.76
02/07/09 17:00:00.0,28.7,27.12,19.04,17.14
02/07/09 18:00:00.0,30.71,25.95,18.66,17.14
02/07/09 19:00:00.0,27.91,23.24,18.66,17.14
02/07/09 20:00:00.0,25.17,21.33,18.28,17.14
02/07/09 21:00:00.0,23.63,20.57,17.9,17.14
02/07/09 22:00:00.0,23.63,19.81,17.52,17.14
02/07/09 23:00:00.0,23.63,19.81,17.14,16.76
02/08/09 00:00:00.0,23.24,19.42,17.14,16.76
02/08/09 01:00:00.0,21.33,16.38,16.76,16.38
02/08/09 02:00:00.0,20.95,17.52,16.38,16.38
02/08/09 03:00:00.0,20.57,17.52,16.38,16.38
02/08/09 04:00:00.0,19.81,17.14,16.38,16.38
02/08/09 05:00:00.0,18.66,16.38,16,16
02/08/09 06:00:00.0,18.66,16.38,16,16
02/08/09 07:00:00.0,17.9,15.62,15.62,16
02/08/09 08:00:00.0,19.42,16.38,15.62,15.62
02/08/09 09:00:00.0,23.24,18.66,15.62,15.62
02/08/09 10:00:00.0,27.12,21.33,15.62,15.62
02/08/09 11:00:00.0,29.9,24.4,16.38,15.62
02/08/09 12:00:00.0,32.34,28.31,17.14,15.62
02/08/09 13:00:00.0,33.59,32.34,17.9,16
02/08/09 14:00:00.0,32.76,33.17,18.66,16.38
02/08/09 15:00:00.0,35.27,37.88,19.04,16.76
02/08/09 16:00:00.0,31.93,35.27,19.81,17.14
02/08/09 17:00:00.0,31.93,30.71,19.81,17.52
02/08/09 18:00:00.0,29.9,26.73,19.81,17.52
02/08/09 19:00:00.0,24.01,21.71,19.42,17.9
02/08/09 20:00:00.0,18.28,19.04,18.66,17.52
02/08/09 21:00:00.0,16,17.52,17.9,17.52
02/08/09 22:00:00.0,15.23,16.76,17.52,17.14
02/08/09 23:00:00.0,13.7,15.62,17.14,17.14
02/09/09 00:00:00.0,14.85,15.62,16.76,16.76
02/09/09 01:00:00.0,12.93,14.85,16.38,16.76
02/09/09 02:00:00.0,12.55,14.47,16,16.38
02/09/09 03:00:00.0,12.16,14.09,15.62,16.38
02/09/09 04:00:00.0,9.42,13.32,15.62,16
02/09/09 05:00:00.0,9.82,12.93,15.23,15.62
02/09/09 06:00:00.0,7.43,11.77,14.85,15.62
02/09/09 07:00:00.0,6.62,10.6,14.85,15.62
02/09/09 08:00:00.0,6.62,10.99,14.47,15.23
02/09/09 09:00:00.0,9.42,12.93,14.47,15.23
02/09/09 10:00:00.0,12.55,15.62,14.85,14.85
02/09/09 11:00:00.0,14.09,16.38,15.23,15.23
02/09/09 12:00:00.0,15.23,17.52,15.62,15.23
02/09/09 13:00:00.0,15.62,18.28,16.38,15.23
02/09/09 14:00:00.0,14.85,17.9,16.38,15.62
02/09/09 15:00:00.0,11.77,16.38,16.38,15.62
02/09/09 16:00:00.0,9.82,14.85,16.38,15.62
02/09/09 17:00:00.0,8.63,13.7,16,15.62
02/09/09 18:00:00.0,6.22,12.16,15.62,15.62
02/09/09 19:00:00.0,5.81,11.38,15.23,15.62
02/09/09 20:00:00.0,4.57,10.21,14.85,15.23
02/09/09 21:00:00.0,4.15,9.42,14.47,15.23
02/09/09 22:00:00.0,3.74,9.03,14.09,14.85
02/09/09 23:00:00.0,3.31,8.63,13.7,14.85
02/10/09 00:00:00.0,3.31,8.23,13.32,14.47
02/10/09 01:00:00.0,2.89,8.23,13.32,14.09
02/10/09 02:00:00.0,2.89,7.83,12.93,14.09
02/10/09 03:00:00.0,2.46,7.83,12.55,14.09
02/10/09 04:00:00.0,2.89,7.83,12.55,13.7
02/10/09 05:00:00.0,2.89,7.43,12.16,13.32
02/10/09 06:00:00.0,2.46,7.43,12.16,13.32
02/10/09 07:00:00.0,2.03,7.03,11.77,13.32
02/10/09 08:00:00.0,2.46,7.03,11.77,12.93
02/10/09 09:00:00.0,3.31,7.83,11.77,12.93
02/10/09 10:00:00.0,4.99,9.42,11.77,12.93
02/10/09 11:00:00.0,7.03,10.6,12.16,12.93
02/10/09 12:00:00.0,9.82,12.93,12.55,12.93
02/10/09 13:00:00.0,10.21,13.7,12.93,12.93
02/10/09 14:00:00.0,11.38,14.47,13.32,12.93
02/10/09 15:00:00.0,8.63,12.93,13.7,13.32
02/10/09 16:00:00.0,7.03,11.77,13.7,13.32
02/10/09 17:00:00.0,6.22,11.38,13.7,13.32
02/10/09 18:00:00.0,5.4,10.21,13.7,13.32
02/10/09 19:00:00.0,3.74,9.03,13.32,13.32
02/10/09 20:00:00.0,2.89,7.83,12.93,13.32
02/10/09 21:00:00.0,1.17,5.81,12.55,13.32
02/10/09 22:00:00.0,1.6,6.22,11.77,12.93
02/10/09 23:00:00.0,1.6,6.22,11.38,12.93
02/11/09 00:00:00.0,1.6,6.22,11.38,12.55
02/11/09 01:00:00.0,2.03,5.81,10.99,12.55
02/11/09 02:00:00.0,1.17,5.81,10.99,12.16
02/11/09 03:00:00.0,0.73,5.4,10.99,12.16
02/11/09 04:00:00.0,0.73,5.4,10.6,11.77
02/11/09 05:00:00.0,0.73,5.4,10.6,11.77
02/11/09 06:00:00.0,1.17,5.4,10.21,11.77
02/11/09 07:00:00.0,1.17,5.4,10.21,11.38
02/11/09 08:00:00.0,1.6,5.81,10.21,11.38
02/11/09 09:00:00.0,2.89,6.62,10.21,11.38
02/11/09 10:00:00.0,4.57,7.83,10.21,11.38
02/11/09 11:00:00.0,9.42,10.99,10.6,11.38
02/11/09 12:00:00.0,13.32,14.09,11.38,11.38
02/11/09 13:00:00.0,15.62,16.76,12.16,11.38
02/11/09 14:00:00.0,21.71,23.63,12.93,11.77
02/11/09 15:00:00.0,17.14,20.95,14.47,12.16
02/11/09 16:00:00.0,19.42,22.48,14.85,12.55
02/11/09 17:00:00.0,16.38,17.9,15.23,12.93
02/11/09 18:00:00.0,13.32,15.62,15.62,13.32
02/11/09 19:00:00.0,6.62,11.38,14.85,13.7
02/11/09 20:00:00.0,4.57,9.42,14.09,13.32
02/11/09 21:00:00.0,4.15,8.23,13.32,13.32
02/11/09 22:00:00.0,4.15,7.83,12.93,12.93
02/11/09 23:00:00.0,4.15,7.83,12.16,12.93
02/12/09 00:00:00.0,4.15,7.03,11.77,12.55
02/12/09 01:00:00.0,3.74,7.03,11.77,12.55
02/12/09 02:00:00.0,3.74,7.03,11.38,12.16
02/12/09 03:00:00.0,3.74,7.03,11.38,12.16
02/12/09 04:00:00.0,3.31,6.62,10.99,11.77
02/12/09 05:00:00.0,3.74,7.03,10.99,11.77
02/12/09 06:00:00.0,2.89,7.03,10.6,11.77
02/12/09 07:00:00.0,3.31,7.03,10.6,11.38
02/12/09 08:00:00.0,4.57,7.43,10.21,11.38
02/12/09 09:00:00.0,4.99,8.23,10.6,11.38
02/12/09 10:00:00.0,6.62,9.03,10.6,11.38
02/12/09 11:00:00.0,7.83,10.21,10.99,11.38
02/12/09 12:00:00.0,6.22,10.21,11.38,11.38
02/12/09 13:00:00.0,6.62,9.82,11.77,11.38
02/12/09 14:00:00.0,9.82,10.99,11.77,11.38
02/12/09 15:00:00.0,6.62,10.21,12.16,11.77
02/12/09 16:00:00.0,6.62,9.82,12.16,11.77
02/12/09 17:00:00.0,6.62,10.21,12.16,11.77
02/12/09 18:00:00.0,4.57,9.03,12.16,11.77
02/12/09 19:00:00.0,4.15,8.23,12.16,11.77
02/12/09 20:00:00.0,2.46,7.03,11.77,11.77
02/12/09 21:00:00.0,2.03,6.22,10.99,11.77
02/12/09 22:00:00.0,2.03,5.81,10.6,11.38
02/12/09 23:00:00.0,2.03,5.81,10.21,11.38
02/13/09 00:00:00.0,1.6,5.4,10.21,10.99
02/13/09 01:00:00.0,1.17,4.99,9.82,10.99
02/13/09 02:00:00.0,1.17,4.99,9.42,10.6
02/13/09 03:00:00.0,0.73,4.57,9.42,10.6
02/13/09 04:00:00.0,0.73,4.99,9.03,10.21
02/13/09 05:00:00.0,0.73,4.57,9.03,10.21
02/13/09 06:00:00.0,1.6,4.99,8.63,10.21
02/13/09 07:00:00.0,2.03,4.99,8.63,9.82
02/13/09 08:00:00.0,2.89,5.4,8.63,9.82
02/13/09 09:00:00.0,3.74,5.81,8.63,9.82
02/13/09 10:00:00.0,6.22,7.43,8.63,9.82
02/13/09 11:00:00.0,9.42,9.42,9.03,9.82
02/13/09 12:00:00.0,15.23,12.93,9.42,9.82
02/13/09 13:00:00.0,19.81,17.14,10.6,9.82
02/13/09 14:00:00.0,18.28,22.48,12.55,10.21
02/13/09 15:00:00.0,20.95,24.79,14.09,10.99
02/13/09 16:00:00.0,20.57,22.48,15.23,11.77
02/13/09 17:00:00.0,22.09,19.04,15.62,12.16
02/13/09 18:00:00.0,10.99,14.09,15.62,12.55
02/13/09 19:00:00.0,15.23,13.32,14.85,12.93
02/13/09 20:00:00.0,7.03,10.6,14.09,12.93
02/13/09 21:00:00.0,4.15,8.63,12.93,12.55
02/13/09 22:00:00.0,5.4,8.63,12.16,12.55
02/13/09 23:00:00.0,3.31,7.83,11.77,12.16
02/14/09 00:00:00.0,1.17,6.22,10.99,11.77
02/14/09 01:00:00.0,-1.51,5.4,10.6,11.38
02/14/09 02:00:00.0,-1.51,4.99,10.21,11.38
02/14/09 03:00:00.0,-3.37,3.74,9.82,10.99
02/14/09 04:00:00.0,-5.31,2.46,9.03,10.6
02/14/09 05:00:00.0,-5.31,2.03,8.63,10.21
02/14/09 06:00:00.0,-5.81,1.6,8.23,10.21
02/14/09 07:00:00.0,-4.82,1.6,7.83,9.82
02/14/09 08:00:00.0,0.29,2.89,7.83,9.42
02/14/09 09:00:00.0,12.93,7.43,7.83,9.42
02/14/09 10:00:00.0,21.33,10.99,8.63,9.42
02/14/09 11:00:00.0,26.73,14.85,9.42,9.42
02/14/09 12:00:00.0,28.31,20.19,11.38,9.82
02/14/09 13:00:00.0,33.17,24.79,13.7,10.6
02/14/09 14:00:00.0,34.01,33.59,15.62,11.38
02/14/09 15:00:00.0,31.52,33.59,16.76,12.16
02/14/09 16:00:00.0,32.34,30.31,17.9,12.93
02/14/09 17:00:00.0,21.71,22.09,17.9,13.7
02/14/09 18:00:00.0,18.66,18.66,17.14,14.09
02/14/09 19:00:00.0,12.55,14.47,16,14.09
02/14/09 20:00:00.0,9.03,12.16,15.23,14.09
02/14/09 21:00:00.0,9.03,11.77,14.09,13.7
02/14/09 22:00:00.0,7.83,10.99,13.32,13.32
02/14/09 23:00:00.0,8.63,11.38,12.93,12.93
02/15/09 00:00:00.0,7.03,10.6,12.55,12.93
02/15/09 01:00:00.0,5.4,9.03,12.16,12.55
02/15/09 02:00:00.0,1.17,6.62,11.77,12.55
02/15/09 03:00:00.0,-0.61,5.4,11.38,12.16
02/15/09 04:00:00.0,-1.51,4.57,10.6,11.77
02/15/09 05:00:00.0,-2.9,3.74,10.21,11.38
02/15/09 06:00:00.0,-1.51,4.15,9.82,11.38
02/15/09 07:00:00.0,1.6,4.57,9.42,10.99
02/15/09 08:00:00.0,6.22,6.62,9.03,10.6
02/15/09 09:00:00.0,12.16,9.82,9.42,10.6
02/15/09 10:00:00.0,17.52,12.93,9.82,10.6
02/15/09 11:00:00.0,21.33,17.14,10.99,10.6
02/15/09 12:00:00.0,26.73,22.09,12.93,10.99
02/15/09 13:00:00.0,29.1,27.91,14.47,11.77
02/15/09 14:00:00.0,31.52,36.13,16.38,12.55
02/15/09 15:00:00.0,19.42,25.56,17.14,13.32
02/15/09 16:00:00.0,23.63,27.12,17.14,13.7
02/15/09 17:00:00.0,27.91,22.86,17.14,14.09
02/15/09 18:00:00.0,25.17,20.57,16.76,14.09
02/15/09 19:00:00.0,17.9,16.38,16.38,14.09
02/15/09 20:00:00.0,10.99,13.7,15.62,14.09
02/15/09 21:00:00.0,9.42,12.55,14.85,14.09
02/15/09 22:00:00.0,8.63,11.77,14.09,13.7
02/15/09 23:00:00.0,8.23,11.38,13.7,13.7
02/16/09 00:00:00.0,7.83,10.6,13.32,13.32
02/16/09 01:00:00.0,7.03,10.21,12.93,12.93
02/16/09 02:00:00.0,6.62,9.82,12.55,12.93
02/16/09 03:00:00.0,6.22,9.42,12.55,12.55
02/16/09 04:00:00.0,4.57,7.83,12.16,12.55
02/16/09 05:00:00.0,5.4,8.23,11.77,12.16
02/16/09 06:00:00.0,5.4,8.23,11.38,12.16
02/16/09 07:00:00.0,4.99,7.43,11.38,11.77
02/16/09 08:00:00.0,5.81,8.23,10.99,11.77
02/16/09 09:00:00.0,8.23,10.21,10.99,11.77
02/16/09 10:00:00.0,10.6,12.16,10.99,11.38
02/16/09 11:00:00.0,16.38,16,11.77,11.38
02/16/09 12:00:00.0,20.19,19.81,12.93,11.77
02/16/09 13:00:00.0,24.79,27.12,14.09,12.16
02/16/09 14:00:00.0,26.73,37.88,15.62,12.55
02/16/09 15:00:00.0,29.9,38.77,17.14,13.32
02/16/09 16:00:00.0,28.31,31.93,17.9,13.7
02/16/09 17:00:00.0,26.73,25.56,18.28,14.47
02/16/09 18:00:00.0,24.01,20.57,17.9,14.85
02/16/09 19:00:00.0,17.9,16.38,17.14,14.85
02/16/09 20:00:00.0,8.23,12.55,16,14.47
02/16/09 21:00:00.0,5.81,10.21,14.85,14.47
02/16/09 22:00:00.0,4.57,9.03,13.7,14.09
02/16/09 23:00:00.0,4.15,8.63,12.93,13.7
02/17/09 00:00:00.0,3.74,8.23,12.55,13.32
02/17/09 01:00:00.0,1.17,7.03,12.16,12.93
02/17/09 02:00:00.0,0.29,6.22,11.38,12.55
02/17/09 03:00:00.0,-0.61,5.81,10.99,12.16
02/17/09 04:00:00.0,-0.16,5.4,10.6,12.16
02/17/09 05:00:00.0,-2.44,4.15,10.21,11.77
02/17/09 06:00:00.0,-3.85,2.89,9.82,11.38
02/17/09 07:00:00.0,-3.85,2.89,9.42,10.99
02/17/09 08:00:00.0,2.46,4.57,9.03,10.99
02/17/09 09:00:00.0,11.38,9.42,9.03,10.6
02/17/09 10:00:00.0,19.04,13.7,9.82,10.6
02/17/09 11:00:00.0,26.34,17.9,10.99,10.6
02/17/09 12:00:00.0,31.52,23.63,12.93,10.99
02/17/09 13:00:00.0,33.59,32.76,14.85,11.77
02/17/09 14:00:00.0,29.9,38.32,16.76,12.55
02/17/09 15:00:00.0,29.9,38.77,17.52,13.32
02/17/09 16:00:00.0,30.71,32.76,18.28,14.09
02/17/09 17:00:00.0,24.01,21.71,17.9,14.47
02/17/09 18:00:00.0,25.56,20.95,17.14,14.47
02/17/09 19:00:00.0,21.33,17.52,16.76,14.47
02/17/09 20:00:00.0,10.21,13.7,15.62,14.47
02/17/09 21:00:00.0,7.43,11.38,14.85,14.09
02/17/09 22:00:00.0,6.22,10.6,14.09,14.09
02/17/09 23:00:00.0,4.57,9.03,13.32,13.7
02/18/09 00:00:00.0,4.57,9.03,12.55,13.32
02/18/09 01:00:00.0,4.15,8.63,12.16,12.93
02/18/09 02:00:00.0,5.81,9.03,11.77,12.93
02/18/09 03:00:00.0,3.74,7.83,11.77,12.55
02/18/09 04:00:00.0,2.89,7.43,11.38,12.16
02/18/09 05:00:00.0,4.57,8.23,10.99,12.16
02/18/09 06:00:00.0,5.81,8.63,10.99,11.77
02/18/09 07:00:00.0,4.99,8.23,10.6,11.77
02/18/09 08:00:00.0,10.99,10.99,10.6,11.38
02/18/09 09:00:00.0,17.14,14.09,10.99,11.38
02/18/09 10:00:00.0,18.28,15.23,11.77,11.38
02/18/09 11:00:00.0,24.4,20.19,12.55,11.77
02/18/09 12:00:00.0,32.34,27.12,14.09,12.16
02/18/09 13:00:00.0,31.12,29.9,15.62,12.55
02/18/09 14:00:00.0,28.31,30.71,16.38,13.32
02/18/09 15:00:00.0,25.56,25.56,16.38,13.7
02/18/09 16:00:00.0,16.38,19.04,16.76,14.09
02/18/09 17:00:00.0,14.09,16,16,14.09
02/18/09 18:00:00.0,13.32,14.85,15.23,14.09
02/18/09 19:00:00.0,12.93,14.47,14.47,14.09
02/18/09 20:00:00.0,10.99,13.32,14.09,13.7
02/18/09 21:00:00.0,9.03,11.77,13.7,13.7
02/18/09 22:00:00.0,9.42,11.77,13.32,13.32
02/18/09 23:00:00.0,8.23,11.38,12.93,13.32
02/19/09 00:00:00.0,4.57,8.63,12.55,12.93
02/19/09 01:00:00.0,2.46,7.43,12.16,12.93
02/19/09 02:00:00.0,0.29,6.22,11.38,12.55
02/19/09 03:00:00.0,-1.06,4.99,10.99,12.16
02/19/09 04:00:00.0,0.29,5.81,10.6,11.77
02/19/09 05:00:00.0,-0.16,4.99,10.21,11.77
02/19/09 06:00:00.0,2.03,5.4,9.82,11.38
02/19/09 07:00:00.0,2.89,5.81,9.82,11.38
02/19/09 08:00:00.0,7.43,7.03,9.82,10.99
02/19/09 09:00:00.0,14.09,9.82,9.82,10.99
02/19/09 10:00:00.0,18.28,13.32,10.21,10.99
02/19/09 11:00:00.0,21.33,17.14,10.99,10.99
02/19/09 12:00:00.0,25.17,23.24,12.16,10.99
02/19/09 13:00:00.0,27.91,30.31,13.32,11.38
02/19/09 14:00:00.0,30.31,40.59,14.85,12.16
02/19/09 15:00:00.0,30.31,40.59,16,12.55
02/19/09 16:00:00.0,29.1,35.27,16.76,13.32
02/19/09 17:00:00.0,28.7,28.7,17.14,13.7
02/19/09 18:00:00.0,21.33,22.09,16.76,14.09
02/19/09 19:00:00.0,19.42,18.28,16,14.09
02/19/09 20:00:00.0,10.6,14.09,15.23,14.09
02/19/09 21:00:00.0,6.62,10.99,14.09,14.09
02/19/09 22:00:00.0,4.15,9.42,13.32,13.7
02/19/09 23:00:00.0,3.74,8.63,12.55,13.32
02/20/09 00:00:00.0,2.89,8.23,12.16,12.93
02/20/09 01:00:00.0,2.03,7.03,11.77,12.55
02/20/09 02:00:00.0,1.6,6.62,11.38,12.55
02/20/09 03:00:00.0,5.81,8.63,10.99,12.16
02/20/09 04:00:00.0,5.81,8.63,10.99,11.77
02/20/09 05:00:00.0,4.15,7.83,10.6,11.77
02/20/09 06:00:00.0,6.22,7.83,10.6,11.38
02/20/09 07:00:00.0,7.03,9.03,10.6,11.38
02/20/09 08:00:00.0,10.21,9.82,10.6,11.38
02/20/09 09:00:00.0,9.42,10.21,10.6,11.38
02/20/09 10:00:00.0,9.03,9.82,10.6,11.38
02/20/09 11:00:00.0,8.63,9.82,10.99,11.38
02/20/09 12:00:00.0,10.21,11.38,10.6,10.99
02/20/09 13:00:00.0,14.85,14.85,10.99,10.99
02/20/09 14:00:00.0,12.55,13.7,11.38,10.99
02/20/09 15:00:00.0,21.33,23.24,12.16,11.38
02/20/09 16:00:00.0,20.19,20.95,13.32,11.77
02/20/09 17:00:00.0,21.71,18.66,13.7,12.16
02/20/09 18:00:00.0,22.48,17.14,14.09,12.55
02/20/09 19:00:00.0,13.32,14.09,13.7,12.55
02/20/09 20:00:00.0,10.21,12.55,13.32,12.55
02/20/09 21:00:00.0,8.23,10.99,12.93,12.55
02/20/09 22:00:00.0,6.62,10.21,12.16,12.55
02/20/09 23:00:00.0,7.03,9.82,11.77,12.16
02/21/09 00:00:00.0,9.42,10.6,11.77,12.16
02/21/09 01:00:00.0,9.03,10.99,11.77,11.77
02/21/09 02:00:00.0,8.63,10.6,11.77,11.77
02/21/09 03:00:00.0,8.63,10.6,11.38,11.77
02/21/09 04:00:00.0,8.23,10.21,11.38,11.77
02/21/09 05:00:00.0,7.83,10.21,11.38,11.77
02/21/09 06:00:00.0,7.43,9.82,11.38,11.77
02/21/09 07:00:00.0,7.03,9.82,10.99,11.38
02/21/09 08:00:00.0,8.63,10.6,10.99,11.38
02/21/09 09:00:00.0,10.99,12.16,11.38,11.38
02/21/09 10:00:00.0,15.23,14.09,11.77,11.38
02/21/09 11:00:00.0,21.71,16.38,12.55,11.38
02/21/09 12:00:00.0,24.4,20.19,14.09,11.77
02/21/09 13:00:00.0,27.12,24.4,16,12.55
02/21/09 14:00:00.0,28.7,31.93,17.9,13.32
02/21/09 15:00:00.0,30.31,32.76,19.04,14.09
02/21/09 16:00:00.0,24.79,25.17,19.42,14.85
02/21/09 17:00:00.0,25.56,22.48,19.04,15.23
02/21/09 18:00:00.0,21.33,18.66,18.66,15.62
02/21/09 19:00:00.0,15.23,15.23,17.9,15.62
02/21/09 20:00:00.0,7.43,12.55,16.76,15.23
02/21/09 21:00:00.0,5.4,10.6,15.62,14.85
02/21/09 22:00:00.0,7.03,10.99,14.47,14.47
02/21/09 23:00:00.0,3.74,9.42,14.09,14.09
02/22/09 00:00:00.0,7.03,10.21,13.32,13.7
02/22/09 01:00:00.0,5.81,9.42,12.93,13.7
02/22/09 02:00:00.0,5.81,9.42,12.55,13.32
02/22/09 03:00:00.0,4.57,8.63,12.55,12.93
02/22/09 04:00:00.0,1.17,7.03,12.16,12.93
02/22/09 05:00:00.0,0.29,6.22,11.38,12.55
02/22/09 06:00:00.0,1.17,6.22,10.99,12.16
02/22/09 07:00:00.0,2.03,7.03,10.6,12.16
02/22/09 08:00:00.0,7.83,8.23,10.6,11.77
02/22/09 09:00:00.0,12.55,10.21,10.6,11.77
02/22/09 10:00:00.0,16.76,12.55,10.99,11.38
02/22/09 11:00:00.0,21.33,15.62,11.38,11.38
02/22/09 12:00:00.0,27.91,20.19,12.55,11.77
02/22/09 13:00:00.0,30.71,25.56,14.09,12.16
02/22/09 14:00:00.0,27.91,29.9,15.23,12.55
02/22/09 15:00:00.0,33.17,35.27,16,13.32
02/22/09 16:00:00.0,31.52,31.52,17.14,13.7
02/22/09 17:00:00.0,29.5,24.01,17.52,14.47
02/22/09 18:00:00.0,29.5,20.95,17.14,14.85
02/22/09 19:00:00.0,19.81,16.38,16.76,14.85
02/22/09 20:00:00.0,9.82,12.93,16,14.85
02/22/09 21:00:00.0,5.4,10.21,14.85,14.47
02/22/09 22:00:00.0,4.15,9.03,14.09,14.09
02/22/09 23:00:00.0,2.46,7.83,13.32,14.09
02/23/09 00:00:00.0,4.57,8.63,12.55,13.7
02/23/09 01:00:00.0,9.82,9.82,12.16,13.32
02/23/09 02:00:00.0,9.82,9.42,12.16,12.93
02/23/09 03:00:00.0,9.82,9.42,11.77,12.93
02/23/09 04:00:00.0,10.6,9.42,11.77,12.55
02/23/09 05:00:00.0,10.99,9.42,11.38,12.55
02/23/09 06:00:00.0,10.21,9.42,11.38,12.16
02/23/09 07:00:00.0,10.99,9.82,11.38,12.16
02/23/09 08:00:00.0,11.38,10.21,10.99,11.77
02/23/09 09:00:00.0,10.6,10.21,10.99,11.77
02/23/09 10:00:00.0,12.55,10.99,10.99,11.77
02/23/09 11:00:00.0,13.32,12.55,10.99,11.77
02/23/09 12:00:00.0,20.19,16.38,11.38,11.77
02/23/09 13:00:00.0,22.09,22.09,12.16,11.77
02/23/09 14:00:00.0,26.34,29.9,12.93,12.16
02/23/09 15:00:00.0,20.95,24.01,13.7,12.16
02/23/09 16:00:00.0,25.56,23.63,13.7,12.55
02/23/09 17:00:00.0,19.81,19.81,14.09,12.93
02/23/09 18:00:00.0,16,15.62,13.7,12.93
02/23/09 19:00:00.0,16.38,14.47,13.32,12.93
02/23/09 20:00:00.0,10.6,11.77,12.93,12.93
02/23/09 21:00:00.0,9.42,10.6,12.55,12.93
02/23/09 22:00:00.0,6.62,9.42,12.16,12.55
02/23/09 23:00:00.0,4.99,8.23,11.77,12.55
02/24/09 00:00:00.0,9.82,9.03,11.38,12.16
02/24/09 01:00:00.0,10.6,9.42,10.99,12.16
02/24/09 02:00:00.0,10.21,9.03,10.99,11.77
02/24/09 03:00:00.0,10.21,9.03,10.6,11.77
02/24/09 04:00:00.0,10.21,9.03,10.6,11.38
02/24/09 05:00:00.0,9.82,8.63,10.6,11.38
02/24/09 06:00:00.0,7.83,7.83,10.21,11.38
02/24/09 07:00:00.0,6.62,7.43,10.21,11.38
02/24/09 08:00:00.0,9.42,8.23,10.21,10.99
02/24/09 09:00:00.0,14.09,10.21,10.21,10.99
02/24/09 10:00:00.0,17.52,12.93,10.21,10.99
02/24/09 11:00:00.0,21.71,16.38,10.6,10.99
02/24/09 12:00:00.0,23.63,20.57,11.77,10.99
02/24/09 13:00:00.0,29.1,28.31,12.93,11.38
02/24/09 14:00:00.0,27.12,38.77,14.09,12.16
02/24/09 15:00:00.0,29.9,39.67,15.23,12.55
02/24/09 16:00:00.0,28.31,32.76,16,12.93
02/24/09 17:00:00.0,28.7,25.95,16.38,13.7
02/24/09 18:00:00.0,25.56,20.57,16.38,13.7
02/24/09 19:00:00.0,22.09,16.38,15.62,14.09
02/24/09 20:00:00.0,7.03,11.38,14.85,14.09
02/24/09 21:00:00.0,1.6,7.43,13.7,13.7
02/24/09 22:00:00.0,-0.61,6.22,12.93,13.32
02/24/09 23:00:00.0,-1.06,5.81,12.16,12.93
02/25/09 00:00:00.0,-3.85,3.74,11.38,12.55
02/25/09 01:00:00.0,-3.37,3.74,10.99,12.16
02/25/09 02:00:00.0,-3.37,3.74,10.21,11.77
02/25/09 03:00:00.0,-4.82,2.03,9.82,11.77
02/25/09 04:00:00.0,-5.81,1.6,9.42,11.38
02/25/09 05:00:00.0,-5.81,1.17,9.03,10.99
02/25/09 06:00:00.0,-4.82,1.6,8.63,10.6
02/25/09 07:00:00.0,-4.33,2.03,8.23,10.6
02/25/09 08:00:00.0,1.17,3.74,8.23,10.21
02/25/09 09:00:00.0,11.38,7.83,8.23,9.82
02/25/09 10:00:00.0,19.42,12.55,9.03,9.82
02/25/09 11:00:00.0,23.63,17.52,10.21,10.21
02/25/09 12:00:00.0,27.12,23.24,11.77,10.6
02/25/09 13:00:00.0,31.52,31.52,13.32,10.99
02/25/09 14:00:00.0,32.34,43.42,15.62,11.77
02/25/09 15:00:00.0,29.5,43.91,16.76,12.55
02/25/09 16:00:00.0,29.5,36.57,17.9,13.32
02/25/09 17:00:00.0,30.31,29.1,17.9,14.09
02/25/09 18:00:00.0,25.56,22.86,17.9,14.47
02/25/09 19:00:00.0,17.52,17.52,17.14,14.47
02/25/09 20:00:00.0,7.43,12.55,16,14.47
02/25/09 21:00:00.0,7.03,10.99,14.85,14.09
02/25/09 22:00:00.0,7.83,11.77,14.09,13.7
02/25/09 23:00:00.0,7.43,11.38,13.32,13.7
02/26/09 00:00:00.0,3.74,9.03,12.93,13.32
02/26/09 01:00:00.0,4.57,8.63,12.55,12.93
02/26/09 02:00:00.0,5.81,9.03,12.16,12.93
02/26/09 03:00:00.0,5.4,9.03,11.77,12.55
02/26/09 04:00:00.0,0.29,5.81,11.38,12.16
02/26/09 05:00:00.0,2.89,7.43,10.99,12.16
02/26/09 06:00:00.0,2.46,6.62,10.6,11.77
02/26/09 07:00:00.0,0.73,5.4,10.6,11.77
02/26/09 08:00:00.0,6.62,8.23,10.21,11.38
02/26/09 09:00:00.0,10.6,10.6,10.6,11.38
02/26/09 10:00:00.0,17.14,14.09,10.99,11.38
02/26/09 11:00:00.0,23.63,18.28,11.77,11.38
02/26/09 12:00:00.0,27.91,24.01,13.32,11.77
02/26/09 13:00:00.0,32.34,32.76,15.23,12.16
02/26/09 14:00:00.0,34.85,44.89,17.14,12.93
02/26/09 15:00:00.0,35.7,43.42,18.66,13.7
02/26/09 16:00:00.0,34.43,35.7,19.42,14.47
02/26/09 17:00:00.0,33.17,28.7,19.42,15.23
02/26/09 18:00:00.0,28.31,22.86,19.04,15.23
02/26/09 19:00:00.0,21.33,18.66,17.9,15.62
02/26/09 20:00:00.0,10.21,14.09,16.76,15.23
02/26/09 21:00:00.0,5.4,10.99,15.62,14.85
02/26/09 22:00:00.0,4.15,9.03,14.47,14.47
02/26/09 23:00:00.0,2.46,8.23,13.7,14.09
02/27/09 00:00:00.0,1.6,7.03,12.93,13.7
02/27/09 01:00:00.0,0.73,6.22,12.55,13.32
02/27/09 02:00:00.0,0.73,6.22,11.77,12.93
02/27/09 03:00:00.0,0.29,5.4,11.38,12.55
02/27/09 04:00:00.0,0.29,5.4,10.99,12.55
02/27/09 05:00:00.0,0.29,5.4,10.6,12.16
02/27/09 06:00:00.0,-0.16,4.99,10.21,11.77
02/27/09 07:00:00.0,2.03,6.22,10.21,11.38
02/27/09 08:00:00.0,10.21,9.82,10.21,11.38
02/27/09 09:00:00.0,15.62,12.16,10.6,11.38
02/27/09 10:00:00.0,21.71,17.14,10.99,11.38
02/27/09 11:00:00.0,21.71,17.52,11.77,11.38
02/27/09 12:00:00.0,27.12,22.09,12.55,11.77
02/27/09 13:00:00.0,25.56,25.56,13.32,12.16
02/27/09 14:00:00.0,29.9,37.44,14.47,12.55
02/27/09 15:00:00.0,26.73,32.76,15.23,12.93
02/27/09 16:00:00.0,30.71,30.71,16.38,13.32
02/27/09 17:00:00.0,22.09,24.01,16.76,13.7
02/27/09 18:00:00.0,19.81,19.42,16,14.09
02/27/09 19:00:00.0,19.42,17.52,15.62,14.09
02/27/09 20:00:00.0,12.16,14.09,14.85,14.09
02/27/09 21:00:00.0,11.77,13.32,14.47,14.09
02/27/09 22:00:00.0,11.38,12.93,13.7,13.7
02/27/09 23:00:00.0,7.83,10.99,13.32,13.7
02/28/09 00:00:00.0,10.99,11.38,12.93,13.32
02/28/09 01:00:00.0,13.32,11.77,12.55,12.93
02/28/09 02:00:00.0,11.38,10.99,12.55,12.93
02/28/09 03:00:00.0,13.32,11.38,12.16,12.93
02/28/09 04:00:00.0,11.77,10.99,12.16,12.55
02/28/09 05:00:00.0,10.99,10.6,12.16,12.55
02/28/09 06:00:00.0,10.99,10.21,11.77,12.55
02/28/09 07:00:00.0,11.77,10.6,11.77,12.16
02/28/09 08:00:00.0,12.93,10.99,11.38,12.16
02/28/09 09:00:00.0,17.14,13.32,11.38,12.16
02/28/09 10:00:00.0,22.48,16.38,11.77,12.16
02/28/09 11:00:00.0,26.34,19.81,12.16,12.16
02/28/09 12:00:00.0,29.1,24.4,13.32,12.16
02/28/09 13:00:00.0,30.71,31.52,14.47,12.55
02/28/09 14:00:00.0,33.59,43.91,16,12.93
02/28/09 15:00:00.0,35.27,44.4,17.14,13.7
02/28/09 16:00:00.0,35.27,37.88,18.66,14.47
02/28/09 17:00:00.0,29.9,27.91,19.04,14.85
02/28/09 18:00:00.0,26.34,23.24,18.66,15.23
02/28/09 19:00:00.0,18.28,18.28,17.9,15.62
02/28/09 20:00:00.0,8.63,13.7,16.76,15.23
02/28/09 21:00:00.0,9.82,13.7,15.62,15.23
02/28/09 22:00:00.0,9.42,13.7,14.85,14.85
02/28/09 23:00:00.0,9.03,12.93,14.47,14.47
03/01/09 00:00:00.0,9.03,12.55,14.09,14.09
03/01/09 01:00:00.0,8.63,11.77,14.09,14.09
03/01/09 02:00:00.0,1.17,7.03,13.32,13.7
03/01/09 03:00:00.0,-0.16,6.22,12.55,13.7
03/01/09 04:00:00.0,-1.06,5.4,12.16,13.32
03/01/09 05:00:00.0,-0.16,5.81,11.38,12.93
03/01/09 06:00:00.0,-1.06,4.99,10.99,12.55
03/01/09 07:00:00.0,-1.97,4.57,10.6,12.16
03/01/09 08:00:00.0,2.89,6.22,10.21,12.16
03/01/09 09:00:00.0,13.32,10.99,10.6,11.77
03/01/09 10:00:00.0,19.42,14.09,10.99,11.77
03/01/09 11:00:00.0,27.12,18.66,11.77,11.77
03/01/09 12:00:00.0,26.34,22.86,13.32,12.16
03/01/09 13:00:00.0,29.5,28.7,14.47,12.55
03/01/09 14:00:00.0,32.34,37.88,16,12.93
03/01/09 15:00:00.0,24.01,25.95,17.14,13.7
03/01/09 16:00:00.0,20.19,20.95,16.76,14.09
03/01/09 17:00:00.0,18.66,19.42,16.38,14.47
03/01/09 18:00:00.0,16.38,17.52,16,14.47
03/01/09 19:00:00.0,14.09,15.23,15.62,14.47
03/01/09 20:00:00.0,7.83,12.16,14.85,14.47
03/01/09 21:00:00.0,4.57,9.82,14.09,14.09
03/01/09 22:00:00.0,3.31,8.63,13.32,13.7
03/01/09 23:00:00.0,1.6,7.43,12.93,13.32
03/02/09 00:00:00.0,-0.61,5.81,12.16,13.32
03/02/09 01:00:00.0,-0.61,5.4,11.38,12.93
03/02/09 02:00:00.0,0.29,5.4,10.99,12.55
03/02/09 03:00:00.0,-0.16,5.4,10.6,12.16
03/02/09 04:00:00.0,0.29,5.4,10.21,12.16
03/02/09 05:00:00.0,1.17,5.4,10.21,11.77
03/02/09 06:00:00.0,1.17,5.4,10.21,11.38
03/02/09 07:00:00.0,1.6,5.81,9.82,11.38
03/02/09 08:00:00.0,5.81,7.03,9.82,10.99
03/02/09 09:00:00.0,11.38,9.42,9.82,10.99
03/02/09 10:00:00.0,16.38,12.93,10.21,10.99
03/02/09 11:00:00.0,23.24,17.14,10.6,10.99
03/02/09 12:00:00.0,22.86,20.57,11.77,10.99
03/02/09 13:00:00.0,28.7,28.31,12.93,11.38
03/02/09 14:00:00.0,28.7,31.93,14.47,12.16
03/02/09 15:00:00.0,31.93,33.17,15.23,12.55
03/02/09 16:00:00.0,29.1,31.52,16,13.32
03/02/09 17:00:00.0,31.12,25.56,16.38,13.7
03/02/09 18:00:00.0,25.95,20.57,16.38,14.09
03/02/09 19:00:00.0,19.42,16.76,15.62,14.09
03/02/09 20:00:00.0,10.6,12.93,14.85,14.09
03/02/09 21:00:00.0,7.03,10.99,14.09,14.09
03/02/09 22:00:00.0,7.83,10.6,13.32,13.7
03/02/09 23:00:00.0,7.83,10.6,12.93,13.32
03/03/09 00:00:00.0,9.82,10.6,12.55,12.93
03/03/09 01:00:00.0,10.6,10.6,12.55,12.93
03/03/09 02:00:00.0,11.38,10.99,12.16,12.55
03/03/09 03:00:00.0,10.99,10.6,12.16,12.55
03/03/09 04:00:00.0,10.6,10.21,11.77,12.55
03/03/09 05:00:00.0,10.99,10.21,11.77,12.16
03/03/09 06:00:00.0,10.21,10.21,11.38,12.16
03/03/09 07:00:00.0,10.6,10.6,11.38,12.16
03/03/09 08:00:00.0,8.63,9.42,11.38,11.77
03/03/09 09:00:00.0,9.03,9.82,11.38,11.77
03/03/09 10:00:00.0,10.6,10.99,11.38,11.77
03/03/09 11:00:00.0,13.32,13.32,11.38,11.77
03/03/09 12:00:00.0,16.76,14.85,11.77,11.77
03/03/09 13:00:00.0,19.81,17.9,12.16,11.77
03/03/09 14:00:00.0,18.66,19.42,12.93,11.77
03/03/09 15:00:00.0,17.14,17.52,12.93,12.16
03/03/09 16:00:00.0,14.47,15.62,12.93,12.55
03/03/09 17:00:00.0,17.9,17.14,12.93,12.55
03/03/09 18:00:00.0,20.95,17.52,12.93,12.55
03/03/09 19:00:00.0,14.85,14.47,13.32,12.55
03/03/09 20:00:00.0,13.32,13.32,12.93,12.55
03/03/09 21:00:00.0,13.7,12.93,12.93,12.55
03/03/09 22:00:00.0,14.09,12.93,12.55,12.55
03/03/09 23:00:00.0,14.85,13.32,12.55,12.55
03/04/09 00:00:00.0,12.16,12.55,12.55,12.55
03/04/09 01:00:00.0,12.16,12.16,12.55,12.55
03/04/09 02:00:00.0,12.55,12.55,12.55,12.55
03/04/09 03:00:00.0,10.99,12.16,12.55,12.55
03/04/09 04:00:00.0,7.03,9.42,12.16,12.55
03/04/09 05:00:00.0,4.99,8.23,11.38,12.16
03/04/09 06:00:00.0,2.89,7.03,10.99,11.77
03/04/09 07:00:00.0,1.6,6.62,10.6,11.77
03/04/09 08:00:00.0,3.31,6.62,10.21,11.38
03/04/09 09:00:00.0,3.74,7.43,10.21,11.38
03/04/09 10:00:00.0,7.43,9.03,9.82,11.38
03/04/09 11:00:00.0,10.21,10.21,10.21,10.99
03/04/09 12:00:00.0,11.38,12.55,10.21,10.99
03/04/09 13:00:00.0,10.21,14.85,10.99,10.99
03/04/09 14:00:00.0,12.93,20.57,11.38,11.38
03/04/09 15:00:00.0,13.32,19.42,11.77,11.38
03/04/09 16:00:00.0,9.03,13.32,12.16,11.77
03/04/09 17:00:00.0,6.22,10.21,11.77,11.77
03/04/09 18:00:00.0,4.99,9.03,10.99,11.77
03/04/09 19:00:00.0,4.15,7.83,10.6,11.38
03/04/09 20:00:00.0,2.46,6.62,10.21,11.38
03/04/09 21:00:00.0,2.46,6.22,9.82,10.99
03/04/09 22:00:00.0,2.03,5.81,9.82,10.99
03/04/09 23:00:00.0,1.17,5.4,9.42,10.6
03/05/09 00:00:00.0,1.6,5.4,9.03,10.6
03/05/09 01:00:00.0,1.17,4.99,9.03,10.21
03/05/09 02:00:00.0,0.73,4.99,8.63,10.21
03/05/09 03:00:00.0,0.73,4.99,8.63,10.21
03/05/09 04:00:00.0,0.73,5.4,8.63,9.82
03/05/09 05:00:00.0,-0.16,4.57,8.23,9.82
03/05/09 06:00:00.0,-1.06,4.57,8.23,9.82
03/05/09 07:00:00.0,-0.61,4.57,7.83,9.42
03/05/09 08:00:00.0,-0.16,4.57,7.83,9.42
03/05/09 09:00:00.0,2.03,5.81,7.83,9.42
03/05/09 10:00:00.0,4.15,7.03,8.23,9.03
03/05/09 11:00:00.0,6.22,8.63,8.63,9.03
03/05/09 12:00:00.0,12.16,12.93,9.42,9.42
03/05/09 13:00:00.0,15.62,16.76,10.6,9.82
03/05/09 14:00:00.0,18.28,22.86,12.16,10.21
03/05/09 15:00:00.0,19.42,24.01,13.32,10.6
03/05/09 16:00:00.0,22.86,20.95,14.09,10.99
03/05/09 17:00:00.0,19.42,17.52,14.47,11.77
03/05/09 18:00:00.0,17.14,14.47,14.09,11.77
03/05/09 19:00:00.0,9.42,11.38,13.32,12.16
03/05/09 20:00:00.0,0.29,8.23,12.16,11.77
03/05/09 21:00:00.0,-0.16,6.62,11.38,11.77
03/05/09 22:00:00.0,-0.61,5.81,10.6,11.38
03/05/09 23:00:00.0,-1.51,4.99,9.82,10.99
03/06/09 00:00:00.0,-3.37,4.15,9.42,10.6
03/06/09 01:00:00.0,-4.33,3.31,9.03,10.21
03/06/09 02:00:00.0,-2.9,3.74,8.63,10.21
03/06/09 03:00:00.0,-1.97,3.74,8.23,9.82
03/06/09 04:00:00.0,-2.44,3.74,8.23,9.82
03/06/09 05:00:00.0,-2.9,3.31,7.83,9.42
03/06/09 06:00:00.0,-4.82,2.46,7.83,9.42
03/06/09 07:00:00.0,-5.81,1.6,7.43,9.03
03/06/09 08:00:00.0,-3.85,2.03,7.03,9.03
03/06/09 09:00:00.0,3.31,4.15,7.03,8.63
03/06/09 10:00:00.0,11.38,6.62,7.03,8.63
03/06/09 11:00:00.0,18.66,10.21,8.23,8.63
03/06/09 12:00:00.0,22.86,15.23,9.42,9.03
03/06/09 13:00:00.0,23.63,20.19,11.38,9.42
03/06/09 14:00:00.0,24.4,27.52,12.93,10.21
03/06/09 15:00:00.0,25.17,27.12,14.09,10.99
03/06/09 16:00:00.0,24.01,23.63,14.85,11.38
03/06/09 17:00:00.0,29.5,19.42,14.85,11.77
03/06/09 18:00:00.0,29.1,15.62,14.85,12.16
03/06/09 19:00:00.0,16,12.93,14.09,12.16
03/06/09 20:00:00.0,3.74,9.03,13.32,12.16
03/06/09 21:00:00.0,0.73,7.03,12.16,12.16
03/06/09 22:00:00.0,-1.51,5.4,11.38,11.77
03/06/09 23:00:00.0,-2.44,4.57,10.6,11.38
03/07/09 00:00:00.0,-2.44,4.57,9.82,10.99
03/07/09 01:00:00.0,-1.97,4.57,9.42,10.6
03/07/09 02:00:00.0,-3.85,3.31,9.03,10.6
03/07/09 03:00:00.0,-1.06,4.15,8.63,10.21
03/07/09 04:00:00.0,1.17,4.57,8.63,9.82
03/07/09 05:00:00.0,3.31,4.99,8.23,9.82
03/07/09 06:00:00.0,3.74,4.99,8.23,9.42
03/07/09 07:00:00.0,3.31,4.99,8.23,9.42
03/07/09 08:00:00.0,4.99,5.4,8.23,9.42
03/07/09 09:00:00.0,10.6,7.43,8.23,9.42
03/07/09 10:00:00.0,15.62,9.42,8.63,9.03
03/07/09 11:00:00.0,19.04,12.55,9.03,9.42
03/07/09 12:00:00.0,21.71,16,9.82,9.42
03/07/09 13:00:00.0,24.79,22.09,11.38,9.82
03/07/09 14:00:00.0,18.66,20.57,12.55,10.21
03/07/09 15:00:00.0,26.73,27.52,12.93,10.99
03/07/09 16:00:00.0,26.73,25.17,14.09,11.38
03/07/09 17:00:00.0,25.17,20.95,14.47,11.77
03/07/09 18:00:00.0,16.76,16.76,14.09,12.16
03/07/09 19:00:00.0,13.32,13.32,13.7,12.16
03/07/09 20:00:00.0,6.62,10.6,12.93,12.16
03/07/09 21:00:00.0,4.15,8.63,12.16,11.77
03/07/09 22:00:00.0,1.17,6.62,11.38,11.77
03/07/09 23:00:00.0,0.29,5.81,10.6,11.38
03/08/09 00:00:00.0,-1.51,4.57,10.21,10.99
03/08/09 01:00:00.0,-2.44,3.74,9.82,10.99
03/08/09 02:00:00.0,3.31,6.22,9.42,10.6
03/08/09 03:00:00.0,2.89,6.62,9.42,10.21
03/08/09 04:00:00.0,-0.61,4.57,9.03,10.21
03/08/09 05:00:00.0,-1.06,4.57,9.03,10.21
03/08/09 06:00:00.0,-2.9,3.31,8.63,9.82
03/08/09 07:00:00.0,-3.85,2.89,8.23,9.82
03/08/09 08:00:00.0,-1.51,3.31,7.83,9.42
03/08/09 09:00:00.0,10.21,7.03,7.83,9.42
03/08/09 10:00:00.0,17.52,10.6,8.23,9.03
03/08/09 11:00:00.0,23.63,14.85,9.42,9.42
03/08/09 12:00:00.0,24.4,19.81,10.99,9.42
03/08/09 13:00:00.0,29.5,27.12,12.93,10.21
03/08/09 14:00:00.0,30.31,29.9,14.47,10.99
03/08/09 15:00:00.0,29.5,29.1,14.85,11.77
03/08/09 16:00:00.0,25.56,24.01,15.62,12.16
03/08/09 17:00:00.0,27.12,20.57,15.62,12.55
03/08/09 18:00:00.0,20.57,16.38,15.23,12.55
03/08/09 19:00:00.0,15.23,13.32,14.47,12.93
03/08/09 20:00:00.0,4.57,9.42,13.32,12.55
03/08/09 21:00:00.0,1.6,7.43,12.55,12.55
03/08/09 22:00:00.0,2.46,7.43,11.77,12.16
03/08/09 23:00:00.0,1.6,7.03,10.99,11.77
03/09/09 00:00:00.0,0.73,6.22,10.6,11.38
03/09/09 01:00:00.0,-1.06,4.57,10.21,10.99
03/09/09 02:00:00.0,-1.06,4.15,9.82,10.99
03/09/09 03:00:00.0,-1.06,4.57,9.42,10.6
03/09/09 04:00:00.0,0.73,4.99,9.03,10.21
03/09/09 05:00:00.0,6.22,6.62,9.03,10.21
03/09/09 06:00:00.0,6.62,7.03,9.03,9.82
03/09/09 07:00:00.0,7.03,7.03,9.03,9.82
03/09/09 08:00:00.0,8.63,7.83,9.03,9.82
03/09/09 09:00:00.0,12.93,9.82,9.42,9.82
03/09/09 10:00:00.0,16.38,12.16,9.42,9.82
03/09/09 11:00:00.0,20.57,15.23,10.21,9.82
03/09/09 12:00:00.0,28.31,20.19,10.99,10.21
03/09/09 13:00:00.0,27.12,23.63,12.16,10.6
03/09/09 14:00:00.0,28.7,30.71,13.32,10.99
03/09/09 15:00:00.0,33.59,34.85,14.85,11.77
03/09/09 16:00:00.0,32.76,29.1,15.62,12.16
03/09/09 17:00:00.0,18.66,19.81,16,12.55
03/09/09 18:00:00.0,29.9,19.42,15.62,12.93
03/09/09 19:00:00.0,14.09,15.62,15.23,12.93
03/09/09 20:00:00.0,8.23,11.77,14.09,12.93
03/09/09 21:00:00.0,4.57,9.42,13.32,12.93
03/09/09 22:00:00.0,2.89,7.83,12.55,12.55
03/09/09 23:00:00.0,1.17,6.62,11.77,12.16
03/10/09 00:00:00.0,4.99,8.23,11.38,12.16
03/10/09 01:00:00.0,0.73,5.81,10.99,11.77
03/10/09 02:00:00.0,0.73,5.81,10.6,11.38
03/10/09 03:00:00.0,0.73,5.4,10.21,11.38
03/10/09 04:00:00.0,1.17,5.4,9.82,10.99
03/10/09 05:00:00.0,5.4,6.62,9.42,10.6
03/10/09 06:00:00.0,6.22,7.03,9.42,10.6
03/10/09 07:00:00.0,2.46,5.81,9.42,10.21
03/10/09 08:00:00.0,4.99,7.03,9.42,10.21
03/10/09 09:00:00.0,14.09,10.21,9.42,10.21
03/10/09 10:00:00.0,20.19,13.32,9.82,10.21
03/10/09 11:00:00.0,27.12,17.52,10.6,10.21
03/10/09 12:00:00.0,19.42,17.52,12.16,10.6
03/10/09 13:00:00.0,18.28,16.38,12.55,10.99
03/10/09 14:00:00.0,15.62,13.7,12.55,11.38
03/10/09 15:00:00.0,14.09,12.93,12.16,11.38
03/10/09 16:00:00.0,13.32,13.7,12.16,11.38
03/10/09 17:00:00.0,19.04,15.62,12.16,11.38
03/10/09 18:00:00.0,24.01,16,12.93,11.77
03/10/09 19:00:00.0,14.09,12.55,13.32,11.77
03/10/09 20:00:00.0,9.82,10.21,12.55,11.77
03/10/09 21:00:00.0,9.42,9.82,12.16,11.77
03/10/09 22:00:00.0,6.22,8.63,11.77,11.77
03/10/09 23:00:00.0,9.03,9.82,11.38,11.38
03/11/09 00:00:00.0,7.43,9.03,10.99,11.38
03/11/09 01:00:00.0,6.62,8.63,10.99,11.38
03/11/09 02:00:00.0,4.99,7.43,10.6,10.99
03/11/09 03:00:00.0,7.43,8.63,10.21,10.99
03/11/09 04:00:00.0,6.62,8.63,10.21,10.99
03/11/09 05:00:00.0,5.4,7.83,10.21,10.6
03/11/09 06:00:00.0,3.31,6.62,9.82,10.6
03/11/09 07:00:00.0,4.15,6.62,9.82,10.6
03/11/09 08:00:00.0,7.43,8.23,9.42,10.21
03/11/09 09:00:00.0,13.7,10.99,9.82,10.21
03/11/09 10:00:00.0,17.14,14.09,10.21,10.21
03/11/09 11:00:00.0,24.01,19.04,11.38,10.6
03/11/09 12:00:00.0,27.12,20.19,12.93,10.99
03/11/09 13:00:00.0,29.5,23.63,14.09,11.38
03/11/09 14:00:00.0,21.33,17.9,14.47,11.77
03/11/09 15:00:00.0,22.09,20.19,14.47,12.16
03/11/09 16:00:00.0,19.81,16.76,14.47,12.55
03/11/09 17:00:00.0,19.04,16.76,14.47,12.55
03/11/09 18:00:00.0,15.62,15.23,14.09,12.55
03/11/09 19:00:00.0,14.47,13.7,13.7,12.55
03/11/09 20:00:00.0,9.42,11.38,13.32,12.55
03/11/09 21:00:00.0,9.03,10.99,12.55,12.55
03/11/09 22:00:00.0,8.63,10.6,12.16,12.16
03/11/09 23:00:00.0,7.83,10.21,11.77,12.16
03/12/09 00:00:00.0,7.43,9.82,11.77,11.77
03/12/09 01:00:00.0,7.43,9.42,11.38,11.77
03/12/09 02:00:00.0,7.43,9.42,10.99,11.77
03/12/09 03:00:00.0,9.42,9.42,10.99,11.38
03/12/09 04:00:00.0,10.21,9.42,10.99,11.38
03/12/09 05:00:00.0,10.21,9.82,10.6,11.38
03/12/09 06:00:00.0,9.42,9.42,10.6,10.99
03/12/09 07:00:00.0,9.82,9.42,10.6,10.99
03/12/09 08:00:00.0,10.99,10.21,10.6,10.99
03/12/09 09:00:00.0,14.85,13.32,10.6,10.99
03/12/09 10:00:00.0,16.76,14.85,10.99,10.99
03/12/09 11:00:00.0,18.66,16.38,11.38,10.99
03/12/09 12:00:00.0,19.81,17.52,11.77,10.99
03/12/09 13:00:00.0,25.56,23.63,12.55,11.38
03/12/09 14:00:00.0,16.38,17.52,12.93,11.77
03/12/09 15:00:00.0,13.7,14.09,12.55,11.77
03/12/09 16:00:00.0,10.99,12.16,12.55,11.77
03/12/09 17:00:00.0,11.38,12.16,12.16,11.77
03/12/09 18:00:00.0,11.77,12.16,11.77,11.77
03/12/09 19:00:00.0,12.93,12.16,11.77,11.77
03/12/09 20:00:00.0,8.23,10.99,11.77,11.77
03/12/09 21:00:00.0,9.03,10.6,11.38,11.77
03/12/09 22:00:00.0,7.43,10.21,11.38,11.38
03/12/09 23:00:00.0,9.42,10.21,10.99,11.38
03/13/09 00:00:00.0,9.82,10.21,10.99,11.38
03/13/09 01:00:00.0,9.82,10.21,10.99,11.38
03/13/09 02:00:00.0,9.82,10.21,10.99,11.38
03/13/09 03:00:00.0,9.42,9.82,10.6,10.99
03/13/09 04:00:00.0,9.42,9.82,10.6,10.99
03/13/09 05:00:00.0,9.82,10.21,10.6,10.99
03/13/09 06:00:00.0,9.82,10.21,10.6,10.99
03/13/09 07:00:00.0,9.82,10.21,10.6,10.99
03/13/09 08:00:00.0,10.21,10.6,10.6,10.99
03/13/09 09:00:00.0,12.55,11.38,10.6,10.99
03/13/09 10:00:00.0,17.14,13.32,10.99,10.99
03/13/09 11:00:00.0,22.48,15.62,11.77,10.99
03/13/09 12:00:00.0,21.71,16.76,12.55,11.38
03/13/09 13:00:00.0,23.63,19.04,13.32,11.77
03/13/09 14:00:00.0,23.63,19.81,14.09,12.16
03/13/09 15:00:00.0,20.57,20.95,14.47,12.16
03/13/09 16:00:00.0,20.57,18.66,14.85,12.55
03/13/09 17:00:00.0,17.14,17.14,14.85,12.93
03/13/09 18:00:00.0,14.85,15.62,14.47,12.93
03/13/09 19:00:00.0,12.55,14.09,14.09,12.93
03/13/09 20:00:00.0,11.38,13.32,13.7,12.93
03/13/09 21:00:00.0,9.82,12.55,13.32,12.93
03/13/09 22:00:00.0,9.82,11.77,12.93,12.93
03/13/09 23:00:00.0,9.03,11.38,12.55,12.55
03/14/09 00:00:00.0,7.03,10.21,12.16,12.55
03/14/09 01:00:00.0,8.23,10.21,11.77,12.16
03/14/09 02:00:00.0,9.82,10.6,11.77,12.16
03/14/09 03:00:00.0,10.21,10.99,11.77,12.16
03/14/09 04:00:00.0,10.6,11.38,11.77,11.77
03/14/09 05:00:00.0,10.6,10.99,11.77,11.77
03/14/09 06:00:00.0,10.6,10.99,11.38,11.77
03/14/09 07:00:00.0,10.21,10.99,11.38,11.77
03/14/09 08:00:00.0,10.6,10.99,11.38,11.77
03/14/09 09:00:00.0,10.99,11.77,11.38,11.77
03/14/09 10:00:00.0,11.38,12.16,11.38,11.77
03/14/09 11:00:00.0,10.6,11.77,11.38,11.77
03/14/09 12:00:00.0,10.6,11.38,11.38,11.77
03/14/09 13:00:00.0,14.47,13.7,11.38,11.77
03/14/09 14:00:00.0,11.77,12.93,11.77,11.77
03/14/09 15:00:00.0,10.99,12.16,11.77,11.77
03/14/09 16:00:00.0,9.42,9.82,10.99,11.38
03/14/09 17:00:00.0,10.6,10.21,10.6,10.99
03/14/09 18:00:00.0,9.42,10.99,10.6,10.99
03/14/09 19:00:00.0,9.82,10.6,10.6,10.99
03/14/09 20:00:00.0,9.42,10.21,10.6,10.99
03/14/09 21:00:00.0,8.63,9.82,10.6,10.99
03/14/09 22:00:00.0,7.03,9.03,10.6,10.99
03/14/09 23:00:00.0,4.57,7.83,10.21,10.99
03/15/09 00:00:00.0,3.74,7.43,9.82,10.99
03/15/09 01:00:00.0,2.89,6.62,9.82,10.6
03/15/09 02:00:00.0,0.29,5.81,9.42,10.6
03/15/09 03:00:00.0,-0.61,4.57,9.03,10.21
03/15/09 04:00:00.0,-1.51,4.15,8.63,10.21
03/15/09 05:00:00.0,-1.97,3.74,8.23,10.21
03/15/09 06:00:00.0,-1.51,3.31,8.23,9.82
03/15/09 07:00:00.0,-1.51,2.89,7.83,9.82
03/15/09 08:00:00.0,-1.06,2.89,7.83,9.42
03/15/09 09:00:00.0,0.73,4.15,7.43,9.42
03/15/09 10:00:00.0,3.31,5.81,7.43,9.03
03/15/09 11:00:00.0,4.57,6.62,7.83,9.03
03/15/09 12:00:00.0,5.4,7.83,7.83,9.03
03/15/09 13:00:00.0,6.62,9.42,8.23,9.03
03/15/09 14:00:00.0,9.03,10.99,8.23,9.03
03/15/09 15:00:00.0,9.42,12.55,8.63,9.03
03/15/09 16:00:00.0,5.4,8.63,9.03,9.42
03/15/09 17:00:00.0,4.57,7.43,9.03,9.42
03/15/09 18:00:00.0,6.22,7.43,8.63,9.42
03/15/09 19:00:00.0,2.89,5.81,8.63,9.42
03/15/09 20:00:00.0,1.6,4.57,8.23,9.42
03/15/09 21:00:00.0,1.17,4.57,7.83,9.03
03/15/09 22:00:00.0,1.6,4.99,7.83,9.03
03/15/09 23:00:00.0,1.6,4.57,7.83,9.03
03/16/09 00:00:00.0,1.6,4.57,7.43,8.63
03/16/09 01:00:00.0,1.17,4.15,7.43,8.63
03/16/09 02:00:00.0,0.73,3.74,7.43,8.63
03/16/09 03:00:00.0,0.73,3.31,7.03,8.63
03/16/09 04:00:00.0,1.6,4.15,7.03,8.23
03/16/09 05:00:00.0,1.17,4.15,7.03,8.23
03/16/09 06:00:00.0,1.6,3.74,7.03,8.23
03/16/09 07:00:00.0,1.6,4.15,7.03,8.23
03/16/09 08:00:00.0,2.03,4.15,7.03,8.23
03/16/09 09:00:00.0,3.74,4.99,6.62,7.83
03/16/09 10:00:00.0,4.15,5.4,7.03,7.83
03/16/09 11:00:00.0,10.21,7.83,7.03,7.83
03/16/09 12:00:00.0,14.09,11.38,7.43,8.23
03/16/09 13:00:00.0,13.7,14.47,8.23,8.23
03/16/09 14:00:00.0,14.47,17.14,9.03,8.63
03/16/09 15:00:00.0,17.14,18.66,9.82,9.03
03/16/09 16:00:00.0,8.63,10.6,10.21,9.42
03/16/09 17:00:00.0,6.22,9.03,9.82,9.42
03/16/09 18:00:00.0,5.4,8.23,9.42,9.42
03/16/09 19:00:00.0,3.74,7.43,9.03,9.42
03/16/09 20:00:00.0,2.89,6.62,8.63,9.42
03/16/09 21:00:00.0,2.46,6.22,8.63,9.03
03/16/09 22:00:00.0,2.46,5.81,8.23,9.03
03/16/09 23:00:00.0,2.03,5.81,7.83,9.03
03/17/09 00:00:00.0,0.29,4.57,7.83,8.63
03/17/09 01:00:00.0,0.29,4.57,7.43,8.63
03/17/09 02:00:00.0,-1.51,3.74,7.43,8.63
03/17/09 03:00:00.0,0.29,3.74,7.03,8.23
03/17/09 04:00:00.0,-2.44,2.89,7.03,8.23
03/17/09 05:00:00.0,-1.97,2.89,6.62,8.23
03/17/09 06:00:00.0,-1.97,2.89,6.62,7.83
03/17/09 07:00:00.0,-0.16,2.89,6.62,7.83
03/17/09 08:00:00.0,3.31,4.57,6.62,7.83
03/17/09 09:00:00.0,7.03,6.22,6.62,7.83
03/17/09 10:00:00.0,10.99,7.43,7.03,7.83
03/17/09 11:00:00.0,16,10.21,7.83,7.83
03/17/09 12:00:00.0,20.57,14.47,9.03,8.23
03/17/09 13:00:00.0,23.24,19.81,10.21,8.63
03/17/09 14:00:00.0,25.17,26.34,12.16,9.03
03/17/09 15:00:00.0,23.24,25.95,13.32,9.82
03/17/09 16:00:00.0,24.01,21.71,13.7,10.6
03/17/09 17:00:00.0,26.34,17.52,14.09,10.99
03/17/09 18:00:00.0,21.33,14.47,13.32,10.99
03/17/09 19:00:00.0,8.63,10.99,12.55,11.38
03/17/09 20:00:00.0,3.74,8.63,11.77,10.99
03/17/09 21:00:00.0,0.73,6.22,10.99,10.99
03/17/09 22:00:00.0,-1.06,4.99,10.21,10.6
03/17/09 23:00:00.0,-1.97,4.57,9.42,10.21
03/18/09 00:00:00.0,-2.9,3.74,9.03,9.82
03/18/09 01:00:00.0,-2.44,3.74,8.63,9.82
03/18/09 02:00:00.0,-1.51,3.74,8.23,9.42
03/18/09 03:00:00.0,1.17,4.57,7.83,9.03
03/18/09 04:00:00.0,2.89,4.99,7.83,9.03
03/18/09 05:00:00.0,0.73,4.57,7.83,9.03
03/18/09 06:00:00.0,-0.61,4.15,7.83,8.63
03/18/09 07:00:00.0,1.17,4.15,7.43,8.63
03/18/09 08:00:00.0,2.46,4.57,7.43,8.63
03/18/09 09:00:00.0,9.03,6.62,7.43,8.23
03/18/09 10:00:00.0,13.7,8.63,7.83,8.23
03/18/09 11:00:00.0,20.95,11.38,8.23,8.23
03/18/09 12:00:00.0,26.34,15.62,9.42,8.63
03/18/09 13:00:00.0,25.56,20.95,10.6,9.03
03/18/09 14:00:00.0,25.17,28.31,12.16,9.82
03/18/09 15:00:00.0,25.17,27.52,12.93,10.21
03/18/09 16:00:00.0,25.17,22.09,13.7,10.6
03/18/09 17:00:00.0,24.4,17.9,13.7,10.99
03/18/09 18:00:00.0,20.57,14.85,13.32,11.38
03/18/09 19:00:00.0,10.6,11.38,12.93,11.38
03/18/09 20:00:00.0,6.62,9.42,12.16,11.38
03/18/09 21:00:00.0,7.83,8.63,11.38,10.99
03/18/09 22:00:00.0,6.22,8.23,10.6,10.99
03/18/09 23:00:00.0,6.22,7.83,10.21,10.6
03/19/09 00:00:00.0,6.62,7.43,9.82,10.6
03/19/09 01:00:00.0,7.03,7.03,9.82,10.21
03/19/09 02:00:00.0,7.83,7.03,9.42,10.21
03/19/09 03:00:00.0,7.83,7.03,9.03,9.82
03/19/09 04:00:00.0,7.83,7.03,9.03,9.82
03/19/09 05:00:00.0,7.83,7.03,9.03,9.42
03/19/09 06:00:00.0,8.63,7.43,8.63,9.42
03/19/09 07:00:00.0,7.83,6.62,8.63,9.42
03/19/09 08:00:00.0,7.43,6.62,8.63,9.42
03/19/09 09:00:00.0,7.03,7.03,8.63,9.03
03/19/09 10:00:00.0,12.16,9.42,8.63,9.03
03/19/09 11:00:00.0,19.81,11.77,8.63,9.03
03/19/09 12:00:00.0,22.09,16.76,9.42,9.42
03/19/09 13:00:00.0,24.4,21.71,10.6,9.42
03/19/09 14:00:00.0,24.79,31.12,11.77,9.82
03/19/09 15:00:00.0,28.31,29.9,13.32,10.6
03/19/09 16:00:00.0,31.12,23.63,14.09,10.99
03/19/09 17:00:00.0,27.12,19.04,14.09,11.38
03/19/09 18:00:00.0,24.01,16.38,13.7,11.77
03/19/09 19:00:00.0,13.32,12.55,13.32,11.77
03/19/09 20:00:00.0,4.15,8.63,12.55,11.77
03/19/09 21:00:00.0,2.03,7.03,11.38,11.38
03/19/09 22:00:00.0,1.6,7.03,10.99,11.38
03/19/09 23:00:00.0,1.6,6.62,10.21,10.99
03/20/09 00:00:00.0,0.29,5.4,9.82,10.6
03/20/09 01:00:00.0,-0.16,4.99,9.42,10.6
03/20/09 02:00:00.0,-0.61,4.57,9.42,10.21
03/20/09 03:00:00.0,-0.16,4.57,9.03,9.82
03/20/09 04:00:00.0,-0.61,4.57,8.63,9.82
03/20/09 05:00:00.0,-1.06,4.15,8.63,9.42
03/20/09 06:00:00.0,-1.06,3.74,8.23,9.42
03/20/09 07:00:00.0,-1.51,3.31,8.23,9.42
03/20/09 08:00:00.0,1.6,4.99,7.83,9.03
03/20/09 09:00:00.0,12.16,7.83,7.83,9.03
03/20/09 10:00:00.0,19.81,10.6,8.63,9.03
03/20/09 11:00:00.0,23.24,13.32,9.03,9.03
03/20/09 12:00:00.0,27.52,18.28,10.21,9.42
03/20/09 13:00:00.0,29.5,24.4,11.38,9.82
03/20/09 14:00:00.0,29.5,33.17,12.55,10.21
03/20/09 15:00:00.0,29.5,30.71,13.7,10.99
03/20/09 16:00:00.0,32.34,24.4,14.09,11.38
03/20/09 17:00:00.0,22.48,17.9,14.47,11.77
03/20/09 18:00:00.0,24.79,16,14.09,11.77
03/20/09 19:00:00.0,14.47,12.55,13.32,12.16
03/20/09 20:00:00.0,5.4,9.03,12.55,11.77
03/20/09 21:00:00.0,3.74,7.83,11.77,11.77
03/20/09 22:00:00.0,1.6,6.22,10.99,11.38
03/20/09 23:00:00.0,2.03,6.62,10.6,10.99
03/21/09 00:00:00.0,2.03,6.62,10.21,10.99
03/21/09 01:00:00.0,2.03,6.22,9.82,10.6
03/21/09 02:00:00.0,0.29,4.99,9.42,10.6
03/21/09 03:00:00.0,1.17,5.81,9.42,10.21
03/21/09 04:00:00.0,-0.61,4.57,9.03,10.21
03/21/09 05:00:00.0,0.29,4.57,8.63,9.82
03/21/09 06:00:00.0,-1.06,3.74,8.63,9.82
03/21/09 07:00:00.0,-0.16,4.15,8.23,9.42
03/21/09 08:00:00.0,1.6,4.99,8.23,9.42
03/21/09 09:00:00.0,12.16,8.63,8.23,9.42
03/21/09 10:00:00.0,18.66,11.38,8.63,9.42
03/21/09 11:00:00.0,25.17,14.47,9.42,9.42
03/21/09 12:00:00.0,27.91,19.04,10.6,9.42
03/21/09 13:00:00.0,29.5,25.17,11.77,10.21
03/21/09 14:00:00.0,31.12,34.43,12.93,10.6
03/21/09 15:00:00.0,31.52,30.31,13.7,10.99
03/21/09 16:00:00.0,30.71,24.01,14.47,11.38
03/21/09 17:00:00.0,27.52,17.9,14.47,11.77
03/21/09 18:00:00.0,24.79,16.38,14.09,12.16
03/21/09 19:00:00.0,13.7,12.93,13.32,12.16
03/21/09 20:00:00.0,9.03,10.21,12.55,12.16
03/21/09 21:00:00.0,6.22,9.42,12.16,11.77
03/21/09 22:00:00.0,10.6,9.42,11.38,11.77
03/21/09 23:00:00.0,10.6,9.42,11.38,11.38
03/22/09 00:00:00.0,10.21,9.42,10.99,11.38
03/22/09 01:00:00.0,7.03,8.63,10.6,10.99
03/22/09 02:00:00.0,9.82,9.03,10.6,10.99
03/22/09 03:00:00.0,10.6,9.03,10.21,10.6
03/22/09 04:00:00.0,10.99,9.03,10.21,10.6
03/22/09 05:00:00.0,10.99,9.03,10.21,10.6
03/22/09 06:00:00.0,10.99,9.03,10.21,10.6
03/22/09 07:00:00.0,10.21,9.03,9.82,10.21
03/22/09 08:00:00.0,12.16,9.82,9.82,10.21
03/22/09 09:00:00.0,10.6,9.82,9.82,10.21
03/22/09 10:00:00.0,9.03,9.42,9.82,10.21
03/22/09 11:00:00.0,8.63,9.03,9.82,10.21
03/22/09 12:00:00.0,14.09,11.38,9.82,10.21
03/22/09 13:00:00.0,22.86,19.04,10.6,10.21
03/22/09 14:00:00.0,19.81,20.19,11.77,10.6
03/22/09 15:00:00.0,19.81,18.66,12.55,10.99
03/22/09 16:00:00.0,23.63,18.66,12.93,10.99
03/22/09 17:00:00.0,20.19,15.62,13.32,11.38
03/22/09 18:00:00.0,19.42,13.7,12.93,11.77
03/22/09 19:00:00.0,11.77,11.38,12.55,11.77
03/22/09 20:00:00.0,9.42,10.21,11.77,11.77
03/22/09 21:00:00.0,9.03,9.82,11.38,11.38
03/22/09 22:00:00.0,7.83,9.42,10.99,11.38
03/22/09 23:00:00.0,9.03,9.03,10.99,10.99
03/23/09 00:00:00.0,9.42,9.03,10.6,10.99
03/23/09 01:00:00.0,9.03,9.03,10.6,10.99
03/23/09 02:00:00.0,10.6,9.03,10.21,10.6
03/23/09 03:00:00.0,10.21,9.03,10.21,10.6
03/23/09 04:00:00.0,10.6,9.03,10.21,10.6
03/23/09 05:00:00.0,10.6,9.42,10.21,10.6
03/23/09 06:00:00.0,10.6,9.03,10.21,10.6
03/23/09 07:00:00.0,10.21,9.03,10.21,10.21
03/23/09 08:00:00.0,10.21,9.03,9.82,10.21
03/23/09 09:00:00.0,12.55,9.82,9.82,10.21
03/23/09 10:00:00.0,15.23,10.99,10.21,10.21
03/23/09 11:00:00.0,19.42,12.93,10.21,10.21
03/23/09 12:00:00.0,21.71,16.76,10.99,10.21
03/23/09 13:00:00.0,24.01,20.95,11.77,10.6
03/23/09 14:00:00.0,25.56,26.73,12.93,10.99
03/23/09 15:00:00.0,25.95,24.79,13.32,11.38
03/23/09 16:00:00.0,26.34,20.57,14.09,11.77
03/23/09 17:00:00.0,26.34,17.52,14.09,12.16
03/23/09 18:00:00.0,22.48,15.23,14.09,12.16
03/23/09 19:00:00.0,12.93,12.55,13.32,12.16
03/23/09 20:00:00.0,7.03,10.21,12.93,12.16
03/23/09 21:00:00.0,3.31,7.83,12.16,12.16
03/23/09 22:00:00.0,2.89,7.43,11.38,11.77
03/23/09 23:00:00.0,4.99,7.83,10.99,11.38
03/24/09 00:00:00.0,5.81,7.83,10.6,11.38
03/24/09 01:00:00.0,7.83,7.83,10.21,10.99
03/24/09 02:00:00.0,8.23,7.83,10.21,10.99
03/24/09 03:00:00.0,8.23,7.83,10.21,10.6
03/24/09 04:00:00.0,8.23,7.43,9.82,10.6
03/24/09 05:00:00.0,7.43,7.43,9.82,10.6
03/24/09 06:00:00.0,7.03,7.03,9.42,10.21
03/24/09 07:00:00.0,7.03,6.62,9.42,10.21
03/24/09 08:00:00.0,8.23,6.62,9.42,10.21
03/24/09 09:00:00.0,11.38,7.83,9.03,10.21
03/24/09 10:00:00.0,14.47,9.42,9.03,9.82
03/24/09 11:00:00.0,17.14,11.38,9.42,9.82
03/24/09 12:00:00.0,20.19,15.62,9.82,9.82
03/24/09 13:00:00.0,22.48,20.95,10.6,10.21
03/24/09 14:00:00.0,26.73,27.91,11.77,10.21
03/24/09 15:00:00.0,19.04,17.9,12.55,10.99
03/24/09 16:00:00.0,17.14,17.14,12.55,10.99
03/24/09 17:00:00.0,16,14.47,12.55,11.38
03/24/09 18:00:00.0,17.14,14.09,12.16,11.38
03/24/09 19:00:00.0,12.55,11.38,11.77,11.38
03/24/09 20:00:00.0,12.16,10.99,11.38,11.38
03/24/09 21:00:00.0,11.38,10.21,10.99,11.38
03/24/09 22:00:00.0,10.21,9.82,10.99,10.99
03/24/09 23:00:00.0,9.03,9.42,10.6,10.99
03/25/09 00:00:00.0,8.63,9.42,10.6,10.99
03/25/09 01:00:00.0,8.23,9.42,10.21,10.6
03/25/09 02:00:00.0,8.63,9.03,10.21,10.6
03/25/09 03:00:00.0,9.42,9.42,10.21,10.6
03/25/09 04:00:00.0,10.21,9.42,10.21,10.6
03/25/09 05:00:00.0,9.82,9.42,10.21,10.21
03/25/09 06:00:00.0,11.38,9.03,9.82,10.21
03/25/09 07:00:00.0,7.83,8.23,9.82,10.21
03/25/09 08:00:00.0,9.03,8.63,9.82,10.21
03/25/09 09:00:00.0,10.21,9.82,9.82,10.21
03/25/09 10:00:00.0,10.6,10.21,9.82,10.21
03/25/09 11:00:00.0,10.6,10.6,10.21,10.21
03/25/09 12:00:00.0,12.16,12.55,10.21,10.21
03/25/09 13:00:00.0,10.6,11.77,10.6,10.21
03/25/09 14:00:00.0,10.99,12.16,10.6,10.6
03/25/09 15:00:00.0,9.42,10.6,10.99,10.6
03/25/09 16:00:00.0,9.82,10.6,10.21,10.6
03/25/09 17:00:00.0,10.21,10.6,10.21,10.6
03/25/09 18:00:00.0,9.42,10.6,10.21,10.6
03/25/09 19:00:00.0,8.63,9.82,10.21,10.6
03/25/09 20:00:00.0,9.03,9.82,10.21,10.6
03/25/09 21:00:00.0,8.23,9.42,10.21,10.6
03/25/09 22:00:00.0,7.83,9.03,10.21,10.21
03/25/09 23:00:00.0,8.23,9.03,10.21,10.21
03/26/09 00:00:00.0,8.23,9.03,9.82,10.21
03/26/09 01:00:00.0,7.83,9.03,9.82,10.21
03/26/09 02:00:00.0,7.83,8.63,9.82,10.21
03/26/09 03:00:00.0,7.83,8.63,9.82,10.21
03/26/09 04:00:00.0,7.83,8.63,9.82,10.21
03/26/09 05:00:00.0,8.63,8.63,9.82,10.21
03/26/09 06:00:00.0,8.63,8.63,9.82,10.21
03/26/09 07:00:00.0,9.03,8.63,9.82,9.82
03/26/09 08:00:00.0,10.21,8.63,9.42,9.82
03/26/09 09:00:00.0,12.16,9.42,9.82,9.82
03/26/09 10:00:00.0,12.93,10.6,9.82,9.82
03/26/09 11:00:00.0,17.14,12.16,9.82,9.82
03/26/09 12:00:00.0,18.66,14.47,10.6,10.21
03/26/09 13:00:00.0,19.42,17.14,11.38,10.21
03/26/09 14:00:00.0,21.33,19.81,11.77,10.6
03/26/09 15:00:00.0,22.09,21.33,12.55,10.99
03/26/09 16:00:00.0,16.38,16.38,13.32,11.38
03/26/09 17:00:00.0,21.71,14.85,12.93,11.38
03/26/09 18:00:00.0,12.93,12.93,12.55,11.77
03/26/09 19:00:00.0,9.82,10.99,12.16,11.77
03/26/09 20:00:00.0,6.62,9.42,11.77,11.38
03/26/09 21:00:00.0,2.46,7.83,10.99,11.38
03/26/09 22:00:00.0,-0.61,5.81,10.6,10.99
03/26/09 23:00:00.0,-1.51,5.4,9.82,10.99
03/27/09 00:00:00.0,-0.61,5.4,9.42,10.6
03/27/09 01:00:00.0,-2.9,4.15,9.42,10.21
03/27/09 02:00:00.0,2.03,4.99,9.03,10.21
03/27/09 03:00:00.0,2.03,5.4,8.63,9.82
03/27/09 04:00:00.0,-1.51,4.57,8.63,9.82
03/27/09 05:00:00.0,-4.82,2.89,8.23,9.42
03/27/09 06:00:00.0,0.29,4.99,7.83,9.42
03/27/09 07:00:00.0,0.73,4.99,7.83,9.42
03/27/09 08:00:00.0,-1.06,4.15,7.83,9.03
03/27/09 09:00:00.0,2.89,5.4,7.83,9.03
03/27/09 10:00:00.0,13.32,7.83,7.83,9.03
03/27/09 11:00:00.0,19.04,10.21,8.63,9.03
03/27/09 12:00:00.0,22.09,13.7,9.82,9.03
03/27/09 13:00:00.0,24.79,18.28,10.6,9.42
03/27/09 14:00:00.0,26.34,24.4,11.77,9.82
03/27/09 15:00:00.0,25.56,22.48,12.93,10.6
03/27/09 16:00:00.0,27.12,18.66,13.7,10.99
03/27/09 17:00:00.0,23.63,16.76,13.7,11.38
03/27/09 18:00:00.0,21.33,14.47,13.7,11.77
03/27/09 19:00:00.0,7.43,10.6,12.93,11.77
03/27/09 20:00:00.0,2.46,7.83,12.16,11.77
03/27/09 21:00:00.0,0.29,6.22,11.38,11.38
03/27/09 22:00:00.0,-0.61,5.4,10.6,10.99
03/27/09 23:00:00.0,-1.97,4.57,9.82,10.99
03/28/09 00:00:00.0,-2.9,3.74,9.42,10.6
03/28/09 01:00:00.0,-2.9,3.74,9.03,10.21
03/28/09 02:00:00.0,-3.37,3.31,8.63,10.21
03/28/09 03:00:00.0,-3.85,2.89,8.23,9.82
03/28/09 04:00:00.0,-1.51,3.74,8.23,9.42
03/28/09 05:00:00.0,1.6,4.15,7.83,9.42
03/28/09 06:00:00.0,1.17,4.57,7.83,9.03
03/28/09 07:00:00.0,3.74,4.99,7.83,9.03
03/28/09 08:00:00.0,3.74,4.99,7.83,9.03
03/28/09 09:00:00.0,9.42,6.62,7.83,9.03
03/28/09 10:00:00.0,15.23,8.63,8.23,9.03
03/28/09 11:00:00.0,20.57,10.99,8.63,9.03
03/28/09 12:00:00.0,24.01,14.85,9.42,9.03
03/28/09 13:00:00.0,24.4,19.04,10.6,9.42
03/28/09 14:00:00.0,27.12,24.79,11.77,9.82
03/28/09 15:00:00.0,24.01,21.71,12.93,10.21
03/28/09 16:00:00.0,27.91,19.42,13.32,10.99
03/28/09 17:00:00.0,27.12,16.76,13.7,11.38
03/28/09 18:00:00.0,20.95,14.09,13.32,11.38
03/28/09 19:00:00.0,9.82,10.99,12.93,11.77
03/28/09 20:00:00.0,3.74,8.23,12.16,11.38
03/28/09 21:00:00.0,2.03,7.03,11.38,11.38
03/28/09 22:00:00.0,1.17,6.22,10.6,10.99
03/28/09 23:00:00.0,-0.61,5.4,10.21,10.99
03/29/09 00:00:00.0,-0.61,4.99,9.82,10.6
03/29/09 01:00:00.0,-0.61,4.99,9.42,10.21
03/29/09 02:00:00.0,3.31,5.81,9.03,10.21
03/29/09 03:00:00.0,4.99,6.22,9.03,9.82
03/29/09 04:00:00.0,6.62,6.62,9.03,9.82
03/29/09 05:00:00.0,6.62,6.62,9.03,9.82
03/29/09 06:00:00.0,7.03,6.62,9.03,9.42
03/29/09 07:00:00.0,6.22,6.22,8.63,9.42
03/29/09 08:00:00.0,7.03,6.22,8.63,9.42
03/29/09 09:00:00.0,11.38,7.43,8.63,9.42
03/29/09 10:00:00.0,15.62,9.42,8.63,9.42
03/29/09 11:00:00.0,20.57,11.38,9.42,9.42
03/29/09 12:00:00.0,27.52,15.62,10.21,9.42
03/29/09 13:00:00.0,27.91,20.57,11.38,9.82
03/29/09 14:00:00.0,29.9,27.91,12.93,10.21
03/29/09 15:00:00.0,31.52,25.56,13.7,10.99
03/29/09 16:00:00.0,29.5,20.95,14.47,11.38
03/29/09 17:00:00.0,28.7,17.9,14.85,11.77
03/29/09 18:00:00.0,19.42,14.85,14.09,12.16
03/29/09 19:00:00.0,10.99,11.77,13.32,12.16
03/29/09 20:00:00.0,8.63,10.21,12.55,12.16
03/29/09 21:00:00.0,5.81,9.03,11.77,11.77
03/29/09 22:00:00.0,6.62,8.63,11.38,11.38
03/29/09 23:00:00.0,5.4,7.83,10.99,11.38
03/30/09 00:00:00.0,4.15,7.43,10.6,10.99
03/30/09 01:00:00.0,0.73,5.81,10.21,10.99
03/30/09 02:00:00.0,2.89,6.22,9.82,10.6
03/30/09 03:00:00.0,3.74,6.62,9.42,10.21
03/30/09 04:00:00.0,2.46,6.22,9.42,10.21
03/30/09 05:00:00.0,2.03,5.81,9.03,10.21
03/30/09 06:00:00.0,2.03,5.81,9.03,9.82
03/30/09 07:00:00.0,0.29,4.99,8.63,9.82
03/30/09 08:00:00.0,1.17,5.4,8.63,9.82
03/30/09 09:00:00.0,10.21,7.83,8.63,9.42
03/30/09 10:00:00.0,17.9,10.6,9.03,9.42
03/30/09 11:00:00.0,24.01,13.7,9.82,9.42
03/30/09 12:00:00.0,26.34,17.52,10.99,9.82
03/30/09 13:00:00.0,27.12,22.48,12.55,10.21
03/30/09 14:00:00.0,30.31,27.91,13.7,10.99
03/30/09 15:00:00.0,28.7,24.79,14.47,11.38
03/30/09 16:00:00.0,24.79,20.19,14.85,11.77
03/30/09 17:00:00.0,20.95,16.76,14.85,12.16
03/30/09 18:00:00.0,16.76,14.09,14.09,12.16
03/30/09 19:00:00.0,8.63,10.99,13.7,12.16
03/30/09 20:00:00.0,6.62,9.82,12.55,12.16
03/30/09 21:00:00.0,6.22,9.03,12.16,11.77
03/30/09 22:00:00.0,5.81,9.03,11.38,11.77
03/30/09 23:00:00.0,5.4,8.63,10.99,11.38
03/31/09 00:00:00.0,5.81,8.23,10.99,11.38
03/31/09 01:00:00.0,6.62,8.63,10.6,10.99
03/31/09 02:00:00.0,1.17,6.62,10.21,10.99
03/31/09 03:00:00.0,0.29,5.81,9.82,10.6
03/31/09 04:00:00.0,-0.16,5.81,9.82,10.6
03/31/09 05:00:00.0,1.17,5.81,9.42,10.21
03/31/09 06:00:00.0,2.46,5.81,9.03,10.21
03/31/09 07:00:00.0,0.73,5.4,9.03,9.82
03/31/09 08:00:00.0,-0.16,4.57,8.63,9.82
03/31/09 09:00:00.0,6.22,6.62,8.63,9.82
03/31/09 10:00:00.0,14.47,9.82,9.03,9.42
03/31/09 11:00:00.0,20.19,13.7,9.82,9.82
03/31/09 12:00:00.0,24.01,17.52,10.99,9.82
03/31/09 13:00:00.0,26.34,23.24,12.55,10.21
03/31/09 14:00:00.0,29.1,29.1,13.7,10.99
03/31/09 15:00:00.0,30.31,25.56,14.47,11.38
03/31/09 16:00:00.0,25.56,20.19,15.23,11.77
03/31/09 17:00:00.0,20.95,17.52,15.23,12.16
03/31/09 18:00:00.0,17.52,14.47,14.47,12.55
03/31/09 19:00:00.0,8.23,11.38,14.09,12.55
03/31/09 20:00:00.0,4.15,8.63,12.93,12.55
03/31/09 21:00:00.0,1.6,7.03,12.16,12.16
03/31/09 22:00:00.0,3.74,7.43,11.38,11.77
03/31/09 23:00:00.0,2.03,6.62,10.99,11.38
04/01/09 00:00:00.0,-0.61,5.4,10.6,11.38
04/01/09 01:00:00.0,-1.06,4.57,9.82,10.99
04/01/09 02:00:00.0,-2.44,3.74,9.42,10.6
04/01/09 03:00:00.0,-2.44,3.31,9.42,10.6
04/01/09 04:00:00.0,-2.9,3.31,9.03,10.21
04/01/09 05:00:00.0,-3.37,2.89,8.63,9.82
04/01/09 06:00:00.0,-2.44,3.31,8.23,9.82
04/01/09 07:00:00.0,-3.85,2.46,8.23,9.42
04/01/09 08:00:00.0,-2.44,2.89,7.83,9.42
04/01/09 09:00:00.0,7.03,5.81,7.83,9.03
04/01/09 10:00:00.0,15.23,9.42,8.23,9.03
04/01/09 11:00:00.0,20.57,12.93,9.03,9.03
04/01/09 12:00:00.0,25.56,17.14,10.21,9.42
04/01/09 13:00:00.0,28.7,23.24,11.77,9.82
04/01/09 14:00:00.0,27.91,29.9,13.32,10.21
04/01/09 15:00:00.0,27.52,25.56,14.09,10.99
04/01/09 16:00:00.0,28.31,21.33,14.85,11.38
04/01/09 17:00:00.0,27.52,17.9,14.85,11.77
04/01/09 18:00:00.0,20.19,14.85,14.09,12.16
04/01/09 19:00:00.0,9.03,11.38,13.32,12.16
04/01/09 20:00:00.0,5.81,9.42,12.55,12.16
04/01/09 21:00:00.0,3.74,7.83,11.77,11.77
04/01/09 22:00:00.0,2.46,6.62,11.38,11.38
04/01/09 23:00:00.0,1.6,6.22,10.6,11.38
04/02/09 00:00:00.0,1.17,5.81,10.21,10.99
04/02/09 01:00:00.0,0.29,5.4,9.82,10.6
04/02/09 02:00:00.0,0.73,5.4,9.42,10.6
04/02/09 03:00:00.0,1.17,5.81,9.42,10.21
04/02/09 04:00:00.0,1.6,5.4,9.03,10.21
04/02/09 05:00:00.0,0.73,5.4,9.03,9.82
04/02/09 06:00:00.0,0.29,4.57,8.63,9.82
04/02/09 07:00:00.0,-0.16,4.15,8.63,9.82
04/02/09 08:00:00.0,0.29,4.57,8.23,9.42
04/02/09 09:00:00.0,9.03,7.43,8.23,9.42
04/02/09 10:00:00.0,16.38,10.99,8.63,9.42
04/02/09 11:00:00.0,21.33,14.09,9.42,9.42
04/02/09 12:00:00.0,27.91,18.28,10.99,9.82
04/02/09 13:00:00.0,29.1,20.95,11.38,10.21
04/02/09 14:00:00.0,31.12,29.5,12.55,10.6
04/02/09 15:00:00.0,29.1,27.12,13.7,10.99
04/02/09 16:00:00.0,32.76,24.01,14.47,11.38
04/02/09 17:00:00.0,28.31,20.95,14.85,11.77
04/02/09 18:00:00.0,19.04,16.76,14.47,12.16
04/02/09 19:00:00.0,11.77,12.93,14.09,12.16
04/02/09 20:00:00.0,6.22,9.42,12.93,12.16
04/02/09 21:00:00.0,5.4,9.03,12.16,12.16
04/02/09 22:00:00.0,5.4,9.03,11.77,11.77
04/02/09 23:00:00.0,4.57,8.23,11.38,11.38
04/03/09 00:00:00.0,9.42,9.42,10.99,11.38
04/03/09 01:00:00.0,11.38,10.6,10.99,10.99
04/03/09 02:00:00.0,11.38,10.99,10.99,10.99
04/03/09 03:00:00.0,11.38,10.99,10.99,10.99
04/03/09 04:00:00.0,11.38,10.99,10.99,10.99
04/03/09 05:00:00.0,11.38,11.38,10.99,10.99
04/03/09 06:00:00.0,11.38,11.38,10.99,10.99
04/03/09 07:00:00.0,10.99,10.99,10.99,10.99
04/03/09 08:00:00.0,10.99,10.99,10.99,10.99
04/03/09 09:00:00.0,10.99,11.38,10.99,10.99
04/03/09 10:00:00.0,11.38,11.38,10.99,10.99
04/03/09 11:00:00.0,11.77,11.77,10.99,10.99
04/03/09 12:00:00.0,11.38,11.77,10.99,10.99
04/03/09 13:00:00.0,12.16,11.77,10.99,10.99
04/03/09 14:00:00.0,11.77,11.77,10.99,10.99
04/03/09 15:00:00.0,11.77,11.77,10.99,10.99
04/03/09 16:00:00.0,8.63,8.23,10.99,10.99
04/03/09 17:00:00.0,10.21,9.82,9.82,10.21
04/03/09 18:00:00.0,10.99,10.99,10.21,10.21
04/03/09 19:00:00.0,10.21,10.6,10.21,10.21
04/03/09 20:00:00.0,10.21,10.6,10.21,10.21
04/03/09 21:00:00.0,10.21,10.6,10.21,10.6
04/03/09 22:00:00.0,9.42,9.42,9.82,10.21
04/03/09 23:00:00.0,7.03,9.03,10.21,10.21
04/04/09 00:00:00.0,6.62,8.63,9.82,10.21
04/04/09 01:00:00.0,6.22,8.63,9.82,10.21
04/04/09 02:00:00.0,4.57,8.63,9.82,10.21
04/04/09 03:00:00.0,1.6,7.03,9.82,10.21
04/04/09 04:00:00.0,0.29,6.22,9.42,10.21
04/04/09 05:00:00.0,-0.16,5.81,9.03,9.82
04/04/09 06:00:00.0,-0.61,4.99,8.63,9.82
04/04/09 07:00:00.0,-0.61,4.99,8.63,9.82
04/04/09 08:00:00.0,-0.61,4.99,8.23,9.42
04/04/09 09:00:00.0,0.29,4.99,8.23,9.42
04/04/09 10:00:00.0,3.31,6.22,8.23,9.42
04/04/09 11:00:00.0,7.43,8.63,8.63,9.03
04/04/09 12:00:00.0,12.55,11.38,9.82,9.42
04/04/09 13:00:00.0,16.38,16,10.99,9.82
04/04/09 14:00:00.0,21.71,19.04,12.16,10.21
04/04/09 15:00:00.0,21.71,17.9,13.32,10.6
04/04/09 16:00:00.0,12.16,13.32,13.32,10.99
04/04/09 17:00:00.0,10.21,11.77,12.93,11.38
04/04/09 18:00:00.0,7.43,10.6,12.16,11.38
04/04/09 19:00:00.0,4.57,9.03,11.77,10.99
04/04/09 20:00:00.0,1.6,7.83,10.99,10.99
04/04/09 21:00:00.0,-1.51,5.4,10.6,10.99
04/04/09 22:00:00.0,-2.44,4.57,9.82,10.6
04/04/09 23:00:00.0,-3.85,3.74,9.42,10.21
04/05/09 00:00:00.0,-4.33,3.31,8.63,9.82
04/05/09 01:00:00.0,-3.37,3.74,8.23,9.82
04/05/09 02:00:00.0,-0.16,3.74,8.23,9.42
04/05/09 02:00:00.0,-0.61,3.74,7.83,9.42
04/05/09 03:00:00.0,-0.16,4.15,7.83,9.03
04/05/09 04:00:00.0,1.17,4.15,7.83,9.03
04/05/09 05:00:00.0,0.73,4.15,7.43,8.63
04/05/09 06:00:00.0,-0.61,3.74,7.43,8.63
04/05/09 07:00:00.0,1.17,4.15,7.43,8.63
04/05/09 08:00:00.0,4.15,4.99,7.43,8.63
04/05/09 09:00:00.0,9.03,6.62,7.43,8.23
04/05/09 10:00:00.0,11.77,8.23,7.83,8.23
04/05/09 11:00:00.0,14.47,10.6,8.23,8.63
04/05/09 12:00:00.0,17.9,15.62,9.42,8.63
04/05/09 13:00:00.0,17.9,17.52,10.21,9.03
04/05/09 14:00:00.0,15.23,16,10.99,9.42
04/05/09 15:00:00.0,17.9,14.09,11.38,9.82
04/05/09 16:00:00.0,16.76,12.16,11.38,10.21
04/05/09 17:00:00.0,7.43,9.82,10.99,10.21
04/05/09 18:00:00.0,5.81,8.63,10.21,10.21
04/05/09 19:00:00.0,-0.61,5.81,9.82,10.21
04/05/09 20:00:00.0,-1.97,4.57,9.42,9.82
04/05/09 21:00:00.0,-0.16,4.99,8.63,9.42
04/05/09 22:00:00.0,1.6,5.81,8.63,9.42
04/05/09 23:00:00.0,1.6,5.81,8.23,9.42
04/06/09 00:00:00.0,-1.97,4.15,8.23,9.03
04/06/09 01:00:00.0,-2.44,3.31,7.83,9.03
04/06/09 02:00:00.0,-2.9,2.89,7.43,8.63
04/06/09 03:00:00.0,1.17,4.57,7.43,8.63
04/06/09 04:00:00.0,0.73,4.57,7.43,8.23
04/06/09 05:00:00.0,-0.16,4.57,7.43,8.23
04/06/09 06:00:00.0,-1.06,4.15,7.43,8.23
04/06/09 07:00:00.0,-1.06,4.15,7.03,8.23
04/06/09 08:00:00.0,-0.16,4.15,7.03,8.23
04/06/09 09:00:00.0,5.4,5.4,7.03,8.23
04/06/09 10:00:00.0,7.83,7.43,7.43,7.83
04/06/09 11:00:00.0,16.38,10.6,8.63,8.23
04/06/09 12:00:00.0,16.38,15.62,9.82,8.63
04/06/09 13:00:00.0,20.95,18.66,10.99,9.03
04/06/09 14:00:00.0,20.19,17.52,11.77,9.42
04/06/09 15:00:00.0,19.42,14.47,12.55,9.82
04/06/09 16:00:00.0,17.52,12.16,12.55,10.21
04/06/09 17:00:00.0,10.6,9.82,12.16,10.6
04/06/09 18:00:00.0,-0.61,6.62,10.99,10.21
04/06/09 19:00:00.0,-1.97,4.99,10.21,10.21
04/06/09 20:00:00.0,-1.97,4.15,9.42,9.82
04/06/09 21:00:00.0,-1.51,4.57,9.03,9.82
04/06/09 22:00:00.0,-3.37,3.74,8.63,9.42
04/06/09 23:00:00.0,-3.37,3.31,7.83,9.03
04/07/09 00:00:00.0,-3.85,2.89,7.83,9.03
04/07/09 01:00:00.0,-2.44,2.89,7.43,8.63
04/07/09 02:00:00.0,-1.51,2.46,7.03,8.63
04/07/09 03:00:00.0,-1.97,2.89,7.03,8.23
04/07/09 04:00:00.0,-1.06,2.89,6.62,8.23
04/07/09 05:00:00.0,-1.06,2.89,6.62,7.83
04/07/09 06:00:00.0,-1.51,2.46,6.62,7.83
04/07/09 07:00:00.0,-1.06,2.89,6.22,7.83
04/07/09 08:00:00.0,1.17,4.15,6.22,7.83
04/07/09 09:00:00.0,6.22,5.4,6.62,7.43
04/07/09 10:00:00.0,10.99,7.83,7.43,7.83
04/07/09 11:00:00.0,14.47,10.6,8.23,7.83
04/07/09 12:00:00.0,15.23,15.23,9.82,8.23
04/07/09 13:00:00.0,19.81,19.04,10.99,8.63
04/07/09 14:00:00.0,17.9,17.14,11.77,9.03
04/07/09 15:00:00.0,19.81,15.23,12.55,9.82
04/07/09 16:00:00.0,14.09,12.16,12.55,10.21
04/07/09 17:00:00.0,7.03,9.42,11.77,10.21
04/07/09 18:00:00.0,1.6,7.03,10.99,10.21
04/07/09 19:00:00.0,0.29,5.81,10.21,10.21
04/07/09 20:00:00.0,-1.51,4.57,9.42,9.82
04/07/09 21:00:00.0,-0.61,4.15,8.63,9.42
04/07/09 22:00:00.0,-1.97,4.15,8.23,9.42
04/07/09 23:00:00.0,-2.44,3.31,7.83,9.03
04/08/09 00:00:00.0,-1.97,3.31,7.83,8.63
04/08/09 01:00:00.0,-2.44,2.89,7.43,8.63
04/08/09 02:00:00.0,-4.33,2.03,7.03,8.23
04/08/09 03:00:00.0,-4.82,1.6,7.03,8.23
04/08/09 04:00:00.0,-4.82,1.6,6.62,7.83
04/08/09 05:00:00.0,-4.82,1.17,6.22,7.83
04/08/09 06:00:00.0,-5.31,0.73,6.22,7.83
04/08/09 07:00:00.0,-4.82,1.17,5.81,7.43
04/08/09 08:00:00.0,1.6,2.89,5.81,7.43
04/08/09 09:00:00.0,11.38,5.81,6.22,7.03
04/08/09 10:00:00.0,17.9,8.63,6.62,7.03
04/08/09 11:00:00.0,23.63,12.16,7.83,7.43
04/08/09 12:00:00.0,24.79,17.52,9.42,7.83
04/08/09 13:00:00.0,27.12,22.09,10.6,8.23
04/08/09 14:00:00.0,23.63,19.04,11.77,9.03
04/08/09 15:00:00.0,20.95,16,12.16,9.42
04/08/09 16:00:00.0,17.14,14.85,12.16,9.82
04/08/09 17:00:00.0,12.16,12.16,11.77,9.82
04/08/09 18:00:00.0,5.4,9.03,10.99,10.21
04/08/09 19:00:00.0,0.29,6.22,10.21,9.82
04/08/09 20:00:00.0,-1.06,4.99,9.42,9.82
04/08/09 21:00:00.0,-2.44,3.74,9.03,9.42
04/08/09 22:00:00.0,-2.9,3.31,8.23,9.42
04/08/09 23:00:00.0,-3.37,2.89,7.83,9.03
04/09/09 00:00:00.0,-3.85,2.46,7.43,8.63
04/09/09 01:00:00.0,-4.33,2.03,7.43,8.63
04/09/09 02:00:00.0,-4.82,1.6,7.03,8.23
04/09/09 03:00:00.0,-4.82,1.6,6.62,8.23
04/09/09 04:00:00.0,-4.33,1.6,6.22,7.83
04/09/09 05:00:00.0,0.29,2.89,6.22,7.83
04/09/09 06:00:00.0,0.29,3.31,6.22,7.43
04/09/09 07:00:00.0,1.17,3.31,6.22,7.43
04/09/09 08:00:00.0,5.81,4.99,6.22,7.43
04/09/09 09:00:00.0,10.99,7.03,6.62,7.43
04/09/09 10:00:00.0,15.62,9.03,7.03,7.43
04/09/09 11:00:00.0,18.66,11.77,7.83,7.43
04/09/09 12:00:00.0,22.48,17.52,8.63,7.83
04/09/09 13:00:00.0,21.71,20.95,9.82,8.23
04/09/09 14:00:00.0,20.19,18.66,10.99,8.63
04/09/09 15:00:00.0,23.63,16,11.38,9.03
04/09/09 16:00:00.0,20.57,13.32,11.38,9.42
04/09/09 17:00:00.0,14.09,10.6,11.38,9.82
04/09/09 18:00:00.0,5.4,8.23,10.6,9.82
04/09/09 19:00:00.0,0.73,5.81,9.82,9.82
04/09/09 20:00:00.0,-1.06,4.99,9.03,9.42
04/09/09 21:00:00.0,-1.51,4.57,8.63,9.42
04/09/09 22:00:00.0,-2.44,3.74,8.23,9.03
04/09/09 23:00:00.0,-0.16,4.15,7.83,8.63
04/10/09 00:00:00.0,3.31,4.57,7.83,8.63
04/10/09 01:00:00.0,4.57,4.99,7.43,8.23
04/10/09 02:00:00.0,5.4,5.4,7.43,8.23
04/10/09 03:00:00.0,6.62,6.22,7.43,8.23
04/10/09 04:00:00.0,6.22,5.81,7.43,8.23
04/10/09 05:00:00.0,3.74,4.99,7.43,7.83
04/10/09 06:00:00.0,6.22,5.81,7.43,7.83
04/10/09 07:00:00.0,7.03,6.22,7.43,7.83
04/10/09 08:00:00.0,7.03,7.03,7.43,7.83
04/10/09 09:00:00.0,7.03,7.43,7.43,7.83
04/10/09 10:00:00.0,9.42,8.63,7.43,7.83
04/10/09 11:00:00.0,10.6,9.42,7.83,7.83
04/10/09 12:00:00.0,14.09,11.77,8.23,8.23
04/10/09 13:00:00.0,17.52,13.32,8.63,8.23
04/10/09 14:00:00.0,13.32,11.38,9.03,8.23
04/10/09 15:00:00.0,10.21,10.21,9.03,8.63
04/10/09 16:00:00.0,7.03,8.63,9.03,8.63
04/10/09 17:00:00.0,7.43,8.63,8.63,8.63
04/10/09 18:00:00.0,6.22,8.23,8.63,8.63
04/10/09 19:00:00.0,6.62,7.83,8.63,8.63
04/10/09 20:00:00.0,7.03,7.83,8.23,8.63
04/10/09 21:00:00.0,6.22,5.81,7.83,8.63
04/10/09 22:00:00.0,7.43,6.62,7.43,8.23
04/10/09 23:00:00.0,7.83,7.43,7.83,8.23
04/11/09 00:00:00.0,7.83,7.83,7.83,8.23
04/11/09 01:00:00.0,7.83,7.83,7.83,8.23
04/11/09 02:00:00.0,7.83,7.83,7.83,8.23
04/11/09 03:00:00.0,7.43,7.83,8.23,8.23
04/11/09 04:00:00.0,7.43,7.83,8.23,8.23
04/11/09 05:00:00.0,7.43,7.83,8.23,8.23
04/11/09 06:00:00.0,7.43,7.83,8.23,8.23
04/11/09 07:00:00.0,7.83,7.83,8.23,8.23
04/11/09 08:00:00.0,8.63,8.23,8.23,8.23
04/11/09 09:00:00.0,9.42,9.42,8.23,8.23
04/11/09 10:00:00.0,10.21,9.82,8.23,8.23
04/11/09 11:00:00.0,10.99,10.6,8.63,8.23
04/11/09 12:00:00.0,17.14,14.85,9.03,8.63
04/11/09 13:00:00.0,20.57,17.9,9.82,8.63
04/11/09 14:00:00.0,19.04,15.62,10.6,9.03
04/11/09 15:00:00.0,14.85,13.32,10.99,9.42
04/11/09 16:00:00.0,20.19,12.93,11.38,9.82
04/11/09 17:00:00.0,11.77,11.38,10.99,9.82
04/11/09 18:00:00.0,8.63,9.82,10.6,9.82
04/11/09 19:00:00.0,7.43,9.03,10.21,9.82
04/11/09 20:00:00.0,5.4,6.22,8.23,9.03
04/11/09 21:00:00.0,5.4,6.22,7.83,8.63
04/11/09 22:00:00.0,4.57,6.22,7.83,8.63
04/11/09 23:00:00.0,4.99,6.22,7.83,8.63
04/12/09 00:00:00.0,5.81,6.62,7.83,8.63
04/12/09 01:00:00.0,6.22,7.03,7.83,8.23
04/12/09 02:00:00.0,6.62,7.43,7.83,8.23
04/12/09 03:00:00.0,6.22,7.43,7.83,8.23
04/12/09 04:00:00.0,6.22,7.43,7.83,8.23
04/12/09 05:00:00.0,6.22,7.03,7.83,8.23
04/12/09 06:00:00.0,5.4,6.62,7.83,8.23
04/12/09 07:00:00.0,4.15,6.22,7.83,8.23
04/12/09 08:00:00.0,5.4,6.22,7.83,8.23
04/12/09 09:00:00.0,9.03,7.03,7.83,8.23
04/12/09 10:00:00.0,12.55,8.63,7.83,8.23
04/12/09 11:00:00.0,14.85,10.6,8.23,8.23
04/12/09 12:00:00.0,15.23,14.09,9.03,8.23
04/12/09 13:00:00.0,18.66,17.14,9.82,8.63
04/12/09 14:00:00.0,14.09,14.47,10.6,9.03
04/12/09 15:00:00.0,19.04,14.09,10.99,9.42
04/12/09 16:00:00.0,19.42,12.16,10.99,9.42
04/12/09 17:00:00.0,10.99,10.21,10.99,9.82
04/12/09 18:00:00.0,4.99,8.23,10.21,9.82
04/12/09 19:00:00.0,0.73,6.22,9.82,9.82
04/12/09 20:00:00.0,-1.06,4.99,9.03,9.42
04/12/09 21:00:00.0,-1.06,4.99,8.63,9.42
04/12/09 22:00:00.0,-0.16,4.57,8.23,9.03
04/12/09 23:00:00.0,0.73,4.57,7.83,8.63
04/13/09 00:00:00.0,-1.51,4.15,7.83,8.63
04/13/09 01:00:00.0,-0.61,4.15,7.43,8.23
04/13/09 02:00:00.0,-2.44,3.31,7.03,8.23
04/13/09 03:00:00.0,-0.16,3.74,7.03,8.23
04/13/09 04:00:00.0,0.29,3.74,7.03,7.83
04/13/09 05:00:00.0,0.73,3.74,6.62,7.83
04/13/09 06:00:00.0,-0.16,3.31,6.62,7.83
04/13/09 07:00:00.0,-1.97,2.89,6.62,7.43
04/13/09 08:00:00.0,4.57,4.15,6.22,7.43
04/13/09 09:00:00.0,10.6,5.81,6.62,7.43
04/13/09 10:00:00.0,14.09,7.83,7.03,7.43
04/13/09 11:00:00.0,16,9.82,7.83,7.43
04/13/09 12:00:00.0,18.28,13.7,8.63,7.83
04/13/09 13:00:00.0,19.04,17.14,9.42,8.23
04/13/09 14:00:00.0,22.09,16.76,10.6,8.63
04/13/09 15:00:00.0,25.17,14.09,10.99,9.03
04/13/09 16:00:00.0,23.24,12.16,11.38,9.42
04/13/09 17:00:00.0,11.38,9.82,10.99,9.82
04/13/09 18:00:00.0,2.46,6.62,10.6,9.82
04/13/09 19:00:00.0,-0.16,4.99,9.82,9.42
04/13/09 20:00:00.0,-1.51,4.15,9.03,9.42
04/13/09 21:00:00.0,-1.97,3.74,8.23,9.03
04/13/09 22:00:00.0,-2.44,3.31,7.83,8.63
04/13/09 23:00:00.0,-2.44,3.31,7.43,8.63
04/14/09 00:00:00.0,-2.44,2.89,7.43,8.23
04/14/09 01:00:00.0,-1.51,3.31,7.03,8.23
04/14/09 02:00:00.0,0.73,3.74,7.03,7.83
04/14/09 03:00:00.0,3.31,4.57,7.03,7.83
04/14/09 04:00:00.0,2.46,4.57,7.03,7.83
