01/21/09 15:00:00.0,28.31,38.77,15.62,13.7
01/21/09 16:00:00.0,26.34,33.17,15.62,14.09
01/21/09 17:00:00.0,26.34,28.7,15.62,14.47
01/21/09 18:00:00.0,24.4,23.63,15.62,14.47
01/21/09 19:00:00.0,20.95,20.57,15.62,14.47
01/21/09 20:00:00.0,16,17.14,15.23,14.47
01/21/09 21:00:00.0,14.09,14.09,14.85,14.47
01/21/09 22:00:00.0,12.93,12.93,14.47,14.47
01/21/09 23:00:00.0,12.16,11.77,14.09,14.09
01/22/09 00:00:00.0,12.16,11.77,14.09,14.09
01/22/09 01:00:00.0,13.7,12.93,13.7,13.7
01/22/09 02:00:00.0,14.47,14.09,13.32,13.7
01/22/09 03:00:00.0,14.47,14.47,13.32,13.32
01/22/09 04:00:00.0,14.09,14.47,13.32,13.32
01/22/09 05:00:00.0,13.7,14.09,13.32,13.32
01/22/09 06:00:00.0,13.7,14.09,13.32,13.32
01/22/09 07:00:00.0,13.32,14.09,13.32,13.32
01/22/09 08:00:00.0,13.32,14.47,13.32,13.32
01/22/09 09:00:00.0,13.7,14.47,13.32,13.32
01/22/09 10:00:00.0,14.09,15.23,13.32,13.32
01/22/09 11:00:00.0,14.47,16.38,13.32,13.32
01/22/09 12:00:00.0,14.85,17.14,13.32,12.93
01/22/09 13:00:00.0,16,19.04,13.32,12.93
01/22/09 14:00:00.0,15.23,16.76,13.32,12.93
01/22/09 15:00:00.0,14.85,15.62,13.32,13.32
01/22/09 16:00:00.0,14.85,14.85,13.32,13.32
01/22/09 17:00:00.0,15.23,18.28,13.7,13.32
01/22/09 18:00:00.0,15.23,17.52,13.7,13.32
01/22/09 19:00:00.0,14.85,15.23,13.7,13.32
01/22/09 20:00:00.0,13.7,13.7,13.7,13.32
01/22/09 21:00:00.0,12.93,13.32,13.32,13.32
01/22/09 22:00:00.0,10.99,11.77,13.32,13.32
01/22/09 23:00:00.0,10.6,10.99,13.32,13.32
01/23/09 00:00:00.0,10.21,9.82,12.93,12.93
01/23/09 01:00:00.0,9.82,9.03,12.93,12.93
01/23/09 02:00:00.0,9.82,8.63,12.55,12.93
01/23/09 03:00:00.0,9.42,8.23,12.55,12.93
01/23/09 04:00:00.0,8.63,7.83,12.16,12.55
01/23/09 05:00:00.0,7.83,7.43,12.16,12.55
01/23/09 06:00:00.0,7.83,7.03,11.77,12.55
01/23/09 07:00:00.0,8.63,9.03,11.77,12.16
01/23/09 08:00:00.0,12.55,13.32,11.38,12.16
01/23/09 09:00:00.0,17.14,30.31,11.38,11.77
01/23/09 10:00:00.0,20.57,40.59,11.38,11.77
01/23/09 11:00:00.0,22.09,47.96,11.77,11.77
01/23/09 12:00:00.0,19.42,39.67,12.16,11.77
01/23/09 13:00:00.0,24.01,56.6,12.55,12.16
01/23/09 14:00:00.0,25.17,58.55,13.32,12.55
01/23/09 15:00:00.0,25.56,39.67,14.09,12.93
01/23/09 16:00:00.0,25.17,32.34,14.47,13.32
01/23/09 17:00:00.0,23.63,26.73,14.85,13.7
01/23/09 18:00:00.0,18.66,22.86,14.47,13.7
01/23/09 19:00:00.0,17.52,19.42,14.47,13.7
01/23/09 20:00:00.0,15.23,16.38,14.09,13.7
01/23/09 21:00:00.0,14.09,14.09,14.09,13.7
01/23/09 22:00:00.0,13.7,13.32,13.7,13.7
01/23/09 23:00:00.0,13.32,12.55,13.32,13.32
01/24/09 00:00:00.0,13.32,12.16,13.32,13.32
01/24/09 01:00:00.0,13.32,11.77,12.93,13.32
01/24/09 02:00:00.0,12.93,12.16,12.93,12.93
01/24/09 03:00:00.0,12.55,12.55,12.93,12.93
01/24/09 04:00:00.0,11.77,12.16,12.55,12.93
01/24/09 05:00:00.0,11.77,12.16,12.55,12.93
01/24/09 06:00:00.0,11.38,11.38,12.55,12.55
01/24/09 07:00:00.0,9.82,10.99,12.55,12.55
01/24/09 08:00:00.0,12.93,16,12.16,12.55
01/24/09 09:00:00.0,18.28,34.85,12.16,12.55
01/24/09 10:00:00.0,19.04,39.67,12.16,12.55
01/24/09 11:00:00.0,19.04,43.91,12.55,12.55
01/24/09 12:00:00.0,19.04,47.96,12.93,12.55
01/24/09 13:00:00.0,20.19,44.89,13.32,12.55
01/24/09 14:00:00.0,22.48,55.97,13.32,12.93
01/24/09 15:00:00.0,24.4,40.13,14.09,13.32
01/24/09 16:00:00.0,25.95,33.17,14.85,13.7
01/24/09 17:00:00.0,26.34,26.73,14.85,14.09
01/24/09 18:00:00.0,23.63,21.33,14.85,14.09
01/24/09 19:00:00.0,20.95,17.9,14.85,14.09
01/24/09 20:00:00.0,13.32,13.7,14.85,14.09
01/24/09 21:00:00.0,9.03,10.21,14.47,14.09
01/24/09 22:00:00.0,6.22,7.43,13.7,14.09
01/24/09 23:00:00.0,7.03,7.03,13.32,13.7
01/25/09 00:00:00.0,5.4,5.81,12.93,13.32
01/25/09 01:00:00.0,6.22,5.81,12.16,12.93
01/25/09 02:00:00.0,6.22,5.4,12.16,12.93
01/25/09 03:00:00.0,5.4,4.99,11.77,12.55
01/25/09 04:00:00.0,3.74,4.15,11.38,12.55
01/25/09 05:00:00.0,2.89,3.74,10.99,12.16
01/25/09 06:00:00.0,4.57,4.15,10.99,11.77
01/25/09 07:00:00.0,7.43,8.23,10.6,11.77
01/25/09 08:00:00.0,16.38,14.85,10.6,11.38
01/25/09 09:00:00.0,24.4,36.57,10.6,11.38
01/25/09 10:00:00.0,32.34,48.49,10.99,11.38
01/25/09 11:00:00.0,33.59,56.6,11.38,11.38
01/25/09 12:00:00.0,29.5,62.74,12.55,11.77
01/25/09 13:00:00.0,29.9,62.74,13.7,12.16
01/25/09 14:00:00.0,30.71,65.01,14.47,12.93
01/25/09 15:00:00.0,33.59,45.39,15.62,13.32
01/25/09 16:00:00.0,32.76,37.44,16,14.09
01/25/09 17:00:00.0,29.9,30.71,16.38,14.47
01/25/09 18:00:00.0,26.73,25.17,16.38,14.85
01/25/09 19:00:00.0,24.01,21.71,16,14.85
01/25/09 20:00:00.0,16,16.38,15.62,14.85
01/25/09 21:00:00.0,12.55,12.55,15.23,14.85
01/25/09 22:00:00.0,10.99,10.99,14.85,14.47
01/25/09 23:00:00.0,10.21,10.21,14.09,14.47
01/26/09 00:00:00.0,8.23,8.63,13.7,14.09
01/26/09 01:00:00.0,8.63,8.23,13.32,13.7
01/26/09 02:00:00.0,9.03,8.23,12.93,13.7
01/26/09 03:00:00.0,9.03,8.23,12.93,13.32
01/26/09 04:00:00.0,9.42,8.63,12.55,13.32
01/26/09 05:00:00.0,9.42,8.23,12.55,12.93
01/26/09 06:00:00.0,9.03,7.83,12.16,12.93
01/26/09 07:00:00.0,10.99,10.99,12.16,12.93
01/26/09 08:00:00.0,19.42,17.9,12.16,12.55
01/26/09 09:00:00.0,26.34,39.67,12.16,12.55
01/26/09 10:00:00.0,31.93,51.22,12.55,12.55
01/26/09 11:00:00.0,31.52,59.22,12.93,12.55
01/26/09 12:00:00.0,28.7,65.01,14.09,12.93
01/26/09 13:00:00.0,30.31,67.42,15.23,13.32
01/26/09 14:00:00.0,32.34,66.6,16,14.09
01/26/09 15:00:00.0,34.01,46.91,17.14,14.47
01/26/09 16:00:00.0,32.34,36.57,17.52,15.23
01/26/09 17:00:00.0,29.1,29.5,17.9,15.62
01/26/09 18:00:00.0,26.73,24.79,17.52,15.62
01/26/09 19:00:00.0,22.86,21.33,17.52,16
01/26/09 20:00:00.0,15.62,16.76,17.14,16
01/26/09 21:00:00.0,12.93,13.32,16.38,15.62
01/26/09 22:00:00.0,11.38,11.38,16,15.62
01/26/09 23:00:00.0,9.82,10.21,15.23,15.23
01/27/09 00:00:00.0,9.03,9.42,14.85,14.85
01/27/09 01:00:00.0,8.23,8.23,14.09,14.85
01/27/09 02:00:00.0,10.21,8.63,13.7,14.47
01/27/09 03:00:00.0,10.21,8.63,13.7,14.09
01/27/09 04:00:00.0,10.99,9.42,13.32,14.09
01/27/09 05:00:00.0,11.38,9.82,13.32,13.7
01/27/09 06:00:00.0,11.38,9.82,13.32,13.7
01/27/09 07:00:00.0,12.55,12.16,13.32,13.32
01/27/09 08:00:00.0,17.14,17.9,13.32,13.32
01/27/09 09:00:00.0,22.86,37.88,13.32,13.32
01/27/09 10:00:00.0,27.52,49.02,13.32,13.32
01/27/09 11:00:00.0,28.31,57.24,13.7,13.32
01/27/09 12:00:00.0,27.52,63.48,14.09,13.7
01/27/09 13:00:00.0,29.1,65.79,14.85,14.09
01/27/09 14:00:00.0,30.31,65.79,15.62,14.47
01/27/09 15:00:00.0,29.5,46.4,16.76,14.85
01/27/09 16:00:00.0,29.9,38.32,17.14,15.23
01/27/09 17:00:00.0,29.5,31.93,17.52,15.62
01/27/09 18:00:00.0,26.73,26.73,17.52,16
01/27/09 19:00:00.0,24.79,23.24,17.52,16
01/27/09 20:00:00.0,17.52,17.9,17.14,16
01/27/09 21:00:00.0,13.7,14.09,16.76,16
01/27/09 22:00:00.0,12.16,12.55,16,15.62
01/27/09 23:00:00.0,11.77,11.77,15.62,15.62
01/28/09 00:00:00.0,11.38,10.99,14.85,15.23
01/28/09 01:00:00.0,11.77,10.6,14.47,14.85
01/28/09 02:00:00.0,11.38,10.21,14.47,14.85
01/28/09 03:00:00.0,12.55,10.99,14.09,14.47
01/28/09 04:00:00.0,13.32,11.38,14.09,14.47
01/28/09 05:00:00.0,13.7,11.38,13.7,14.09
01/28/09 06:00:00.0,13.32,11.38,13.7,14.09
01/28/09 07:00:00.0,14.47,13.7,13.7,14.09
01/28/09 08:00:00.0,20.19,19.81,13.7,14.09
01/28/09 09:00:00.0,25.95,39.22,13.7,13.7
01/28/09 10:00:00.0,29.9,50.66,14.09,13.7
01/28/09 11:00:00.0,31.12,58.55,14.47,14.09
01/28/09 12:00:00.0,29.5,64.24,14.85,14.09
01/28/09 13:00:00.0,30.71,66.6,15.62,14.47
01/28/09 14:00:00.0,31.93,66.6,16.76,14.85
01/28/09 15:00:00.0,33.17,48.49,17.52,15.62
01/28/09 16:00:00.0,33.17,39.67,17.9,16
01/28/09 17:00:00.0,32.76,33.17,17.9,16.38
01/28/09 18:00:00.0,29.9,28.31,17.9,16.38
01/28/09 19:00:00.0,26.34,24.4,17.9,16.38
01/28/09 20:00:00.0,19.04,19.42,17.52,16.38
01/28/09 21:00:00.0,14.85,15.62,17.14,16.38
01/28/09 22:00:00.0,13.32,14.09,16.38,16.38
01/28/09 23:00:00.0,12.16,12.93,16,16
01/29/09 00:00:00.0,11.77,12.16,15.62,15.62
01/29/09 01:00:00.0,11.77,11.77,15.23,15.62
01/29/09 02:00:00.0,11.38,11.38,14.85,15.23
01/29/09 03:00:00.0,11.77,11.38,14.47,14.85
01/29/09 04:00:00.0,12.93,12.16,14.47,14.85
01/29/09 05:00:00.0,13.7,12.16,14.09,14.85
01/29/09 06:00:00.0,14.09,12.16,14.09,14.47
01/29/09 07:00:00.0,14.85,14.09,14.09,14.47
01/29/09 08:00:00.0,21.71,20.57,14.09,14.47
01/29/09 09:00:00.0,27.52,40.13,14.09,14.09
01/29/09 10:00:00.0,34.01,51.79,14.47,14.09
01/29/09 11:00:00.0,33.17,59.9,14.85,14.47
01/29/09 12:00:00.0,31.93,65.79,15.62,14.47
01/29/09 13:00:00.0,32.34,67.42,16.38,14.85
01/29/09 14:00:00.0,33.17,67.42,17.14,15.23
01/29/09 15:00:00.0,34.85,49.02,18.28,16
01/29/09 16:00:00.0,33.17,40.59,18.66,16.38
01/29/09 17:00:00.0,33.17,34.43,19.04,16.76
01/29/09 18:00:00.0,31.12,29.1,19.04,17.14
01/29/09 19:00:00.0,27.12,25.17,18.66,17.14
01/29/09 20:00:00.0,19.42,20.19,18.28,17.14
01/29/09 21:00:00.0,16,16.38,17.9,17.14
01/29/09 22:00:00.0,14.09,14.85,17.14,16.76
01/29/09 23:00:00.0,13.32,13.7,16.76,16.76
01/30/09 00:00:00.0,13.32,13.32,16.38,16.38
01/30/09 01:00:00.0,12.55,12.93,16,16
01/30/09 02:00:00.0,11.77,12.16,15.62,16
01/30/09 03:00:00.0,11.38,11.38,15.23,15.62
01/30/09 04:00:00.0,11.77,11.77,14.85,15.62
01/30/09 05:00:00.0,11.77,11.38,14.85,15.23
01/30/09 06:00:00.0,12.16,10.99,14.47,14.85
01/30/09 07:00:00.0,14.09,13.7,14.47,14.85
01/30/09 08:00:00.0,22.09,20.95,14.47,14.85
01/30/09 09:00:00.0,29.9,41.05,14.47,14.47
01/30/09 10:00:00.0,37.88,52.95,14.85,14.47
01/30/09 11:00:00.0,40.13,59.9,15.23,14.85
01/30/09 12:00:00.0,35.7,66.6,16.38,14.85
01/30/09 13:00:00.0,35.7,69.11,17.14,15.62
01/30/09 14:00:00.0,35.27,69.11,18.28,16
01/30/09 15:00:00.0,35.7,49.56,19.42,16.76
01/30/09 16:00:00.0,37,42.94,19.81,17.14
01/30/09 17:00:00.0,35.27,35.7,19.42,17.52
01/30/09 18:00:00.0,31.52,29.5,19.42,17.52
01/30/09 19:00:00.0,27.91,25.56,19.04,17.52
01/30/09 20:00:00.0,19.81,20.57,19.04,17.52
01/30/09 21:00:00.0,17.9,18.28,18.28,17.52
01/30/09 22:00:00.0,16,16.38,17.9,17.52
01/30/09 23:00:00.0,15.23,15.62,17.52,17.14
01/31/09 00:00:00.0,14.47,14.85,17.14,16.76
01/31/09 01:00:00.0,14.85,15.23,16.76,16.76
01/31/09 02:00:00.0,14.85,14.47,16.38,16.38
01/31/09 03:00:00.0,15.23,14.09,16,16.38
01/31/09 04:00:00.0,14.47,13.32,16,16
01/31/09 05:00:00.0,14.09,12.93,15.62,16
01/31/09 06:00:00.0,14.47,12.55,15.62,15.62
01/31/09 07:00:00.0,15.23,14.47,15.23,15.62
01/31/09 08:00:00.0,22.09,20.95,15.23,15.62
01/31/09 09:00:00.0,30.31,40.59,15.23,15.23
01/31/09 10:00:00.0,35.7,52.37,15.62,15.23
01/31/09 11:00:00.0,36.13,60.59,16,15.23
01/31/09 12:00:00.0,31.93,66.6,16.76,15.62
01/31/09 13:00:00.0,35.27,69.11,17.9,16
01/31/09 14:00:00.0,34.85,69.11,18.66,16.38
01/31/09 15:00:00.0,36.13,52.37,19.42,17.14
01/31/09 16:00:00.0,38.77,46.4,19.81,17.52
01/31/09 17:00:00.0,25.56,30.71,19.81,17.9
01/31/09 18:00:00.0,17.9,20.57,19.42,17.9
01/31/09 19:00:00.0,17.9,20.19,19.04,17.9
01/31/09 20:00:00.0,18.28,18.66,18.66,17.9
01/31/09 21:00:00.0,17.14,16.76,18.28,17.52
01/31/09 22:00:00.0,15.62,15.23,17.9,17.52
01/31/09 23:00:00.0,15.23,14.85,17.52,17.52
02/01/09 00:00:00.0,14.85,14.09,17.14,17.14
02/01/09 01:00:00.0,14.09,13.7,17.14,16.76
02/01/09 02:00:00.0,14.09,12.93,16.76,16.76
02/01/09 03:00:00.0,12.93,12.16,16.38,16.38
02/01/09 04:00:00.0,12.93,11.77,16,16.38
02/01/09 05:00:00.0,12.93,11.77,16,16
02/01/09 06:00:00.0,12.16,10.99,15.62,16
02/01/09 07:00:00.0,12.93,12.16,15.23,15.62
02/01/09 08:00:00.0,20.95,17.9,15.23,15.62
02/01/09 09:00:00.0,28.31,29.9,15.23,15.62
02/01/09 10:00:00.0,34.85,42.46,15.62,15.62
02/01/09 11:00:00.0,36.57,52.95,16.38,15.62
02/01/09 12:00:00.0,31.93,58.55,17.52,16
02/01/09 13:00:00.0,34.01,61.29,18.66,16.38
02/01/09 14:00:00.0,34.85,63.48,19.81,17.14
02/01/09 15:00:00.0,32.34,41.52,20.95,17.52
02/01/09 16:00:00.0,25.95,30.71,20.95,18.28
02/01/09 17:00:00.0,21.71,22.86,20.57,18.28
02/01/09 18:00:00.0,19.81,20.57,19.81,18.28
02/01/09 19:00:00.0,19.81,20.19,19.42,18.28
02/01/09 20:00:00.0,17.52,17.52,19.04,17.9
02/01/09 21:00:00.0,16.38,16,18.66,17.9
02/01/09 22:00:00.0,15.62,15.23,18.28,17.52
02/01/09 23:00:00.0,15.23,14.85,17.9,17.52
02/02/09 00:00:00.0,14.09,14.09,17.52,17.14
02/02/09 01:00:00.0,13.7,13.7,17.14,17.14
02/02/09 02:00:00.0,13.7,12.93,16.76,16.76
02/02/09 03:00:00.0,13.7,12.93,16.38,16.76
02/02/09 04:00:00.0,13.7,12.16,16.38,16.38
02/02/09 05:00:00.0,14.09,11.77,16,16.38
02/02/09 06:00:00.0,13.7,11.38,15.62,16
02/02/09 07:00:00.0,14.09,12.16,15.62,16
02/02/09 08:00:00.0,21.33,18.28,15.23,15.62
02/02/09 09:00:00.0,28.31,30.71,15.62,15.62
02/02/09 10:00:00.0,27.52,36.13,15.62,15.62
02/02/09 11:00:00.0,25.17,34.43,16,15.62
02/02/09 12:00:00.0,28.31,45.89,16.38,15.62
02/02/09 13:00:00.0,26.73,42.46,16.76,16
02/02/09 14:00:00.0,29.9,50.66,17.52,16.38
02/02/09 15:00:00.0,31.52,47.43,17.9,16.38
02/02/09 16:00:00.0,24.01,34.85,18.28,16.76
02/02/09 17:00:00.0,21.33,23.24,18.66,17.14
02/02/09 18:00:00.0,16.76,20.95,18.28,17.14
02/02/09 19:00:00.0,17.9,19.42,17.9,17.14
02/02/09 20:00:00.0,16.38,17.52,17.52,17.14
02/02/09 21:00:00.0,14.47,15.62,17.14,16.76
02/02/09 22:00:00.0,14.09,15.23,16.76,16.76
02/02/09 23:00:00.0,13.32,14.09,16.38,16.38
02/03/09 00:00:00.0,13.7,15.23,16.38,16.38
02/03/09 01:00:00.0,13.7,15.23,16,16.38
02/03/09 02:00:00.0,13.32,14.85,16,16
02/03/09 03:00:00.0,13.32,13.7,15.62,16
02/03/09 04:00:00.0,12.16,13.32,15.62,15.62
02/03/09 05:00:00.0,12.93,13.7,15.23,15.62
02/03/09 06:00:00.0,12.93,13.32,15.23,15.62
02/03/09 07:00:00.0,12.16,11.77,15.23,15.62
02/03/09 08:00:00.0,18.66,17.9,14.85,15.23
02/03/09 09:00:00.0,21.71,22.86,14.85,15.23
02/03/09 10:00:00.0,23.24,28.31,15.23,15.23
02/03/09 11:00:00.0,27.12,37.88,15.62,15.23
02/03/09 12:00:00.0,27.12,39.22,16.38,15.62
02/03/09 13:00:00.0,31.93,59.22,17.52,15.62
02/03/09 14:00:00.0,31.12,47.43,18.66,16.38
02/03/09 15:00:00.0,20.57,29.1,19.04,16.76
02/03/09 16:00:00.0,19.04,25.95,18.66,17.14
02/03/09 17:00:00.0,19.81,25.95,18.66,17.14
02/03/09 18:00:00.0,19.42,25.17,18.28,17.14
02/03/09 19:00:00.0,16,20.57,17.9,17.14
02/03/09 20:00:00.0,14.09,17.52,17.9,17.14
02/03/09 21:00:00.0,12.55,16,17.14,17.14
02/03/09 22:00:00.0,12.16,15.23,17.14,16.76
02/03/09 23:00:00.0,12.16,14.47,16.76,16.76
02/04/09 00:00:00.0,12.16,13.32,16.38,16.38
02/04/09 01:00:00.0,10.21,10.6,16,16.38
02/04/09 02:00:00.0,10.99,10.21,15.62,16
02/04/09 03:00:00.0,11.38,10.6,15.23,15.62
02/04/09 04:00:00.0,12.16,10.99,14.85,15.62
02/04/09 05:00:00.0,12.16,10.99,14.85,15.23
02/04/09 06:00:00.0,12.16,11.38,14.85,15.23
02/04/09 07:00:00.0,13.32,14.09,14.85,15.23
02/04/09 08:00:00.0,14.47,17.14,14.85,14.85
02/04/09 09:00:00.0,15.23,17.52,14.85,14.85
02/04/09 10:00:00.0,19.81,25.17,14.85,14.85
02/04/09 11:00:00.0,24.01,34.43,15.23,14.85
02/04/09 12:00:00.0,28.31,56.6,15.62,14.85
02/04/09 13:00:00.0,32.34,62.74,16.38,15.23
02/04/09 14:00:00.0,30.31,59.9,17.52,15.62
02/04/09 15:00:00.0,32.76,46.91,18.66,16.38
02/04/09 16:00:00.0,34.01,37.88,19.04,16.76
02/04/09 17:00:00.0,33.17,34.85,19.42,17.14
02/04/09 18:00:00.0,29.1,27.91,19.42,17.52
02/04/09 19:00:00.0,27.12,27.91,19.04,17.52
02/04/09 20:00:00.0,19.04,19.81,18.66,17.52
02/04/09 21:00:00.0,14.85,14.85,18.28,17.52
02/04/09 22:00:00.0,13.32,13.32,17.52,17.14
02/04/09 23:00:00.0,11.38,11.77,17.14,17.14
02/05/09 00:00:00.0,12.55,11.38,16.38,16.76
02/05/09 01:00:00.0,12.55,11.77,16,16.38
02/05/09 02:00:00.0,12.93,11.77,15.62,16
02/05/09 03:00:00.0,13.32,12.16,15.62,16
02/05/09 04:00:00.0,13.32,11.77,15.62,15.62
02/05/09 05:00:00.0,13.32,11.77,15.23,15.62
02/05/09 06:00:00.0,13.7,11.77,15.23,15.62
02/05/09 07:00:00.0,14.47,13.7,14.85,15.23
02/05/09 08:00:00.0,18.66,19.42,14.85,15.23
02/05/09 09:00:00.0,27.12,33.59,14.85,15.23
02/05/09 10:00:00.0,32.76,49.56,15.23,15.23
02/05/09 11:00:00.0,35.7,57.89,15.62,15.23
02/05/09 12:00:00.0,31.12,62.74,16.38,15.62
02/05/09 13:00:00.0,34.85,65.01,17.52,16
02/05/09 14:00:00.0,36.13,65.01,18.66,16.38
02/05/09 15:00:00.0,34.43,50.11,19.42,17.14
02/05/09 16:00:00.0,35.7,40.13,20.19,17.52
02/05/09 17:00:00.0,33.17,35.7,20.19,17.9
02/05/09 18:00:00.0,28.7,28.7,20.19,18.28
02/05/09 19:00:00.0,26.34,25.95,19.81,18.28
02/05/09 20:00:00.0,19.42,20.95,19.42,18.28
02/05/09 21:00:00.0,16.38,16.38,18.66,17.9
02/05/09 22:00:00.0,14.85,14.85,18.28,17.9
02/05/09 23:00:00.0,12.55,12.93,17.52,17.52
02/06/09 00:00:00.0,12.93,12.55,17.14,17.14
02/06/09 01:00:00.0,12.16,12.16,16.38,17.14
02/06/09 02:00:00.0,11.77,11.38,16.38,16.76
02/06/09 03:00:00.0,10.99,10.6,16,16.38
02/06/09 04:00:00.0,10.99,10.21,15.62,16
02/06/09 05:00:00.0,11.38,10.6,15.23,16
02/06/09 06:00:00.0,12.16,10.99,14.85,15.62
02/06/09 07:00:00.0,13.32,12.93,14.85,15.62
02/06/09 08:00:00.0,18.66,19.81,14.85,15.23
02/06/09 09:00:00.0,27.52,34.85,14.85,15.23
02/06/09 10:00:00.0,31.12,50.66,15.23,15.23
02/06/09 11:00:00.0,34.43,58.55,15.62,15.23
02/06/09 12:00:00.0,31.93,64.24,16.38,15.62
02/06/09 13:00:00.0,36.13,66.6,17.14,16
02/06/09 14:00:00.0,37.44,66.6,17.9,16.38
02/06/09 15:00:00.0,37,51.22,18.66,16.76
02/06/09 16:00:00.0,34.43,38.32,19.04,17.14
02/06/09 17:00:00.0,32.76,33.59,19.42,17.52
02/06/09 18:00:00.0,30.31,28.7,19.42,17.9
02/06/09 19:00:00.0,26.73,24.79,19.04,17.9
02/06/09 20:00:00.0,19.81,19.81,19.04,17.9
02/06/09 21:00:00.0,17.52,17.14,18.28,17.9
02/06/09 22:00:00.0,14.47,14.85,17.9,17.52
02/06/09 23:00:00.0,14.09,14.09,17.52,17.52
02/07/09 00:00:00.0,13.32,12.93,16.76,17.14
02/07/09 01:00:00.0,12.16,12.16,16.38,16.76
02/07/09 02:00:00.0,12.93,12.55,16,16.76
02/07/09 03:00:00.0,13.32,12.93,16,16.38
02/07/09 04:00:00.0,14.09,12.93,15.62,16
02/07/09 05:00:00.0,14.47,13.32,15.62,16
02/07/09 06:00:00.0,15.23,13.32,15.62,16
02/07/09 07:00:00.0,16,14.85,15.23,15.62
02/07/09 08:00:00.0,19.81,21.33,15.23,15.62
02/07/09 09:00:00.0,27.52,35.27,15.62,15.62
02/07/09 10:00:00.0,32.76,50.66,15.62,15.62
02/07/09 11:00:00.0,34.01,58.55,16,15.62
02/07/09 12:00:00.0,31.52,63.48,16.38,15.62
02/07/09 13:00:00.0,34.85,65.79,17.14,16
02/07/09 14:00:00.0,35.7,65.01,17.9,16.38
02/07/09 15:00:00.0,36.13,48.49,18.28,16.76
02/07/09 16:00:00.0,34.01,38.32,18.66,17.14
02/07/09 17:00:00.0,26.34,31.12,18.66,17.52
02/07/09 18:00:00.0,25.95,28.7,18.66,17.52
02/07/09 19:00:00.0,23.24,25.95,18.28,17.52
02/07/09 20:00:00.0,21.71,22.48,18.28,17.52
02/07/09 21:00:00.0,20.95,20.57,17.9,17.52
02/07/09 22:00:00.0,20.57,19.81,17.52,17.14
02/07/09 23:00:00.0,19.81,19.04,17.52,17.14
02/08/09 00:00:00.0,19.42,18.66,17.14,17.14
02/08/09 01:00:00.0,19.42,18.28,17.14,17.14
02/08/09 02:00:00.0,19.04,18.28,17.14,16.76
02/08/09 03:00:00.0,18.28,17.52,16.76,16.76
02/08/09 04:00:00.0,17.52,16.38,16.76,16.76
02/08/09 05:00:00.0,16.76,15.62,16.38,16.38
02/08/09 06:00:00.0,16.38,14.85,16.38,16.38
02/08/09 07:00:00.0,16,15.23,16.38,16.38
02/08/09 08:00:00.0,19.42,20.57,16,16.38
02/08/09 09:00:00.0,27.12,31.93,16,16
02/08/09 10:00:00.0,31.52,46.4,16.38,16
02/08/09 11:00:00.0,33.17,54.74,16.38,16
02/08/09 12:00:00.0,31.93,60.59,17.14,16.38
02/08/09 13:00:00.0,34.01,60.59,17.52,16.38
02/08/09 14:00:00.0,33.59,50.11,18.28,16.76
02/08/09 15:00:00.0,34.85,45.89,18.66,17.14
02/08/09 16:00:00.0,32.76,38.77,19.42,17.52
02/08/09 17:00:00.0,30.71,33.17,19.42,17.9
02/08/09 18:00:00.0,28.31,29.1,19.42,17.9
02/08/09 19:00:00.0,22.09,23.24,19.04,17.9
02/08/09 20:00:00.0,18.66,19.04,18.66,17.9
02/08/09 21:00:00.0,16.76,16.76,18.28,17.9
02/08/09 22:00:00.0,16,16.38,17.9,17.52
02/08/09 23:00:00.0,15.23,15.23,17.52,17.52
02/09/09 00:00:00.0,14.47,14.47,17.14,17.14
02/09/09 01:00:00.0,14.09,13.7,16.76,17.14
02/09/09 02:00:00.0,13.7,13.32,16.76,16.76
02/09/09 03:00:00.0,13.7,13.32,16.38,16.76
02/09/09 04:00:00.0,12.16,12.93,16,16.38
02/09/09 05:00:00.0,12.93,13.32,16,16.38
02/09/09 06:00:00.0,10.21,11.77,15.62,16
02/09/09 07:00:00.0,8.23,10.21,15.62,16
02/09/09 08:00:00.0,8.63,10.6,15.23,16
02/09/09 09:00:00.0,11.77,14.85,14.85,15.62
02/09/09 10:00:00.0,15.62,19.04,14.85,15.62
02/09/09 11:00:00.0,16.76,19.42,15.23,15.62
02/09/09 12:00:00.0,19.42,22.09,15.23,15.62
02/09/09 13:00:00.0,18.66,22.86,15.62,15.62
02/09/09 14:00:00.0,17.52,22.86,16,15.62
02/09/09 15:00:00.0,16,20.57,16,15.62
02/09/09 16:00:00.0,11.77,18.28,16,15.62
02/09/09 17:00:00.0,12.93,16.76,16,15.62
02/09/09 18:00:00.0,10.99,14.09,15.62,15.62
02/09/09 19:00:00.0,8.23,12.16,15.62,15.62
02/09/09 20:00:00.0,7.03,9.82,15.23,15.62
02/09/09 21:00:00.0,5.4,9.03,14.85,15.23
02/09/09 22:00:00.0,5.4,8.63,14.47,15.23
02/09/09 23:00:00.0,4.99,7.83,14.09,14.85
02/10/09 00:00:00.0,4.57,7.83,13.7,14.85
02/10/09 01:00:00.0,4.15,7.43,13.7,14.47
02/10/09 02:00:00.0,3.74,7.03,13.32,14.47
02/10/09 03:00:00.0,3.31,6.62,12.93,14.09
02/10/09 04:00:00.0,3.31,6.62,12.93,14.09
02/10/09 05:00:00.0,3.31,6.62,12.55,13.7
02/10/09 06:00:00.0,3.74,6.22,12.55,13.7
02/10/09 07:00:00.0,2.89,6.22,12.55,13.32
02/10/09 08:00:00.0,3.31,6.62,12.16,13.32
02/10/09 09:00:00.0,4.15,7.43,12.16,13.32
02/10/09 10:00:00.0,6.22,9.82,12.16,13.32
02/10/09 11:00:00.0,7.43,12.16,12.16,12.93
02/10/09 12:00:00.0,12.16,16.76,12.16,12.93
02/10/09 13:00:00.0,14.09,19.42,12.55,12.93
02/10/09 14:00:00.0,12.55,20.19,12.93,12.93
02/10/09 15:00:00.0,11.38,18.66,12.93,13.32
02/10/09 16:00:00.0,11.38,17.14,13.32,13.32
02/10/09 17:00:00.0,9.03,14.09,13.32,13.32
02/10/09 18:00:00.0,7.43,12.93,13.32,13.32
02/10/09 19:00:00.0,5.4,9.82,12.93,13.32
02/10/09 20:00:00.0,4.15,7.83,12.93,13.32
02/10/09 21:00:00.0,2.46,4.99,12.55,13.32
02/10/09 22:00:00.0,2.46,5.81,12.16,12.93
02/10/09 23:00:00.0,2.46,5.81,11.77,12.93
02/11/09 00:00:00.0,2.89,5.81,11.77,12.93
02/11/09 01:00:00.0,2.46,5.81,11.38,12.55
02/11/09 02:00:00.0,2.03,5.4,11.38,12.55
02/11/09 03:00:00.0,1.6,4.99,10.99,12.16
02/11/09 04:00:00.0,1.6,4.99,10.99,12.16
02/11/09 05:00:00.0,1.17,4.99,10.99,12.16
02/11/09 06:00:00.0,1.6,4.99,10.6,11.77
02/11/09 07:00:00.0,2.03,4.99,10.6,11.77
02/11/09 08:00:00.0,2.46,6.22,10.6,11.77
02/11/09 09:00:00.0,3.31,8.23,10.21,11.38
02/11/09 10:00:00.0,5.81,10.21,10.6,11.38
02/11/09 11:00:00.0,10.99,17.14,10.6,11.38
02/11/09 12:00:00.0,15.62,25.17,10.99,11.38
02/11/09 13:00:00.0,15.62,24.79,11.77,11.77
02/11/09 14:00:00.0,20.19,32.34,12.55,11.77
02/11/09 15:00:00.0,17.52,25.56,13.32,12.16
02/11/09 16:00:00.0,18.28,21.33,13.7,12.55
02/11/09 17:00:00.0,16,19.04,13.7,12.93
02/11/09 18:00:00.0,18.66,18.66,13.7,12.93
02/11/09 19:00:00.0,8.23,10.99,13.7,13.32
02/11/09 20:00:00.0,6.22,9.42,13.32,13.32
02/11/09 21:00:00.0,5.4,7.83,12.93,12.93
02/11/09 22:00:00.0,4.99,7.03,12.55,12.93
02/11/09 23:00:00.0,4.57,6.62,12.16,12.55
02/12/09 00:00:00.0,4.99,6.22,11.77,12.55
02/12/09 01:00:00.0,4.15,5.81,11.77,12.55
02/12/09 02:00:00.0,4.57,6.22,11.38,12.16
02/12/09 03:00:00.0,3.74,5.81,11.38,12.16
02/12/09 04:00:00.0,4.15,5.81,10.99,11.77
02/12/09 05:00:00.0,3.74,5.81,10.99,11.77
02/12/09 06:00:00.0,4.15,5.81,10.99,11.77
02/12/09 07:00:00.0,4.15,5.81,10.6,11.77
02/12/09 08:00:00.0,5.4,7.43,10.6,11.38
02/12/09 09:00:00.0,5.81,9.03,10.6,11.38
02/12/09 10:00:00.0,7.43,10.99,10.6,11.38
02/12/09 11:00:00.0,9.82,13.32,10.99,11.38
02/12/09 12:00:00.0,7.43,12.55,10.99,11.38
02/12/09 13:00:00.0,7.83,11.77,11.38,11.38
02/12/09 14:00:00.0,13.32,16.38,11.38,11.38
02/12/09 15:00:00.0,6.62,10.99,11.38,11.77
02/12/09 16:00:00.0,4.99,9.42,11.38,11.77
02/12/09 17:00:00.0,8.23,12.16,11.38,11.77
02/12/09 18:00:00.0,4.99,9.42,11.38,11.77
02/12/09 19:00:00.0,3.31,7.43,11.38,11.77
02/12/09 20:00:00.0,2.46,5.4,10.99,11.77
02/12/09 21:00:00.0,2.03,4.57,10.99,11.38
02/12/09 22:00:00.0,1.6,4.57,10.6,11.38
02/12/09 23:00:00.0,2.03,4.15,10.21,11.38
02/13/09 00:00:00.0,1.6,4.15,10.21,10.99
02/13/09 01:00:00.0,1.17,3.74,9.82,10.99
02/13/09 02:00:00.0,1.17,3.74,9.82,10.99
02/13/09 03:00:00.0,0.73,3.31,9.82,10.6
02/13/09 04:00:00.0,0.73,2.89,9.42,10.6
02/13/09 05:00:00.0,1.17,3.31,9.42,10.6
02/13/09 06:00:00.0,1.6,3.74,9.42,10.21
02/13/09 07:00:00.0,2.03,4.15,9.03,10.21
02/13/09 08:00:00.0,2.89,4.99,9.03,10.21
02/13/09 09:00:00.0,4.57,7.03,9.03,10.21
02/13/09 10:00:00.0,5.4,8.23,9.42,10.21
02/13/09 11:00:00.0,8.63,11.77,9.42,10.21
02/13/09 12:00:00.0,13.32,17.14,9.82,10.21
02/13/09 13:00:00.0,19.42,23.63,10.6,10.21
02/13/09 14:00:00.0,24.4,29.5,11.77,10.6
02/13/09 15:00:00.0,22.86,22.09,13.32,11.38
02/13/09 16:00:00.0,23.63,16.76,14.09,11.77
02/13/09 17:00:00.0,19.81,14.47,14.09,12.55
02/13/09 18:00:00.0,15.23,13.32,14.09,12.55
02/13/09 19:00:00.0,14.47,11.77,13.7,12.93
02/13/09 20:00:00.0,8.23,9.03,13.32,12.55
02/13/09 21:00:00.0,6.22,7.43,12.93,12.55
02/13/09 22:00:00.0,6.62,7.83,12.16,12.55
02/13/09 23:00:00.0,5.4,6.22,11.77,12.16
02/14/09 00:00:00.0,2.89,4.57,11.38,12.16
02/14/09 01:00:00.0,3.31,3.31,10.99,11.77
02/14/09 02:00:00.0,1.6,2.03,10.6,11.38
02/14/09 03:00:00.0,0.73,1.17,10.21,11.38
02/14/09 04:00:00.0,-0.61,0.29,9.82,10.99
02/14/09 05:00:00.0,-0.61,0.29,9.42,10.6
02/14/09 06:00:00.0,-0.16,-0.16,9.03,10.6
02/14/09 07:00:00.0,0.73,1.17,8.63,10.21
02/14/09 08:00:00.0,8.63,7.03,8.23,9.82
02/14/09 09:00:00.0,21.71,14.09,8.23,9.82
02/14/09 10:00:00.0,28.7,32.34,8.63,9.82
02/14/09 11:00:00.0,29.1,39.22,9.42,9.82
02/14/09 12:00:00.0,27.12,44.4,10.6,10.21
02/14/09 13:00:00.0,30.31,47.43,12.16,10.6
02/14/09 14:00:00.0,31.52,50.66,13.7,11.38
02/14/09 15:00:00.0,27.12,31.12,15.23,12.16
02/14/09 16:00:00.0,28.7,25.95,15.62,12.93
02/14/09 17:00:00.0,21.71,20.95,16,13.32
02/14/09 18:00:00.0,18.66,18.28,15.62,13.7
02/14/09 19:00:00.0,14.09,14.47,14.85,13.7
02/14/09 20:00:00.0,11.38,11.38,14.47,13.7
02/14/09 21:00:00.0,10.21,10.99,13.7,13.32
02/14/09 22:00:00.0,9.42,10.21,13.32,13.32
02/14/09 23:00:00.0,9.82,10.99,12.93,12.93
02/15/09 00:00:00.0,9.82,9.42,12.93,12.93
02/15/09 01:00:00.0,8.23,7.83,12.55,12.55
02/15/09 02:00:00.0,6.62,5.81,12.16,12.55
02/15/09 03:00:00.0,6.22,4.99,11.77,12.16
02/15/09 04:00:00.0,4.57,3.74,11.38,12.16
02/15/09 05:00:00.0,4.57,3.31,10.99,11.77
02/15/09 06:00:00.0,5.81,3.74,10.6,11.77
02/15/09 07:00:00.0,5.4,4.15,10.21,11.38
02/15/09 08:00:00.0,9.82,10.6,10.21,11.38
02/15/09 09:00:00.0,17.14,16.38,10.21,10.99
02/15/09 10:00:00.0,21.33,36.57,10.6,10.99
02/15/09 11:00:00.0,22.09,43.42,11.38,10.99
02/15/09 12:00:00.0,21.33,47.43,12.55,11.38
02/15/09 13:00:00.0,23.63,49.02,13.7,11.77
02/15/09 14:00:00.0,27.52,51.79,14.85,12.55
02/15/09 15:00:00.0,30.31,34.43,16.38,13.32
02/15/09 16:00:00.0,23.24,25.56,16.76,14.09
02/15/09 17:00:00.0,23.24,22.48,16.76,14.47
02/15/09 18:00:00.0,19.04,17.9,16,14.47
02/15/09 19:00:00.0,18.28,15.62,15.62,14.47
02/15/09 20:00:00.0,11.77,12.55,15.23,14.47
02/15/09 21:00:00.0,10.6,12.55,14.85,14.09
02/15/09 22:00:00.0,9.82,10.6,14.09,14.09
02/15/09 23:00:00.0,9.03,10.21,13.7,13.7
02/16/09 00:00:00.0,8.63,9.82,13.32,13.7
02/16/09 01:00:00.0,7.83,9.03,13.32,13.32
02/16/09 02:00:00.0,7.43,8.63,12.93,13.32
02/16/09 03:00:00.0,6.62,7.83,12.55,12.93
02/16/09 04:00:00.0,5.4,6.62,12.55,12.93
02/16/09 05:00:00.0,6.22,7.43,12.16,12.55
02/16/09 06:00:00.0,5.4,7.43,12.16,12.55
02/16/09 07:00:00.0,5.4,7.03,11.77,12.55
02/16/09 08:00:00.0,6.22,8.63,11.77,12.16
02/16/09 09:00:00.0,9.03,12.93,11.77,12.16
02/16/09 10:00:00.0,12.55,18.66,11.77,12.16
02/16/09 11:00:00.0,17.52,36.13,12.16,12.16
02/16/09 12:00:00.0,17.9,31.12,12.93,12.16
02/16/09 13:00:00.0,22.48,46.91,13.7,12.55
02/16/09 14:00:00.0,26.73,49.56,14.85,12.93
02/16/09 15:00:00.0,24.4,30.31,16.38,13.7
02/16/09 16:00:00.0,24.01,23.24,17.14,14.09
02/16/09 17:00:00.0,21.71,19.81,16.76,14.47
02/16/09 18:00:00.0,21.33,16.38,16.38,14.85
02/16/09 19:00:00.0,17.9,14.09,16,14.85
02/16/09 20:00:00.0,10.6,10.21,15.62,14.85
02/16/09 21:00:00.0,8.63,8.63,14.85,14.47
02/16/09 22:00:00.0,7.43,7.43,14.09,14.09
02/16/09 23:00:00.0,7.03,6.62,13.32,14.09
02/17/09 00:00:00.0,5.81,5.81,12.93,13.7
02/17/09 01:00:00.0,5.81,4.99,12.55,13.32
02/17/09 02:00:00.0,5.4,4.15,12.16,12.93
02/17/09 03:00:00.0,4.99,3.74,11.77,12.93
02/17/09 04:00:00.0,4.99,3.31,11.38,12.55
02/17/09 05:00:00.0,4.99,3.31,10.99,12.16
02/17/09 06:00:00.0,4.57,2.46,10.99,12.16
02/17/09 07:00:00.0,4.15,2.89,10.6,11.77
02/17/09 08:00:00.0,8.63,9.82,10.21,11.38
02/17/09 09:00:00.0,17.9,17.52,10.21,11.38
02/17/09 10:00:00.0,26.34,38.77,10.6,11.38
02/17/09 11:00:00.0,26.73,46.91,11.38,11.38
02/17/09 12:00:00.0,26.73,54.13,12.55,11.77
02/17/09 13:00:00.0,30.71,55.35,14.09,12.16
02/17/09 14:00:00.0,25.56,45.89,15.62,12.93
02/17/09 15:00:00.0,25.95,34.01,16.38,13.7
02/17/09 16:00:00.0,27.52,30.31,17.14,14.09
02/17/09 17:00:00.0,22.09,21.33,16.76,14.47
02/17/09 18:00:00.0,22.86,19.04,16.38,14.85
02/17/09 19:00:00.0,20.19,17.14,16,14.85
02/17/09 20:00:00.0,12.55,13.32,15.62,14.47
02/17/09 21:00:00.0,10.99,10.99,14.85,14.47
02/17/09 22:00:00.0,9.42,9.03,14.47,14.09
02/17/09 23:00:00.0,9.03,8.63,13.7,14.09
02/18/09 00:00:00.0,8.23,8.23,13.32,13.7
02/18/09 01:00:00.0,7.43,7.83,12.93,13.32
02/18/09 02:00:00.0,8.23,8.23,12.55,13.32
02/18/09 03:00:00.0,7.43,6.62,12.16,12.93
02/18/09 04:00:00.0,7.43,6.62,12.16,12.93
02/18/09 05:00:00.0,7.83,7.83,11.77,12.55
02/18/09 06:00:00.0,8.23,8.23,11.77,12.55
02/18/09 07:00:00.0,8.23,7.83,11.38,12.16
02/18/09 08:00:00.0,11.77,13.7,11.38,12.16
02/18/09 09:00:00.0,20.95,21.71,11.77,12.16
02/18/09 10:00:00.0,20.57,28.31,12.16,12.16
02/18/09 11:00:00.0,24.01,36.13,12.55,12.16
02/18/09 12:00:00.0,28.7,51.22,13.7,12.55
02/18/09 13:00:00.0,29.9,48.49,14.85,12.93
02/18/09 14:00:00.0,25.56,41.99,15.62,13.32
02/18/09 15:00:00.0,22.09,29.1,16.38,14.09
02/18/09 16:00:00.0,17.52,21.71,16.38,14.47
02/18/09 17:00:00.0,14.09,17.52,15.62,14.47
02/18/09 18:00:00.0,13.7,16.38,15.23,14.47
02/18/09 19:00:00.0,13.32,16,14.85,14.09
02/18/09 20:00:00.0,12.16,13.7,14.47,14.09
02/18/09 21:00:00.0,10.6,10.99,14.09,14.09
02/18/09 22:00:00.0,10.6,11.38,13.7,13.7
02/18/09 23:00:00.0,10.6,11.38,13.7,13.7
02/19/09 00:00:00.0,9.42,9.42,13.32,13.32
02/19/09 01:00:00.0,7.83,7.43,12.93,13.32
02/19/09 02:00:00.0,6.62,5.81,12.55,13.32
02/19/09 03:00:00.0,5.81,4.57,12.16,12.93
02/19/09 04:00:00.0,5.4,3.74,11.77,12.55
02/19/09 05:00:00.0,6.22,4.15,11.38,12.55
02/19/09 06:00:00.0,6.22,4.15,10.99,12.16
02/19/09 07:00:00.0,7.03,4.99,10.99,12.16
02/19/09 08:00:00.0,12.16,12.16,10.99,11.77
02/19/09 09:00:00.0,19.81,19.81,10.99,11.77
02/19/09 10:00:00.0,24.01,41.05,11.38,11.77
02/19/09 11:00:00.0,25.17,49.56,12.16,11.77
02/19/09 12:00:00.0,24.79,55.97,12.93,12.16
02/19/09 13:00:00.0,30.31,59.22,14.47,12.55
02/19/09 14:00:00.0,31.93,59.9,16,13.32
02/19/09 15:00:00.0,29.9,39.67,17.14,14.09
02/19/09 16:00:00.0,30.31,33.17,17.52,14.47
02/19/09 17:00:00.0,27.91,29.1,17.52,15.23
02/19/09 18:00:00.0,23.24,23.24,17.52,15.23
02/19/09 19:00:00.0,19.81,19.81,17.14,15.23
02/19/09 20:00:00.0,14.09,14.09,16.38,15.23
02/19/09 21:00:00.0,10.99,10.6,15.62,15.23
02/19/09 22:00:00.0,9.03,8.63,14.85,14.85
02/19/09 23:00:00.0,7.03,7.03,14.09,14.47
02/20/09 00:00:00.0,6.62,7.03,13.32,14.09
02/20/09 01:00:00.0,6.62,7.03,12.93,13.7
02/20/09 02:00:00.0,7.03,7.03,12.55,13.32
02/20/09 03:00:00.0,9.42,10.21,12.55,13.32
02/20/09 04:00:00.0,9.42,9.03,12.55,12.93
02/20/09 05:00:00.0,8.63,8.23,12.16,12.93
02/20/09 06:00:00.0,8.63,8.23,12.16,12.93
02/20/09 07:00:00.0,9.42,9.82,11.77,12.55
02/20/09 08:00:00.0,10.6,11.77,11.77,12.55
02/20/09 09:00:00.0,10.6,11.77,11.77,12.55
02/20/09 10:00:00.0,10.99,11.77,12.16,12.55
02/20/09 11:00:00.0,10.21,11.38,12.16,12.55
02/20/09 12:00:00.0,12.93,16.38,12.16,12.16
02/20/09 13:00:00.0,18.66,24.4,12.16,12.16
02/20/09 14:00:00.0,17.14,21.71,12.55,12.55
02/20/09 15:00:00.0,24.01,26.73,12.93,12.55
02/20/09 16:00:00.0,22.48,24.01,13.7,12.93
02/20/09 17:00:00.0,24.4,23.24,14.09,12.93
02/20/09 18:00:00.0,21.71,20.95,14.09,13.32
02/20/09 19:00:00.0,16,15.62,14.09,13.32
02/20/09 20:00:00.0,13.32,13.7,14.09,13.32
02/20/09 21:00:00.0,11.38,9.82,13.7,13.32
02/20/09 22:00:00.0,10.6,8.23,13.32,13.32
02/20/09 23:00:00.0,9.82,9.82,12.93,13.32
02/21/09 00:00:00.0,10.21,10.99,12.55,12.93
02/21/09 01:00:00.0,10.6,10.99,12.55,12.93
02/21/09 02:00:00.0,10.21,10.6,12.55,12.93
02/21/09 03:00:00.0,9.82,10.21,12.16,12.55
02/21/09 04:00:00.0,9.42,10.21,12.16,12.55
02/21/09 05:00:00.0,9.42,9.82,12.16,12.55
02/21/09 06:00:00.0,9.03,9.42,12.16,12.55
02/21/09 07:00:00.0,8.23,9.42,11.77,12.16
02/21/09 08:00:00.0,10.21,11.77,11.77,12.16
02/21/09 09:00:00.0,11.77,14.47,11.77,12.16
02/21/09 10:00:00.0,15.23,18.28,12.16,12.16
02/21/09 11:00:00.0,24.01,39.67,12.55,12.16
02/21/09 12:00:00.0,25.17,50.11,13.32,12.55
02/21/09 13:00:00.0,29.5,54.13,14.85,12.93
02/21/09 14:00:00.0,31.52,55.97,16,13.32
02/21/09 15:00:00.0,29.9,36.13,17.52,14.09
02/21/09 16:00:00.0,27.12,27.91,17.9,14.85
02/21/09 17:00:00.0,27.12,22.86,17.9,15.23
02/21/09 18:00:00.0,20.95,18.28,17.52,15.62
02/21/09 19:00:00.0,16.76,15.23,16.76,15.62
02/21/09 20:00:00.0,10.6,10.99,16,15.23
02/21/09 21:00:00.0,9.03,9.03,15.23,15.23
02/21/09 22:00:00.0,9.03,9.42,14.85,14.85
02/21/09 23:00:00.0,8.23,8.23,14.09,14.47
02/22/09 00:00:00.0,7.83,9.82,13.7,14.09
02/22/09 01:00:00.0,7.03,9.03,13.32,13.7
02/22/09 02:00:00.0,7.03,9.03,12.93,13.7
02/22/09 03:00:00.0,6.62,7.83,12.93,13.32
02/22/09 04:00:00.0,5.4,4.99,12.55,13.32
02/22/09 05:00:00.0,4.57,3.74,12.16,12.93
02/22/09 06:00:00.0,6.22,4.57,11.77,12.93
02/22/09 07:00:00.0,7.03,4.99,11.38,12.55
02/22/09 08:00:00.0,12.16,12.55,11.38,12.16
02/22/09 09:00:00.0,20.57,20.95,11.38,12.16
02/22/09 10:00:00.0,25.56,41.52,11.77,12.16
02/22/09 11:00:00.0,23.24,39.22,12.16,12.16
02/22/09 12:00:00.0,23.24,42.46,12.55,12.55
02/22/09 13:00:00.0,28.31,51.22,13.32,12.55
02/22/09 14:00:00.0,32.76,56.6,14.09,12.93
02/22/09 15:00:00.0,31.12,38.77,14.85,13.32
02/22/09 16:00:00.0,31.12,32.76,15.62,13.7
02/22/09 17:00:00.0,27.12,25.56,15.62,14.09
02/22/09 18:00:00.0,22.86,20.95,15.62,14.47
02/22/09 19:00:00.0,17.9,16.38,15.23,14.47
02/22/09 20:00:00.0,12.55,11.77,14.85,14.47
02/22/09 21:00:00.0,10.6,9.82,14.47,14.09
02/22/09 22:00:00.0,9.82,8.63,13.7,14.09
02/22/09 23:00:00.0,9.42,8.23,13.32,13.7
02/23/09 00:00:00.0,9.42,8.23,12.93,13.7
02/23/09 01:00:00.0,9.42,8.23,12.93,13.32
02/23/09 02:00:00.0,9.42,7.83,12.55,13.32
02/23/09 03:00:00.0,9.03,7.43,12.55,12.93
02/23/09 04:00:00.0,9.42,7.83,12.16,12.93
02/23/09 05:00:00.0,9.82,7.83,12.16,12.55
02/23/09 06:00:00.0,9.42,7.43,11.77,12.55
02/23/09 07:00:00.0,9.82,8.63,11.77,12.55
02/23/09 08:00:00.0,10.99,12.16,11.77,12.55
02/23/09 09:00:00.0,10.99,12.93,11.77,12.16
02/23/09 10:00:00.0,11.38,14.47,11.77,12.16
02/23/09 11:00:00.0,14.09,17.9,11.77,12.16
02/23/09 12:00:00.0,16.38,27.52,11.77,12.16
02/23/09 13:00:00.0,25.17,44.89,12.16,12.16
02/23/09 14:00:00.0,27.52,51.22,12.55,12.16
02/23/09 15:00:00.0,24.4,36.57,13.32,12.55
02/23/09 16:00:00.0,23.24,32.34,13.7,12.93
02/23/09 17:00:00.0,20.95,26.73,13.7,12.93
02/23/09 18:00:00.0,16,20.19,13.7,13.32
02/23/09 19:00:00.0,15.23,17.52,13.7,13.32
02/23/09 20:00:00.0,12.16,12.55,13.32,13.32
02/23/09 21:00:00.0,9.82,9.42,12.93,13.32
02/23/09 22:00:00.0,8.23,7.83,12.55,12.93
02/23/09 23:00:00.0,8.63,7.83,12.16,12.93
02/24/09 00:00:00.0,8.63,7.43,12.16,12.55
02/24/09 01:00:00.0,8.63,7.03,11.77,12.55
02/24/09 02:00:00.0,8.23,6.62,11.77,12.16
02/24/09 03:00:00.0,8.23,6.62,11.38,12.16
02/24/09 04:00:00.0,8.23,6.62,11.38,12.16
02/24/09 05:00:00.0,7.83,6.22,10.99,11.77
02/24/09 06:00:00.0,7.03,4.99,10.99,11.77
02/24/09 07:00:00.0,6.62,4.57,10.99,11.77
02/24/09 08:00:00.0,10.6,11.77,10.6,11.38
02/24/09 09:00:00.0,19.81,19.42,10.6,11.38
02/24/09 10:00:00.0,23.63,41.52,10.6,11.38
02/24/09 11:00:00.0,25.17,50.66,10.99,11.38
02/24/09 12:00:00.0,24.79,56.6,11.77,11.38
02/24/09 13:00:00.0,31.12,59.22,12.93,11.77
02/24/09 14:00:00.0,32.76,60.59,13.7,12.55
02/24/09 15:00:00.0,31.93,39.67,14.47,12.93
02/24/09 16:00:00.0,29.5,30.71,15.23,13.32
02/24/09 17:00:00.0,26.73,25.56,15.23,13.7
02/24/09 18:00:00.0,23.63,20.57,15.23,14.09
02/24/09 19:00:00.0,19.04,16.38,14.85,14.09
02/24/09 20:00:00.0,10.21,10.21,14.47,14.09
02/24/09 21:00:00.0,5.81,6.22,13.7,14.09
02/24/09 22:00:00.0,4.57,4.99,12.93,13.7
02/24/09 23:00:00.0,4.57,4.57,12.55,13.32
02/25/09 00:00:00.0,4.57,3.74,11.77,12.93
02/25/09 01:00:00.0,2.89,2.46,11.38,12.55
02/25/09 02:00:00.0,3.74,2.46,10.99,12.16
02/25/09 03:00:00.0,4.57,2.89,10.6,12.16
02/25/09 04:00:00.0,4.15,2.03,10.21,11.77
02/25/09 05:00:00.0,1.6,0.73,10.21,11.38
02/25/09 06:00:00.0,1.6,0.73,9.82,11.38
02/25/09 07:00:00.0,2.03,1.17,9.42,10.99
02/25/09 08:00:00.0,9.82,10.6,9.42,10.99
02/25/09 09:00:00.0,19.42,19.04,9.42,10.6
02/25/09 10:00:00.0,25.17,41.52,9.82,10.6
02/25/09 11:00:00.0,25.95,50.66,10.6,10.6
02/25/09 12:00:00.0,26.34,56.6,12.16,10.99
02/25/09 13:00:00.0,31.93,59.22,13.7,11.77
02/25/09 14:00:00.0,33.59,60.59,15.23,12.55
02/25/09 15:00:00.0,34.85,39.22,16.76,13.32
02/25/09 16:00:00.0,32.34,30.71,17.52,14.09
02/25/09 17:00:00.0,28.7,25.17,17.52,14.47
02/25/09 18:00:00.0,25.95,20.95,17.14,14.85
02/25/09 19:00:00.0,19.42,16.76,16.38,14.85
02/25/09 20:00:00.0,11.77,11.77,15.62,14.85
02/25/09 21:00:00.0,10.21,12.16,14.85,14.47
02/25/09 22:00:00.0,9.82,11.77,14.47,14.09
02/25/09 23:00:00.0,9.03,11.38,14.09,14.09
02/26/09 00:00:00.0,7.83,7.83,13.7,13.7
02/26/09 01:00:00.0,6.62,8.23,13.32,13.7
02/26/09 02:00:00.0,7.43,9.42,12.93,13.32
02/26/09 03:00:00.0,6.22,9.03,12.55,12.93
02/26/09 04:00:00.0,5.81,5.4,12.55,12.93
02/26/09 05:00:00.0,6.22,7.03,12.16,12.93
02/26/09 06:00:00.0,4.99,4.15,11.77,12.55
02/26/09 07:00:00.0,4.57,3.74,11.38,12.16
02/26/09 08:00:00.0,8.63,10.6,10.99,12.16
02/26/09 09:00:00.0,15.62,17.52,10.99,11.77
02/26/09 10:00:00.0,24.4,39.22,11.38,11.77
02/26/09 11:00:00.0,21.71,47.43,12.16,11.77
02/26/09 12:00:00.0,25.56,54.13,13.32,12.16
02/26/09 13:00:00.0,29.9,56.6,14.47,12.55
02/26/09 14:00:00.0,34.01,58.55,16,13.32
02/26/09 15:00:00.0,30.71,37,17.52,14.09
02/26/09 16:00:00.0,30.71,28.7,18.28,14.85
02/26/09 17:00:00.0,29.1,24.79,17.9,15.23
02/26/09 18:00:00.0,24.4,20.57,17.9,15.62
02/26/09 19:00:00.0,20.57,17.14,17.14,15.62
02/26/09 20:00:00.0,13.7,12.55,16.38,15.23
02/26/09 21:00:00.0,10.99,9.82,15.62,15.23
02/26/09 22:00:00.0,8.63,8.23,14.85,14.85
02/26/09 23:00:00.0,7.03,7.03,14.09,14.47
02/27/09 00:00:00.0,5.81,5.81,13.7,14.09
02/27/09 01:00:00.0,4.99,4.99,12.93,13.7
02/27/09 02:00:00.0,6.22,4.99,12.55,13.32
02/27/09 03:00:00.0,7.03,5.4,12.16,13.32
02/27/09 04:00:00.0,6.22,4.57,11.77,12.93
02/27/09 05:00:00.0,6.22,4.99,11.77,12.55
02/27/09 06:00:00.0,6.62,4.15,11.38,12.55
02/27/09 07:00:00.0,7.43,5.4,10.99,12.16
02/27/09 08:00:00.0,12.93,13.7,10.99,12.16
02/27/09 09:00:00.0,19.04,20.57,11.38,11.77
02/27/09 10:00:00.0,25.56,35.7,11.77,11.77
02/27/09 11:00:00.0,22.09,31.52,12.16,12.16
02/27/09 12:00:00.0,29.9,52.95,12.55,12.16
02/27/09 13:00:00.0,26.73,42.94,13.32,12.55
02/27/09 14:00:00.0,32.76,57.24,14.09,12.93
02/27/09 15:00:00.0,28.31,36.57,14.85,13.32
02/27/09 16:00:00.0,27.91,30.31,16,13.7
02/27/09 17:00:00.0,24.4,26.34,16,14.09
02/27/09 18:00:00.0,19.42,22.48,15.62,14.47
02/27/09 19:00:00.0,19.04,18.28,15.62,14.47
02/27/09 20:00:00.0,13.7,13.7,15.23,14.47
02/27/09 21:00:00.0,12.93,13.32,14.47,14.09
02/27/09 22:00:00.0,12.55,13.7,14.09,14.09
02/27/09 23:00:00.0,11.38,10.6,14.09,14.09
02/28/09 00:00:00.0,11.38,10.6,13.7,13.7
02/28/09 01:00:00.0,11.38,11.38,13.32,13.7
02/28/09 02:00:00.0,10.99,9.82,13.32,13.32
02/28/09 03:00:00.0,10.99,9.42,12.93,13.32
02/28/09 04:00:00.0,10.21,8.63,12.93,13.32
02/28/09 05:00:00.0,9.82,8.23,12.55,12.93
02/28/09 06:00:00.0,9.82,8.23,12.55,12.93
02/28/09 07:00:00.0,10.21,8.23,12.16,12.93
02/28/09 08:00:00.0,13.32,14.47,12.16,12.55
02/28/09 09:00:00.0,21.71,22.09,12.16,12.55
02/28/09 10:00:00.0,26.73,42.94,12.16,12.55
02/28/09 11:00:00.0,28.31,52.37,12.55,12.55
02/28/09 12:00:00.0,29.5,58.55,13.32,12.55
02/28/09 13:00:00.0,34.43,62.01,14.09,12.93
02/28/09 14:00:00.0,35.27,63.48,15.23,13.32
02/28/09 15:00:00.0,35.7,42.46,16.76,14.09
02/28/09 16:00:00.0,31.12,32.34,17.14,14.85
02/28/09 17:00:00.0,29.1,25.17,17.52,15.23
02/28/09 18:00:00.0,27.12,21.71,17.14,15.23
02/28/09 19:00:00.0,20.19,17.9,17.14,15.62
02/28/09 20:00:00.0,13.32,12.55,16.38,15.62
02/28/09 21:00:00.0,12.16,13.7,15.62,15.23
02/28/09 22:00:00.0,11.38,13.32,15.23,14.85
02/28/09 23:00:00.0,10.6,12.55,14.85,14.85
03/01/09 00:00:00.0,10.6,12.55,14.47,14.47
03/01/09 01:00:00.0,10.21,11.38,14.09,14.47
03/01/09 02:00:00.0,9.03,7.43,13.7,14.09
03/01/09 03:00:00.0,6.62,5.81,13.32,14.09
03/01/09 04:00:00.0,6.62,4.99,12.93,13.7
03/01/09 05:00:00.0,7.43,5.4,12.55,13.32
03/01/09 06:00:00.0,5.4,3.74,12.16,13.32
03/01/09 07:00:00.0,4.57,3.31,11.77,12.93
03/01/09 08:00:00.0,11.77,12.16,11.38,12.55
03/01/09 09:00:00.0,20.19,20.19,11.38,12.55
03/01/09 10:00:00.0,25.95,41.05,11.77,12.55
03/01/09 11:00:00.0,29.9,50.11,12.55,12.55
03/01/09 12:00:00.0,27.12,46.91,13.7,12.55
03/01/09 13:00:00.0,31.52,52.37,14.85,13.32
03/01/09 14:00:00.0,33.59,51.22,15.23,13.7
03/01/09 15:00:00.0,37.44,44.89,16,14.09
03/01/09 16:00:00.0,21.71,27.52,16.76,14.47
03/01/09 17:00:00.0,19.81,23.63,16.76,14.85
03/01/09 18:00:00.0,20.57,20.95,16.38,14.85
03/01/09 19:00:00.0,16,16.38,16,14.85
03/01/09 20:00:00.0,11.77,12.55,15.62,14.85
03/01/09 21:00:00.0,8.23,8.63,14.85,14.85
03/01/09 22:00:00.0,8.63,8.63,14.09,14.47
03/01/09 23:00:00.0,7.03,7.03,13.7,14.09
03/02/09 00:00:00.0,4.99,5.4,13.32,14.09
03/02/09 01:00:00.0,4.57,4.99,12.93,13.7
03/02/09 02:00:00.0,5.81,4.99,12.16,13.32
03/02/09 03:00:00.0,4.15,4.15,11.77,12.93
03/02/09 04:00:00.0,4.99,3.74,11.77,12.93
03/02/09 05:00:00.0,6.22,4.15,11.38,12.55
03/02/09 06:00:00.0,6.22,4.15,10.99,12.55
03/02/09 07:00:00.0,6.62,4.99,10.99,12.16
03/02/09 08:00:00.0,10.21,10.21,10.99,12.16
03/02/09 09:00:00.0,17.52,18.66,10.99,11.77
03/02/09 10:00:00.0,23.63,39.22,11.38,11.77
03/02/09 11:00:00.0,27.91,51.22,11.77,11.77
03/02/09 12:00:00.0,26.34,48.49,12.16,12.16
03/02/09 13:00:00.0,32.76,57.89,12.93,12.16
03/02/09 14:00:00.0,31.52,49.02,13.7,12.55
03/02/09 15:00:00.0,31.52,41.05,14.47,13.32
03/02/09 16:00:00.0,32.76,34.01,14.85,13.7
03/02/09 17:00:00.0,27.91,25.56,14.85,13.7
03/02/09 18:00:00.0,24.4,20.95,14.85,14.09
03/02/09 19:00:00.0,19.81,17.14,14.85,14.09
03/02/09 20:00:00.0,12.93,12.16,14.47,14.09
03/02/09 21:00:00.0,10.99,10.21,14.09,14.09
03/02/09 22:00:00.0,10.99,10.21,13.7,13.7
03/02/09 23:00:00.0,10.6,10.21,13.32,13.7
03/03/09 00:00:00.0,10.21,9.82,12.93,13.32
03/03/09 01:00:00.0,10.21,9.82,12.93,13.32
03/03/09 02:00:00.0,10.6,9.82,12.55,13.32
03/03/09 03:00:00.0,10.21,9.82,12.55,12.93
03/03/09 04:00:00.0,10.21,9.42,12.16,12.93
03/03/09 05:00:00.0,10.21,10.21,12.16,12.93
03/03/09 06:00:00.0,10.21,9.82,12.16,12.55
03/03/09 07:00:00.0,10.6,10.6,11.77,12.55
03/03/09 08:00:00.0,10.21,11.38,11.77,12.55
03/03/09 09:00:00.0,10.6,12.55,11.77,12.16
03/03/09 10:00:00.0,12.55,14.85,11.77,12.16
03/03/09 11:00:00.0,15.62,20.95,11.77,12.16
03/03/09 12:00:00.0,17.52,23.24,12.16,12.16
03/03/09 13:00:00.0,22.86,32.76,12.16,12.16
03/03/09 14:00:00.0,21.33,30.71,12.55,12.55
03/03/09 15:00:00.0,19.04,25.95,12.93,12.55
03/03/09 16:00:00.0,16.38,22.48,12.93,12.55
03/03/09 17:00:00.0,19.04,24.79,12.93,12.93
03/03/09 18:00:00.0,20.57,22.86,13.32,12.93
03/03/09 19:00:00.0,15.62,17.52,13.32,12.93
03/03/09 20:00:00.0,13.32,14.09,13.32,12.93
03/03/09 21:00:00.0,12.93,12.93,12.93,12.93
03/03/09 22:00:00.0,12.93,12.93,12.93,12.93
03/03/09 23:00:00.0,13.32,13.7,12.93,12.93
03/04/09 00:00:00.0,13.32,13.7,12.93,12.93
03/04/09 01:00:00.0,12.93,13.32,12.93,12.93
03/04/09 02:00:00.0,13.32,13.32,12.55,12.93
03/04/09 03:00:00.0,12.16,12.16,12.55,12.55
03/04/09 04:00:00.0,9.03,9.82,12.55,12.93
03/04/09 05:00:00.0,7.83,8.23,12.16,12.55
03/04/09 06:00:00.0,6.22,6.62,11.77,12.55
03/04/09 07:00:00.0,4.57,5.4,11.77,12.55
03/04/09 08:00:00.0,4.99,6.62,11.38,12.16
03/04/09 09:00:00.0,5.4,8.63,10.99,12.16
03/04/09 10:00:00.0,7.83,14.09,10.99,11.77
03/04/09 11:00:00.0,9.82,21.33,10.99,11.77
03/04/09 12:00:00.0,16,41.05,10.99,11.77
03/04/09 13:00:00.0,21.33,47.96,11.38,11.77
03/04/09 14:00:00.0,18.28,38.77,11.77,11.77
03/04/09 15:00:00.0,12.16,22.86,11.77,12.16
03/04/09 16:00:00.0,9.42,17.14,11.77,12.16
03/04/09 17:00:00.0,7.83,14.85,11.38,12.16
03/04/09 18:00:00.0,7.03,12.55,11.38,12.16
03/04/09 19:00:00.0,5.4,10.21,10.99,11.77
03/04/09 20:00:00.0,4.99,8.23,10.6,11.77
03/04/09 21:00:00.0,4.15,7.83,10.6,11.38
03/04/09 22:00:00.0,3.74,7.03,10.21,11.38
03/04/09 23:00:00.0,2.89,6.62,10.21,11.38
03/05/09 00:00:00.0,2.89,6.22,9.82,10.99
03/05/09 01:00:00.0,2.89,6.22,9.82,10.99
03/05/09 02:00:00.0,3.31,4.57,9.82,10.6
03/05/09 03:00:00.0,3.31,4.57,9.42,10.6
03/05/09 04:00:00.0,3.31,4.57,9.42,10.6
03/05/09 05:00:00.0,2.03,3.31,9.42,10.21
03/05/09 06:00:00.0,2.03,2.46,9.03,10.21
03/05/09 07:00:00.0,2.03,3.31,9.03,10.21
03/05/09 08:00:00.0,3.74,5.81,8.63,9.82
03/05/09 09:00:00.0,8.63,11.38,8.63,9.82
03/05/09 10:00:00.0,12.16,28.31,9.03,9.82
03/05/09 11:00:00.0,13.7,34.85,9.42,9.82
03/05/09 12:00:00.0,16.76,42.46,10.21,10.21
03/05/09 13:00:00.0,20.95,47.43,11.38,10.6
03/05/09 14:00:00.0,23.63,47.43,12.93,10.99
03/05/09 15:00:00.0,24.79,34.01,14.09,11.77
03/05/09 16:00:00.0,23.63,25.95,14.85,12.55
03/05/09 17:00:00.0,20.95,19.42,14.85,12.93
03/05/09 18:00:00.0,17.52,14.85,14.47,13.32
03/05/09 19:00:00.0,12.55,10.99,14.09,13.32
03/05/09 20:00:00.0,5.81,5.81,13.32,12.93
03/05/09 21:00:00.0,3.31,3.31,12.55,12.93
03/05/09 22:00:00.0,0.73,1.17,11.77,12.55
03/05/09 23:00:00.0,-0.61,-0.16,10.99,12.16
03/06/09 00:00:00.0,-0.61,-0.61,10.21,11.77
03/06/09 01:00:00.0,0.73,1.17,9.82,11.38
03/06/09 02:00:00.0,1.17,2.46,9.42,10.99
03/06/09 03:00:00.0,0.73,2.03,9.03,10.6
03/06/09 04:00:00.0,0.29,1.6,9.03,10.21
03/06/09 05:00:00.0,-0.16,1.17,9.03,10.21
03/06/09 06:00:00.0,-0.16,-0.16,8.63,9.82
03/06/09 07:00:00.0,-1.06,-1.06,8.63,9.82
03/06/09 08:00:00.0,1.6,4.57,8.23,9.82
03/06/09 09:00:00.0,12.93,14.09,8.23,9.42
03/06/09 10:00:00.0,20.19,34.43,8.23,9.42
03/06/09 11:00:00.0,22.48,45.39,9.03,9.42
03/06/09 12:00:00.0,24.79,51.22,10.21,9.82
03/06/09 13:00:00.0,29.1,53.53,10.99,10.21
03/06/09 14:00:00.0,29.1,51.22,12.16,10.6
03/06/09 15:00:00.0,29.1,35.7,13.32,11.38
03/06/09 16:00:00.0,25.95,27.12,13.7,12.16
03/06/09 17:00:00.0,22.86,20.57,13.7,12.55
03/06/09 18:00:00.0,20.57,17.14,13.32,12.55
03/06/09 19:00:00.0,14.47,13.32,13.32,12.55
03/06/09 20:00:00.0,7.43,7.43,12.93,12.55
03/06/09 21:00:00.0,4.15,4.99,12.16,12.16
03/06/09 22:00:00.0,2.89,3.31,11.38,12.16
03/06/09 23:00:00.0,3.31,2.89,10.99,11.77
03/07/09 00:00:00.0,4.15,2.89,10.21,11.38
03/07/09 01:00:00.0,4.57,2.89,9.82,10.99
03/07/09 02:00:00.0,4.57,2.89,9.82,10.99
03/07/09 03:00:00.0,3.74,2.03,9.42,10.6
03/07/09 04:00:00.0,4.15,2.46,9.42,10.6
03/07/09 05:00:00.0,4.15,2.46,9.03,10.21
03/07/09 06:00:00.0,4.15,2.46,9.03,10.21
03/07/09 07:00:00.0,4.15,2.46,9.03,9.82
03/07/09 08:00:00.0,7.83,9.03,8.63,9.82
03/07/09 09:00:00.0,16,16.76,9.03,9.82
03/07/09 10:00:00.0,22.09,36.13,9.03,9.82
03/07/09 11:00:00.0,24.4,46.91,9.42,9.82
03/07/09 12:00:00.0,24.4,52.95,10.21,9.82
03/07/09 13:00:00.0,28.7,56.6,11.38,10.21
03/07/09 14:00:00.0,22.86,40.59,12.55,10.99
03/07/09 15:00:00.0,25.95,36.13,13.32,11.38
03/07/09 16:00:00.0,25.95,29.9,14.09,12.16
03/07/09 17:00:00.0,23.24,23.63,14.47,12.55
03/07/09 18:00:00.0,19.04,20.57,14.09,12.93
03/07/09 19:00:00.0,14.47,15.23,13.7,12.93
03/07/09 20:00:00.0,9.42,10.21,13.32,12.55
03/07/09 21:00:00.0,6.62,7.43,12.55,12.55
03/07/09 22:00:00.0,4.99,5.81,12.16,12.16
03/07/09 23:00:00.0,4.15,4.57,11.38,12.16
03/08/09 00:00:00.0,3.74,4.15,10.99,11.77
03/08/09 01:00:00.0,3.31,3.31,10.6,11.38
03/08/09 02:00:00.0,2.46,3.31,10.21,11.38
03/08/09 03:00:00.0,3.74,4.15,9.82,10.99
03/08/09 04:00:00.0,4.15,2.89,9.42,10.6
03/08/09 05:00:00.0,4.57,2.89,9.42,10.6
03/08/09 06:00:00.0,3.74,2.03,9.03,10.21
03/08/09 07:00:00.0,2.89,1.17,9.03,10.21
03/08/09 08:00:00.0,8.23,9.03,8.63,10.21
03/08/09 09:00:00.0,18.66,17.52,8.63,9.82
03/08/09 10:00:00.0,26.34,36.57,9.42,9.82
03/08/09 11:00:00.0,27.52,46.4,9.82,9.82
03/08/09 12:00:00.0,25.56,49.02,10.6,10.21
03/08/09 13:00:00.0,29.1,54.13,12.16,10.6
03/08/09 14:00:00.0,31.93,46.4,13.7,11.38
03/08/09 15:00:00.0,28.31,32.76,15.23,12.16
03/08/09 16:00:00.0,25.56,26.34,16,12.93
03/08/09 17:00:00.0,21.33,19.42,15.62,13.32
03/08/09 18:00:00.0,19.42,16.76,15.23,13.32
03/08/09 19:00:00.0,14.85,13.7,14.85,13.32
03/08/09 20:00:00.0,9.42,9.03,14.09,13.32
03/08/09 21:00:00.0,7.43,6.62,13.32,13.32
03/08/09 22:00:00.0,5.81,5.4,12.93,12.93
03/08/09 23:00:00.0,4.57,4.57,12.16,12.55
03/09/09 00:00:00.0,4.15,4.15,11.38,12.16
03/09/09 01:00:00.0,4.15,3.31,10.99,12.16
03/09/09 02:00:00.0,4.57,3.31,10.6,11.77
03/09/09 03:00:00.0,4.99,3.74,10.21,11.38
03/09/09 04:00:00.0,5.4,3.74,10.21,10.99
03/09/09 05:00:00.0,6.22,4.15,9.82,10.99
03/09/09 06:00:00.0,7.03,4.99,9.82,10.99
03/09/09 07:00:00.0,6.62,4.57,9.82,10.6
03/09/09 08:00:00.0,9.42,10.99,9.82,10.6
03/09/09 09:00:00.0,16,18.66,9.82,10.6
03/09/09 10:00:00.0,19.81,33.17,10.21,10.6
03/09/09 11:00:00.0,20.19,40.13,10.6,10.6
03/09/09 12:00:00.0,21.71,46.4,11.38,10.6
03/09/09 13:00:00.0,26.34,52.95,12.16,10.99
03/09/09 14:00:00.0,27.12,43.91,13.32,11.38
03/09/09 15:00:00.0,27.52,36.57,14.47,12.16
03/09/09 16:00:00.0,23.24,27.12,14.85,12.93
03/09/09 17:00:00.0,18.66,20.57,14.85,12.93
03/09/09 18:00:00.0,19.42,19.42,14.47,13.32
03/09/09 19:00:00.0,14.47,16.38,14.09,13.32
03/09/09 20:00:00.0,10.99,10.99,13.7,13.32
03/09/09 21:00:00.0,9.03,8.63,13.32,12.93
03/09/09 22:00:00.0,7.43,7.03,12.93,12.93
03/09/09 23:00:00.0,5.81,5.81,12.16,12.55
03/10/09 00:00:00.0,5.4,5.4,11.77,12.55
03/10/09 01:00:00.0,5.4,4.57,11.38,12.16
03/10/09 02:00:00.0,5.81,4.57,10.99,11.77
03/10/09 03:00:00.0,7.43,5.4,10.6,11.38
03/10/09 04:00:00.0,7.43,5.4,10.6,11.38
03/10/09 05:00:00.0,7.83,5.81,10.21,11.38
03/10/09 06:00:00.0,7.83,5.4,10.21,10.99
03/10/09 07:00:00.0,7.03,4.57,10.21,10.99
03/10/09 08:00:00.0,10.99,11.38,10.21,10.99
03/10/09 09:00:00.0,19.42,20.19,10.21,10.6
03/10/09 10:00:00.0,26.34,37,10.6,10.6
03/10/09 11:00:00.0,27.52,46.4,11.38,10.99
03/10/09 12:00:00.0,19.42,28.31,12.55,10.99
03/10/09 13:00:00.0,16.38,22.09,12.93,11.38
03/10/09 14:00:00.0,14.09,15.62,12.55,11.77
03/10/09 15:00:00.0,13.7,17.9,12.55,11.77
03/10/09 16:00:00.0,14.09,18.28,12.55,11.77
03/10/09 17:00:00.0,15.23,18.28,12.55,12.16
03/10/09 18:00:00.0,21.33,17.52,12.93,12.16
03/10/09 19:00:00.0,13.32,13.32,12.93,12.16
03/10/09 20:00:00.0,10.21,10.6,12.55,12.16
03/10/09 21:00:00.0,10.6,9.82,12.55,12.16
03/10/09 22:00:00.0,9.82,9.42,12.16,12.16
03/10/09 23:00:00.0,9.42,8.63,11.77,12.16
03/11/09 00:00:00.0,8.23,7.43,11.77,11.77
03/11/09 01:00:00.0,8.63,7.83,11.38,11.77
03/11/09 02:00:00.0,6.22,5.81,11.38,11.77
03/11/09 03:00:00.0,8.23,7.43,10.99,11.38
03/11/09 04:00:00.0,8.63,7.83,10.99,11.38
03/11/09 05:00:00.0,8.23,6.62,10.6,11.38
03/11/09 06:00:00.0,7.43,5.81,10.6,10.99
03/11/09 07:00:00.0,7.43,6.22,10.21,10.99
03/11/09 08:00:00.0,9.42,9.42,10.21,10.99
03/11/09 09:00:00.0,18.28,17.9,10.21,10.6
03/11/09 10:00:00.0,19.81,25.17,10.6,10.6
03/11/09 11:00:00.0,22.48,39.67,11.38,10.99
03/11/09 12:00:00.0,23.63,39.67,12.55,11.38
03/11/09 13:00:00.0,25.17,39.67,13.32,11.77
03/11/09 14:00:00.0,20.57,26.34,14.09,12.16
03/11/09 15:00:00.0,23.24,27.91,14.09,12.55
03/11/09 16:00:00.0,19.42,21.71,14.09,12.93
03/11/09 17:00:00.0,21.71,24.79,14.09,12.93
03/11/09 18:00:00.0,16.38,18.66,14.09,12.93
03/11/09 19:00:00.0,14.85,15.62,13.7,12.93
03/11/09 20:00:00.0,11.38,11.38,13.7,12.93
03/11/09 21:00:00.0,10.99,11.38,13.32,12.93
03/11/09 22:00:00.0,10.21,10.6,12.93,12.55
03/11/09 23:00:00.0,9.82,10.21,12.55,12.55
03/12/09 00:00:00.0,9.42,9.82,12.16,12.55
03/12/09 01:00:00.0,9.82,10.21,12.16,12.16
03/12/09 02:00:00.0,9.82,9.42,11.77,12.16
03/12/09 03:00:00.0,9.42,9.42,11.77,12.16
03/12/09 04:00:00.0,9.42,9.03,11.38,11.77
03/12/09 05:00:00.0,9.42,9.42,11.38,11.77
03/12/09 06:00:00.0,9.42,9.82,11.38,11.77
03/12/09 07:00:00.0,9.42,9.42,11.38,11.38
03/12/09 08:00:00.0,10.6,11.77,11.38,11.38
03/12/09 09:00:00.0,15.23,20.95,10.99,11.38
03/12/09 10:00:00.0,17.9,28.7,11.38,11.38
03/12/09 11:00:00.0,20.19,30.71,11.77,11.38
03/12/09 12:00:00.0,25.95,43.91,12.16,11.38
03/12/09 13:00:00.0,27.12,43.91,12.55,11.77
03/12/09 14:00:00.0,20.57,31.93,12.93,12.16
03/12/09 15:00:00.0,14.85,21.71,12.93,12.16
03/12/09 16:00:00.0,12.93,16.38,12.93,12.55
03/12/09 17:00:00.0,13.32,14.85,12.93,12.55
03/12/09 18:00:00.0,12.93,13.7,12.55,12.55
03/12/09 19:00:00.0,13.32,13.32,12.55,12.55
03/12/09 20:00:00.0,10.6,10.6,12.16,12.16
03/12/09 21:00:00.0,10.21,9.82,12.16,12.16
03/12/09 22:00:00.0,9.82,9.42,11.77,12.16
03/12/09 23:00:00.0,9.82,9.42,11.77,12.16
03/13/09 00:00:00.0,10.21,10.21,11.77,11.77
03/13/09 01:00:00.0,10.21,10.21,11.38,11.77
03/13/09 02:00:00.0,10.21,10.6,11.38,11.77
03/13/09 03:00:00.0,10.21,10.21,11.38,11.77
03/13/09 04:00:00.0,10.21,10.6,11.38,11.38
03/13/09 05:00:00.0,10.21,10.6,10.99,11.38
03/13/09 06:00:00.0,10.21,10.6,10.99,11.38
03/13/09 07:00:00.0,10.21,10.6,10.99,11.38
03/13/09 08:00:00.0,10.6,10.99,10.99,11.38
03/13/09 09:00:00.0,16.76,15.23,11.38,11.38
03/13/09 10:00:00.0,17.9,20.57,11.38,11.38
03/13/09 11:00:00.0,23.63,24.4,11.77,11.38
03/13/09 12:00:00.0,20.95,22.48,12.16,11.38
03/13/09 13:00:00.0,22.48,27.12,12.55,11.77
03/13/09 14:00:00.0,20.57,25.95,13.32,12.16
03/13/09 15:00:00.0,22.86,25.17,14.09,12.55
03/13/09 16:00:00.0,21.71,23.24,14.47,12.93
03/13/09 17:00:00.0,17.14,19.81,14.47,13.32
03/13/09 18:00:00.0,15.62,17.52,14.09,13.32
03/13/09 19:00:00.0,13.7,14.85,14.09,13.32
03/13/09 20:00:00.0,12.55,13.7,13.7,13.32
03/13/09 21:00:00.0,11.77,12.55,13.7,13.32
03/13/09 22:00:00.0,11.38,11.77,13.32,12.93
03/13/09 23:00:00.0,10.6,11.38,12.93,12.93
03/14/09 00:00:00.0,9.82,9.82,12.93,12.93
03/14/09 01:00:00.0,9.42,9.03,12.55,12.55
03/14/09 02:00:00.0,10.99,10.21,12.16,12.55
03/14/09 03:00:00.0,10.99,10.99,12.16,12.55
03/14/09 04:00:00.0,10.99,10.99,12.16,12.16
03/14/09 05:00:00.0,10.99,11.38,12.16,12.16
03/14/09 06:00:00.0,10.99,11.38,12.16,12.16
03/14/09 07:00:00.0,10.99,10.99,12.16,12.16
03/14/09 08:00:00.0,10.99,11.38,11.77,12.16
03/14/09 09:00:00.0,11.77,12.93,11.77,12.16
03/14/09 10:00:00.0,11.77,13.32,11.77,11.77
03/14/09 11:00:00.0,10.99,13.32,11.77,11.77
03/14/09 12:00:00.0,11.77,13.7,11.77,11.77
03/14/09 13:00:00.0,12.93,15.23,11.77,11.77
03/14/09 14:00:00.0,12.55,14.85,11.77,11.77
03/14/09 15:00:00.0,12.16,14.09,11.77,11.77
03/14/09 16:00:00.0,10.21,12.16,11.77,11.77
03/14/09 17:00:00.0,10.21,12.16,11.38,11.77
03/14/09 18:00:00.0,10.6,12.93,11.38,11.77
03/14/09 19:00:00.0,10.21,11.77,11.38,11.77
03/14/09 20:00:00.0,9.42,10.99,11.38,11.38
03/14/09 21:00:00.0,9.03,10.21,11.38,11.38
03/14/09 22:00:00.0,7.43,9.42,11.38,11.38
03/14/09 23:00:00.0,5.81,7.83,10.99,11.38
03/15/09 00:00:00.0,4.99,7.83,10.99,11.38
03/15/09 01:00:00.0,3.74,7.03,10.6,11.38
03/15/09 02:00:00.0,2.03,5.81,10.6,10.99
03/15/09 03:00:00.0,0.29,3.74,10.21,10.99
03/15/09 04:00:00.0,-0.61,2.89,9.82,10.99
03/15/09 05:00:00.0,-0.61,2.46,9.42,10.6
03/15/09 06:00:00.0,-1.06,2.03,9.42,10.6
03/15/09 07:00:00.0,-0.61,1.6,9.03,10.21
03/15/09 08:00:00.0,0.29,2.89,8.63,10.21
03/15/09 09:00:00.0,2.46,6.62,8.63,9.82
03/15/09 10:00:00.0,5.4,12.16,8.63,9.82
03/15/09 11:00:00.0,6.62,14.09,8.63,9.42
03/15/09 12:00:00.0,6.22,15.23,8.63,9.42
03/15/09 13:00:00.0,5.4,14.09,9.03,9.82
03/15/09 14:00:00.0,8.23,16,9.03,9.82
03/15/09 15:00:00.0,6.22,13.32,9.42,9.82
03/15/09 16:00:00.0,5.81,11.38,9.42,9.82
03/15/09 17:00:00.0,5.4,9.82,9.42,9.82
03/15/09 18:00:00.0,4.57,8.63,9.03,9.82
03/15/09 19:00:00.0,2.89,6.62,9.03,9.82
03/15/09 20:00:00.0,2.46,4.99,8.63,9.82
03/15/09 21:00:00.0,2.03,4.15,8.63,9.42
03/15/09 22:00:00.0,2.46,4.57,8.23,9.42
03/15/09 23:00:00.0,2.46,4.57,8.23,9.42
03/16/09 00:00:00.0,2.46,4.57,8.23,9.03
03/16/09 01:00:00.0,2.46,4.57,7.83,9.03
03/16/09 02:00:00.0,2.03,3.74,7.83,9.03
03/16/09 03:00:00.0,1.17,2.89,7.83,9.03
03/16/09 04:00:00.0,2.03,3.74,7.83,8.63
03/16/09 05:00:00.0,2.03,4.15,7.43,8.63
03/16/09 06:00:00.0,2.03,4.15,7.43,8.63
03/16/09 07:00:00.0,2.03,4.15,7.43,8.63
03/16/09 08:00:00.0,2.46,4.57,7.43,8.23
03/16/09 09:00:00.0,3.31,7.43,7.43,8.23
03/16/09 10:00:00.0,3.74,8.23,7.43,8.23
03/16/09 11:00:00.0,3.74,8.63,7.43,8.23
03/16/09 12:00:00.0,9.42,17.52,7.43,8.23
03/16/09 13:00:00.0,7.43,14.85,7.83,8.23
03/16/09 14:00:00.0,10.6,16.38,8.23,8.23
03/16/09 15:00:00.0,14.09,19.04,8.63,8.63
03/16/09 16:00:00.0,8.23,12.93,9.42,9.03
03/16/09 17:00:00.0,9.82,11.77,9.82,9.42
03/16/09 18:00:00.0,5.81,8.23,9.82,9.42
03/16/09 19:00:00.0,4.57,6.62,9.82,9.42
03/16/09 20:00:00.0,3.74,4.99,9.42,9.42
03/16/09 21:00:00.0,2.89,3.74,9.03,9.42
03/16/09 22:00:00.0,3.31,3.74,8.63,9.42
03/16/09 23:00:00.0,3.31,3.74,8.23,9.03
03/17/09 00:00:00.0,2.46,2.46,8.23,9.03
03/17/09 01:00:00.0,2.03,2.03,7.83,9.03
03/17/09 02:00:00.0,1.6,1.6,7.83,8.63
03/17/09 03:00:00.0,1.6,1.17,7.43,8.63
03/17/09 04:00:00.0,1.17,1.17,7.43,8.23
03/17/09 05:00:00.0,1.6,0.73,7.03,8.23
03/17/09 06:00:00.0,1.6,1.17,7.03,8.23
03/17/09 07:00:00.0,1.6,1.17,7.03,7.83
03/17/09 08:00:00.0,3.74,4.15,7.03,7.83
03/17/09 09:00:00.0,9.03,9.82,7.03,7.83
03/17/09 10:00:00.0,14.85,19.04,7.03,7.83
03/17/09 11:00:00.0,14.47,27.91,7.83,7.83
03/17/09 12:00:00.0,18.66,34.85,9.03,8.23
03/17/09 13:00:00.0,25.17,40.13,10.21,8.63
03/17/09 14:00:00.0,26.34,29.5,11.77,9.42
03/17/09 15:00:00.0,25.56,27.52,13.32,10.21
03/17/09 16:00:00.0,23.24,20.95,13.7,10.6
03/17/09 17:00:00.0,22.09,17.52,13.7,11.38
03/17/09 18:00:00.0,19.81,14.85,13.32,11.38
03/17/09 19:00:00.0,11.38,10.6,12.93,11.38
03/17/09 20:00:00.0,7.43,7.43,12.16,11.38
03/17/09 21:00:00.0,4.99,5.81,11.38,11.38
03/17/09 22:00:00.0,2.89,4.15,10.99,10.99
03/17/09 23:00:00.0,3.74,3.74,10.21,10.6
03/18/09 00:00:00.0,4.57,3.31,9.82,10.21
03/18/09 01:00:00.0,4.99,2.89,9.42,10.21
03/18/09 02:00:00.0,4.99,3.31,9.03,9.82
03/18/09 03:00:00.0,5.4,3.74,8.63,9.82
03/18/09 04:00:00.0,5.4,3.74,8.63,9.42
03/18/09 05:00:00.0,4.99,3.31,8.63,9.42
03/18/09 06:00:00.0,4.99,3.31,8.63,9.42
03/18/09 07:00:00.0,4.99,2.89,8.23,9.03
03/18/09 08:00:00.0,7.03,7.03,8.23,9.03
03/18/09 09:00:00.0,12.16,12.55,8.23,9.03
03/18/09 10:00:00.0,15.62,25.56,8.63,9.03
03/18/09 11:00:00.0,16,36.57,9.03,9.03
03/18/09 12:00:00.0,20.57,43.42,9.82,9.42
03/18/09 13:00:00.0,24.4,47.96,10.99,9.42
03/18/09 14:00:00.0,26.34,33.59,12.16,10.21
03/18/09 15:00:00.0,24.01,30.71,12.93,10.6
03/18/09 16:00:00.0,21.71,23.63,13.32,11.38
03/18/09 17:00:00.0,19.81,19.42,12.93,11.38
03/18/09 18:00:00.0,16.76,15.62,12.93,11.77
03/18/09 19:00:00.0,11.38,11.77,12.55,11.77
03/18/09 20:00:00.0,8.63,8.63,12.16,11.77
03/18/09 21:00:00.0,7.43,7.83,11.38,11.38
03/18/09 22:00:00.0,6.62,7.03,10.99,11.38
03/18/09 23:00:00.0,6.22,6.62,10.99,10.99
03/19/09 00:00:00.0,6.22,6.62,10.6,10.99
03/19/09 01:00:00.0,6.22,6.22,10.21,10.6
03/19/09 02:00:00.0,6.62,6.22,9.82,10.6
03/19/09 03:00:00.0,6.62,6.22,9.82,10.21
03/19/09 04:00:00.0,7.03,6.22,9.42,10.21
03/19/09 05:00:00.0,7.43,6.22,9.42,10.21
03/19/09 06:00:00.0,7.43,6.22,9.42,9.82
03/19/09 07:00:00.0,7.03,5.4,9.03,9.82
03/19/09 08:00:00.0,7.03,6.62,9.03,9.82
03/19/09 09:00:00.0,7.83,9.03,9.03,9.42
03/19/09 10:00:00.0,10.6,14.85,9.03,9.42
03/19/09 11:00:00.0,15.62,34.85,9.42,9.42
03/19/09 12:00:00.0,18.66,44.4,10.21,9.42
03/19/09 13:00:00.0,24.01,49.02,11.38,9.82
03/19/09 14:00:00.0,27.52,34.01,12.55,10.6
03/19/09 15:00:00.0,26.34,31.52,13.32,10.99
03/19/09 16:00:00.0,24.79,24.4,13.32,11.38
03/19/09 17:00:00.0,22.09,20.19,13.32,11.77
03/19/09 18:00:00.0,19.42,16.38,12.93,11.77
03/19/09 19:00:00.0,12.93,12.16,12.93,11.77
03/19/09 20:00:00.0,9.03,8.23,12.16,11.77
03/19/09 21:00:00.0,7.83,7.43,11.77,11.77
03/19/09 22:00:00.0,7.03,6.22,11.38,11.38
03/19/09 23:00:00.0,4.15,4.57,10.6,11.38
03/20/09 00:00:00.0,4.15,4.15,10.21,10.99
03/20/09 01:00:00.0,3.31,3.74,9.82,10.6
03/20/09 02:00:00.0,3.31,3.31,9.82,10.6
03/20/09 03:00:00.0,4.15,3.74,9.42,10.21
03/20/09 04:00:00.0,4.99,3.74,9.03,10.21
03/20/09 05:00:00.0,5.4,3.74,9.03,9.82
03/20/09 06:00:00.0,4.99,3.31,9.03,9.82
03/20/09 07:00:00.0,5.4,3.31,8.63,9.82
03/20/09 08:00:00.0,8.23,9.03,8.63,9.42
03/20/09 09:00:00.0,17.14,16.38,8.63,9.42
03/20/09 10:00:00.0,22.86,31.52,9.03,9.42
03/20/09 11:00:00.0,23.24,41.52,9.42,9.42
03/20/09 12:00:00.0,22.86,49.02,10.21,9.42
03/20/09 13:00:00.0,27.91,52.95,10.99,9.82
03/20/09 14:00:00.0,27.91,37,12.16,10.6
03/20/09 15:00:00.0,27.52,34.85,13.7,10.99
03/20/09 16:00:00.0,23.63,25.95,14.09,11.77
03/20/09 17:00:00.0,22.09,22.09,14.09,12.16
03/20/09 18:00:00.0,15.62,15.62,14.09,12.55
03/20/09 19:00:00.0,13.32,12.93,13.7,12.55
03/20/09 20:00:00.0,10.21,9.42,12.93,12.16
03/20/09 21:00:00.0,8.63,7.83,12.16,12.16
03/20/09 22:00:00.0,8.63,7.83,11.77,11.77
03/20/09 23:00:00.0,8.23,7.03,11.38,11.77
03/21/09 00:00:00.0,8.23,6.62,10.99,11.38
03/21/09 01:00:00.0,7.83,6.22,10.6,11.38
03/21/09 02:00:00.0,6.62,4.99,10.6,10.99
03/21/09 03:00:00.0,4.99,4.15,10.21,10.99
03/21/09 04:00:00.0,5.4,4.15,9.82,10.6
03/21/09 05:00:00.0,5.81,3.74,9.82,10.6
03/21/09 06:00:00.0,3.74,2.89,9.42,10.21
03/21/09 07:00:00.0,4.57,3.31,9.03,10.21
03/21/09 08:00:00.0,7.83,8.63,9.03,9.82
03/21/09 09:00:00.0,16.76,17.14,9.03,9.82
03/21/09 10:00:00.0,22.48,32.76,9.42,9.82
03/21/09 11:00:00.0,23.63,42.94,9.82,9.82
03/21/09 12:00:00.0,25.17,50.11,10.99,10.21
03/21/09 13:00:00.0,25.95,54.74,12.16,10.6
03/21/09 14:00:00.0,27.91,38.77,13.32,10.99
03/21/09 15:00:00.0,27.12,34.01,14.09,11.77
03/21/09 16:00:00.0,25.95,27.12,14.09,12.16
03/21/09 17:00:00.0,22.86,22.09,14.09,12.55
03/21/09 18:00:00.0,19.42,18.28,14.09,12.55
03/21/09 19:00:00.0,13.7,13.32,13.7,12.55
03/21/09 20:00:00.0,10.21,9.82,12.93,12.55
03/21/09 21:00:00.0,9.03,8.23,12.55,12.16
03/21/09 22:00:00.0,8.63,7.83,12.16,12.16
03/21/09 23:00:00.0,8.63,7.43,11.77,11.77
03/22/09 00:00:00.0,9.03,7.43,11.38,11.77
03/22/09 01:00:00.0,9.03,7.03,10.99,11.38
03/22/09 02:00:00.0,9.42,7.03,10.99,11.38
03/22/09 03:00:00.0,9.42,7.43,10.99,10.99
03/22/09 04:00:00.0,9.82,7.43,10.6,10.99
03/22/09 05:00:00.0,9.82,7.43,10.6,10.99
03/22/09 06:00:00.0,9.82,7.43,10.6,10.99
03/22/09 07:00:00.0,9.82,7.43,10.21,10.6
03/22/09 08:00:00.0,10.99,11.38,10.21,10.6
03/22/09 09:00:00.0,10.99,12.55,10.21,10.6
03/22/09 10:00:00.0,10.6,11.77,10.21,10.6
03/22/09 11:00:00.0,9.42,10.21,10.21,10.6
03/22/09 12:00:00.0,14.47,17.52,10.21,10.6
03/22/09 13:00:00.0,23.24,38.32,10.6,10.6
03/22/09 14:00:00.0,21.71,29.5,11.38,10.6
03/22/09 15:00:00.0,17.9,27.52,12.16,10.99
03/22/09 16:00:00.0,20.57,23.63,12.55,11.38
03/22/09 17:00:00.0,17.52,18.66,12.55,11.77
03/22/09 18:00:00.0,15.62,15.62,12.55,11.77
03/22/09 19:00:00.0,12.16,11.77,12.55,11.77
03/22/09 20:00:00.0,10.21,9.42,12.16,11.77
03/22/09 21:00:00.0,9.82,8.63,11.77,11.77
03/22/09 22:00:00.0,9.03,7.83,11.38,11.38
03/22/09 23:00:00.0,8.63,7.43,11.38,11.38
03/23/09 00:00:00.0,9.03,7.83,10.99,11.38
03/23/09 01:00:00.0,9.03,7.83,10.99,11.38
03/23/09 02:00:00.0,9.03,7.43,10.99,10.99
03/23/09 03:00:00.0,9.03,7.83,10.6,10.99
03/23/09 04:00:00.0,9.42,7.83,10.6,10.99
03/23/09 05:00:00.0,9.42,8.23,10.6,10.99
03/23/09 06:00:00.0,9.42,7.43,10.6,10.6
03/23/09 07:00:00.0,9.03,7.43,10.21,10.6
03/23/09 08:00:00.0,9.42,9.03,10.21,10.6
03/23/09 09:00:00.0,13.32,16,10.21,10.6
03/23/09 10:00:00.0,17.14,29.5,10.21,10.6
03/23/09 11:00:00.0,17.52,41.05,10.6,10.6
03/23/09 12:00:00.0,20.95,47.96,11.38,10.6
03/23/09 13:00:00.0,24.01,51.22,12.16,10.99
03/23/09 14:00:00.0,25.56,35.7,12.93,11.38
03/23/09 15:00:00.0,24.01,32.76,13.7,11.77
03/23/09 16:00:00.0,22.48,25.56,14.09,12.16
03/23/09 17:00:00.0,21.33,21.33,13.7,12.55
03/23/09 18:00:00.0,17.52,17.52,13.32,12.55
03/23/09 19:00:00.0,12.93,12.93,13.32,12.55
03/23/09 20:00:00.0,10.21,9.42,12.93,12.55
03/23/09 21:00:00.0,8.63,7.43,12.55,12.16
03/23/09 22:00:00.0,5.81,5.81,11.77,12.16
03/23/09 23:00:00.0,7.83,6.62,11.38,11.77
03/24/09 00:00:00.0,7.83,7.03,11.38,11.77
03/24/09 01:00:00.0,7.83,6.62,10.99,11.38
03/24/09 02:00:00.0,7.43,6.22,10.99,11.38
03/24/09 03:00:00.0,7.03,5.4,10.6,11.38
03/24/09 04:00:00.0,7.03,5.4,10.6,10.99
03/24/09 05:00:00.0,7.03,5.4,10.21,10.99
03/24/09 06:00:00.0,6.62,4.99,10.21,10.99
03/24/09 07:00:00.0,6.22,4.15,10.21,10.6
03/24/09 08:00:00.0,6.22,7.03,9.82,10.6
03/24/09 09:00:00.0,12.16,14.47,9.82,10.21
03/24/09 10:00:00.0,16.38,29.5,9.82,10.21
03/24/09 11:00:00.0,15.62,40.59,10.21,10.21
03/24/09 12:00:00.0,20.95,48.49,10.6,10.21
03/24/09 13:00:00.0,24.4,52.37,11.38,10.6
03/24/09 14:00:00.0,24.4,35.7,12.16,10.99
03/24/09 15:00:00.0,19.42,29.5,12.93,11.38
03/24/09 16:00:00.0,18.28,25.17,12.93,11.77
03/24/09 17:00:00.0,16,22.09,12.93,12.16
03/24/09 18:00:00.0,15.62,20.19,12.55,12.16
03/24/09 19:00:00.0,11.77,14.09,12.55,12.16
03/24/09 20:00:00.0,10.99,12.16,12.16,11.77
03/24/09 21:00:00.0,10.21,10.99,11.77,11.77
03/24/09 22:00:00.0,9.82,10.21,11.77,11.77
03/24/09 23:00:00.0,9.42,10.21,11.38,11.38
03/25/09 00:00:00.0,9.03,9.82,10.99,11.38
03/25/09 01:00:00.0,9.03,9.82,10.99,11.38
03/25/09 02:00:00.0,9.03,9.42,10.99,11.38
03/25/09 03:00:00.0,9.42,9.82,10.6,10.99
03/25/09 04:00:00.0,9.82,10.21,10.6,10.99
03/25/09 05:00:00.0,9.42,9.82,10.6,10.99
03/25/09 06:00:00.0,9.42,9.42,10.6,10.99
03/25/09 07:00:00.0,9.82,9.82,10.6,10.99
03/25/09 08:00:00.0,9.03,9.03,10.21,10.6
03/25/09 09:00:00.0,10.99,12.55,10.21,10.6
03/25/09 10:00:00.0,11.38,13.32,10.21,10.6
03/25/09 11:00:00.0,11.77,14.47,10.21,10.6
03/25/09 12:00:00.0,14.09,19.42,10.6,10.6
03/25/09 13:00:00.0,11.77,15.23,10.99,10.6
03/25/09 14:00:00.0,12.55,15.62,10.99,10.99
03/25/09 15:00:00.0,10.6,12.55,10.99,10.99
03/25/09 16:00:00.0,10.6,12.55,10.99,10.99
03/25/09 17:00:00.0,10.99,12.93,10.6,10.99
03/25/09 18:00:00.0,10.21,12.16,10.6,10.99
03/25/09 19:00:00.0,9.42,10.99,10.6,10.6
03/25/09 20:00:00.0,9.42,10.21,10.6,10.6
03/25/09 21:00:00.0,9.42,10.21,10.6,10.6
03/25/09 22:00:00.0,9.03,9.42,10.6,10.6
03/25/09 23:00:00.0,8.63,8.23,10.6,10.6
03/26/09 00:00:00.0,8.63,7.83,10.21,10.6
03/26/09 01:00:00.0,8.23,7.43,10.21,10.6
03/26/09 02:00:00.0,8.23,7.43,10.21,10.6
03/26/09 03:00:00.0,7.83,7.03,10.21,10.21
03/26/09 04:00:00.0,7.83,6.62,10.21,10.21
03/26/09 05:00:00.0,7.83,7.03,9.82,10.21
03/26/09 06:00:00.0,7.83,7.03,9.82,10.21
03/26/09 07:00:00.0,8.23,7.03,9.82,10.21
03/26/09 08:00:00.0,8.63,8.23,9.82,10.21
03/26/09 09:00:00.0,10.99,11.38,9.82,10.21
03/26/09 10:00:00.0,12.55,15.62,9.82,10.21
03/26/09 11:00:00.0,14.47,24.4,10.21,10.21
03/26/09 12:00:00.0,17.52,29.5,10.6,10.21
03/26/09 13:00:00.0,20.95,30.71,11.38,10.6
03/26/09 14:00:00.0,21.71,25.56,12.55,10.99
03/26/09 15:00:00.0,19.42,24.01,13.32,11.38
03/26/09 16:00:00.0,17.9,20.19,13.7,11.77
03/26/09 17:00:00.0,16.76,17.52,13.7,12.16
03/26/09 18:00:00.0,14.85,15.62,13.7,12.16
03/26/09 19:00:00.0,10.6,11.77,13.32,12.55
03/26/09 20:00:00.0,8.63,9.03,12.93,12.16
03/26/09 21:00:00.0,7.43,7.43,12.16,12.16
03/26/09 22:00:00.0,6.22,6.22,11.77,11.77
03/26/09 23:00:00.0,4.57,4.57,11.38,11.77
03/27/09 00:00:00.0,4.57,4.15,10.6,11.38
03/27/09 01:00:00.0,3.31,3.31,10.21,10.99
03/27/09 02:00:00.0,4.15,4.15,9.82,10.99
03/27/09 03:00:00.0,4.57,4.15,9.82,10.6
03/27/09 04:00:00.0,2.46,2.46,9.42,10.21
03/27/09 05:00:00.0,0.73,1.17,9.03,10.21
03/27/09 06:00:00.0,3.74,3.74,9.03,10.21
03/27/09 07:00:00.0,2.03,2.03,8.63,9.82
03/27/09 08:00:00.0,2.46,2.89,8.63,9.82
03/27/09 09:00:00.0,8.23,9.42,8.23,9.42
03/27/09 10:00:00.0,20.19,19.04,8.63,9.42
03/27/09 11:00:00.0,20.95,29.1,9.03,9.42
03/27/09 12:00:00.0,19.81,37.44,9.82,9.42
03/27/09 13:00:00.0,23.24,42.46,10.6,9.82
03/27/09 14:00:00.0,25.56,29.5,12.16,10.21
03/27/09 15:00:00.0,23.24,27.52,12.93,10.99
03/27/09 16:00:00.0,20.57,21.71,13.7,11.38
03/27/09 17:00:00.0,20.19,18.66,13.7,11.77
03/27/09 18:00:00.0,18.66,16,13.32,12.16
03/27/09 19:00:00.0,9.42,10.21,12.93,12.16
03/27/09 20:00:00.0,5.4,7.03,12.55,11.77
03/27/09 21:00:00.0,3.74,5.4,11.77,11.77
03/27/09 22:00:00.0,3.74,4.57,10.99,11.38
03/27/09 23:00:00.0,2.03,3.31,10.6,11.38
03/28/09 00:00:00.0,1.6,2.46,9.82,10.99
03/28/09 01:00:00.0,2.03,2.03,9.42,10.6
03/28/09 02:00:00.0,3.31,2.46,9.03,10.21
03/28/09 03:00:00.0,4.15,2.89,9.03,10.21
03/28/09 04:00:00.0,4.57,2.89,8.63,9.82
03/28/09 05:00:00.0,5.4,3.31,8.63,9.82
03/28/09 06:00:00.0,4.99,3.31,8.63,9.42
03/28/09 07:00:00.0,5.4,3.31,8.63,9.42
03/28/09 08:00:00.0,6.22,5.4,8.63,9.42
03/28/09 09:00:00.0,10.6,12.16,8.63,9.42
03/28/09 10:00:00.0,15.62,22.86,8.63,9.42
03/28/09 11:00:00.0,15.62,34.43,9.03,9.42
03/28/09 12:00:00.0,20.95,41.52,9.82,9.42
03/28/09 13:00:00.0,24.4,43.91,10.99,9.82
03/28/09 14:00:00.0,25.17,32.34,12.16,10.21
03/28/09 15:00:00.0,22.09,29.5,13.32,10.99
03/28/09 16:00:00.0,22.48,23.63,13.7,11.38
03/28/09 17:00:00.0,19.81,18.66,13.32,11.77
03/28/09 18:00:00.0,17.52,15.62,13.32,11.77
03/28/09 19:00:00.0,11.77,10.99,12.93,11.77
03/28/09 20:00:00.0,8.63,7.83,12.16,11.77
03/28/09 21:00:00.0,7.03,6.62,11.77,11.77
03/28/09 22:00:00.0,5.4,5.4,10.99,11.38
03/28/09 23:00:00.0,4.15,4.15,10.6,10.99
03/29/09 00:00:00.0,4.99,4.15,10.21,10.99
03/29/09 01:00:00.0,5.81,4.57,9.82,10.6
03/29/09 02:00:00.0,6.62,4.57,9.82,10.6
03/29/09 03:00:00.0,7.43,4.99,9.42,10.21
03/29/09 04:00:00.0,7.03,4.57,9.42,10.21
03/29/09 05:00:00.0,7.03,4.57,9.42,10.21
03/29/09 06:00:00.0,7.03,4.99,9.42,9.82
03/29/09 07:00:00.0,7.03,4.57,9.42,9.82
03/29/09 08:00:00.0,7.03,7.03,9.03,9.82
03/29/09 09:00:00.0,11.38,13.7,9.03,9.82
03/29/09 10:00:00.0,16.38,26.34,9.42,9.82
03/29/09 11:00:00.0,19.04,37.44,9.82,9.82
03/29/09 12:00:00.0,22.48,44.4,10.21,9.82
03/29/09 13:00:00.0,27.12,47.96,11.38,10.21
03/29/09 14:00:00.0,27.12,32.34,12.93,10.6
03/29/09 15:00:00.0,27.52,31.12,13.7,11.38
03/29/09 16:00:00.0,24.79,23.63,14.09,11.77
03/29/09 17:00:00.0,22.48,19.04,14.09,12.16
03/29/09 18:00:00.0,19.42,16,14.09,12.16
03/29/09 19:00:00.0,11.77,12.16,13.7,12.55
03/29/09 20:00:00.0,9.82,9.82,12.93,12.16
03/29/09 21:00:00.0,9.03,8.63,12.55,12.16
03/29/09 22:00:00.0,7.43,8.23,12.16,11.77
03/29/09 23:00:00.0,6.62,7.03,11.77,11.77
03/30/09 00:00:00.0,6.22,5.4,11.38,11.38
03/30/09 01:00:00.0,5.81,4.99,10.99,11.38
03/30/09 02:00:00.0,5.81,4.57,10.6,10.99
03/30/09 03:00:00.0,5.81,4.57,10.21,10.99
03/30/09 04:00:00.0,5.4,4.15,9.82,10.6
03/30/09 05:00:00.0,4.57,3.74,9.82,10.6
03/30/09 06:00:00.0,4.57,3.74,9.42,10.21
03/30/09 07:00:00.0,3.74,3.31,9.42,10.21
03/30/09 08:00:00.0,5.4,5.4,9.03,9.82
03/30/09 09:00:00.0,14.09,14.47,9.03,9.82
03/30/09 10:00:00.0,21.71,26.73,9.42,9.82
03/30/09 11:00:00.0,21.71,36.57,10.21,9.82
03/30/09 12:00:00.0,23.24,42.94,10.99,10.21
03/30/09 13:00:00.0,25.56,44.89,12.55,10.6
03/30/09 14:00:00.0,24.79,30.31,13.7,10.99
03/30/09 15:00:00.0,24.01,28.7,14.85,11.77
03/30/09 16:00:00.0,22.48,22.48,15.23,12.55
03/30/09 17:00:00.0,20.57,18.66,14.85,12.55
03/30/09 18:00:00.0,16.38,14.85,14.47,12.93
03/30/09 19:00:00.0,10.99,11.38,14.09,12.93
03/30/09 20:00:00.0,9.03,9.03,13.32,12.55
03/30/09 21:00:00.0,8.63,7.83,12.55,12.55
03/30/09 22:00:00.0,7.43,6.62,12.16,12.16
03/30/09 23:00:00.0,6.62,5.4,11.77,11.77
03/31/09 00:00:00.0,6.22,4.57,11.38,11.77
03/31/09 01:00:00.0,7.83,7.43,10.99,11.38
03/31/09 02:00:00.0,4.57,3.31,10.6,11.38
03/31/09 03:00:00.0,2.46,2.03,10.21,10.99
03/31/09 04:00:00.0,2.89,2.03,9.82,10.99
03/31/09 05:00:00.0,3.74,2.03,9.42,10.6
03/31/09 06:00:00.0,3.74,2.03,9.42,10.21
03/31/09 07:00:00.0,3.31,1.6,9.03,10.21
03/31/09 08:00:00.0,3.74,2.89,8.63,9.82
03/31/09 09:00:00.0,10.99,12.93,8.63,9.82
03/31/09 10:00:00.0,19.42,25.56,9.03,9.82
03/31/09 11:00:00.0,19.42,36.57,9.82,9.82
03/31/09 12:00:00.0,23.24,43.42,10.99,9.82
03/31/09 13:00:00.0,25.56,45.89,12.16,10.21
03/31/09 14:00:00.0,25.56,30.31,13.7,10.99
03/31/09 15:00:00.0,23.63,28.31,15.23,11.77
03/31/09 16:00:00.0,22.09,22.09,15.23,12.55
03/31/09 17:00:00.0,21.71,17.9,14.85,12.55
03/31/09 18:00:00.0,17.14,14.85,14.47,12.93
03/31/09 19:00:00.0,11.77,10.99,14.09,12.93
03/31/09 20:00:00.0,8.63,7.83,13.32,12.55
03/31/09 21:00:00.0,8.23,6.62,12.55,12.55
03/31/09 22:00:00.0,7.03,5.4,11.77,12.16
03/31/09 23:00:00.0,6.62,4.99,11.38,11.77
04/01/09 00:00:00.0,5.4,3.74,10.99,11.38
04/01/09 01:00:00.0,4.57,2.89,10.6,11.38
04/01/09 02:00:00.0,4.57,2.89,10.21,10.99
04/01/09 03:00:00.0,4.15,2.03,9.82,10.99
04/01/09 04:00:00.0,4.57,2.03,9.42,10.6
04/01/09 05:00:00.0,4.15,1.6,9.42,10.21
04/01/09 06:00:00.0,4.99,2.46,9.03,10.21
04/01/09 07:00:00.0,4.57,2.03,9.03,9.82
04/01/09 08:00:00.0,6.22,4.99,8.63,9.82
04/01/09 09:00:00.0,12.16,14.09,9.03,9.82
04/01/09 10:00:00.0,16.38,26.73,9.03,9.82
04/01/09 11:00:00.0,18.28,37,9.82,9.82
04/01/09 12:00:00.0,22.09,43.42,10.99,9.82
04/01/09 13:00:00.0,24.4,44.4,12.16,10.21
04/01/09 14:00:00.0,27.91,32.76,13.7,10.99
04/01/09 15:00:00.0,25.56,29.1,14.47,11.77
04/01/09 16:00:00.0,24.79,23.63,15.23,12.16
04/01/09 17:00:00.0,22.09,19.04,14.85,12.55
04/01/09 18:00:00.0,15.23,14.09,14.47,12.55
04/01/09 19:00:00.0,11.77,10.99,14.09,12.93
04/01/09 20:00:00.0,7.43,7.43,13.32,12.55
04/01/09 21:00:00.0,6.62,6.22,12.55,12.55
04/01/09 22:00:00.0,6.62,5.81,11.77,12.16
04/01/09 23:00:00.0,7.03,5.4,11.38,11.77
04/02/09 00:00:00.0,6.22,4.99,10.99,11.38
04/02/09 01:00:00.0,7.83,5.4,10.6,11.38
04/02/09 02:00:00.0,7.43,4.99,10.21,10.99
04/02/09 03:00:00.0,6.62,4.15,10.21,10.99
04/02/09 04:00:00.0,6.62,4.15,9.82,10.6
04/02/09 05:00:00.0,6.22,3.74,9.82,10.6
04/02/09 06:00:00.0,6.22,3.74,9.42,10.21
04/02/09 07:00:00.0,4.99,3.31,9.42,10.21
04/02/09 08:00:00.0,4.57,4.15,9.03,10.21
04/02/09 09:00:00.0,13.32,14.85,9.03,9.82
04/02/09 10:00:00.0,20.19,26.73,9.42,9.82
04/02/09 11:00:00.0,19.81,37.44,10.21,9.82
04/02/09 12:00:00.0,22.48,37.44,11.38,10.21
04/02/09 13:00:00.0,21.71,36.57,12.16,10.6
04/02/09 14:00:00.0,25.95,33.59,13.32,10.99
04/02/09 15:00:00.0,26.73,31.93,14.09,11.77
04/02/09 16:00:00.0,21.33,22.86,14.09,12.16
04/02/09 17:00:00.0,24.4,26.34,14.09,12.55
04/02/09 18:00:00.0,19.81,21.71,14.09,12.55
04/02/09 19:00:00.0,13.32,12.93,13.7,12.55
04/02/09 20:00:00.0,10.6,9.82,13.32,12.55
04/02/09 21:00:00.0,10.21,9.03,12.55,12.55
04/02/09 22:00:00.0,9.82,8.23,12.16,12.16
04/02/09 23:00:00.0,9.42,8.23,11.77,11.77
04/03/09 00:00:00.0,10.21,9.03,11.38,11.77
04/03/09 01:00:00.0,11.38,10.99,11.38,11.77
04/03/09 02:00:00.0,11.38,10.99,11.38,11.38
04/03/09 03:00:00.0,11.77,11.77,11.38,11.38
04/03/09 04:00:00.0,11.77,11.77,11.38,11.38
04/03/09 05:00:00.0,11.77,11.77,11.38,11.38
04/03/09 06:00:00.0,11.38,11.77,11.38,11.38
04/03/09 07:00:00.0,11.38,11.77,11.38,11.38
04/03/09 08:00:00.0,11.38,11.38,11.38,11.38
04/03/09 09:00:00.0,11.77,12.16,11.38,11.38
04/03/09 10:00:00.0,11.77,12.16,11.38,11.38
04/03/09 11:00:00.0,12.16,12.55,11.38,11.38
04/03/09 12:00:00.0,12.16,12.55,11.38,11.38
04/03/09 13:00:00.0,12.55,13.32,11.38,11.38
04/03/09 14:00:00.0,12.55,13.32,11.38,11.38
04/03/09 15:00:00.0,12.55,13.32,11.38,11.38
04/03/09 16:00:00.0,11.38,12.55,11.38,11.38
04/03/09 17:00:00.0,10.99,11.77,11.38,11.38
04/03/09 18:00:00.0,11.38,12.16,11.38,11.38
04/03/09 19:00:00.0,10.6,11.38,11.38,11.38
04/03/09 20:00:00.0,10.99,10.99,11.38,11.38
04/03/09 21:00:00.0,10.6,10.99,11.38,10.99
04/03/09 22:00:00.0,9.82,10.21,10.99,10.99
04/03/09 23:00:00.0,8.63,9.03,10.99,10.99
04/04/09 00:00:00.0,7.83,7.83,10.99,10.99
04/04/09 01:00:00.0,7.83,7.83,10.6,10.99
04/04/09 02:00:00.0,7.03,7.83,10.6,10.99
04/04/09 03:00:00.0,4.57,6.22,10.21,10.6
04/04/09 04:00:00.0,2.89,4.15,10.21,10.6
04/04/09 05:00:00.0,1.6,3.31,9.82,10.6
04/04/09 06:00:00.0,1.6,2.89,9.42,10.21
04/04/09 07:00:00.0,1.17,3.31,9.42,10.21
04/04/09 08:00:00.0,1.6,4.15,9.03,9.82
04/04/09 09:00:00.0,3.74,7.43,9.03,9.82
04/04/09 10:00:00.0,5.81,10.6,9.03,9.82
04/04/09 11:00:00.0,9.03,20.19,9.03,9.82
04/04/09 12:00:00.0,16,24.4,9.82,9.82
04/04/09 13:00:00.0,20.95,23.63,10.99,9.82
04/04/09 14:00:00.0,20.95,20.95,12.16,10.6
04/04/09 15:00:00.0,18.66,18.28,13.32,10.99
04/04/09 16:00:00.0,15.23,15.23,13.32,11.77
04/04/09 17:00:00.0,12.55,13.32,12.93,11.77
04/04/09 18:00:00.0,10.6,11.77,12.55,11.77
04/04/09 19:00:00.0,7.83,9.42,12.16,11.77
04/04/09 20:00:00.0,4.57,6.22,11.77,11.38
04/04/09 21:00:00.0,1.6,3.74,10.99,11.38
04/04/09 22:00:00.0,1.6,2.89,10.6,10.99
04/04/09 23:00:00.0,2.03,2.46,9.82,10.99
04/05/09 00:00:00.0,2.46,2.46,9.42,10.6
04/05/09 01:00:00.0,2.46,2.03,9.03,10.21
04/05/09 02:00:00.0,2.89,2.03,8.63,9.82
04/05/09 02:00:00.0,2.89,2.03,8.63,9.82
04/05/09 03:00:00.0,3.31,2.03,8.63,9.42
04/05/09 04:00:00.0,2.89,2.03,8.23,9.42
04/05/09 05:00:00.0,2.89,2.03,8.23,9.42
04/05/09 06:00:00.0,2.89,2.03,8.23,9.03
04/05/09 07:00:00.0,2.89,2.46,7.83,9.03
04/05/09 08:00:00.0,6.62,7.83,7.83,9.03
04/05/09 09:00:00.0,11.77,12.16,7.83,9.03
04/05/09 10:00:00.0,12.16,21.71,8.23,8.63
04/05/09 11:00:00.0,14.47,26.34,8.63,9.03
04/05/09 12:00:00.0,16,24.01,9.42,9.03
04/05/09 13:00:00.0,16.76,22.48,10.6,9.42
04/05/09 14:00:00.0,15.23,20.57,10.99,9.82
04/05/09 15:00:00.0,12.93,16,11.38,10.21
04/05/09 16:00:00.0,11.38,13.32,11.38,10.6
04/05/09 17:00:00.0,9.42,11.38,10.99,10.6
04/05/09 18:00:00.0,7.03,9.03,10.6,10.6
04/05/09 19:00:00.0,2.89,5.4,10.21,10.6
04/05/09 20:00:00.0,2.89,4.57,9.82,10.21
04/05/09 21:00:00.0,3.74,4.57,9.42,10.21
04/05/09 22:00:00.0,4.15,4.57,9.03,9.82
04/05/09 23:00:00.0,4.57,4.57,9.03,9.82
04/06/09 00:00:00.0,2.46,2.46,8.63,9.42
04/06/09 01:00:00.0,1.17,2.46,8.23,9.42
04/06/09 02:00:00.0,1.17,2.03,8.23,9.03
04/06/09 03:00:00.0,2.46,3.74,7.83,9.03
04/06/09 04:00:00.0,2.03,3.74,7.83,8.63
04/06/09 05:00:00.0,2.03,3.31,7.83,8.63
04/06/09 06:00:00.0,1.17,2.89,7.83,8.63
04/06/09 07:00:00.0,1.17,2.89,7.43,8.63
04/06/09 08:00:00.0,2.89,6.22,7.43,8.23
04/06/09 09:00:00.0,4.57,9.03,7.43,8.23
04/06/09 10:00:00.0,9.82,20.19,7.83,8.23
04/06/09 11:00:00.0,14.47,26.34,8.63,8.63
04/06/09 12:00:00.0,18.66,23.63,9.82,8.63
04/06/09 13:00:00.0,20.57,21.71,10.99,9.42
04/06/09 14:00:00.0,17.52,17.52,12.16,9.82
04/06/09 15:00:00.0,14.09,12.93,12.16,10.21
04/06/09 16:00:00.0,16.38,11.77,11.77,10.6
04/06/09 17:00:00.0,12.55,9.03,11.38,10.6
04/06/09 18:00:00.0,4.57,5.4,10.99,10.6
04/06/09 19:00:00.0,2.46,3.31,10.21,10.21
04/06/09 20:00:00.0,1.17,2.46,9.42,10.21
04/06/09 21:00:00.0,0.73,2.46,9.03,9.82
04/06/09 22:00:00.0,0.29,1.6,8.63,9.42
04/06/09 23:00:00.0,-0.16,1.17,8.23,9.42
04/07/09 00:00:00.0,-0.16,1.17,8.23,9.03
04/07/09 01:00:00.0,0.29,1.17,7.83,9.03
04/07/09 02:00:00.0,0.73,1.17,7.83,8.63
04/07/09 03:00:00.0,0.73,1.17,7.43,8.63
04/07/09 04:00:00.0,0.29,0.73,7.43,8.23
04/07/09 05:00:00.0,0.73,0.29,7.03,8.23
04/07/09 06:00:00.0,0.29,0.29,7.03,8.23
04/07/09 07:00:00.0,-0.16,0.73,7.03,7.83
04/07/09 08:00:00.0,2.03,5.4,6.62,7.83
04/07/09 09:00:00.0,6.22,9.42,7.03,7.83
04/07/09 10:00:00.0,8.63,22.48,7.03,7.83
04/07/09 11:00:00.0,12.93,29.5,7.83,7.83
04/07/09 12:00:00.0,19.81,24.01,9.03,8.23
04/07/09 13:00:00.0,20.95,22.48,10.21,8.63
04/07/09 14:00:00.0,20.19,22.09,11.38,9.42
04/07/09 15:00:00.0,20.57,17.9,11.77,9.82
04/07/09 16:00:00.0,14.85,14.09,11.77,10.21
04/07/09 17:00:00.0,9.82,10.21,11.38,10.21
04/07/09 18:00:00.0,4.99,6.62,10.6,10.21
04/07/09 19:00:00.0,3.74,5.81,10.21,10.21
04/07/09 20:00:00.0,3.31,4.99,9.42,9.82
04/07/09 21:00:00.0,2.46,4.15,9.03,9.42
04/07/09 22:00:00.0,2.03,2.46,8.63,9.42
04/07/09 23:00:00.0,2.03,2.03,8.63,9.03
04/08/09 00:00:00.0,1.6,1.6,8.23,9.03
04/08/09 01:00:00.0,0.73,0.73,7.83,8.63
04/08/09 02:00:00.0,-0.16,0.29,7.43,8.63
04/08/09 03:00:00.0,-1.06,-0.16,7.03,8.23
04/08/09 04:00:00.0,-0.61,-0.16,7.03,8.23
04/08/09 05:00:00.0,-1.06,-0.61,6.62,7.83
04/08/09 06:00:00.0,0.29,-0.61,6.62,7.83
04/08/09 07:00:00.0,1.17,0.29,6.22,7.83
04/08/09 08:00:00.0,7.83,8.23,6.22,7.43
04/08/09 09:00:00.0,14.47,12.93,6.62,7.43
04/08/09 10:00:00.0,16.76,27.12,7.03,7.43
04/08/09 11:00:00.0,20.57,34.85,7.83,7.83
04/08/09 12:00:00.0,23.63,27.91,9.03,7.83
04/08/09 13:00:00.0,25.17,27.52,9.82,8.63
04/08/09 14:00:00.0,21.71,25.17,10.99,9.03
04/08/09 15:00:00.0,21.71,24.01,11.38,9.42
04/08/09 16:00:00.0,18.28,19.04,11.38,9.82
04/08/09 17:00:00.0,13.32,14.47,10.99,9.82
04/08/09 18:00:00.0,8.23,8.63,10.6,10.21
04/08/09 19:00:00.0,4.15,5.4,10.21,9.82
04/08/09 20:00:00.0,2.03,3.74,9.82,9.82
04/08/09 21:00:00.0,0.73,2.46,9.03,9.82
04/08/09 22:00:00.0,1.17,2.03,8.63,9.42
04/08/09 23:00:00.0,0.73,1.6,8.23,9.03
04/09/09 00:00:00.0,0.29,1.17,7.83,9.03
04/09/09 01:00:00.0,0.73,0.73,7.43,8.63
04/09/09 02:00:00.0,2.46,1.17,7.43,8.63
04/09/09 03:00:00.0,2.89,1.17,7.03,8.23
04/09/09 04:00:00.0,3.31,1.17,7.03,8.23
04/09/09 05:00:00.0,3.74,1.17,7.03,7.83
04/09/09 06:00:00.0,3.74,1.17,6.62,7.83
04/09/09 07:00:00.0,3.74,1.6,6.62,7.83
04/09/09 08:00:00.0,7.83,9.82,6.62,7.83
04/09/09 09:00:00.0,10.6,14.09,7.03,7.83
04/09/09 10:00:00.0,12.16,29.9,7.43,7.83
04/09/09 11:00:00.0,16.38,36.57,8.23,7.83
04/09/09 12:00:00.0,21.71,28.31,9.03,8.23
04/09/09 13:00:00.0,22.09,27.12,10.21,8.63
04/09/09 14:00:00.0,19.04,22.09,10.99,9.03
04/09/09 15:00:00.0,17.52,18.28,11.38,9.82
04/09/09 16:00:00.0,16.38,15.23,11.38,9.82
04/09/09 17:00:00.0,12.93,11.77,10.99,10.21
04/09/09 18:00:00.0,7.83,7.03,10.6,10.21
04/09/09 19:00:00.0,6.22,5.4,10.21,9.82
04/09/09 20:00:00.0,4.99,3.74,9.42,9.82
04/09/09 21:00:00.0,4.57,2.89,9.03,9.42
04/09/09 22:00:00.0,3.74,2.03,8.63,9.42
04/09/09 23:00:00.0,3.74,2.03,8.23,9.03
04/10/09 00:00:00.0,3.74,2.03,8.23,9.03
04/10/09 01:00:00.0,3.74,2.89,7.83,8.63
04/10/09 02:00:00.0,4.57,4.57,7.83,8.63
04/10/09 03:00:00.0,5.81,5.81,7.83,8.63
04/10/09 04:00:00.0,5.81,5.81,7.83,8.23
04/10/09 05:00:00.0,4.57,3.31,7.83,8.23
04/10/09 06:00:00.0,5.4,4.99,7.83,8.23
04/10/09 07:00:00.0,6.62,6.22,7.83,8.23
04/10/09 08:00:00.0,8.63,10.99,7.83,8.23
04/10/09 09:00:00.0,7.83,9.42,7.83,8.23
04/10/09 10:00:00.0,9.82,12.93,7.83,8.23
04/10/09 11:00:00.0,10.99,14.09,7.83,8.23
04/10/09 12:00:00.0,12.93,16.76,8.23,8.23
04/10/09 13:00:00.0,14.85,18.28,8.63,8.23
04/10/09 14:00:00.0,13.32,16,8.63,8.63
04/10/09 15:00:00.0,11.77,12.55,9.03,8.63
04/10/09 16:00:00.0,8.63,9.03,9.03,8.63
04/10/09 17:00:00.0,8.23,9.03,9.03,8.63
04/10/09 18:00:00.0,7.43,8.23,8.63,8.63
04/10/09 19:00:00.0,7.03,7.43,8.63,8.63
04/10/09 20:00:00.0,7.43,7.43,8.63,8.63
04/10/09 21:00:00.0,7.03,7.03,8.23,8.63
04/10/09 22:00:00.0,7.43,7.43,7.83,8.63
04/10/09 23:00:00.0,7.83,7.83,7.83,8.23
04/11/09 00:00:00.0,8.23,7.83,8.23,8.23
04/11/09 01:00:00.0,8.23,8.23,8.23,8.23
04/11/09 02:00:00.0,7.83,8.23,8.23,8.23
04/11/09 03:00:00.0,7.83,7.83,8.23,8.23
04/11/09 04:00:00.0,7.83,7.83,8.23,8.23
04/11/09 05:00:00.0,7.83,7.83,8.23,8.23
04/11/09 06:00:00.0,7.83,7.83,8.23,8.23
04/11/09 07:00:00.0,7.83,7.83,8.23,8.23
04/11/09 08:00:00.0,9.42,9.82,8.23,8.23
04/11/09 09:00:00.0,10.99,11.38,8.23,8.23
04/11/09 10:00:00.0,10.6,11.77,8.23,8.23
04/11/09 11:00:00.0,11.38,12.55,8.63,8.63
04/11/09 12:00:00.0,19.04,19.42,8.63,8.63
04/11/09 13:00:00.0,19.04,19.42,9.42,8.63
04/11/09 14:00:00.0,16.38,18.66,10.21,9.03
04/11/09 15:00:00.0,17.52,16.76,10.21,9.42
04/11/09 16:00:00.0,17.14,14.47,10.6,9.42
04/11/09 17:00:00.0,13.32,12.55,10.6,9.82
04/11/09 18:00:00.0,9.82,10.21,10.21,9.82
04/11/09 19:00:00.0,9.03,9.03,10.21,9.82
04/11/09 20:00:00.0,7.03,8.63,9.82,9.82
04/11/09 21:00:00.0,7.03,7.83,9.03,9.42
04/11/09 22:00:00.0,6.22,7.03,9.03,9.42
04/11/09 23:00:00.0,5.81,6.22,8.63,9.03
04/12/09 00:00:00.0,6.22,5.81,8.63,9.03
04/12/09 01:00:00.0,6.62,6.62,8.63,9.03
04/12/09 02:00:00.0,7.03,7.03,8.63,9.03
04/12/09 03:00:00.0,7.03,7.43,8.23,8.63
04/12/09 04:00:00.0,7.03,7.43,8.23,8.63
04/12/09 05:00:00.0,6.62,7.43,8.23,8.63
04/12/09 06:00:00.0,6.22,7.03,8.23,8.63
04/12/09 07:00:00.0,5.81,6.62,8.23,8.63
04/12/09 08:00:00.0,6.62,9.03,8.23,8.63
04/12/09 09:00:00.0,7.83,11.38,8.23,8.63
04/12/09 10:00:00.0,10.21,20.19,8.23,8.63
04/12/09 11:00:00.0,13.7,24.79,8.63,8.63
04/12/09 12:00:00.0,15.62,20.95,9.42,8.63
04/12/09 13:00:00.0,20.19,20.95,10.21,9.03
04/12/09 14:00:00.0,16.76,20.19,10.99,9.42
04/12/09 15:00:00.0,16,17.14,11.38,9.82
04/12/09 16:00:00.0,15.23,13.7,11.38,10.21
04/12/09 17:00:00.0,11.77,11.38,10.99,10.21
04/12/09 18:00:00.0,7.43,7.83,10.6,10.21
04/12/09 19:00:00.0,5.4,5.81,10.21,10.21
04/12/09 20:00:00.0,4.57,4.99,9.82,9.82
04/12/09 21:00:00.0,3.74,3.74,9.42,9.82
04/12/09 22:00:00.0,4.15,3.31,9.03,9.42
04/12/09 23:00:00.0,3.74,2.89,8.63,9.42
04/13/09 00:00:00.0,3.31,2.46,8.23,9.03
04/13/09 01:00:00.0,3.74,2.03,7.83,9.03
04/13/09 02:00:00.0,2.89,2.03,7.83,8.63
04/13/09 03:00:00.0,2.89,1.6,7.43,8.63
04/13/09 04:00:00.0,2.89,1.6,7.43,8.23
04/13/09 05:00:00.0,2.89,1.17,7.43,8.23
04/13/09 06:00:00.0,2.46,1.17,7.03,8.23
04/13/09 07:00:00.0,2.89,1.17,7.03,7.83
04/13/09 08:00:00.0,6.62,6.62,7.03,7.83
04/13/09 09:00:00.0,10.99,10.6,7.03,7.83
04/13/09 10:00:00.0,11.38,20.57,7.43,7.83
04/13/09 11:00:00.0,15.62,22.86,8.23,7.83
04/13/09 12:00:00.0,16.76,20.95,9.42,8.23
04/13/09 13:00:00.0,19.42,20.57,10.21,8.63
04/13/09 14:00:00.0,21.71,20.57,10.99,9.03
04/13/09 15:00:00.0,19.04,16.38,11.38,9.42
04/13/09 16:00:00.0,17.52,13.32,10.99,9.82
04/13/09 17:00:00.0,13.32,10.99,10.6,9.82
04/13/09 18:00:00.0,7.03,7.03,10.21,9.82
04/13/09 19:00:00.0,4.57,5.4,9.82,9.82
04/13/09 20:00:00.0,3.31,4.15,9.42,9.82
04/13/09 21:00:00.0,2.46,3.31,9.03,9.42
04/13/09 22:00:00.0,1.17,2.46,8.63,9.03
04/13/09 23:00:00.0,2.03,2.46,8.23,9.03
04/14/09 00:00:00.0,2.89,2.46,7.83,8.63
04/14/09 01:00:00.0,3.31,2.46,7.83,8.63
04/14/09 02:00:00.0,3.74,2.89,7.43,8.23
04/14/09 03:00:00.0,4.15,2.89,7.43,8.23
04/14/09 04:00:00.0,4.15,3.31,7.43,8.23
04/14/09 05:00:00.0,3.74,2.89,7.03,7.83
04/14/09 06:00:00.0,4.15,2.89,7.03,7.83
04/14/09 07:00:00.0,5.4,4.57,7.03,7.83
04/14/09 08:00:00.0,7.43,7.43,7.03,7.83
04/14/09 09:00:00.0,8.63,9.42,7.43,7.83
04/14/09 10:00:00.0,12.16,14.47,7.83,7.83
04/14/09 11:00:00.0,15.23,23.24,8.23,7.83
04/14/09 12:00:00.0,17.9,20.57,9.03,8.23
04/14/09 13:00:00.0,13.32,17.14,9.82,8.63
04/14/09 14:00:00.0,15.23,18.28,10.21,9.03
04/14/09 15:00:00.0,14.85,16,10.6,9.42
04/14/09 16:00:00.0,11.77,12.55,10.6,9.42
04/14/09 17:00:00.0,10.6,11.38,10.21,9.42
04/14/09 18:00:00.0,7.43,7.83,9.82,9.42
04/14/09 19:00:00.0,7.03,7.03,9.82,9.42
04/14/09 20:00:00.0,6.22,5.81,9.42,9.42
04/14/09 21:00:00.0,5.81,5.4,9.03,9.03
04/14/09 22:00:00.0,6.22,4.99,8.63,9.03
04/14/09 23:00:00.0,5.81,4.99,8.63,9.03
04/15/09 00:00:00.0,5.4,4.57,8.63,8.63
04/15/09 01:00:00.0,5.81,4.57,8.23,8.63
04/15/09 02:00:00.0,5.4,4.57,8.23,8.63
04/15/09 03:00:00.0,4.99,4.57,8.23,8.63
04/15/09 04:00:00.0,4.99,4.15,7.83,8.63
04/15/09 05:00:00.0,4.57,4.15,7.83,8.23
04/15/09 06:00:00.0,4.57,4.15,7.83,8.23
04/15/09 07:00:00.0,3.74,4.15,7.83,8.23
04/15/09 08:00:00.0,5.4,7.83,7.43,8.23
04/15/09 09:00:00.0,5.81,8.23,7.43,7.83
04/15/09 10:00:00.0,7.83,15.23,7.43,7.83
04/15/09 11:00:00.0,7.43,14.09,7.43,7.83
04/15/09 12:00:00.0,8.23,14.09,7.83,7.83
04/15/09 13:00:00.0,8.63,15.23,7.83,8.23
04/15/09 14:00:00.0,9.03,15.23,8.23,8.23
04/15/09 15:00:00.0,7.43,11.38,8.23,8.23
04/15/09 16:00:00.0,6.22,10.6,8.23,8.23
04/15/09 17:00:00.0,4.57,6.62,8.23,8.23
04/15/09 18:00:00.0,1.6,3.74,8.23,8.23
04/15/09 19:00:00.0,1.17,2.03,7.83,8.23
04/15/09 20:00:00.0,0.29,1.17,7.43,8.23
04/15/09 21:00:00.0,-0.16,0.73,7.03,7.83
04/15/09 22:00:00.0,-0.16,0.29,7.03,7.83
04/15/09 23:00:00.0,-0.61,-0.16,6.62,7.83
04/16/09 00:00:00.0,-1.06,-0.61,6.22,7.43
04/16/09 01:00:00.0,-1.06,-0.61,6.22,7.43
04/16/09 02:00:00.0,-1.06,-0.61,5.81,7.03
04/16/09 03:00:00.0,-1.06,-0.61,5.81,7.03
04/16/09 04:00:00.0,-1.06,-0.16,5.81,7.03
04/16/09 05:00:00.0,-1.06,-0.61,5.81,6.62
04/16/09 06:00:00.0,-1.06,-0.61,5.4,6.62
04/16/09 07:00:00.0,-1.51,-0.16,5.4,6.62
04/16/09 08:00:00.0,-0.16,2.03,5.4,6.62
04/16/09 09:00:00.0,2.46,6.62,5.4,6.22
04/16/09 10:00:00.0,4.15,10.21,5.4,6.22
04/16/09 11:00:00.0,7.43,17.14,5.81,6.22
04/16/09 12:00:00.0,6.62,14.47,5.81,6.22
04/16/09 13:00:00.0,9.82,16.38,6.62,6.62
04/16/09 14:00:00.0,9.42,15.23,7.03,7.03
04/16/09 15:00:00.0,8.63,10.99,7.43,7.03
04/16/09 16:00:00.0,7.03,8.63,7.43,7.43
04/16/09 17:00:00.0,3.31,4.99,7.43,7.43
04/16/09 18:00:00.0,2.03,2.89,7.03,7.43
04/16/09 19:00:00.0,1.17,2.03,6.62,7.03
04/16/09 20:00:00.0,1.17,1.6,6.22,7.03
04/16/09 21:00:00.0,1.17,1.17,6.22,7.03
04/16/09 22:00:00.0,0.29,0.73,6.22,7.03
04/16/09 23:00:00.0,0.73,0.73,5.81,6.62
04/17/09 00:00:00.0,1.6,1.6,5.81,6.62
04/17/09 01:00:00.0,1.6,2.03,5.81,6.62
04/17/09 02:00:00.0,1.6,2.03,5.81,6.22
04/17/09 03:00:00.0,2.03,2.89,5.4,6.22
04/17/09 04:00:00.0,2.03,2.46,5.4,6.22
04/17/09 05:00:00.0,2.46,2.89,5.4,6.22
04/17/09 06:00:00.0,2.89,3.31,5.4,6.22
04/17/09 07:00:00.0,3.31,4.15,5.4,6.22
04/17/09 08:00:00.0,4.57,6.22,5.81,6.22
04/17/09 09:00:00.0,5.81,9.03,5.81,6.22
04/17/09 10:00:00.0,7.83,12.16,6.22,6.22
04/17/09 11:00:00.0,12.16,21.33,6.22,6.22
04/17/09 12:00:00.0,14.09,20.57,7.03,6.62
04/17/09 13:00:00.0,14.09,17.14,7.83,7.03
04/17/09 14:00:00.0,14.09,16,8.63,7.03
04/17/09 15:00:00.0,18.28,17.14,9.03,7.43
04/17/09 16:00:00.0,11.77,10.99,9.03,7.83
